{"type":"FeatureCollection","features":[{"type":"Feature","properties":{"role":"County Commissioner","city":"Minneapolis","county":"Hennepin County","ward":null,"wardName":null,"district":7,"stateDistrict":null,"chamber":null,"repName":"Kevin Anderson","repParty":"Nonpartisan","repPhotoUrl":"https://www.hennepincounty.gov/-/media/Hennepin-Headless/Hennepin-Gov/government/leadership/board/dist-7/kevin-anderson-620x465.jpg","repEmail":null,"repPhone":null,"termsOfService":[{"termStart":"2021-01-01","termEnd":null,"current":true,"sourceUrl":"https://www.hennepincounty.gov/government/leadership/board-of-commissioners/district-7"}],"committees":["Chair, Hennepin Health","Chair, Public Works Committee"],"neighborhoods":[],"officeRoom":null,"profileUrl":"https://www.hennepincounty.gov/government/leadership/board-of-commissioners/district-7","candidates":[],"isContested":false,"partyUnityPercent":null,"recentVotes":[{"voteId":"legistar-hennepinmn-vote-36155-34252","identifier":"26-0284R1","title":"Hennepin County Funding Commitment for the METRO Blue Line Extension LRT Project (CP 1005877)","option":"no","result":"pass","date":"2026-08-04","sourceUrl":"https://hennepinmn.legistar.com/LegislationDetail.aspx?ID=8161620&GUID=A20B7402-7B21-48E8-913B-6A0E72A9234D"}]},"geometry":{"type":"Polygon","coordinates":[[[-93.492756,45.022155],[-93.490244,45.020499],[-93.488959,45.019934],[-93.487968,45.019596],[-93.485602,45.0191],[-93.481758,45.018771],[-93.481758,45.032212],[-93.48008,45.032246],[-93.479561,45.032139],[-93.478402,45.031678],[-93.475289,45.02969],[-93.47493,45.029377],[-93.474663,45.029004],[-93.473381,45.029164],[-93.466457,45.02923],[-93.46325,45.029114],[-93.461342,45.029126],[-93.461535,45.047366],[-93.446218,45.047363],[-93.44623,45.045428],[-93.446114,45.045147],[-93.446228,45.043721],[-93.442681,45.043724],[-93.44114,45.043728],[-93.44114,45.047326],[-93.436066,45.047305],[-93.436066,45.047211],[-93.435937,45.047215],[-93.435937,45.047078],[-93.435221,45.047102],[-93.435225,45.046197],[-93.43506,45.046097],[-93.434389,45.046728],[-93.433726,45.046895],[-93.433438,45.047238],[-93.432448,45.047473],[-93.432392,45.047308],[-93.431679,45.047196],[-93.430999,45.047452],[-93.431,45.047216],[-93.430183,45.047155],[-93.426926,45.047253],[-93.426606,45.047318],[-93.426497,45.047438],[-93.42593,45.047272],[-93.425936,45.04363],[-93.424942,45.043684],[-93.424587,45.04353],[-93.424256,45.043618],[-93.4133,45.04371],[-93.412133,45.043618],[-93.410744,45.04364],[-93.410823,45.051126],[-93.40181,45.051113],[-93.40136,45.050953],[-93.400804,45.050952],[-93.400703,45.065744],[-93.400541,45.065739],[-93.401849,45.080265],[-93.402131,45.087461],[-93.402091,45.101709],[-93.402313,45.108791],[-93.40229,45.110694],[-93.403485,45.110695],[-93.403462,45.115534],[-93.405063,45.115543],[-93.405058,45.116073],[-93.407258,45.116117],[-93.407224,45.119465],[-93.411595,45.11956],[-93.413583,45.120095],[-93.413622,45.123478],[-93.409568,45.123412],[-93.409601,45.12194],[-93.408733,45.121925],[-93.408712,45.122398],[-93.407209,45.122369],[-93.407199,45.123358],[-93.402077,45.123238],[-93.402023,45.133154],[-93.401619,45.152043],[-93.37526,45.152002],[-93.350396,45.151829],[-93.333105,45.151588],[-93.332921,45.151773],[-93.332544,45.151587],[-93.332381,45.151585],[-93.332033,45.151338],[-93.331512,45.151864],[-93.330979,45.151571],[-93.328424,45.151534],[-93.340591,45.157294],[-93.344715,45.159319],[-93.346237,45.160173],[-93.347612,45.161669],[-93.352898,45.168582],[-93.353555,45.169648],[-93.354404,45.170666],[-93.356163,45.172475],[-93.358235,45.174264],[-93.358826,45.174959],[-93.368199,45.177046],[-93.369783,45.177134],[-93.371623,45.177601],[-93.373904,45.178311],[-93.375438,45.178672],[-93.376908,45.179481],[-93.387041,45.185796],[-93.388707,45.18627],[-93.390205,45.187471],[-93.391382,45.188885],[-93.392518,45.189758],[-93.394043,45.190681],[-93.402137,45.194066],[-93.405489,45.195382],[-93.41204,45.198172],[-93.413588,45.199382],[-93.413984,45.199609],[-93.41524,45.200673],[-93.422461,45.211431],[-93.422462,45.211627],[-93.423258,45.212563],[-93.424096,45.213405],[-93.425032,45.214195],[-93.426061,45.214925],[-93.427577,45.215802],[-93.429617,45.216709],[-93.431771,45.217439],[-93.432672,45.217649],[-93.434077,45.217803],[-93.435025,45.217797],[-93.436425,45.217624],[-93.43732,45.217403],[-93.439412,45.21666],[-93.441256,45.21631],[-93.443114,45.216269],[-93.444937,45.216527],[-93.445364,45.216633],[-93.450527,45.219022],[-93.451373,45.219343],[-93.45299,45.21973],[-93.45638,45.219985],[-93.457351,45.220192],[-93.458347,45.22053],[-93.460163,45.221322],[-93.461539,45.222087],[-93.462814,45.223054],[-93.464028,45.224377],[-93.464327,45.224542],[-93.466158,45.225323],[-93.467958,45.225777],[-93.469946,45.225973],[-93.472179,45.225875],[-93.473363,45.225715],[-93.476427,45.225029],[-93.479426,45.224774],[-93.482439,45.224923],[-93.484222,45.225208],[-93.484955,45.225437],[-93.486415,45.226004],[-93.487457,45.226513],[-93.489284,45.227682],[-93.496775,45.234204],[-93.497741,45.235996],[-93.498679,45.238427],[-93.500264,45.240521],[-93.501317,45.241429],[-93.502907,45.242286],[-93.506725,45.243763],[-93.514241,45.245753],[-93.516192,45.245919],[-93.519102,45.24574],[-93.520869,45.246041],[-93.521464,45.245866],[-93.521921,45.245383],[-93.522178,45.24484],[-93.522061,45.243917],[-93.521948,45.243481],[-93.521479,45.242984],[-93.520819,45.242592],[-93.520178,45.242378],[-93.519516,45.242276],[-93.518217,45.242305],[-93.517614,45.242242],[-93.516499,45.241855],[-93.515329,45.240948],[-93.515023,45.240622],[-93.514739,45.240017],[-93.514758,45.239339],[-93.515067,45.238767],[-93.515355,45.238561],[-93.515814,45.238404],[-93.516221,45.238371],[-93.517617,45.238557],[-93.518942,45.238586],[-93.519742,45.238439],[-93.519944,45.238309],[-93.520735,45.237237],[-93.521265,45.236167],[-93.521445,45.235222],[-93.521367,45.233371],[-93.521583,45.232707],[-93.52214,45.232283],[-93.523372,45.231657],[-93.524566,45.231181],[-93.524962,45.230929],[-93.525832,45.230204],[-93.526183,45.229815],[-93.526463,45.229353],[-93.526402,45.228546],[-93.525799,45.227769],[-93.525283,45.226504],[-93.525313,45.225932],[-93.525644,45.224972],[-93.526046,45.224421],[-93.527437,45.222993],[-93.528049,45.222648],[-93.529083,45.222323],[-93.529907,45.222315],[-93.530319,45.222407],[-93.531296,45.22285],[-93.532164,45.223796],[-93.533356,45.225287],[-93.533634,45.226043],[-93.533621,45.226895],[-93.533736,45.227431],[-93.534091,45.228072],[-93.534543,45.228538],[-93.534214,45.229993],[-93.5341,45.230152],[-93.534115,45.230614],[-93.534363,45.230944],[-93.53467,45.231122],[-93.535305,45.231314],[-93.535902,45.231371],[-93.536829,45.231335],[-93.539421,45.230981],[-93.540069,45.231051],[-93.5406,45.23124],[-93.54095,45.231498],[-93.541132,45.231653],[-93.541277,45.23203],[-93.541676,45.232314],[-93.542617,45.23239],[-93.543247,45.232147],[-93.54342,45.231618],[-93.543719,45.23114],[-93.544235,45.230578],[-93.544987,45.229948],[-93.545775,45.228744],[-93.546936,45.227618],[-93.547554,45.22689],[-93.547973,45.226657],[-93.548643,45.226464],[-93.552974,45.227043],[-93.554528,45.226928],[-93.555095,45.226763],[-93.555496,45.226514],[-93.555883,45.226104],[-93.556199,45.225514],[-93.556429,45.225314],[-93.557067,45.224979],[-93.557634,45.224979],[-93.557918,45.225073],[-93.558615,45.22551],[-93.559494,45.226422],[-93.559793,45.226892],[-93.560347,45.227187],[-93.560721,45.227148],[-93.561149,45.226759],[-93.561166,45.22548],[-93.561392,45.224656],[-93.561829,45.223908],[-93.562334,45.223353],[-93.562726,45.223015],[-93.563511,45.222534],[-93.564917,45.221999],[-93.566608,45.221216],[-93.568571,45.219304],[-93.569979,45.218531],[-93.571845,45.218443],[-93.573648,45.218609],[-93.574496,45.218609],[-93.575477,45.218582],[-93.576348,45.218401],[-93.577533,45.218069],[-93.579945,45.217117],[-93.582661,45.216581],[-93.583324,45.216369],[-93.584861,45.215454],[-93.585932,45.214975],[-93.586903,45.214685],[-93.587511,45.214651],[-93.589483,45.214814],[-93.589897,45.215453],[-93.589862,45.215641],[-93.59011,45.215992],[-93.590414,45.216678],[-93.590541,45.217292],[-93.590508,45.218184],[-93.590624,45.218347],[-93.59142,45.218536],[-93.592403,45.21841],[-93.592695,45.21829],[-93.593946,45.217572],[-93.593942,45.217301],[-93.593739,45.216944],[-93.59362,45.216512],[-93.594146,45.215002],[-93.594059,45.214538],[-93.593542,45.213806],[-93.593268,45.213206],[-93.592684,45.212878],[-93.592502,45.212484],[-93.592531,45.21152],[-93.59273,45.210513],[-93.593245,45.209589],[-93.593644,45.209196],[-93.594169,45.208916],[-93.595041,45.208654],[-93.595531,45.208409],[-93.596163,45.207759],[-93.596946,45.207372],[-93.597871,45.207316],[-93.60063,45.207641],[-93.601513,45.207822],[-93.601968,45.208089],[-93.602008,45.208223],[-93.601801,45.209458],[-93.601927,45.210185],[-93.602243,45.210558],[-93.60299,45.211183],[-93.60408,45.212836],[-93.604365,45.212989],[-93.604511,45.212967],[-93.604821,45.212831],[-93.604922,45.212412],[-93.605042,45.212238],[-93.605226,45.212168],[-93.606066,45.212165],[-93.607042,45.212325],[-93.607477,45.212248],[-93.607918,45.212004],[-93.608047,45.211887],[-93.608346,45.21095],[-93.608766,45.210196],[-93.609148,45.209821],[-93.610337,45.209088],[-93.610509,45.208555],[-93.610887,45.208135],[-93.611361,45.20799],[-93.611819,45.208033],[-93.612049,45.208148],[-93.612551,45.208897],[-93.612581,45.209133],[-93.61249,45.209416],[-93.611925,45.210424],[-93.61191,45.21066],[-93.611971,45.210935],[-93.612192,45.211332],[-93.612795,45.211515],[-93.613406,45.211462],[-93.614209,45.211225],[-93.614957,45.210406],[-93.615726,45.209888],[-93.616777,45.209396],[-93.61803,45.209068],[-93.618777,45.209015],[-93.619906,45.209069],[-93.621219,45.209383],[-93.623048,45.209622],[-93.624465,45.2097],[-93.625174,45.209588],[-93.625575,45.209335],[-93.626177,45.208656],[-93.626302,45.20828],[-93.626216,45.207806],[-93.625924,45.207435],[-93.62539,45.206983],[-93.623126,45.20535],[-93.622992,45.204738],[-93.623173,45.203953],[-93.62375,45.203244],[-93.624152,45.202963],[-93.624872,45.202647],[-93.626394,45.202399],[-93.628295,45.202352],[-93.629449,45.202464],[-93.63092,45.202768],[-93.632347,45.20374],[-93.633125,45.204823],[-93.633357,45.205773],[-93.63379,45.20685],[-93.634152,45.208431],[-93.634579,45.209205],[-93.634939,45.209568],[-93.635804,45.209926],[-93.637076,45.210082],[-93.638049,45.210005],[-93.638885,45.209738],[-93.640402,45.208769],[-93.641692,45.207608],[-93.642208,45.206449],[-93.642428,45.205187],[-93.64273,45.204762],[-93.643474,45.204322],[-93.644422,45.204175],[-93.645018,45.203993],[-93.645389,45.203788],[-93.645785,45.203422],[-93.645959,45.203133],[-93.646053,45.202757],[-93.645815,45.202087],[-93.645565,45.201812],[-93.645396,45.201443],[-93.645371,45.201073],[-93.645451,45.200777],[-93.647476,45.199358],[-93.648456,45.19899],[-93.649933,45.19879],[-93.652166,45.198907],[-93.65331,45.198831],[-93.654452,45.19866],[-93.655258,45.198404],[-93.656542,45.197453],[-93.65733,45.196494],[-93.657811,45.195438],[-93.65844,45.194401],[-93.658687,45.193562],[-93.658736,45.192969],[-93.658638,45.192147],[-93.658449,45.191569],[-93.657358,45.189705],[-93.656559,45.188713],[-93.655315,45.187494],[-93.653542,45.186178],[-93.653036,45.185884],[-93.652472,45.185368],[-93.652065,45.184606],[-93.651983,45.183694],[-93.651851,45.183225],[-93.65132,45.182536],[-93.648965,45.180907],[-93.648109,45.180215],[-93.647602,45.179926],[-93.647205,45.179742],[-93.645298,45.179277],[-93.644505,45.178941],[-93.643511,45.178205],[-93.640609,45.176301],[-93.638757,45.174748],[-93.638392,45.174056],[-93.638268,45.173139],[-93.638376,45.17259],[-93.638806,45.17146],[-93.638905,45.170271],[-93.638759,45.169435],[-93.638203,45.167911],[-93.638123,45.167134],[-93.638221,45.166358],[-93.63841,45.165789],[-93.638926,45.165191],[-93.639556,45.164644],[-93.640287,45.164163],[-93.641062,45.163775],[-93.643008,45.163027],[-93.644565,45.162092],[-93.645002,45.161744],[-93.645837,45.160696],[-93.645842,45.160293],[-93.646383,45.15969],[-93.647235,45.158964],[-93.64844,45.158219],[-93.650171,45.15741],[-93.651603,45.15686],[-93.654751,45.156148],[-93.656695,45.155529],[-93.659266,45.154209],[-93.660942,45.153602],[-93.661934,45.153439],[-93.662789,45.153439],[-93.663383,45.153544],[-93.665955,45.1545],[-93.666872,45.154545],[-93.66792,45.154425],[-93.668997,45.154179],[-93.670127,45.153767],[-93.672507,45.152365],[-93.674357,45.151735],[-93.675368,45.151479],[-93.677748,45.150545],[-93.678321,45.150503],[-93.678946,45.150575],[-93.680287,45.151093],[-93.681229,45.151303],[-93.682199,45.151161],[-93.683728,45.150302],[-93.684819,45.149323],[-93.685866,45.147142],[-93.686373,45.146438],[-93.688895,45.143842],[-93.689449,45.143458],[-93.692936,45.142018],[-93.693895,45.141536],[-93.695528,45.140201],[-93.696376,45.139759],[-93.697339,45.139038],[-93.698257,45.137881],[-93.699045,45.137384],[-93.699921,45.136971],[-93.70047,45.136566],[-93.701023,45.135975],[-93.70097,45.135176],[-93.701328,45.13452],[-93.701656,45.133557],[-93.701739,45.132324],[-93.701955,45.131817],[-93.702477,45.13138],[-93.704121,45.130613],[-93.704638,45.130238],[-93.70564,45.129058],[-93.70639,45.127737],[-93.706951,45.127039],[-93.707109,45.126527],[-93.707478,45.125933],[-93.708123,45.125417],[-93.710932,45.123632],[-93.711768,45.123203],[-93.712269,45.122789],[-93.71405,45.121134],[-93.714926,45.120079],[-93.715626,45.119082],[-93.71691,45.117811],[-93.71839,45.116572],[-93.720089,45.114977],[-93.720504,45.114466],[-93.720908,45.113643],[-93.72091,45.113363],[-93.721013,45.113094],[-93.721758,45.111886],[-93.722304,45.110423],[-93.723599,45.108636],[-93.724255,45.106712],[-93.724989,45.105369],[-93.725233,45.104631],[-93.725748,45.103593],[-93.725888,45.103189],[-93.725937,45.102436],[-93.726221,45.101273],[-93.726151,45.099809],[-93.726467,45.098796],[-93.72684,45.098298],[-93.7273,45.098034],[-93.727729,45.098],[-93.728197,45.098179],[-93.728718,45.098179],[-93.729029,45.098082],[-93.729484,45.097645],[-93.729493,45.097446],[-93.729556,45.097447],[-93.729612,45.097294],[-93.729424,45.09567],[-93.728738,45.094045],[-93.728683,45.09366],[-93.728712,45.09257],[-93.728614,45.091561],[-93.728669,45.090825],[-93.729042,45.08986],[-93.729489,45.08944],[-93.730036,45.08909],[-93.732326,45.088241],[-93.732733,45.087988],[-93.733344,45.087323],[-93.733762,45.087197],[-93.734534,45.086649],[-93.734927,45.086105],[-93.735115,45.085695],[-93.735477,45.085247],[-93.737671,45.083138],[-93.738261,45.081745],[-93.73878,45.081121],[-93.739788,45.080548],[-93.740184,45.080443],[-93.742208,45.080188],[-93.744478,45.080283],[-93.745385,45.08017],[-93.746636,45.07979],[-93.748276,45.079064],[-93.749469,45.078919],[-93.755913,45.080165],[-93.756673,45.080573],[-93.757057,45.081023],[-93.757428,45.082432],[-93.758036,45.082738],[-93.758749,45.082835],[-93.759716,45.082587],[-93.761132,45.08193],[-93.761712,45.081535],[-93.761816,45.081142],[-93.76136,45.0805],[-93.760968,45.079733],[-93.76031,45.079253],[-93.759737,45.078551],[-93.758529,45.077724],[-93.758476,45.077619],[-93.758567,45.077439],[-93.759669,45.077361],[-93.760032,45.077177],[-93.759999,45.076685],[-93.759721,45.076389],[-93.759667,45.076169],[-93.760115,45.075818],[-93.760462,45.075383],[-93.76038,45.075172],[-93.759411,45.075028],[-93.758997,45.074785],[-93.758784,45.074555],[-93.75851,45.074176],[-93.758292,45.072872],[-93.758365,45.072745],[-93.758738,45.07267],[-93.759514,45.07278],[-93.760026,45.073],[-93.760794,45.073097],[-93.76156,45.072899],[-93.762568,45.072406],[-93.763923,45.071534],[-93.764591,45.070861],[-93.764609,45.070436],[-93.764358,45.07022],[-93.763223,45.06985],[-93.762507,45.069778],[-93.761697,45.069844],[-93.760802,45.069406],[-93.76072,45.069137],[-93.761378,45.068104],[-93.761758,45.067683],[-93.763049,45.066846],[-93.763558,45.066681],[-93.76398,45.066782],[-93.764305,45.067001],[-93.764603,45.067083],[-93.765187,45.066927],[-93.765409,45.066649],[-93.765582,45.066346],[-93.765822,45.065386],[-93.765641,45.063687],[-93.765668,45.062874],[-93.765003,45.06145],[-93.765008,45.060326],[-93.765232,45.059948],[-93.765418,45.059843],[-93.765906,45.059756],[-93.766337,45.059863],[-93.766761,45.060317],[-93.766872,45.021094],[-93.767245,44.992125],[-93.767807,44.934287],[-93.767998,44.890949],[-93.708435,44.8909],[-93.670913,44.891342],[-93.645329,44.89135],[-93.64544,44.916972],[-93.640285,44.91697],[-93.632801,44.922256],[-93.628459,44.922246],[-93.626038,44.931392],[-93.629752,44.932362],[-93.631946,44.932412],[-93.633322,44.931961],[-93.63388,44.931886],[-93.637783,44.93265],[-93.639512,44.932521],[-93.641577,44.932236],[-93.64223,44.93229],[-93.643189,44.932528],[-93.644458,44.932985],[-93.64506,44.933323],[-93.645386,44.93362],[-93.645595,44.934129],[-93.645654,44.934752],[-93.645314,44.935603],[-93.645202,44.936138],[-93.644548,44.937134],[-93.652703,44.937504],[-93.663302,44.937266],[-93.663844,44.937707],[-93.664253,44.937842],[-93.666316,44.937825],[-93.666527,44.934979],[-93.666611,44.934761],[-93.667649,44.934056],[-93.668946,44.932976],[-93.669045,44.932743],[-93.669442,44.930481],[-93.669594,44.9301],[-93.671081,44.928965],[-93.671776,44.928051],[-93.672028,44.927834],[-93.672371,44.927681],[-93.674919,44.927422],[-93.676216,44.92714],[-93.677712,44.926636],[-93.679406,44.92582],[-93.681603,44.925568],[-93.685494,44.924767],[-93.686499,44.924759],[-93.685995,44.938463],[-93.686006,44.942294],[-93.671897,44.945881],[-93.665802,44.945866],[-93.665617,44.94955],[-93.658503,44.949529],[-93.656532,44.952958],[-93.645415,44.9513],[-93.645523,44.964089],[-93.64544,44.97136],[-93.645461,44.981218],[-93.645653,45.000458],[-93.625267,45.000586],[-93.61458,45.000572],[-93.576057,44.999982],[-93.564383,44.999483],[-93.522469,44.999782],[-93.522552,44.981609],[-93.512069,44.981787],[-93.512011,44.980051],[-93.511938,44.979995],[-93.511461,44.980038],[-93.510693,44.979288],[-93.510506,44.978218],[-93.508596,44.978241],[-93.502234,44.981938],[-93.502335,44.985638],[-93.501969,44.992607],[-93.50191,44.997574],[-93.501962,44.999131],[-93.502149,44.999717],[-93.504013,45.001748],[-93.504781,45.002356],[-93.505721,45.002856],[-93.506592,45.003434],[-93.506897,45.003765],[-93.50708,45.004143],[-93.50721,45.010796],[-93.507335,45.012299],[-93.507259,45.012517],[-93.507234,45.014492],[-93.503334,45.01458],[-93.502251,45.014832],[-93.501465,45.015202],[-93.499031,45.016842],[-93.497292,45.0178],[-93.496735,45.018208],[-93.495179,45.019684],[-93.494225,45.020989],[-93.493767,45.021473],[-93.492756,45.022155]]]}},{"type":"Feature","properties":{"role":"County Commissioner","city":"Minneapolis","county":"Hennepin County","ward":null,"wardName":null,"district":3,"stateDistrict":null,"chamber":null,"repName":"Marion Greene","repParty":"Nonpartisan","repPhotoUrl":"https://www.hennepincounty.gov/-/media/Hennepin-Headless/Hennepin-Gov/government/leadership/board/dist-3/marion-greene-620x465.jpg","repEmail":null,"repPhone":null,"termsOfService":[{"termStart":null,"termEnd":null,"current":true,"sourceUrl":"https://www.hennepincounty.gov/government/leadership/board-of-commissioners/district-3"}],"committees":["Chair, Regional Railroad Authority"],"neighborhoods":[],"officeRoom":null,"profileUrl":"https://www.hennepincounty.gov/government/leadership/board-of-commissioners/district-3","candidates":[],"isContested":false,"partyUnityPercent":null,"recentVotes":[]},"geometry":{"type":"Polygon","coordinates":[[[-93.400625,44.938755],[-93.400622,44.935141],[-93.396043,44.935121],[-93.3961,44.934515],[-93.391432,44.934794],[-93.385683,44.935581],[-93.385585,44.93523],[-93.385155,44.935227],[-93.385017,44.935383],[-93.384927,44.935268],[-93.384926,44.935074],[-93.380837,44.935032],[-93.380829,44.932915],[-93.380932,44.932049],[-93.380932,44.930993],[-93.380814,44.929703],[-93.379445,44.930168],[-93.379373,44.930075],[-93.379956,44.929794],[-93.380354,44.929397],[-93.379097,44.929135],[-93.379158,44.926081],[-93.374612,44.926418],[-93.370691,44.927474],[-93.370644,44.920511],[-93.349605,44.920498],[-93.349681,44.919743],[-93.339303,44.919705],[-93.339463,44.920196],[-93.338988,44.920306],[-93.339146,44.920698],[-93.339053,44.92071],[-93.340281,44.923458],[-93.339191,44.923454],[-93.339249,44.930607],[-93.329064,44.930595],[-93.329117,44.91972],[-93.329003,44.905316],[-93.308632,44.905132],[-93.308647,44.90694],[-93.303566,44.906918],[-93.303581,44.897903],[-93.299774,44.897884],[-93.298523,44.897057],[-93.297417,44.897873],[-93.289328,44.897834],[-93.290448,44.895961],[-93.291443,44.894889],[-93.29378,44.892863],[-93.294846,44.891785],[-93.295375,44.891122],[-93.295791,44.890152],[-93.293637,44.889795],[-93.292115,44.890065],[-93.290002,44.890108],[-93.279039,44.890059],[-93.277839,44.890212],[-93.276832,44.890562],[-93.265614,44.890652],[-93.261689,44.890526],[-93.261637,44.892517],[-93.262878,44.892517],[-93.262619,44.905243],[-93.262642,44.912483],[-93.265198,44.912487],[-93.265205,44.911991],[-93.265762,44.91251],[-93.266472,44.912716],[-93.269234,44.91267],[-93.269951,44.912415],[-93.270332,44.912468],[-93.275045,44.912427],[-93.275049,44.919661],[-93.27454,44.919663],[-93.274541,44.930516],[-93.274838,44.930511],[-93.274856,44.937741],[-93.274532,44.937741],[-93.274627,44.948353],[-93.274551,44.94967],[-93.273983,44.950948],[-93.27021,44.955528],[-93.269654,44.956458],[-93.269473,44.956947],[-93.269348,44.958109],[-93.26977,44.960085],[-93.269697,44.962692],[-93.269441,44.962692],[-93.269354,44.964499],[-93.269226,44.964871],[-93.268951,44.96521],[-93.268479,44.965548],[-93.269929,44.965911],[-93.269937,44.966131],[-93.269756,44.966096],[-93.269721,44.968067],[-93.269236,44.970049],[-93.269059,44.970348],[-93.268796,44.970581],[-93.267876,44.971119],[-93.263789,44.975922],[-93.26106,44.974777],[-93.261864,44.97382],[-93.255051,44.970955],[-93.253044,44.969997],[-93.252766,44.970506],[-93.252238,44.971192],[-93.249988,44.973695],[-93.248721,44.974723],[-93.247112,44.975821],[-93.246558,44.976356],[-93.245824,44.977509],[-93.245408,44.978851],[-93.245755,44.978912],[-93.24787,44.978863],[-93.251424,44.979665],[-93.254292,44.980852],[-93.257124,44.981865],[-93.260475,44.983221],[-93.263507,44.98507],[-93.265188,44.986284],[-93.266233,44.987708],[-93.270666,44.98651],[-93.270195,44.986176],[-93.273911,44.983525],[-93.276092,44.984078],[-93.277078,44.984426],[-93.277271,44.984308],[-93.276414,44.983848],[-93.279688,44.981616],[-93.278648,44.980755],[-93.279506,44.980231],[-93.280893,44.979104],[-93.281533,44.97893],[-93.281608,44.976978],[-93.281351,44.976478],[-93.281683,44.976104],[-93.282085,44.975815],[-93.28272,44.975558],[-93.283426,44.975429],[-93.288049,44.975091],[-93.288073,44.977656],[-93.289894,44.977055],[-93.29758,44.977066],[-93.299472,44.976381],[-93.300572,44.976105],[-93.301168,44.976045],[-93.302184,44.976114],[-93.304013,44.976641],[-93.305278,44.976671],[-93.305594,44.977239],[-93.306119,44.977505],[-93.307279,44.977576],[-93.309088,44.977906],[-93.309615,44.977814],[-93.311007,44.977935],[-93.312841,44.978675],[-93.31351,44.979163],[-93.314346,44.980736],[-93.318512,44.980747],[-93.318532,44.977838],[-93.31838,44.977306],[-93.318415,44.977166],[-93.328662,44.97715],[-93.3287,44.966492],[-93.343712,44.966634],[-93.343747,44.970484],[-93.349489,44.970369],[-93.349499,44.971118],[-93.362023,44.971008],[-93.364772,44.971257],[-93.370616,44.971251],[-93.37826,44.971167],[-93.381937,44.971009],[-93.400581,44.971333],[-93.400378,44.978521],[-93.410474,44.978561],[-93.410519,44.973372],[-93.40426,44.973591],[-93.404283,44.971338],[-93.404611,44.971338],[-93.404613,44.970048],[-93.405571,44.970047],[-93.405571,44.967732],[-93.404701,44.967726],[-93.40471,44.967116],[-93.405571,44.967124],[-93.405564,44.964116],[-93.400647,44.964053],[-93.400742,44.956704],[-93.400709,44.953594],[-93.400428,44.950119],[-93.400473,44.946095],[-93.400627,44.943705],[-93.400627,44.942312],[-93.399355,44.942316],[-93.398854,44.941354],[-93.39875,44.940518],[-93.400627,44.940516],[-93.400625,44.938755]]]}},{"type":"Feature","properties":{"role":"County Commissioner","city":"Minneapolis","county":"Hennepin County","ward":null,"wardName":null,"district":4,"stateDistrict":null,"chamber":null,"repName":"Angela Conley","repParty":"Nonpartisan","repPhotoUrl":"https://www.hennepincounty.gov/-/media/Hennepin-Headless/Hennepin-Gov/government/leadership/board/dist-4/angela-conley-620x465.jpg","repEmail":null,"repPhone":null,"termsOfService":[{"termStart":null,"termEnd":null,"current":true,"sourceUrl":"https://www.hennepincounty.gov/government/leadership/board-of-commissioners/district-4"}],"committees":["Chair, Health Committee","Chair, Housing and Redevelopment Authority"],"neighborhoods":[],"officeRoom":null,"profileUrl":"https://www.hennepincounty.gov/government/leadership/board-of-commissioners/district-4","candidates":[],"isContested":false,"partyUnityPercent":null,"recentVotes":[{"voteId":"legistar-hennepinmn-vote-35802-33473","identifier":"26-0246","title":"Neg Amd 3 to Lease Agmt A142072 with 800 West Broadway LLC, for rental space utilized by NorthPoint Health & Wellness Center at 800 West Broadway, Minneapolis, 01/01/27-02/28/32 ($61,762 first year gross rent)","option":"absent","result":"pass","date":"2026-07-14","sourceUrl":"https://hennepinmn.legistar.com/LegislationDetail.aspx?ID=8134787&GUID=8D06818F-ABAB-4BFB-A80C-B7A0D42F65D6"},{"voteId":"legistar-hennepinmn-vote-35803-33466","identifier":"26-0245","title":"Neg two lease amendments for rental space utilized by the Cedar Riverside Opportunity Center at 515 15th Ave S, Mpls, 01/15/27-01/14/32","option":"absent","result":"pass","date":"2026-07-14","sourceUrl":"https://hennepinmn.legistar.com/LegislationDetail.aspx?ID=8134788&GUID=35F28E23-15A3-46FA-BEF1-2C9735A38A32"},{"voteId":"legistar-hennepinmn-vote-35804-33480","identifier":"26-0247","title":"Agmt PR00008490 with the City of Maple Grove for landscaping services at Maple Grove Library, 04/01/26-03/31/29, NTE $71,090","option":"absent","result":"pass","date":"2026-07-14","sourceUrl":"https://hennepinmn.legistar.com/LegislationDetail.aspx?ID=8134789&GUID=0599F275-CA1D-4DF3-BE53-2A3EFD01209C"},{"voteId":"legistar-hennepinmn-vote-35851-33424","identifier":"26-0242","title":"Declare property at 219 4th St S, Minneapolis surplus and authorize sale to People Serving People, Inc. for family shelter","option":"absent","result":"pass","date":"2026-07-14","sourceUrl":"https://hennepinmn.legistar.com/LegislationDetail.aspx?ID=8134790&GUID=5BC684F7-8F51-4055-A113-778C2501A869"},{"voteId":"legistar-hennepinmn-vote-35854-33557","identifier":"26-0257","title":"Amd 5 to Agmt PR00001281 with Forensic and Telementalhealth Services LLC, for the provision of peer review consulting services and intensive community treatment, ext end date to 08/31/27, incr NTE by $30,000 for a new total NTE of $148,000","option":"absent","result":"pass","date":"2026-07-14","sourceUrl":"https://hennepinmn.legistar.com/LegislationDetail.aspx?ID=8135346&GUID=7563376C-398A-4A28-A747-EE8692D48CBE"}]},"geometry":{"type":"Polygon","coordinates":[[[-93.274838,44.930511],[-93.274541,44.930516],[-93.27454,44.919663],[-93.275049,44.919661],[-93.275045,44.912427],[-93.270332,44.912468],[-93.269951,44.912415],[-93.269234,44.91267],[-93.266472,44.912716],[-93.265762,44.91251],[-93.265205,44.911991],[-93.265198,44.912487],[-93.262642,44.912483],[-93.262619,44.905243],[-93.262878,44.892517],[-93.261637,44.892517],[-93.261689,44.890526],[-93.25881,44.890457],[-93.257175,44.890723],[-93.247798,44.890677],[-93.247837,44.888714],[-93.246472,44.888722],[-93.246501,44.883511],[-93.24574,44.883516],[-93.24574,44.883368],[-93.245243,44.883245],[-93.244941,44.882967],[-93.244827,44.882592],[-93.245007,44.882191],[-93.245744,44.881793],[-93.245747,44.881674],[-93.246136,44.881267],[-93.246312,44.880338],[-93.246493,44.879909],[-93.246494,44.878255],[-93.246553,44.878255],[-93.246558,44.878106],[-93.247907,44.878113],[-93.247992,44.861927],[-93.198125,44.862015],[-93.199684,44.863381],[-93.200376,44.864212],[-93.200421,44.864971],[-93.199558,44.866021],[-93.198115,44.867153],[-93.194922,44.868632],[-93.193261,44.869492],[-93.191832,44.870316],[-93.190745,44.871056],[-93.189671,44.872186],[-93.188872,44.873753],[-93.188045,44.874985],[-93.186827,44.875962],[-93.186169,44.876365],[-93.185509,44.876629],[-93.181783,44.877838],[-93.180089,44.878862],[-93.17943,44.879411],[-93.178831,44.880181],[-93.1786,44.880719],[-93.178608,44.881273],[-93.178901,44.881915],[-93.179349,44.882463],[-93.180019,44.882995],[-93.181584,44.883955],[-93.182277,44.884471],[-93.182825,44.885036],[-93.183019,44.885446],[-93.183396,44.885943],[-93.183399,44.8862],[-93.183154,44.886906],[-93.182667,44.887317],[-93.181887,44.887688],[-93.179131,44.888596],[-93.178717,44.888839],[-93.178009,44.889442],[-93.177843,44.889657],[-93.17793,44.890654],[-93.177845,44.891861],[-93.177513,44.892534],[-93.177002,44.893269],[-93.176916,44.893647],[-93.177731,44.893803],[-93.179398,44.893962],[-93.185642,44.894431],[-93.187264,44.895044],[-93.189621,44.895677],[-93.1905,44.896165],[-93.191217,44.896686],[-93.191756,44.897174],[-93.192003,44.897744],[-93.192112,44.898408],[-93.19199,44.899198],[-93.191427,44.900573],[-93.191443,44.901294],[-93.191266,44.902293],[-93.191426,44.903228],[-93.191585,44.903511],[-93.191886,44.903882],[-93.192567,44.904482],[-93.193861,44.905378],[-93.198737,44.907761],[-93.198977,44.908036],[-93.199514,44.908367],[-93.200696,44.909888],[-93.202386,44.913515],[-93.202883,44.916098],[-93.202796,44.918943],[-93.202582,44.920161],[-93.202338,44.922701],[-93.201881,44.924195],[-93.201302,44.926945],[-93.201055,44.928409],[-93.2011,44.92981],[-93.200905,44.931009],[-93.200515,44.932294],[-93.200791,44.934301],[-93.200623,44.937876],[-93.200104,44.941506],[-93.202056,44.948376],[-93.203597,44.950978],[-93.20775,44.953035],[-93.207763,44.962815],[-93.207561,44.991694],[-93.207639,45.006139],[-93.208306,45.00594],[-93.217849,45.001844],[-93.219349,45.001365],[-93.220711,45.00109],[-93.223,45.000894],[-93.224699,45.000979],[-93.226628,45.001298],[-93.231381,45.002573],[-93.232242,45.002676],[-93.233319,45.00267],[-93.234488,45.002473],[-93.235141,45.002271],[-93.236214,45.001639],[-93.236847,45.001015],[-93.23711,45.00064],[-93.238159,44.998711],[-93.25753,44.998711],[-93.257523,44.996899],[-93.247298,44.996912],[-93.2474,44.996316],[-93.247762,44.995654],[-93.250206,44.992634],[-93.257778,44.99002],[-93.258462,44.990992],[-93.261353,44.990036],[-93.260713,44.989092],[-93.261386,44.988902],[-93.261712,44.989419],[-93.262062,44.989782],[-93.262549,44.990069],[-93.263325,44.990407],[-93.265025,44.990819],[-93.2661,44.990644],[-93.266524,44.990482],[-93.267987,44.98966],[-93.267327,44.989324],[-93.265188,44.986284],[-93.263507,44.98507],[-93.260475,44.983221],[-93.257124,44.981865],[-93.254292,44.980852],[-93.251424,44.979665],[-93.24787,44.978863],[-93.245755,44.978912],[-93.245408,44.978851],[-93.245824,44.977509],[-93.246558,44.976356],[-93.247112,44.975821],[-93.248721,44.974723],[-93.249988,44.973695],[-93.252238,44.971192],[-93.252766,44.970506],[-93.253044,44.969997],[-93.255051,44.970955],[-93.261864,44.97382],[-93.26106,44.974777],[-93.263789,44.975922],[-93.267876,44.971119],[-93.268796,44.970581],[-93.269149,44.970223],[-93.269721,44.968067],[-93.269756,44.966096],[-93.269937,44.966131],[-93.269929,44.965911],[-93.268479,44.965548],[-93.268951,44.96521],[-93.269226,44.964871],[-93.269354,44.964499],[-93.269441,44.962692],[-93.269697,44.962692],[-93.26977,44.960085],[-93.269348,44.958109],[-93.269473,44.956947],[-93.269654,44.956458],[-93.27021,44.955528],[-93.273983,44.950948],[-93.274449,44.950001],[-93.274572,44.949535],[-93.274627,44.948353],[-93.274532,44.937741],[-93.274856,44.937741],[-93.274838,44.930511]]]}},{"type":"Feature","properties":{"role":"County Commissioner","city":"Minneapolis","county":"Hennepin County","ward":null,"wardName":null,"district":5,"stateDistrict":null,"chamber":null,"repName":"Debbie Goettel","repParty":"Nonpartisan","repPhotoUrl":"https://www.hennepincounty.gov/-/media/Hennepin-Headless/Hennepin-Gov/government/leadership/board/dist-5/debbie-goettel-620x465.jpg","repEmail":null,"repPhone":null,"termsOfService":[{"termStart":"2017-01-01","termEnd":null,"current":true,"sourceUrl":"https://www.hennepincounty.gov/government/leadership/board-of-commissioners/district-5"}],"committees":["Vice Chair, Hennepin County Board","Chair, Administration, Operations and Budget Committee"],"neighborhoods":[],"officeRoom":null,"profileUrl":"https://www.hennepincounty.gov/government/leadership/board-of-commissioners/district-5","candidates":[],"isContested":false,"partyUnityPercent":null,"recentVotes":[]},"geometry":{"type":"Polygon","coordinates":[[[-93.459594,44.862096],[-93.463237,44.861961],[-93.466835,44.861996],[-93.469357,44.862264],[-93.471317,44.862343],[-93.472659,44.862208],[-93.474555,44.861792],[-93.474315,44.86202],[-93.473586,44.862304],[-93.473511,44.862421],[-93.473544,44.862564],[-93.473729,44.862832],[-93.473622,44.863059],[-93.470475,44.865464],[-93.46904,44.866745],[-93.467743,44.868222],[-93.466984,44.869319],[-93.469184,44.869095],[-93.471851,44.869124],[-93.478234,44.868885],[-93.486679,44.869061],[-93.487412,44.869164],[-93.488091,44.869374],[-93.489602,44.870152],[-93.490876,44.870526],[-93.49199,44.870625],[-93.493966,44.870438],[-93.494538,44.870526],[-93.495064,44.870716],[-93.496231,44.87143],[-93.498565,44.87322],[-93.498136,44.873518],[-93.496514,44.87363],[-93.495965,44.873855],[-93.495697,44.874149],[-93.495728,44.880021],[-93.502022,44.879521],[-93.50306,44.879341],[-93.504959,44.878804],[-93.50586,44.878373],[-93.506722,44.878083],[-93.509049,44.876698],[-93.509964,44.87637],[-93.51072,44.876355],[-93.512024,44.876641],[-93.512772,44.876915],[-93.513649,44.876976],[-93.51368,44.875874],[-93.516053,44.876057],[-93.517601,44.875866],[-93.518853,44.875855],[-93.519211,44.875946],[-93.519486,44.876133],[-93.519638,44.876381],[-93.519669,44.876694],[-93.520768,44.876694],[-93.520936,44.847685],[-93.520808,44.820044],[-93.520062,44.802415],[-93.514177,44.804472],[-93.512963,44.804771],[-93.511205,44.804978],[-93.508597,44.804993],[-93.505942,44.804899],[-93.503858,44.804705],[-93.503218,44.804791],[-93.503099,44.804842],[-93.502466,44.805853],[-93.501699,44.80779],[-93.501133,44.808839],[-93.500605,44.809555],[-93.499771,44.810055],[-93.49873,44.810258],[-93.497664,44.810134],[-93.49677,44.809703],[-93.495278,44.808],[-93.493977,44.806258],[-93.4932,44.804984],[-93.492783,44.804659],[-93.492211,44.804494],[-93.491268,44.804549],[-93.490148,44.804857],[-93.487294,44.806266],[-93.484574,44.807803],[-93.483841,44.807983],[-93.48332,44.807899],[-93.482843,44.807608],[-93.48199,44.80589],[-93.481442,44.805028],[-93.480863,44.804653],[-93.480236,44.804493],[-93.477529,44.804242],[-93.47572,44.804348],[-93.474043,44.804915],[-93.463993,44.806625],[-93.463088,44.806678],[-93.461914,44.806531],[-93.460837,44.805971],[-93.459667,44.804922],[-93.457521,44.803317],[-93.455262,44.803194],[-93.450336,44.803484],[-93.44883,44.803751],[-93.44631,44.804459],[-93.445571,44.804758],[-93.444164,44.805525],[-93.443259,44.806321],[-93.442231,44.80779],[-93.441459,44.81075],[-93.441394,44.811776],[-93.441226,44.812107],[-93.440819,44.812474],[-93.440255,44.812714],[-93.439507,44.812815],[-93.439251,44.812952],[-93.438097,44.813015],[-93.437153,44.812805],[-93.436346,44.812333],[-93.435138,44.811809],[-93.429521,44.809612],[-93.419636,44.806871],[-93.415636,44.80768],[-93.4149,44.8077],[-93.413068,44.807401],[-93.408019,44.805658],[-93.405593,44.804711],[-93.404267,44.803975],[-93.403352,44.803244],[-93.400886,44.800657],[-93.398471,44.798417],[-93.397479,44.797803],[-93.396317,44.797277],[-93.395768,44.797172],[-93.395183,44.797209],[-93.391018,44.798438],[-93.389611,44.798651],[-93.388515,44.798624],[-93.386929,44.798377],[-93.385724,44.797808],[-93.384726,44.796901],[-93.384248,44.796211],[-93.384165,44.795806],[-93.384266,44.79531],[-93.383698,44.792815],[-93.382804,44.790309],[-93.381572,44.787131],[-93.380856,44.785699],[-93.380325,44.785393],[-93.379364,44.785311],[-93.377658,44.78549],[-93.376308,44.785827],[-93.372854,44.787056],[-93.369549,44.788084],[-93.365467,44.789173],[-93.364834,44.789244],[-93.364249,44.78918],[-93.363184,44.788825],[-93.359911,44.786588],[-93.358618,44.785888],[-93.357762,44.785705],[-93.356507,44.785569],[-93.355381,44.785625],[-93.354812,44.785823],[-93.354378,44.786354],[-93.352669,44.788989],[-93.351464,44.790545],[-93.350373,44.791217],[-93.349453,44.79141],[-93.347876,44.791373],[-93.34691,44.791049],[-93.346033,44.790213],[-93.344418,44.789104],[-93.342672,44.788163],[-93.340782,44.787376],[-93.339268,44.786888],[-93.338227,44.786651],[-93.337267,44.786596],[-93.336276,44.786696],[-93.335375,44.786937],[-93.334752,44.787225],[-93.33275,44.788735],[-93.332009,44.789513],[-93.329789,44.791133],[-93.32805,44.792111],[-93.326617,44.792616],[-93.325265,44.792825],[-93.322657,44.792874],[-93.319415,44.792825],[-93.314966,44.792538],[-93.31355,44.7926],[-93.310923,44.793144],[-93.308476,44.793794],[-93.304834,44.794582],[-93.303608,44.794961],[-93.302463,44.795452],[-93.299191,44.797114],[-93.296113,44.798414],[-93.292256,44.799723],[-93.290117,44.800226],[-93.288686,44.800654],[-93.286144,44.801612],[-93.28559,44.801956],[-93.285158,44.802373],[-93.284614,44.803451],[-93.284331,44.804422],[-93.283876,44.804962],[-93.283066,44.805567],[-93.281781,44.806135],[-93.280825,44.806362],[-93.275672,44.806618],[-93.272289,44.806916],[-93.268444,44.807652],[-93.258424,44.810092],[-93.253532,44.811036],[-93.252731,44.81128],[-93.251982,44.811622],[-93.250985,44.812335],[-93.249464,44.814121],[-93.247888,44.815414],[-93.244704,44.817329],[-93.241315,44.81916],[-93.239346,44.820467],[-93.23809,44.821471],[-93.234507,44.825036],[-93.233199,44.826089],[-93.231709,44.827102],[-93.22983,44.828224],[-93.228181,44.828997],[-93.227018,44.829436],[-93.224651,44.830023],[-93.22314,44.830494],[-93.220876,44.831352],[-93.220433,44.831641],[-93.220162,44.831991],[-93.220069,44.832267],[-93.220141,44.832812],[-93.221471,44.834449],[-93.221824,44.835092],[-93.222136,44.835946],[-93.222332,44.837199],[-93.22223,44.837555],[-93.222008,44.837904],[-93.221483,44.838337],[-93.220255,44.838848],[-93.21901,44.838939],[-93.216974,44.838757],[-93.216181,44.838796],[-93.213655,44.839237],[-93.212894,44.839502],[-93.212016,44.840019],[-93.210771,44.840867],[-93.209584,44.841833],[-93.2085,44.843099],[-93.207646,44.84443],[-93.207152,44.845469],[-93.206612,44.84731],[-93.205873,44.849006],[-93.205018,44.850602],[-93.203766,44.852645],[-93.203276,44.853638],[-93.202768,44.854141],[-93.202121,44.854588],[-93.201075,44.855522],[-93.199102,44.857519],[-93.197977,44.858806],[-93.197288,44.860122],[-93.197882,44.86194],[-93.198118,44.862015],[-93.247992,44.861927],[-93.247907,44.878113],[-93.246558,44.878106],[-93.246553,44.878255],[-93.246494,44.878255],[-93.246493,44.879909],[-93.246312,44.880338],[-93.246136,44.881267],[-93.245747,44.881674],[-93.245744,44.881793],[-93.245007,44.882191],[-93.244827,44.882592],[-93.244941,44.882967],[-93.245243,44.883245],[-93.24574,44.883368],[-93.24574,44.883516],[-93.246501,44.883511],[-93.246472,44.888722],[-93.247837,44.888714],[-93.247798,44.890677],[-93.257175,44.890723],[-93.258372,44.890489],[-93.259246,44.890445],[-93.26538,44.890651],[-93.276832,44.890562],[-93.277839,44.890212],[-93.279039,44.890059],[-93.290002,44.890108],[-93.292115,44.890065],[-93.293637,44.889795],[-93.295791,44.890152],[-93.295375,44.891122],[-93.294846,44.891785],[-93.29378,44.892863],[-93.291443,44.894889],[-93.290448,44.895961],[-93.289328,44.897834],[-93.297417,44.897873],[-93.298523,44.897057],[-93.299774,44.897884],[-93.303581,44.897903],[-93.303566,44.906918],[-93.308647,44.90694],[-93.308632,44.905132],[-93.318817,44.905239],[-93.318851,44.888852],[-93.318785,44.888599],[-93.318764,44.873646],[-93.318836,44.862006],[-93.321167,44.861752],[-93.323392,44.861223],[-93.323921,44.861027],[-93.323903,44.861934],[-93.325611,44.861943],[-93.325894,44.862007],[-93.34092,44.862024],[-93.349572,44.861916],[-93.349996,44.862073],[-93.350705,44.862077],[-93.350742,44.862756],[-93.351285,44.863258],[-93.354489,44.863253],[-93.354483,44.862063],[-93.386554,44.861999],[-93.386575,44.860109],[-93.389023,44.859978],[-93.39106,44.860031],[-93.392211,44.860274],[-93.393289,44.860849],[-93.394156,44.861113],[-93.394424,44.861453],[-93.395079,44.861341],[-93.395374,44.862031],[-93.398781,44.862045],[-93.398865,44.860687],[-93.39879,44.859519],[-93.413509,44.859372],[-93.414933,44.859477],[-93.416325,44.85968],[-93.417686,44.859976],[-93.419545,44.860551],[-93.420574,44.856901],[-93.420248,44.855391],[-93.420269,44.854562],[-93.42061,44.853773],[-93.421752,44.852286],[-93.422602,44.851634],[-93.423296,44.851302],[-93.424066,44.851064],[-93.425029,44.850912],[-93.427616,44.850858],[-93.428856,44.850948],[-93.42999,44.851264],[-93.431833,44.852134],[-93.434195,44.853442],[-93.434796,44.854031],[-93.435206,44.854724],[-93.43531,44.855162],[-93.43533,44.856118],[-93.43541,44.856497],[-93.435723,44.857129],[-93.436077,44.857543],[-93.436783,44.858069],[-93.439354,44.85931],[-93.440489,44.860022],[-93.44254,44.861729],[-93.443201,44.862402],[-93.445548,44.861597],[-93.446864,44.861229],[-93.447609,44.8611],[-93.45001,44.86091],[-93.452025,44.86107],[-93.456047,44.861874],[-93.457503,44.862077],[-93.459594,44.862096]]]}},{"type":"Feature","properties":{"role":"County Commissioner","city":"Minneapolis","county":"Hennepin County","ward":null,"wardName":null,"district":2,"stateDistrict":null,"chamber":null,"repName":"Irene Fernando","repParty":"Nonpartisan","repPhotoUrl":"https://www.hennepincounty.gov/-/media/Hennepin-Headless/Hennepin-Gov/government/leadership/board/dist-2/irene-fernando-620x465.jpg","repEmail":null,"repPhone":null,"termsOfService":[{"termStart":"2019-01-01","termEnd":null,"current":true,"sourceUrl":"https://www.hennepincounty.gov/government/leadership/board-of-commissioners/district-2"}],"committees":["Chair, Hennepin County Board","Chair, Municipal Building Commission"],"neighborhoods":[],"officeRoom":null,"profileUrl":"https://www.hennepincounty.gov/government/leadership/board-of-commissioners/district-2","candidates":[],"isContested":false,"partyUnityPercent":null,"recentVotes":[]},"geometry":{"type":"Polygon","coordinates":[[[-93.492756,45.022155],[-93.493767,45.021473],[-93.494225,45.020989],[-93.495179,45.019684],[-93.496735,45.018208],[-93.497292,45.0178],[-93.499031,45.016842],[-93.501465,45.015202],[-93.502251,45.014832],[-93.503334,45.01458],[-93.507234,45.014492],[-93.507259,45.012517],[-93.507335,45.012299],[-93.50721,45.010796],[-93.50708,45.004143],[-93.506897,45.003765],[-93.506592,45.003434],[-93.505721,45.002856],[-93.504781,45.002356],[-93.504013,45.001748],[-93.502149,44.999717],[-93.501962,44.999131],[-93.50191,44.997574],[-93.501969,44.992607],[-93.502335,44.985638],[-93.502178,44.978403],[-93.450611,44.978617],[-93.444794,44.978725],[-93.444126,44.978883],[-93.443209,44.978953],[-93.44096,44.978745],[-93.430901,44.978848],[-93.416547,44.978594],[-93.400378,44.978521],[-93.400581,44.971333],[-93.381937,44.971009],[-93.37826,44.971167],[-93.370616,44.971251],[-93.364772,44.971257],[-93.362023,44.971008],[-93.349499,44.971118],[-93.349489,44.970369],[-93.343747,44.970484],[-93.343712,44.966634],[-93.3287,44.966492],[-93.328662,44.97715],[-93.318415,44.977166],[-93.31838,44.977306],[-93.318532,44.977838],[-93.318512,44.980747],[-93.314346,44.980736],[-93.31351,44.979163],[-93.312841,44.978675],[-93.311007,44.977935],[-93.309615,44.977814],[-93.309088,44.977906],[-93.307279,44.977576],[-93.306119,44.977505],[-93.305594,44.977239],[-93.305278,44.976671],[-93.304013,44.976641],[-93.302184,44.976114],[-93.301168,44.976045],[-93.300572,44.976105],[-93.299472,44.976381],[-93.29758,44.977066],[-93.289894,44.977055],[-93.288073,44.977656],[-93.288049,44.975091],[-93.283426,44.975429],[-93.28272,44.975558],[-93.282085,44.975815],[-93.281683,44.976104],[-93.281351,44.976478],[-93.281608,44.976978],[-93.281533,44.97893],[-93.280893,44.979104],[-93.279506,44.980231],[-93.278648,44.980755],[-93.279688,44.981616],[-93.276414,44.983848],[-93.277271,44.984308],[-93.277078,44.984426],[-93.276092,44.984078],[-93.273911,44.983525],[-93.270195,44.986176],[-93.270666,44.98651],[-93.266233,44.987708],[-93.267327,44.989324],[-93.267987,44.98966],[-93.266524,44.990482],[-93.2661,44.990644],[-93.265025,44.990819],[-93.263325,44.990407],[-93.262062,44.989782],[-93.261712,44.989419],[-93.261386,44.988902],[-93.260713,44.989092],[-93.261353,44.990036],[-93.259914,44.990538],[-93.258462,44.990992],[-93.257778,44.99002],[-93.250206,44.992634],[-93.247762,44.995654],[-93.2474,44.996316],[-93.247298,44.996912],[-93.257523,44.996899],[-93.25753,44.998711],[-93.238159,44.998711],[-93.23711,45.00064],[-93.236847,45.001015],[-93.236214,45.001639],[-93.235141,45.002271],[-93.234488,45.002473],[-93.233319,45.00267],[-93.232242,45.002676],[-93.231381,45.002573],[-93.226628,45.001298],[-93.224699,45.000979],[-93.223,45.000894],[-93.220711,45.00109],[-93.219349,45.001365],[-93.217849,45.001844],[-93.208306,45.00594],[-93.207642,45.006139],[-93.20781,45.020601],[-93.208099,45.035753],[-93.24721,45.035553],[-93.282507,45.035471],[-93.280949,45.041284],[-93.280608,45.04286],[-93.28015,45.048806],[-93.280196,45.049583],[-93.280838,45.051126],[-93.319496,45.05125],[-93.319433,45.042054],[-93.323221,45.042892],[-93.32318,45.040288],[-93.319313,45.040188],[-93.319232,45.036946],[-93.319435,45.036717],[-93.319427,45.035459],[-93.318802,45.035466],[-93.318444,45.020481],[-93.318445,45.006047],[-93.333882,45.006118],[-93.333802,45.007847],[-93.333802,45.016896],[-93.349287,45.016978],[-93.349276,45.009689],[-93.349191,45.007238],[-93.356465,45.007267],[-93.356479,45.006893],[-93.357848,45.006888],[-93.357835,45.007272],[-93.400821,45.007486],[-93.400646,45.014927],[-93.400723,45.033322],[-93.400667,45.037112],[-93.400796,45.044238],[-93.400804,45.050952],[-93.40136,45.050953],[-93.40181,45.051113],[-93.410823,45.051126],[-93.410744,45.04364],[-93.412133,45.043618],[-93.4133,45.04371],[-93.424256,45.043618],[-93.424587,45.04353],[-93.424942,45.043684],[-93.425936,45.04363],[-93.42593,45.047272],[-93.426497,45.047438],[-93.426606,45.047318],[-93.426926,45.047253],[-93.430183,45.047155],[-93.431,45.047216],[-93.430999,45.047452],[-93.431679,45.047196],[-93.432392,45.047308],[-93.432448,45.047473],[-93.433438,45.047238],[-93.433726,45.046895],[-93.434389,45.046728],[-93.43506,45.046097],[-93.435225,45.046197],[-93.435221,45.047102],[-93.435937,45.047078],[-93.435937,45.047215],[-93.436066,45.047211],[-93.436066,45.047305],[-93.44114,45.047326],[-93.44114,45.043728],[-93.442681,45.043724],[-93.446228,45.043721],[-93.446114,45.045147],[-93.44623,45.045428],[-93.446218,45.047363],[-93.461535,45.047366],[-93.461342,45.029126],[-93.46325,45.029114],[-93.466457,45.02923],[-93.473381,45.029164],[-93.474663,45.029004],[-93.47493,45.029377],[-93.475289,45.02969],[-93.478402,45.031678],[-93.479561,45.032139],[-93.48008,45.032246],[-93.481758,45.032212],[-93.481758,45.018771],[-93.485602,45.0191],[-93.487968,45.019596],[-93.488959,45.019934],[-93.490244,45.020499],[-93.492756,45.022155]]]}},{"type":"Feature","properties":{"role":"County Commissioner","city":"Minneapolis","county":"Hennepin County","ward":null,"wardName":null,"district":1,"stateDistrict":null,"chamber":null,"repName":"Jeffrey Lunde","repParty":"Nonpartisan","repPhotoUrl":"https://www.hennepincounty.gov/-/media/Hennepin-Headless/Hennepin-Gov/government/leadership/board/dist-1/jeffrey-lunde-620x465.jpg","repEmail":null,"repPhone":null,"termsOfService":[{"termStart":"2020-01-01","termEnd":null,"current":true,"sourceUrl":"https://www.hennepincounty.gov/government/leadership/board-of-commissioners/district-1"}],"committees":["Chair, Law, Safety and Justice Committee","Chair, Hennepin Healthcare System Board"],"neighborhoods":[],"officeRoom":null,"profileUrl":"https://www.hennepincounty.gov/government/leadership/board-of-commissioners/district-1","candidates":[],"isContested":false,"partyUnityPercent":null,"recentVotes":[]},"geometry":{"type":"Polygon","coordinates":[[[-93.390328,45.007431],[-93.357835,45.007272],[-93.357848,45.006888],[-93.356479,45.006893],[-93.356465,45.007267],[-93.349191,45.007238],[-93.349276,45.009689],[-93.349287,45.016978],[-93.333802,45.016896],[-93.333802,45.007847],[-93.333882,45.006118],[-93.318445,45.006047],[-93.318444,45.020481],[-93.318802,45.035466],[-93.319427,45.035459],[-93.319435,45.036717],[-93.319232,45.036946],[-93.319313,45.040188],[-93.32318,45.040288],[-93.323221,45.042892],[-93.319433,45.042054],[-93.319496,45.05125],[-93.280853,45.051126],[-93.281753,45.052621],[-93.282851,45.054049],[-93.283566,45.055358],[-93.283931,45.056313],[-93.28475,45.059042],[-93.284886,45.060216],[-93.284823,45.060785],[-93.283989,45.064334],[-93.282693,45.06669],[-93.281824,45.068621],[-93.281476,45.070469],[-93.281421,45.071596],[-93.281508,45.072678],[-93.280983,45.072813],[-93.280773,45.072937],[-93.280495,45.073269],[-93.28016,45.075005],[-93.279596,45.077016],[-93.279554,45.081073],[-93.279629,45.08192],[-93.279964,45.0836],[-93.280063,45.087183],[-93.280042,45.090764],[-93.279463,45.09435],[-93.27942,45.096392],[-93.279172,45.09746],[-93.27905,45.098653],[-93.278567,45.100937],[-93.278632,45.102247],[-93.278943,45.103521],[-93.27942,45.104629],[-93.280054,45.105554],[-93.280901,45.106389],[-93.281397,45.106765],[-93.282514,45.107421],[-93.284129,45.108211],[-93.286631,45.109712],[-93.28875,45.11145],[-93.289385,45.11169],[-93.29064,45.111926],[-93.292187,45.112763],[-93.293259,45.113508],[-93.294145,45.114367],[-93.294819,45.115317],[-93.295554,45.117051],[-93.295971,45.119466],[-93.295889,45.120956],[-93.295935,45.121348],[-93.296658,45.123496],[-93.296715,45.125023],[-93.296841,45.125896],[-93.297212,45.12683],[-93.297486,45.127275],[-93.298197,45.128104],[-93.299273,45.129017],[-93.300168,45.129986],[-93.300755,45.130904],[-93.301444,45.132533],[-93.302014,45.13327],[-93.302373,45.133571],[-93.302753,45.134157],[-93.303157,45.134496],[-93.30421,45.134323],[-93.304763,45.134512],[-93.305321,45.135087],[-93.305827,45.135775],[-93.307724,45.137474],[-93.308692,45.138586],[-93.309301,45.139585],[-93.309718,45.140394],[-93.310248,45.141738],[-93.310838,45.142744],[-93.311539,45.143458],[-93.312428,45.144058],[-93.313469,45.14452],[-93.315052,45.145038],[-93.316914,45.145465],[-93.319491,45.145904],[-93.320867,45.146244],[-93.322038,45.146647],[-93.323112,45.147169],[-93.324065,45.147797],[-93.324875,45.148518],[-93.325503,45.149283],[-93.326161,45.149896],[-93.327242,45.150757],[-93.328415,45.151534],[-93.330979,45.151571],[-93.331512,45.151864],[-93.332033,45.151338],[-93.332381,45.151585],[-93.332544,45.151587],[-93.332921,45.151773],[-93.333105,45.151588],[-93.350396,45.151829],[-93.37526,45.152002],[-93.401619,45.152043],[-93.402023,45.133154],[-93.402077,45.123238],[-93.407199,45.123358],[-93.407209,45.122369],[-93.408712,45.122398],[-93.408733,45.121925],[-93.409601,45.12194],[-93.409568,45.123412],[-93.413622,45.123478],[-93.413583,45.120095],[-93.411595,45.11956],[-93.407224,45.119465],[-93.407258,45.116117],[-93.405058,45.116073],[-93.405063,45.115543],[-93.403462,45.115534],[-93.403485,45.110695],[-93.40229,45.110694],[-93.402313,45.108791],[-93.402091,45.101709],[-93.402131,45.087461],[-93.401849,45.080265],[-93.400541,45.065739],[-93.400703,45.065744],[-93.400788,45.056472],[-93.400796,45.044238],[-93.400667,45.037112],[-93.400723,45.033322],[-93.400646,45.014927],[-93.400821,45.007486],[-93.390328,45.007431]]]}},{"type":"Feature","properties":{"role":"County Commissioner","city":"Minneapolis","county":"Hennepin County","ward":null,"wardName":null,"district":6,"stateDistrict":null,"chamber":null,"repName":"Heather Edelson","repParty":"Nonpartisan","repPhotoUrl":"https://www.hennepincounty.gov/-/media/Hennepin-Headless/Hennepin-Gov/government/leadership/board/dist-6/heather-edelson-620x465.jpg","repEmail":null,"repPhone":null,"termsOfService":[{"termStart":null,"termEnd":null,"current":true,"sourceUrl":"https://www.hennepincounty.gov/government/leadership/board-of-commissioners/district-6"}],"committees":["Chair, Human Services Committee","Chair, Resident Services Committee"],"neighborhoods":[],"officeRoom":null,"profileUrl":"https://www.hennepincounty.gov/government/leadership/board-of-commissioners/district-6","candidates":[],"isContested":false,"partyUnityPercent":null,"recentVotes":[{"voteId":"legistar-hennepinmn-vote-36155-34251","identifier":"26-0284R1","title":"Hennepin County Funding Commitment for the METRO Blue Line Extension LRT Project (CP 1005877)","option":"no","result":"pass","date":"2026-08-04","sourceUrl":"https://hennepinmn.legistar.com/LegislationDetail.aspx?ID=8161620&GUID=A20B7402-7B21-48E8-913B-6A0E72A9234D"}]},"geometry":{"type":"Polygon","coordinates":[[[-93.494407,44.978465],[-93.502178,44.978403],[-93.502234,44.981938],[-93.508596,44.978241],[-93.510506,44.978218],[-93.510693,44.979288],[-93.511461,44.980038],[-93.511938,44.979995],[-93.512011,44.980051],[-93.512069,44.981787],[-93.522552,44.981609],[-93.522469,44.999782],[-93.564383,44.999483],[-93.576057,44.999982],[-93.61458,45.000572],[-93.625267,45.000586],[-93.645653,45.000458],[-93.645461,44.981218],[-93.64544,44.97136],[-93.645523,44.964089],[-93.645415,44.9513],[-93.656532,44.952958],[-93.658503,44.949529],[-93.665617,44.94955],[-93.665802,44.945866],[-93.671897,44.945881],[-93.686006,44.942294],[-93.685995,44.938463],[-93.686499,44.924759],[-93.685494,44.924767],[-93.681603,44.925568],[-93.679406,44.92582],[-93.677712,44.926636],[-93.676216,44.92714],[-93.674919,44.927422],[-93.672371,44.927681],[-93.672028,44.927834],[-93.671776,44.928051],[-93.671081,44.928965],[-93.669594,44.9301],[-93.669442,44.930481],[-93.669045,44.932743],[-93.668946,44.932976],[-93.667649,44.934056],[-93.666611,44.934761],[-93.666527,44.934979],[-93.666316,44.937825],[-93.664253,44.937842],[-93.663844,44.937707],[-93.663302,44.937266],[-93.652703,44.937504],[-93.644548,44.937134],[-93.645202,44.936138],[-93.645314,44.935603],[-93.645654,44.934752],[-93.645595,44.934129],[-93.645386,44.93362],[-93.64506,44.933323],[-93.644458,44.932985],[-93.643189,44.932528],[-93.64223,44.93229],[-93.641577,44.932236],[-93.639512,44.932521],[-93.637783,44.93265],[-93.63388,44.931886],[-93.633322,44.931961],[-93.631946,44.932412],[-93.629752,44.932362],[-93.626038,44.931392],[-93.628459,44.922246],[-93.632801,44.922256],[-93.640285,44.91697],[-93.64544,44.916972],[-93.645326,44.891283],[-93.635149,44.891209],[-93.620723,44.891431],[-93.604593,44.891541],[-93.562817,44.891195],[-93.549665,44.891166],[-93.534802,44.89127],[-93.520714,44.89151],[-93.520768,44.876694],[-93.519669,44.876694],[-93.519577,44.876252],[-93.519211,44.875946],[-93.518853,44.875855],[-93.517876,44.875847],[-93.51574,44.876053],[-93.51368,44.875874],[-93.513649,44.876976],[-93.513451,44.876988],[-93.512772,44.876915],[-93.512024,44.876641],[-93.51072,44.876355],[-93.509964,44.87637],[-93.509049,44.876698],[-93.506722,44.878083],[-93.50586,44.878373],[-93.504959,44.878804],[-93.50306,44.879341],[-93.502022,44.879521],[-93.495728,44.880021],[-93.495697,44.874149],[-93.495965,44.873855],[-93.496514,44.87363],[-93.498136,44.873518],[-93.498565,44.87322],[-93.495919,44.871209],[-93.494805,44.87061],[-93.494255,44.870469],[-93.493668,44.87043],[-93.49199,44.870625],[-93.490876,44.870526],[-93.489602,44.870152],[-93.488091,44.869374],[-93.487412,44.869164],[-93.486679,44.869061],[-93.478234,44.868885],[-93.471851,44.869124],[-93.469184,44.869095],[-93.466984,44.869319],[-93.467743,44.868222],[-93.46904,44.866745],[-93.470475,44.865464],[-93.473622,44.863059],[-93.473729,44.862832],[-93.473544,44.862564],[-93.473511,44.862421],[-93.473586,44.862304],[-93.474315,44.86202],[-93.474555,44.861792],[-93.472659,44.862208],[-93.471317,44.862343],[-93.469357,44.862264],[-93.466835,44.861996],[-93.463237,44.861961],[-93.458293,44.862121],[-93.456047,44.861874],[-93.452025,44.86107],[-93.45001,44.86091],[-93.447609,44.8611],[-93.446864,44.861229],[-93.445548,44.861597],[-93.443201,44.862402],[-93.44254,44.861729],[-93.440489,44.860022],[-93.439354,44.85931],[-93.436783,44.858069],[-93.436077,44.857543],[-93.435723,44.857129],[-93.43541,44.856497],[-93.43533,44.856118],[-93.43531,44.855162],[-93.435206,44.854724],[-93.434981,44.854297],[-93.434491,44.853673],[-93.433664,44.853107],[-93.431075,44.851759],[-93.429635,44.851134],[-93.428856,44.850948],[-93.427616,44.850858],[-93.425359,44.850895],[-93.424492,44.850981],[-93.423673,44.851169],[-93.422942,44.851457],[-93.422295,44.851833],[-93.421752,44.852286],[-93.42061,44.853773],[-93.420269,44.854562],[-93.420248,44.855391],[-93.420574,44.856901],[-93.419545,44.860551],[-93.417686,44.859976],[-93.416325,44.85968],[-93.414933,44.859477],[-93.413509,44.859372],[-93.39879,44.859519],[-93.398865,44.860687],[-93.398781,44.862045],[-93.395374,44.862031],[-93.395079,44.861341],[-93.394424,44.861453],[-93.394156,44.861113],[-93.393289,44.860849],[-93.392211,44.860274],[-93.39106,44.860031],[-93.389023,44.859978],[-93.386575,44.860109],[-93.386554,44.861999],[-93.354483,44.862063],[-93.354489,44.863253],[-93.351285,44.863258],[-93.350742,44.862756],[-93.350705,44.862077],[-93.349996,44.862073],[-93.349572,44.861916],[-93.34092,44.862024],[-93.325894,44.862007],[-93.325611,44.861943],[-93.323903,44.861934],[-93.323921,44.861027],[-93.323392,44.861223],[-93.321167,44.861752],[-93.318836,44.862006],[-93.318764,44.873646],[-93.318785,44.888599],[-93.318851,44.888852],[-93.318817,44.905239],[-93.329003,44.905316],[-93.329117,44.91972],[-93.329064,44.930595],[-93.339249,44.930607],[-93.339191,44.923454],[-93.340281,44.923458],[-93.339053,44.92071],[-93.339146,44.920698],[-93.338988,44.920306],[-93.339463,44.920196],[-93.339303,44.919705],[-93.349681,44.919743],[-93.349605,44.920498],[-93.370644,44.920511],[-93.370691,44.927474],[-93.374612,44.926418],[-93.379158,44.926081],[-93.379097,44.929135],[-93.380354,44.929397],[-93.379956,44.929794],[-93.379373,44.930075],[-93.379445,44.930168],[-93.380814,44.929703],[-93.380932,44.930993],[-93.380932,44.932049],[-93.380829,44.932915],[-93.380837,44.935032],[-93.384926,44.935074],[-93.384927,44.935268],[-93.385017,44.935383],[-93.385155,44.935227],[-93.385585,44.93523],[-93.385683,44.935581],[-93.391432,44.934794],[-93.3961,44.934515],[-93.396043,44.935121],[-93.400622,44.935141],[-93.400627,44.940516],[-93.39875,44.940518],[-93.398854,44.941354],[-93.399355,44.942316],[-93.400627,44.942312],[-93.400627,44.943705],[-93.400473,44.946095],[-93.400428,44.950119],[-93.400709,44.953594],[-93.400742,44.956704],[-93.400647,44.964053],[-93.405564,44.964116],[-93.405571,44.967124],[-93.40471,44.967116],[-93.404701,44.967726],[-93.405571,44.967732],[-93.405571,44.970047],[-93.404613,44.970048],[-93.404611,44.971338],[-93.404283,44.971338],[-93.40426,44.973591],[-93.410519,44.973372],[-93.410474,44.978561],[-93.416547,44.978594],[-93.430901,44.978848],[-93.44096,44.978745],[-93.443209,44.978953],[-93.444126,44.978883],[-93.444794,44.978725],[-93.450611,44.978617],[-93.494407,44.978465]]]}},{"type":"Feature","properties":{"role":"County Commissioner","city":"St. Paul","county":"Ramsey County","ward":null,"wardName":null,"district":3,"stateDistrict":null,"chamber":null,"repName":"Garrison McMurtrey","repParty":"Nonpartisan","repPhotoUrl":"https://assets.ramseycountymn.gov/files/2025-08/Garrison-McMurtrey-200x250.jpg","repEmail":"garrison.mcmurtrey@ramseycountymn.gov","repPhone":"651-266-8378","termsOfService":[{"termStart":"2025-02-01","termEnd":null,"current":true,"sourceUrl":"https://www.ramseycounty.us/your-government/leadership/board-commissioners/district-3-garrison-mcmurtrey"}],"committees":[],"neighborhoods":[],"officeRoom":null,"profileUrl":"https://www.ramseycounty.us/your-government/leadership/board-commissioners/district-3-garrison-mcmurtrey","candidates":[],"isContested":false,"partyUnityPercent":null,"recentVotes":[]},"geometry":{"type":"Polygon","coordinates":[[[-93.197368,44.998919],[-93.197383,44.988074],[-93.207587,44.988071],[-93.20777,44.959664],[-93.206873,44.959596],[-93.202403,44.95972],[-93.201702,44.959669],[-93.200473,44.959365],[-93.198128,44.958049],[-93.197168,44.957641],[-93.185236,44.953599],[-93.180299,44.952106],[-93.179133,44.951915],[-93.177789,44.951819],[-93.174224,44.951798],[-93.166989,44.951591],[-93.166937,44.960142],[-93.166995,44.962867],[-93.146604,44.963008],[-93.14661,44.960295],[-93.126375,44.960242],[-93.126379,44.965743],[-93.117507,44.965306],[-93.11613,44.96518],[-93.112965,44.964622],[-93.10969,44.963735],[-93.107256,44.963271],[-93.099711,44.963176],[-93.096379,44.963226],[-93.093371,44.963813],[-93.092038,44.96376],[-93.090456,44.963535],[-93.089302,44.966737],[-93.087138,44.966575],[-93.086027,44.966375],[-93.085055,44.966085],[-93.08421,44.965648],[-93.083442,44.964837],[-93.082459,44.965149],[-93.07754,44.965343],[-93.076087,44.965467],[-93.076082,44.970235],[-93.065964,44.970315],[-93.066023,44.98474],[-93.067631,44.984649],[-93.068536,44.984717],[-93.089093,44.984551],[-93.089372,44.991807],[-93.105878,44.991867],[-93.123936,44.991749],[-93.146464,44.991976],[-93.156555,44.99184],[-93.156577,44.999093],[-93.166812,44.998971],[-93.197368,44.998919]]]}},{"type":"Feature","properties":{"role":"County Commissioner","city":"St. Paul","county":"Ramsey County","ward":null,"wardName":null,"district":6,"stateDistrict":null,"chamber":null,"repName":"Mai Chong Xiong","repParty":"Nonpartisan","repPhotoUrl":"https://assets.ramseycountymn.gov/files/migrated-files/Mai-Chong-Xiong-200x250.jpg","repEmail":"maichong.xiong@ramseycountymn.gov","repPhone":"651-266-8350","termsOfService":[{"termStart":"2023-01-01","termEnd":null,"current":true,"sourceUrl":"https://www.ramseycounty.us/your-government/leadership/board-commissioners/mai-chong-xiong-district-6"}],"committees":["Vice Chair, Ramsey County Board"],"neighborhoods":[],"officeRoom":null,"profileUrl":"https://www.ramseycounty.us/your-government/leadership/board-commissioners/mai-chong-xiong-district-6","candidates":[],"isContested":false,"partyUnityPercent":null,"recentVotes":[]},"geometry":{"type":"Polygon","coordinates":[[[-93.040578,44.992],[-93.065056,44.991987],[-93.089372,44.991807],[-93.089093,44.984551],[-93.068536,44.984717],[-93.067631,44.984649],[-93.066023,44.98474],[-93.065964,44.970315],[-93.076082,44.970235],[-93.076089,44.962981],[-93.06095,44.963047],[-93.06088,44.956741],[-93.045956,44.956778],[-93.047159,44.955486],[-93.049383,44.953347],[-93.049512,44.952866],[-93.04923,44.952246],[-93.046401,44.952532],[-93.042476,44.952767],[-93.041729,44.952779],[-93.041314,44.952435],[-93.041022,44.952019],[-93.040656,44.950571],[-93.040535,44.94875],[-93.04085,44.948749],[-93.040865,44.947986],[-93.040749,44.94744],[-93.040375,44.946777],[-93.039464,44.945958],[-93.036732,44.944636],[-93.035633,44.943795],[-93.035173,44.943223],[-93.03243,44.938646],[-93.030983,44.936311],[-93.030612,44.935852],[-93.029282,44.934645],[-93.026558,44.932485],[-93.025603,44.931556],[-93.024058,44.929542],[-93.022861,44.928333],[-93.018877,44.923987],[-93.018381,44.923346],[-93.017749,44.922146],[-93.015611,44.917514],[-93.015073,44.915675],[-93.014689,44.913471],[-93.014087,44.911219],[-93.01071,44.902806],[-93.01043,44.901872],[-93.009941,44.898793],[-93.006878,44.890993],[-93.006773,44.890765],[-93.004424,44.890767],[-93.004324,44.891585],[-93.00433,44.896531],[-93.004816,44.919443],[-93.00484,44.935282],[-93.005047,44.950472],[-93.004998,44.952301],[-93.005133,44.970286],[-93.005099,44.98111],[-93.005003,44.982542],[-93.005087,44.984761],[-93.005064,44.991989],[-93.040578,44.992]]]}},{"type":"Feature","properties":{"role":"County Commissioner","city":"St. Paul","county":"Ramsey County","ward":null,"wardName":null,"district":7,"stateDistrict":null,"chamber":null,"repName":"Kelly Miller","repParty":"Nonpartisan","repPhotoUrl":"https://assets.ramseycountymn.gov/files/2025-08/Kelly-Miller-200x250.jpg","repEmail":"kelly.miller@ramseycountymn.gov","repPhone":"651-266-8363","termsOfService":[{"termStart":"2025-01-01","termEnd":null,"current":true,"sourceUrl":"https://www.ramseycounty.us/your-government/leadership/board-commissioners/kelly-miller-district-7"}],"committees":[],"neighborhoods":[],"officeRoom":null,"profileUrl":"https://www.ramseycounty.us/your-government/leadership/board-commissioners/kelly-miller-district-7","candidates":[],"isContested":false,"partyUnityPercent":null,"recentVotes":[]},"geometry":{"type":"Polygon","coordinates":[[[-92.984788,45.035784],[-92.984689,45.041984],[-92.984805,45.044937],[-92.984763,45.05972],[-92.985421,45.059718],[-92.985416,45.059306],[-92.985352,45.059307],[-92.985512,45.058748],[-92.9858,45.058767],[-92.986174,45.059026],[-92.986873,45.058533],[-92.987192,45.058757],[-92.987514,45.05878],[-92.990613,45.058762],[-92.991228,45.059076],[-92.99167,45.058761],[-92.991429,45.058593],[-92.99166,45.058392],[-92.99241,45.058572],[-92.992411,45.058825],[-92.994968,45.058801],[-92.994981,45.062882],[-92.993261,45.062883],[-92.993261,45.064698],[-92.996328,45.064692],[-92.99632,45.067687],[-92.996283,45.067769],[-92.996088,45.067776],[-92.996064,45.071043],[-92.996838,45.071088],[-92.998549,45.070997],[-92.999862,45.070737],[-93.000552,45.070194],[-93.00084,45.069632],[-93.001019,45.069594],[-93.001062,45.069386],[-93.001227,45.069273],[-93.001269,45.069116],[-93.00237,45.068913],[-93.00332,45.068984],[-93.003934,45.069221],[-93.004777,45.069962],[-93.005468,45.070326],[-93.007156,45.070557],[-93.008793,45.070347],[-93.008817,45.075558],[-93.016309,45.075573],[-93.016341,45.075762],[-93.01612,45.07751],[-93.015681,45.078042],[-93.014247,45.078495],[-93.012028,45.079578],[-93.010469,45.080442],[-93.006075,45.082177],[-93.005498,45.08253],[-93.004268,45.083489],[-93.002825,45.084342],[-93.001351,45.084828],[-92.999696,45.085661],[-92.997898,45.086097],[-92.997402,45.086056],[-92.997039,45.08582],[-92.996963,45.085462],[-92.99701,45.084831],[-92.996843,45.084493],[-92.99685,45.084318],[-92.995215,45.083815],[-92.994681,45.083314],[-92.994556,45.08306],[-92.994496,45.082521],[-92.994218,45.081922],[-92.994174,45.081566],[-92.993988,45.081328],[-92.993624,45.081079],[-92.993704,45.080772],[-92.993414,45.080793],[-92.993299,45.080585],[-92.992635,45.080367],[-92.991731,45.079921],[-92.990683,45.079007],[-92.990516,45.07854],[-92.99034,45.078353],[-92.990215,45.078041],[-92.98993,45.076998],[-92.989711,45.077022],[-92.989762,45.077573],[-92.989481,45.077485],[-92.989134,45.077549],[-92.987313,45.07882],[-92.986921,45.079331],[-92.9867,45.079874],[-92.986739,45.080228],[-92.986968,45.080514],[-92.987177,45.080644],[-92.988062,45.08045],[-92.989084,45.080465],[-92.989906,45.080682],[-92.990464,45.08105],[-92.991038,45.08175],[-92.991339,45.082439],[-92.991538,45.083418],[-92.991795,45.083732],[-92.993494,45.084337],[-92.993868,45.084582],[-92.994466,45.085161],[-92.995354,45.085669],[-92.99629,45.08595],[-92.996572,45.085989],[-92.996743,45.08593],[-92.99839,45.086431],[-92.998343,45.086613],[-92.998759,45.086848],[-92.999251,45.087484],[-92.99981,45.089332],[-92.999871,45.089781],[-92.999808,45.090228],[-92.999607,45.091027],[-92.999377,45.091541],[-92.998947,45.092093],[-92.998313,45.092657],[-92.997032,45.093056],[-92.996662,45.093296],[-92.996507,45.093543],[-92.996335,45.094527],[-92.995983,45.095485],[-92.994046,45.0965],[-92.991147,45.097332],[-92.991184,45.097563],[-92.991079,45.09758],[-92.991081,45.097927],[-92.992585,45.099553],[-92.991833,45.099564],[-92.991824,45.099966],[-92.992531,45.099981],[-92.99253,45.100265],[-92.991845,45.100275],[-92.991851,45.100953],[-92.993893,45.100945],[-92.994832,45.101898],[-92.997693,45.101224],[-93.005258,45.098923],[-93.005259,45.099505],[-93.006542,45.098813],[-93.008003,45.098239],[-93.017288,45.095512],[-93.025624,45.094032],[-93.025625,45.093741],[-93.030731,45.093758],[-93.03073,45.093151],[-93.035828,45.09227],[-93.035826,45.091839],[-93.045656,45.090138],[-93.046201,45.090137],[-93.046173,45.087695],[-93.046059,45.087121],[-93.045929,45.086986],[-93.045923,45.086042],[-93.046741,45.08634],[-93.04766,45.086505],[-93.05618,45.08649],[-93.056144,45.072032],[-93.051123,45.072023],[-93.051097,45.072618],[-93.050917,45.073163],[-93.050225,45.07309],[-93.048085,45.074091],[-93.044514,45.076328],[-93.041194,45.078678],[-93.040998,45.078463],[-93.040982,45.077255],[-93.04119,45.077086],[-93.041189,45.075858],[-93.039563,45.074412],[-93.035757,45.074387],[-93.035754,45.079183],[-93.027621,45.079216],[-93.025627,45.079209],[-93.025648,45.071966],[-93.022152,45.071959],[-93.024286,45.070121],[-93.025516,45.069575],[-93.025502,45.069823],[-93.02563,45.069774],[-93.025633,45.070132],[-93.026284,45.06968],[-93.027444,45.068611],[-93.028148,45.067458],[-93.030904,45.057554],[-93.031105,45.057554],[-93.033089,45.050299],[-93.030693,45.050286],[-93.030685,45.046661],[-93.033315,45.046672],[-93.033331,45.04661],[-93.034017,45.046606],[-93.033995,45.046674],[-93.035796,45.046682],[-93.035793,45.04305],[-93.034735,45.042981],[-93.036467,45.036048],[-93.036767,45.035901],[-93.036793,45.035796],[-93.056231,45.035876],[-93.05607,45.028059],[-93.066345,45.028117],[-93.066098,45.020344],[-93.066161,45.010569],[-93.068156,45.009975],[-93.06988,45.009688],[-93.078389,45.009636],[-93.080285,45.009774],[-93.084404,45.010512],[-93.086523,45.010742],[-93.086517,45.006244],[-93.105881,45.006293],[-93.105944,45.004258],[-93.105878,44.991867],[-93.086292,44.991791],[-93.065056,44.991987],[-93.005064,44.991989],[-93.005087,44.984761],[-93.005003,44.982542],[-93.005099,44.98111],[-93.005133,44.970286],[-93.004998,44.952301],[-93.005047,44.950472],[-93.00484,44.935282],[-93.004816,44.919443],[-93.00433,44.896531],[-93.004324,44.891585],[-93.004424,44.890767],[-92.984192,44.890814],[-92.98424,44.901388],[-92.984323,44.903867],[-92.984268,44.904157],[-92.984396,44.909753],[-92.984463,44.931161],[-92.984559,44.936244],[-92.984502,44.941422],[-92.98466,44.948522],[-92.984748,44.965277],[-92.984841,44.968668],[-92.984706,44.977756],[-92.984685,44.991334],[-92.984803,45.017559],[-92.984741,45.029934],[-92.984788,45.035784]]]}},{"type":"Feature","properties":{"role":"County Commissioner","city":"St. Paul","county":"Ramsey County","ward":null,"wardName":null,"district":2,"stateDistrict":null,"chamber":null,"repName":"Mary Jo McGuire","repParty":"Nonpartisan","repPhotoUrl":"https://assets.ramseycountymn.gov/files/2026-02/Mary-Jo-McGuire-2026-200x250_0.jpg","repEmail":"maryjo.mcguire@ramseycountymn.gov","repPhone":"651-266-8359","termsOfService":[{"termStart":"2012-01-01","termEnd":null,"current":true,"sourceUrl":"http://ramseycounty.us/your-government/leadership/board-commissioners/mary-jo-mcguire-district-2"}],"committees":["Chair, Legislative Committee","Vice Chair, Budget and Audit Committee"],"neighborhoods":[],"officeRoom":null,"profileUrl":"http://ramseycounty.us/your-government/leadership/board-commissioners/mary-jo-mcguire-district-2","candidates":[],"isContested":false,"partyUnityPercent":null,"recentVotes":[]},"geometry":{"type":"Polygon","coordinates":[[[-93.207574,44.989504],[-93.207587,44.988071],[-93.197383,44.988074],[-93.197368,44.998919],[-93.166812,44.998971],[-93.156577,44.999093],[-93.156555,44.99184],[-93.146464,44.991976],[-93.123936,44.991749],[-93.105878,44.991867],[-93.105944,45.004258],[-93.105881,45.006293],[-93.086517,45.006244],[-93.086523,45.010742],[-93.084404,45.010512],[-93.080285,45.009774],[-93.078389,45.009636],[-93.06988,45.009688],[-93.068156,45.009975],[-93.066161,45.010569],[-93.066098,45.020344],[-93.066345,45.028117],[-93.05607,45.028059],[-93.056231,45.035876],[-93.08684,45.035927],[-93.086816,45.043148],[-93.088803,45.043154],[-93.106285,45.043105],[-93.106214,45.035871],[-93.133765,45.035889],[-93.147079,45.035757],[-93.167179,45.035715],[-93.187706,45.035747],[-93.18771,45.042919],[-93.182629,45.04293],[-93.182686,45.050164],[-93.187745,45.050167],[-93.187708,45.053009],[-93.187853,45.053365],[-93.18788,45.054534],[-93.186976,45.059263],[-93.186319,45.063315],[-93.185547,45.070179],[-93.185147,45.074568],[-93.185451,45.079056],[-93.185861,45.082691],[-93.186376,45.084629],[-93.187024,45.086316],[-93.198419,45.086313],[-93.198539,45.093579],[-93.208726,45.093553],[-93.227734,45.093217],[-93.227012,45.052712],[-93.227071,45.047236],[-93.227004,45.046313],[-93.226929,45.035671],[-93.208092,45.035744],[-93.208033,45.029734],[-93.20782,45.021831],[-93.207636,45.006205],[-93.207574,44.989504]]]}},{"type":"Feature","properties":{"role":"County Commissioner","city":"St. Paul","county":"Ramsey County","ward":null,"wardName":null,"district":5,"stateDistrict":null,"chamber":null,"repName":"Rafael Ortega","repParty":"Nonpartisan","repPhotoUrl":"https://assets.ramseycountymn.gov/files/2025-08/Rafael-Ortega-200x250.jpg","repEmail":"rafael.e.ortega@ramseycountymn.gov","repPhone":"651-266-8361","termsOfService":[{"termStart":"1994-01-01","termEnd":null,"current":true,"sourceUrl":"https://www.ramseycounty.us/your-government/leadership/board-commissioners/rafael-e-ortega-district-5"}],"committees":["Chair, Ramsey County Board","Chair, Regional Rail Authority"],"neighborhoods":[],"officeRoom":null,"profileUrl":"https://www.ramseycounty.us/your-government/leadership/board-commissioners/rafael-e-ortega-district-5","candidates":[],"isContested":false,"partyUnityPercent":null,"recentVotes":[]},"geometry":{"type":"Polygon","coordinates":[[[-93.157037,44.891828],[-93.1539,44.892898],[-93.15161,44.894748],[-93.149109,44.897443],[-93.146682,44.899307],[-93.137593,44.90519],[-93.136493,44.906102],[-93.133671,44.910265],[-93.132788,44.912406],[-93.131941,44.916025],[-93.12871,44.919648],[-93.107027,44.919756],[-93.096024,44.919679],[-93.096041,44.923287],[-93.092222,44.92327],[-93.090935,44.923236],[-93.09091,44.919668],[-93.051642,44.919502],[-93.045179,44.912307],[-93.042125,44.905101],[-93.034733,44.897831],[-93.024607,44.894074],[-93.020044,44.89075],[-93.006773,44.890765],[-93.009941,44.898793],[-93.01043,44.901872],[-93.01071,44.902806],[-93.014087,44.911219],[-93.014689,44.913471],[-93.015073,44.915675],[-93.015611,44.917514],[-93.017749,44.922146],[-93.018381,44.923346],[-93.018877,44.923987],[-93.022861,44.928333],[-93.024058,44.929542],[-93.025603,44.931556],[-93.026558,44.932485],[-93.029282,44.934645],[-93.030612,44.935852],[-93.030983,44.936311],[-93.03243,44.938646],[-93.035173,44.943223],[-93.035633,44.943795],[-93.036732,44.944636],[-93.039464,44.945958],[-93.040375,44.946777],[-93.040749,44.94744],[-93.040852,44.947817],[-93.04085,44.948749],[-93.040535,44.94875],[-93.040724,44.950971],[-93.041022,44.952019],[-93.041475,44.952589],[-93.041729,44.952779],[-93.042901,44.952755],[-93.046401,44.952532],[-93.04923,44.952246],[-93.049512,44.952866],[-93.049383,44.953347],[-93.047159,44.955486],[-93.045956,44.956778],[-93.06088,44.956741],[-93.06095,44.963047],[-93.063546,44.963084],[-93.076089,44.962981],[-93.076082,44.961425],[-93.076899,44.960891],[-93.077345,44.960435],[-93.077945,44.959384],[-93.078354,44.958351],[-93.078319,44.955904],[-93.078903,44.955637],[-93.077866,44.954327],[-93.080149,44.953649],[-93.083908,44.952038],[-93.084586,44.951842],[-93.085772,44.951771],[-93.086862,44.952036],[-93.088042,44.952637],[-93.08889,44.953285],[-93.090707,44.954237],[-93.091147,44.954771],[-93.091315,44.955416],[-93.091223,44.956802],[-93.091039,44.957867],[-93.092277,44.957872],[-93.093329,44.957693],[-93.093897,44.957477],[-93.095936,44.95644],[-93.097005,44.955976],[-93.097446,44.955861],[-93.105963,44.9558],[-93.106044,44.952374],[-93.105846,44.951735],[-93.105476,44.951443],[-93.107322,44.949131],[-93.104724,44.947676],[-93.104316,44.946782],[-93.107039,44.944787],[-93.109159,44.943104],[-93.110564,44.942164],[-93.112477,44.941143],[-93.119819,44.938223],[-93.121644,44.937368],[-93.123874,44.936052],[-93.128822,44.932626],[-93.130117,44.931977],[-93.13112,44.93167],[-93.131822,44.931543],[-93.138659,44.931309],[-93.139852,44.931104],[-93.141287,44.930602],[-93.141663,44.93059],[-93.14286,44.929862],[-93.143636,44.92917],[-93.144389,44.928147],[-93.144941,44.92693],[-93.156838,44.926961],[-93.15684,44.934215],[-93.187379,44.934329],[-93.187371,44.919797],[-93.19894,44.919752],[-93.198975,44.918967],[-93.198545,44.91787],[-93.199349,44.917775],[-93.201207,44.917803],[-93.200367,44.909625],[-93.198737,44.907761],[-93.193722,44.905254],[-93.192214,44.904376],[-93.190676,44.901217],[-93.190848,44.899878],[-93.190385,44.897987],[-93.18739,44.89512],[-93.182763,44.894292],[-93.178522,44.894179],[-93.177218,44.893928],[-93.177999,44.891176],[-93.177964,44.889641],[-93.178539,44.888338],[-93.175689,44.887405],[-93.172102,44.887399],[-93.168919,44.888204],[-93.164346,44.89034],[-93.157037,44.891828]]]}},{"type":"Feature","properties":{"role":"County Commissioner","city":"St. Paul","county":"Ramsey County","ward":null,"wardName":null,"district":1,"stateDistrict":null,"chamber":null,"repName":"Tara Jebens-Singh","repParty":"Nonpartisan","repPhotoUrl":"https://assets.ramseycountymn.gov/files/2025-08/Tara%20Jebens-Singh%20200x250.jpg","repEmail":"tara.jebenssingh@ramseycountymn.gov","repPhone":"651-266-8362","termsOfService":[{"termStart":"2025-01-01","termEnd":null,"current":true,"sourceUrl":"https://www.ramseycounty.us/your-government/leadership/board-commissioners/tara-jebens-singh-district-1"}],"committees":[],"neighborhoods":[],"officeRoom":null,"profileUrl":"https://www.ramseycounty.us/your-government/leadership/board-commissioners/tara-jebens-singh-district-1","candidates":[],"isContested":false,"partyUnityPercent":null,"recentVotes":[]},"geometry":{"type":"Polygon","coordinates":[[[-93.227733,45.093344],[-93.227734,45.093217],[-93.226402,45.093202],[-93.208726,45.093553],[-93.198539,45.093579],[-93.198419,45.086313],[-93.187024,45.086316],[-93.186376,45.084629],[-93.185861,45.082691],[-93.185451,45.079056],[-93.185147,45.074568],[-93.185547,45.070179],[-93.186319,45.063315],[-93.186976,45.059263],[-93.18788,45.054534],[-93.187853,45.053365],[-93.187708,45.053009],[-93.187745,45.050167],[-93.182686,45.050164],[-93.182629,45.04293],[-93.18771,45.042919],[-93.187706,45.035747],[-93.167179,45.035715],[-93.147079,45.035757],[-93.133765,45.035889],[-93.106214,45.035871],[-93.106285,45.043105],[-93.088803,45.043154],[-93.086816,45.043148],[-93.08684,45.035927],[-93.036793,45.035796],[-93.036767,45.035901],[-93.036467,45.036048],[-93.034735,45.042981],[-93.035793,45.04305],[-93.035796,45.046682],[-93.033995,45.046674],[-93.034017,45.046606],[-93.033331,45.04661],[-93.033315,45.046672],[-93.030685,45.046661],[-93.030693,45.050286],[-93.033089,45.050299],[-93.031105,45.057554],[-93.030904,45.057554],[-93.028148,45.067458],[-93.027444,45.068611],[-93.026284,45.06968],[-93.025633,45.070132],[-93.02563,45.069774],[-93.025502,45.069823],[-93.025516,45.069575],[-93.024286,45.070121],[-93.022152,45.071959],[-93.025648,45.071966],[-93.025627,45.079209],[-93.027621,45.079216],[-93.035754,45.079183],[-93.035757,45.074387],[-93.039563,45.074412],[-93.041189,45.075858],[-93.04119,45.077086],[-93.040982,45.077255],[-93.040998,45.078463],[-93.041194,45.078678],[-93.044514,45.076328],[-93.048085,45.074091],[-93.050225,45.07309],[-93.050917,45.073163],[-93.051097,45.072618],[-93.051123,45.072023],[-93.056144,45.072032],[-93.05618,45.08649],[-93.04766,45.086505],[-93.046741,45.08634],[-93.045923,45.086042],[-93.045929,45.086986],[-93.046059,45.087121],[-93.046173,45.087695],[-93.046201,45.090137],[-93.045656,45.090138],[-93.035826,45.091839],[-93.035828,45.09227],[-93.03073,45.093151],[-93.030731,45.093758],[-93.025625,45.093741],[-93.025624,45.094032],[-93.017288,45.095512],[-93.008003,45.098239],[-93.006542,45.098813],[-93.005259,45.099505],[-93.005258,45.098923],[-92.997693,45.101224],[-92.994832,45.101898],[-92.993893,45.100945],[-92.991851,45.100953],[-92.991845,45.100275],[-92.99253,45.100265],[-92.992531,45.099981],[-92.991824,45.099966],[-92.991833,45.099564],[-92.992585,45.099553],[-92.991081,45.097927],[-92.991079,45.09758],[-92.991184,45.097563],[-92.991147,45.097332],[-92.993934,45.096542],[-92.995905,45.095553],[-92.99619,45.095058],[-92.996481,45.093629],[-92.996662,45.093296],[-92.997032,45.093056],[-92.998313,45.092657],[-92.999085,45.091941],[-92.999548,45.091202],[-92.999866,45.089871],[-92.99981,45.089332],[-92.999392,45.087826],[-92.998974,45.087073],[-92.998597,45.086716],[-92.998343,45.086613],[-92.99839,45.086431],[-92.996743,45.08593],[-92.996572,45.085989],[-92.99629,45.08595],[-92.995354,45.085669],[-92.994466,45.085161],[-92.993868,45.084582],[-92.993494,45.084337],[-92.991795,45.083732],[-92.991538,45.083418],[-92.991365,45.082527],[-92.991086,45.081833],[-92.990611,45.081196],[-92.990107,45.080792],[-92.989688,45.080585],[-92.989211,45.080474],[-92.988062,45.08045],[-92.987177,45.080644],[-92.987021,45.080554],[-92.986765,45.08028],[-92.986691,45.079928],[-92.98688,45.079409],[-92.987153,45.078995],[-92.987613,45.078563],[-92.989106,45.077564],[-92.989398,45.077483],[-92.989762,45.077573],[-92.989711,45.077022],[-92.98993,45.076998],[-92.990215,45.078041],[-92.99034,45.078353],[-92.990516,45.07854],[-92.990683,45.079007],[-92.991731,45.079921],[-92.992635,45.080367],[-92.993299,45.080585],[-92.993414,45.080793],[-92.993704,45.080772],[-92.993624,45.081079],[-92.993988,45.081328],[-92.994174,45.081566],[-92.994218,45.081922],[-92.994496,45.082521],[-92.994556,45.08306],[-92.994681,45.083314],[-92.995215,45.083815],[-92.99685,45.084318],[-92.996843,45.084493],[-92.99701,45.084831],[-92.996963,45.085462],[-92.997039,45.08582],[-92.997402,45.086056],[-92.997898,45.086097],[-92.999696,45.085661],[-93.001351,45.084828],[-93.002825,45.084342],[-93.004268,45.083489],[-93.005498,45.08253],[-93.006075,45.082177],[-93.010469,45.080442],[-93.012028,45.079578],[-93.014247,45.078495],[-93.015681,45.078042],[-93.01612,45.07751],[-93.01635,45.07595],[-93.016309,45.075573],[-93.008817,45.075558],[-93.008793,45.070347],[-93.007156,45.070557],[-93.005468,45.070326],[-93.004777,45.069962],[-93.003934,45.069221],[-93.00332,45.068984],[-93.00237,45.068913],[-93.001269,45.069116],[-93.001227,45.069273],[-93.001062,45.069386],[-93.001019,45.069594],[-93.00084,45.069632],[-93.000552,45.070194],[-92.999862,45.070737],[-92.998549,45.070997],[-92.996838,45.071088],[-92.996064,45.071043],[-92.996088,45.067776],[-92.996283,45.067769],[-92.99632,45.067687],[-92.996328,45.064692],[-92.993261,45.064698],[-92.993261,45.062883],[-92.994981,45.062882],[-92.994968,45.058801],[-92.992411,45.058825],[-92.99241,45.058572],[-92.99166,45.058392],[-92.991429,45.058593],[-92.99167,45.058761],[-92.991228,45.059076],[-92.990613,45.058762],[-92.987514,45.05878],[-92.987192,45.058757],[-92.986873,45.058533],[-92.986174,45.059026],[-92.9858,45.058767],[-92.985512,45.058748],[-92.985352,45.059307],[-92.985416,45.059306],[-92.985421,45.059718],[-92.984763,45.05972],[-92.984806,45.064059],[-92.984749,45.065368],[-92.984871,45.065626],[-92.984798,45.066014],[-92.984517,45.096655],[-92.984578,45.102181],[-92.9845,45.108508],[-92.984621,45.123757],[-93.003849,45.123753],[-93.035911,45.123881],[-93.052843,45.124055],[-93.056778,45.124008],[-93.060934,45.12411],[-93.087282,45.124048],[-93.125291,45.124119],[-93.227696,45.124533],[-93.227789,45.116797],[-93.228119,45.115798],[-93.2281,45.115548],[-93.227843,45.114948],[-93.227733,45.093344]]]}},{"type":"Feature","properties":{"role":"County Commissioner","city":"St. Paul","county":"Ramsey County","ward":null,"wardName":null,"district":4,"stateDistrict":null,"chamber":null,"repName":"Rena Moran","repParty":"Nonpartisan","repPhotoUrl":"https://assets.ramseycountymn.gov/files/2025-08/Rena-Moran-200x250.jpg","repEmail":"rena.moran@ramseycountymn.gov","repPhone":"651-266-8364","termsOfService":[{"termStart":"2022-01-01","termEnd":null,"current":true,"sourceUrl":"https://www.ramseycounty.us/your-government/leadership/board-commissioners/rena-moran-district-4"}],"committees":["Chair, Economic Growth and Community Investment Committee","Vice Chair, Budget Committee"],"neighborhoods":[],"officeRoom":null,"profileUrl":"https://www.ramseycounty.us/your-government/leadership/board-commissioners/rena-moran-district-4","candidates":[],"isContested":false,"partyUnityPercent":null,"recentVotes":[]},"geometry":{"type":"Polygon","coordinates":[[[-93.141663,44.93059],[-93.141287,44.930602],[-93.139852,44.931104],[-93.138659,44.931309],[-93.131822,44.931543],[-93.13112,44.93167],[-93.130117,44.931977],[-93.128822,44.932626],[-93.123874,44.936052],[-93.121644,44.937368],[-93.119819,44.938223],[-93.112477,44.941143],[-93.111086,44.941859],[-93.109595,44.942792],[-93.107039,44.944787],[-93.104316,44.946782],[-93.104724,44.947676],[-93.107322,44.949131],[-93.105476,44.951443],[-93.105846,44.951735],[-93.106044,44.952374],[-93.105963,44.9558],[-93.097446,44.955861],[-93.097005,44.955976],[-93.095936,44.95644],[-93.093897,44.957477],[-93.093329,44.957693],[-93.092277,44.957872],[-93.091039,44.957867],[-93.091223,44.956802],[-93.091315,44.955416],[-93.091185,44.95485],[-93.090827,44.954357],[-93.090406,44.954035],[-93.08889,44.953285],[-93.088042,44.952637],[-93.087471,44.952307],[-93.086513,44.951919],[-93.085772,44.951771],[-93.084849,44.951798],[-93.08415,44.951953],[-93.080628,44.95347],[-93.077866,44.954327],[-93.078903,44.955637],[-93.078319,44.955904],[-93.078354,44.958351],[-93.077945,44.959384],[-93.077201,44.96061],[-93.076082,44.961425],[-93.076087,44.965467],[-93.07754,44.965343],[-93.082459,44.965149],[-93.083442,44.964837],[-93.08421,44.965648],[-93.085055,44.966085],[-93.086027,44.966375],[-93.087138,44.966575],[-93.089302,44.966737],[-93.090456,44.963535],[-93.092038,44.96376],[-93.093371,44.963813],[-93.096379,44.963226],[-93.105913,44.963205],[-93.107256,44.963271],[-93.108363,44.963435],[-93.112965,44.964622],[-93.11613,44.96518],[-93.117507,44.965306],[-93.126379,44.965743],[-93.126375,44.960242],[-93.14661,44.960295],[-93.146604,44.963008],[-93.166995,44.962867],[-93.166937,44.960142],[-93.166989,44.951591],[-93.174224,44.951798],[-93.177789,44.951819],[-93.179133,44.951915],[-93.180299,44.952106],[-93.185236,44.953599],[-93.197168,44.957641],[-93.198128,44.958049],[-93.200473,44.959365],[-93.201702,44.959669],[-93.202403,44.95972],[-93.206873,44.959596],[-93.20777,44.959664],[-93.20775,44.953035],[-93.203597,44.950978],[-93.202056,44.948376],[-93.200104,44.941506],[-93.200623,44.937876],[-93.200791,44.934301],[-93.199789,44.927033],[-93.201359,44.919764],[-93.201207,44.917803],[-93.199349,44.917775],[-93.198545,44.91787],[-93.198975,44.918967],[-93.19894,44.919752],[-93.187371,44.919797],[-93.187379,44.934329],[-93.15684,44.934215],[-93.156838,44.926961],[-93.144941,44.92693],[-93.144389,44.928147],[-93.143636,44.92917],[-93.14286,44.929862],[-93.141663,44.93059]]]}},{"type":"Feature","properties":{"role":"County Commissioner","city":"Rochester","county":"Olmsted County","ward":null,"wardName":null,"district":5,"stateDistrict":null,"chamber":null,"repName":"Michelle Rossman","repParty":"Nonpartisan","repPhotoUrl":"https://www.olmstedcounty.gov/sites/default/files/styles/pod/public/2026-01/Michelle%20Rossman%20-%202026.jpg.webp","repEmail":null,"repPhone":null,"termsOfService":[{"termStart":null,"termEnd":null,"current":true,"sourceUrl":"https://www.olmstedcounty.gov/government/county-boards-commissions/board-of-commissioners"}],"committees":[],"neighborhoods":[],"officeRoom":null,"profileUrl":"https://www.olmstedcounty.gov/government/county-boards-commissions/board-of-commissioners","candidates":[],"isContested":false,"partyUnityPercent":null,"recentVotes":[]},"geometry":{"type":"MultiPolygon","coordinates":[[[[-92.529415,44.02167],[-92.530271,44.021792],[-92.53175,44.021799],[-92.531748,44.021664],[-92.529415,44.02167]]],[[[-92.538883,44.034045],[-92.538175,44.033963],[-92.538224,44.035299],[-92.538927,44.035286],[-92.538883,44.034045]]],[[[-92.5454,44.10833],[-92.598904,44.108444],[-92.648227,44.108423],[-92.678267,44.108304],[-92.67819,44.10012],[-92.678266,44.096714],[-92.6782,44.09551],[-92.678299,44.07946],[-92.67816,44.063832],[-92.678207,44.056228],[-92.67815,44.05215],[-92.678222,44.0459],[-92.67806,44.02181],[-92.533675,44.021659],[-92.533717,44.025249],[-92.543719,44.025229],[-92.543718,44.025958],[-92.543331,44.025958],[-92.543329,44.028812],[-92.538698,44.028797],[-92.538883,44.034045],[-92.541038,44.034305],[-92.541007,44.037437],[-92.538936,44.037429],[-92.538909,44.040094],[-92.536725,44.040116],[-92.534508,44.039971],[-92.534544,44.039792],[-92.532261,44.039462],[-92.528912,44.038756],[-92.528895,44.039753],[-92.532396,44.040476],[-92.532449,44.040338],[-92.535635,44.040704],[-92.538899,44.040723],[-92.538896,44.041036],[-92.535219,44.041251],[-92.531777,44.041144],[-92.528372,44.040736],[-92.5241,44.039866],[-92.524096,44.040151],[-92.526415,44.040648],[-92.526327,44.040862],[-92.526098,44.040813],[-92.526176,44.042638],[-92.526018,44.04345],[-92.51996,44.04359],[-92.52388,44.05591],[-92.52399,44.05654],[-92.52403,44.05808],[-92.52407,44.06343],[-92.52018,44.0635],[-92.51722,44.0637],[-92.51599,44.06402],[-92.51361,44.06498],[-92.51242,44.06522],[-92.50002,44.06534],[-92.50143,44.0677],[-92.50811,44.07961],[-92.50837,44.07961],[-92.50841,44.07967],[-92.50921,44.08107],[-92.51011,44.08293],[-92.51045,44.08423],[-92.51187,44.09396],[-92.509618,44.093979],[-92.509615,44.09439],[-92.511239,44.094377],[-92.511648,44.09696],[-92.511345,44.097235],[-92.511519,44.097521],[-92.512519,44.101153],[-92.513717,44.101145],[-92.516075,44.108184],[-92.517346,44.108136],[-92.5454,44.10833]]]]}},{"type":"Feature","properties":{"role":"County Commissioner","city":"Rochester","county":"Olmsted County","ward":null,"wardName":null,"district":7,"stateDistrict":null,"chamber":null,"repName":"Mark Thein","repParty":"Nonpartisan","repPhotoUrl":"https://www.olmstedcounty.gov/sites/default/files/styles/pod/public/2024-12/Mark%20Thein.jpg.webp","repEmail":null,"repPhone":null,"termsOfService":[{"termStart":null,"termEnd":null,"current":true,"sourceUrl":"https://www.olmstedcounty.gov/government/county-boards-commissions/board-of-commissioners"}],"committees":[],"neighborhoods":[],"officeRoom":null,"profileUrl":"https://www.olmstedcounty.gov/government/county-boards-commissions/board-of-commissioners","candidates":[],"isContested":false,"partyUnityPercent":null,"recentVotes":[]},"geometry":{"type":"Polygon","coordinates":[[[-92.43478,43.979896],[-92.434769,43.978219],[-92.438568,43.978217],[-92.438467,43.956525],[-92.433786,43.956524],[-92.433768,43.952918],[-92.42877,43.952911],[-92.428759,43.9493],[-92.43375,43.949312],[-92.433739,43.946802],[-92.431598,43.946792],[-92.431588,43.944597],[-92.434564,43.944611],[-92.434569,43.945708],[-92.438443,43.945723],[-92.438436,43.934932],[-92.41529,43.93475],[-92.34865,43.934487],[-92.33282,43.93449],[-92.318649,43.934331],[-92.31893,44.0229],[-92.318907,44.074384],[-92.31902,44.09787],[-92.318881,44.127749],[-92.318986,44.194057],[-92.442653,44.194543],[-92.456172,44.194461],[-92.529128,44.194859],[-92.543319,44.194839],[-92.59196,44.19503],[-92.63553,44.19539],[-92.665527,44.195468],[-92.666439,44.195478],[-92.667044,44.195576],[-92.671357,44.195606],[-92.678717,44.195516],[-92.678657,44.179654],[-92.678714,44.175174],[-92.67824,44.1346],[-92.678267,44.108304],[-92.648227,44.108423],[-92.598904,44.108444],[-92.54819,44.10835],[-92.517346,44.108136],[-92.516075,44.108184],[-92.513717,44.101145],[-92.512519,44.101153],[-92.511519,44.097521],[-92.511345,44.097235],[-92.511648,44.09696],[-92.511239,44.094377],[-92.509615,44.09439],[-92.509618,44.093979],[-92.51187,44.09396],[-92.51045,44.08423],[-92.51025,44.08335],[-92.50971,44.08203],[-92.50837,44.07961],[-92.49962,44.07969],[-92.48871,44.07964],[-92.48871,44.07976],[-92.47579,44.07963],[-92.47557,44.07956],[-92.468677,44.079466],[-92.468713,44.075864],[-92.473728,44.075926],[-92.473821,44.068127],[-92.473417,44.069071],[-92.471542,44.072186],[-92.470742,44.072938],[-92.468729,44.074233],[-92.468804,44.066533],[-92.467148,44.066348],[-92.464547,44.066642],[-92.464459,44.066533],[-92.464508,44.066241],[-92.464672,44.06598],[-92.465494,44.065286],[-92.465572,44.065137],[-92.465517,44.064987],[-92.463801,44.064972],[-92.463793,44.066922],[-92.461268,44.066224],[-92.458754,44.064909],[-92.45876,44.06047],[-92.45362,44.05892],[-92.45353,44.05889],[-92.45356,44.05876],[-92.44981,44.0577],[-92.44877,44.05757],[-92.44372,44.05743],[-92.44239,44.05715],[-92.438681,44.05568],[-92.438671,44.053938],[-92.435121,44.053925],[-92.434835,44.053805],[-92.434455,44.053779],[-92.433559,44.05346],[-92.43345,44.05362],[-92.43151,44.05286],[-92.43066,44.05236],[-92.42974,44.05146],[-92.42926,44.05052],[-92.42914,44.04991],[-92.42909,44.0476],[-92.43068,44.04742],[-92.43143,44.04712],[-92.434878,44.044239],[-92.436651,44.042313],[-92.433328,44.042289],[-92.432597,44.043109],[-92.429008,44.043082],[-92.428989,44.032325],[-92.423715,44.032278],[-92.423747,44.032336],[-92.42355,44.03235],[-92.422677,44.032265],[-92.421055,44.032256],[-92.421081,44.029269],[-92.417536,44.029788],[-92.4157,44.029896],[-92.41399,44.029896],[-92.414085,44.021421],[-92.399064,44.021352],[-92.399061,44.020609],[-92.398708,44.020543],[-92.395259,44.016807],[-92.395011,44.014207],[-92.394401,44.014205],[-92.394383,44.011871],[-92.392948,44.011802],[-92.393048,44.01051],[-92.388926,44.010424],[-92.388916,44.00693],[-92.398959,44.006969],[-92.398922,43.992468],[-92.398797,43.992468],[-92.398741,43.98803],[-92.39636,43.988014],[-92.396378,43.988919],[-92.393839,43.988901],[-92.393837,43.987091],[-92.398729,43.987119],[-92.398695,43.985314],[-92.394695,43.985289],[-92.394695,43.984458],[-92.394125,43.984454],[-92.394125,43.983815],[-92.396826,43.983834],[-92.396827,43.98269],[-92.392815,43.982662],[-92.392815,43.981666],[-92.3925,43.981664],[-92.3925,43.980796],[-92.394946,43.980814],[-92.394946,43.98004],[-92.390404,43.980012],[-92.390393,43.979831],[-92.39151,43.979834],[-92.391512,43.978041],[-92.393842,43.978061],[-92.393825,43.975474],[-92.393488,43.975137],[-92.391614,43.976117],[-92.391027,43.975532],[-92.392901,43.974551],[-92.391985,43.973699],[-92.390632,43.972874],[-92.391441,43.972879],[-92.39298,43.974075],[-92.393889,43.973594],[-92.393531,43.973592],[-92.393297,43.972892],[-92.395299,43.97288],[-92.395432,43.973322],[-92.3988,43.973348],[-92.398831,43.978193],[-92.3972,43.97817],[-92.399034,43.979998],[-92.404042,43.980022],[-92.404041,43.98174],[-92.408789,43.981768],[-92.408663,43.981737],[-92.408675,43.97814],[-92.418783,43.978206],[-92.418784,43.973654],[-92.423092,43.974372],[-92.426843,43.974803],[-92.42879,43.974948],[-92.428823,43.981836],[-92.430565,43.981836],[-92.430558,43.980936],[-92.430818,43.980641],[-92.432203,43.979646],[-92.433016,43.979684],[-92.43302,43.979489],[-92.433906,43.979552],[-92.43478,43.979896]]]}},{"type":"Feature","properties":{"role":"County Commissioner","city":"Rochester","county":"Olmsted County","ward":null,"wardName":null,"district":1,"stateDistrict":null,"chamber":null,"repName":"Laurel Podulke-Smith","repParty":"Nonpartisan","repPhotoUrl":"https://www.olmstedcounty.gov/sites/default/files/styles/pod/public/2026-01/Laurel%20Podulke-Smith-2026.jpg.webp","repEmail":null,"repPhone":null,"termsOfService":[{"termStart":null,"termEnd":null,"current":true,"sourceUrl":"https://www.olmstedcounty.gov/government/county-boards-commissions/board-of-commissioners"}],"committees":[],"neighborhoods":[],"officeRoom":null,"profileUrl":"https://www.olmstedcounty.gov/government/county-boards-commissions/board-of-commissioners","candidates":[],"isContested":false,"partyUnityPercent":null,"recentVotes":[]},"geometry":{"type":"Polygon","coordinates":[[[-92.46593,44.04361],[-92.4685,44.04506],[-92.46995,44.04368],[-92.47,44.04332],[-92.486022,44.043438],[-92.486341,44.043357],[-92.48729,44.04332],[-92.49199,44.04349],[-92.51996,44.04359],[-92.51694,44.0343],[-92.51661,44.03306],[-92.5165,44.03142],[-92.51628,44.02116],[-92.51394,44.0217],[-92.5101,44.02345],[-92.50906,44.02384],[-92.50796,44.024],[-92.50668,44.023988],[-92.5053,44.02372],[-92.49878,44.02172],[-92.49657,44.02161],[-92.48789,44.02155],[-92.48787,44.01844],[-92.4877,44.01754],[-92.48749,44.017],[-92.48663,44.0171],[-92.46298,44.01706],[-92.4629,44.01256],[-92.463006,44.00708],[-92.46317,44.00708],[-92.463502,44.006101],[-92.46483,44.00214],[-92.46497,44.00123],[-92.46489,44.00069],[-92.46465,43.99998],[-92.46444,43.99998],[-92.46367,43.99817],[-92.46301,43.99574],[-92.4622,43.99058],[-92.46212,43.98926],[-92.46209,43.9855],[-92.446749,43.985453],[-92.446523,43.985633],[-92.446,43.985846],[-92.445942,43.985987],[-92.446065,43.986063],[-92.446351,43.98592],[-92.446516,43.985964],[-92.446462,43.986211],[-92.446144,43.986437],[-92.446453,43.986873],[-92.445776,43.986993],[-92.44563,43.986732],[-92.4454,43.986783],[-92.445379,43.986856],[-92.445575,43.987015],[-92.445396,43.987301],[-92.445467,43.987579],[-92.445297,43.987796],[-92.445385,43.988008],[-92.445041,43.988213],[-92.444997,43.988424],[-92.444759,43.988546],[-92.444555,43.988916],[-92.444589,43.989237],[-92.444968,43.989192],[-92.445135,43.989254],[-92.445116,43.989365],[-92.44488,43.989499],[-92.444878,43.989681],[-92.445124,43.989674],[-92.445504,43.989495],[-92.44566,43.989574],[-92.44563,43.989754],[-92.445211,43.990241],[-92.444965,43.990417],[-92.444421,43.990417],[-92.443595,43.990732],[-92.443146,43.990721],[-92.442662,43.990426],[-92.441269,43.990403],[-92.440501,43.991333],[-92.440309,43.991776],[-92.440033,43.991888],[-92.439888,43.991646],[-92.439608,43.991786],[-92.439644,43.991963],[-92.439913,43.992182],[-92.439478,43.992436],[-92.43979,43.992621],[-92.439836,43.992822],[-92.439777,43.993035],[-92.439545,43.993166],[-92.438945,43.993089],[-92.439337,43.993431],[-92.438894,43.993597],[-92.438367,43.993945],[-92.438351,43.996306],[-92.428949,43.996317],[-92.428945,43.996666],[-92.429129,43.996778],[-92.428935,43.996775],[-92.43431,44.00001],[-92.43538,44.00077],[-92.436623,44.00185],[-92.43756,44.00281],[-92.43826,44.00371],[-92.44158,44.00898],[-92.445691,44.007938],[-92.445826,44.008486],[-92.446212,44.009209],[-92.446506,44.01028],[-92.446761,44.011686],[-92.446918,44.011996],[-92.447521,44.012489],[-92.448871,44.013178],[-92.449315,44.013489],[-92.449772,44.014213],[-92.450592,44.016279],[-92.451529,44.01762],[-92.452204,44.01813],[-92.453184,44.018405],[-92.455124,44.018503],[-92.45556,44.018599],[-92.455766,44.018709],[-92.456002,44.018983],[-92.456084,44.01929],[-92.462163,44.01929],[-92.462046,44.019676],[-92.461189,44.020995],[-92.460908,44.021264],[-92.460652,44.021376],[-92.45997,44.02139],[-92.459772,44.021232],[-92.458746,44.021127],[-92.457771,44.02082],[-92.456607,44.020609],[-92.456368,44.02072],[-92.45614,44.021108],[-92.456146,44.021789],[-92.456277,44.022208],[-92.457488,44.02347],[-92.457902,44.02347],[-92.458183,44.024033],[-92.458771,44.024645],[-92.459156,44.025338],[-92.458843,44.025331],[-92.45919,44.026044],[-92.458858,44.025974],[-92.459321,44.02662],[-92.459321,44.02687],[-92.459196,44.027133],[-92.458021,44.028208],[-92.457733,44.028745],[-92.457521,44.029458],[-92.457233,44.029483],[-92.456721,44.02932],[-92.456428,44.029349],[-92.457588,44.029905],[-92.456988,44.031539],[-92.456893,44.032157],[-92.457719,44.033617],[-92.45878,44.034859],[-92.460131,44.035536],[-92.46281,44.037186],[-92.46221,44.03869],[-92.46088,44.04141],[-92.46226,44.04175],[-92.46311,44.04205],[-92.46593,44.04361]],[[-92.515968,44.021485],[-92.515963,44.021691],[-92.51467,44.021686],[-92.51597,44.021394],[-92.515968,44.021485]]]}},{"type":"Feature","properties":{"role":"County Commissioner","city":"Rochester","county":"Olmsted County","ward":null,"wardName":null,"district":2,"stateDistrict":null,"chamber":null,"repName":"David Senjem","repParty":"Nonpartisan","repPhotoUrl":"https://www.olmstedcounty.gov/sites/default/files/styles/pod/public/2026-01/Dave%20Senjem%20-%202%20-%202026.jpg.webp","repEmail":null,"repPhone":null,"termsOfService":[{"termStart":null,"termEnd":null,"current":true,"sourceUrl":"https://www.olmstedcounty.gov/government/county-boards-commissions/board-of-commissioners"}],"committees":[],"neighborhoods":[],"officeRoom":null,"profileUrl":"https://www.olmstedcounty.gov/government/county-boards-commissions/board-of-commissioners","candidates":[],"isContested":false,"partyUnityPercent":null,"recentVotes":[]},"geometry":{"type":"Polygon","coordinates":[[[-92.4859,44.07971],[-92.48871,44.07976],[-92.48871,44.07964],[-92.49962,44.07969],[-92.50811,44.07961],[-92.50143,44.0677],[-92.50002,44.06534],[-92.51242,44.06522],[-92.51361,44.06498],[-92.51599,44.06402],[-92.51722,44.0637],[-92.52018,44.0635],[-92.52407,44.06343],[-92.52403,44.05808],[-92.52399,44.05654],[-92.52388,44.05591],[-92.51996,44.04359],[-92.49199,44.04349],[-92.48729,44.04332],[-92.486341,44.043357],[-92.486022,44.043438],[-92.47,44.04332],[-92.46995,44.04368],[-92.4685,44.04506],[-92.46311,44.04205],[-92.46226,44.04175],[-92.46088,44.04141],[-92.46024,44.04273],[-92.45929,44.04422],[-92.45829,44.0454],[-92.4571,44.04659],[-92.45664,44.04718],[-92.45617,44.04803],[-92.45591,44.04887],[-92.455,44.05357],[-92.4537,44.05894],[-92.45876,44.06047],[-92.458754,44.064909],[-92.461268,44.066224],[-92.463793,44.066922],[-92.463801,44.064972],[-92.465517,44.064987],[-92.465572,44.065137],[-92.465494,44.065286],[-92.464672,44.06598],[-92.464508,44.066241],[-92.464459,44.066533],[-92.464547,44.066642],[-92.467148,44.066348],[-92.468804,44.066533],[-92.468729,44.074233],[-92.470742,44.072938],[-92.471542,44.072186],[-92.473417,44.069071],[-92.473821,44.068127],[-92.473728,44.075926],[-92.468713,44.075864],[-92.468677,44.079466],[-92.47557,44.07956],[-92.47579,44.07963],[-92.4859,44.07971]]]}},{"type":"Feature","properties":{"role":"County Commissioner","city":"Rochester","county":"Olmsted County","ward":null,"wardName":null,"district":3,"stateDistrict":null,"chamber":null,"repName":"Gregg Wright","repParty":"Nonpartisan","repPhotoUrl":"https://www.olmstedcounty.gov/sites/default/files/styles/pod/public/2026-01/Gregory%20Wright.jpg.webp","repEmail":null,"repPhone":null,"termsOfService":[{"termStart":null,"termEnd":null,"current":true,"sourceUrl":"https://www.olmstedcounty.gov/government/county-boards-commissions/board-of-commissioners"}],"committees":[],"neighborhoods":[],"officeRoom":null,"profileUrl":"https://www.olmstedcounty.gov/government/county-boards-commissions/board-of-commissioners","candidates":[],"isContested":false,"partyUnityPercent":null,"recentVotes":[]},"geometry":{"type":"Polygon","coordinates":[[[-92.447796,44.057543],[-92.44877,44.05757],[-92.45015,44.05777],[-92.45356,44.05876],[-92.45353,44.05889],[-92.4537,44.05894],[-92.455,44.05357],[-92.45591,44.04887],[-92.45617,44.04803],[-92.45664,44.04718],[-92.4571,44.04659],[-92.458894,44.044733],[-92.45969,44.04364],[-92.46037,44.04248],[-92.462719,44.037507],[-92.46281,44.037186],[-92.460131,44.035536],[-92.45878,44.034859],[-92.457719,44.033617],[-92.456893,44.032157],[-92.456988,44.031539],[-92.457588,44.029905],[-92.456428,44.029349],[-92.456721,44.02932],[-92.457233,44.029483],[-92.457521,44.029458],[-92.457733,44.028745],[-92.458021,44.028208],[-92.459196,44.027133],[-92.459321,44.02687],[-92.459321,44.02662],[-92.458858,44.025974],[-92.45919,44.026044],[-92.458843,44.025331],[-92.459156,44.025338],[-92.458771,44.024645],[-92.458183,44.024033],[-92.457902,44.02347],[-92.457488,44.02347],[-92.456277,44.022208],[-92.456102,44.021408],[-92.45614,44.021108],[-92.456368,44.02072],[-92.456607,44.020609],[-92.457771,44.02082],[-92.458746,44.021127],[-92.459772,44.021232],[-92.45997,44.02139],[-92.460652,44.021376],[-92.460908,44.021264],[-92.461189,44.020995],[-92.462046,44.019676],[-92.462163,44.01929],[-92.456084,44.01929],[-92.456002,44.018983],[-92.455766,44.018709],[-92.45556,44.018599],[-92.455124,44.018503],[-92.453184,44.018405],[-92.452204,44.01813],[-92.451529,44.01762],[-92.450592,44.016279],[-92.449772,44.014213],[-92.449315,44.013489],[-92.448871,44.013178],[-92.447521,44.012489],[-92.446918,44.011996],[-92.446761,44.011686],[-92.446506,44.01028],[-92.446212,44.009209],[-92.445826,44.008486],[-92.445691,44.007938],[-92.44158,44.00898],[-92.43826,44.00371],[-92.43756,44.00281],[-92.436623,44.00185],[-92.43538,44.00077],[-92.43431,44.00001],[-92.428935,43.996775],[-92.429129,43.996778],[-92.428945,43.996666],[-92.428949,43.996317],[-92.438351,43.996306],[-92.438367,43.993945],[-92.438894,43.993597],[-92.439337,43.993431],[-92.438945,43.993089],[-92.439545,43.993166],[-92.439777,43.993035],[-92.439836,43.992822],[-92.43979,43.992621],[-92.439478,43.992436],[-92.439913,43.992182],[-92.439644,43.991963],[-92.439608,43.991786],[-92.439888,43.991646],[-92.440033,43.991888],[-92.440309,43.991776],[-92.440501,43.991333],[-92.440874,43.990951],[-92.441203,43.99043],[-92.442203,43.990405],[-92.439892,43.97822],[-92.434769,43.978219],[-92.43478,43.979896],[-92.433906,43.979552],[-92.43302,43.979489],[-92.433016,43.979684],[-92.432203,43.979646],[-92.430818,43.980641],[-92.430558,43.980936],[-92.430565,43.981836],[-92.428823,43.981836],[-92.42879,43.974948],[-92.426843,43.974803],[-92.423092,43.974372],[-92.418784,43.973654],[-92.418783,43.978206],[-92.408675,43.97814],[-92.408663,43.981737],[-92.408789,43.981768],[-92.404041,43.98174],[-92.404042,43.980022],[-92.399034,43.979998],[-92.3972,43.97817],[-92.398831,43.978193],[-92.3988,43.973348],[-92.395432,43.973322],[-92.395299,43.97288],[-92.393297,43.972892],[-92.393531,43.973592],[-92.393889,43.973594],[-92.39298,43.974075],[-92.391441,43.972879],[-92.390632,43.972874],[-92.391985,43.973699],[-92.392901,43.974551],[-92.391027,43.975532],[-92.391614,43.976117],[-92.393488,43.975137],[-92.393825,43.975474],[-92.393842,43.978061],[-92.391512,43.978041],[-92.39151,43.979834],[-92.390393,43.979831],[-92.390404,43.980012],[-92.394946,43.98004],[-92.394946,43.980814],[-92.3925,43.980796],[-92.3925,43.981664],[-92.392815,43.981666],[-92.392815,43.982662],[-92.396827,43.98269],[-92.396826,43.983834],[-92.394125,43.983815],[-92.394125,43.984454],[-92.394695,43.984458],[-92.394695,43.985289],[-92.398695,43.985314],[-92.398729,43.987119],[-92.393837,43.987091],[-92.393839,43.988901],[-92.396378,43.988919],[-92.39636,43.988014],[-92.398741,43.98803],[-92.398797,43.992468],[-92.398922,43.992468],[-92.398959,44.006969],[-92.388916,44.00693],[-92.388926,44.010424],[-92.393048,44.01051],[-92.392948,44.011802],[-92.394383,44.011871],[-92.394401,44.014205],[-92.395011,44.014207],[-92.395259,44.016807],[-92.398708,44.020543],[-92.399061,44.020609],[-92.399064,44.021352],[-92.414085,44.021421],[-92.41399,44.029896],[-92.4157,44.029896],[-92.417536,44.029788],[-92.421081,44.029269],[-92.421055,44.032256],[-92.422677,44.032265],[-92.42355,44.03235],[-92.423747,44.032336],[-92.423715,44.032278],[-92.428989,44.032325],[-92.429008,44.043082],[-92.432597,44.043109],[-92.433328,44.042289],[-92.436651,44.042313],[-92.434878,44.044239],[-92.43143,44.04712],[-92.43068,44.04742],[-92.42909,44.0476],[-92.42915,44.05008],[-92.42934,44.05074],[-92.42974,44.05146],[-92.43042,44.05217],[-92.43096,44.05255],[-92.43151,44.05286],[-92.43345,44.05362],[-92.433559,44.05346],[-92.434455,44.053779],[-92.434835,44.053805],[-92.435121,44.053925],[-92.438671,44.053938],[-92.438681,44.05568],[-92.44239,44.05715],[-92.44372,44.05743],[-92.447796,44.057543]]]}},{"type":"Feature","properties":{"role":"County Commissioner","city":"Rochester","county":"Olmsted County","ward":null,"wardName":null,"district":4,"stateDistrict":null,"chamber":null,"repName":"Brian Mueller","repParty":"Nonpartisan","repPhotoUrl":"https://www.olmstedcounty.gov/sites/default/files/styles/pod/public/2023-01/BrianMueller2023.jpg.webp","repEmail":null,"repPhone":null,"termsOfService":[{"termStart":null,"termEnd":null,"current":true,"sourceUrl":"https://www.olmstedcounty.gov/government/county-boards-commissions/board-of-commissioners"}],"committees":[],"neighborhoods":[],"officeRoom":null,"profileUrl":"https://www.olmstedcounty.gov/government/county-boards-commissions/board-of-commissioners","candidates":[],"isContested":false,"partyUnityPercent":null,"recentVotes":[]},"geometry":{"type":"MultiPolygon","coordinates":[[[[-92.488481,43.975014],[-92.48835,43.975014],[-92.488351,43.97616],[-92.489936,43.976159],[-92.489935,43.975014],[-92.488481,43.975014]]],[[[-92.521936,44.020139],[-92.521111,44.020189],[-92.521116,44.021695],[-92.528191,44.021674],[-92.528174,44.021075],[-92.526739,44.020553],[-92.525843,44.020416],[-92.521936,44.020139]]],[[[-92.51526,44.021545],[-92.51467,44.021686],[-92.515963,44.021691],[-92.51597,44.021394],[-92.51526,44.021545]]],[[[-92.129682,44.107085],[-92.149349,44.107268],[-92.207702,44.107366],[-92.226655,44.107521],[-92.234252,44.107459],[-92.244704,44.107586],[-92.281569,44.107725],[-92.318971,44.107734],[-92.31902,44.09597],[-92.318907,44.074384],[-92.31893,44.0229],[-92.318649,43.934331],[-92.33282,43.93449],[-92.34865,43.934487],[-92.41529,43.93475],[-92.438436,43.934932],[-92.438443,43.945723],[-92.434569,43.945708],[-92.434564,43.944611],[-92.431588,43.944597],[-92.431598,43.946792],[-92.433739,43.946802],[-92.43375,43.949312],[-92.428759,43.9493],[-92.42877,43.952911],[-92.433768,43.952918],[-92.433786,43.956524],[-92.438467,43.956525],[-92.438568,43.978217],[-92.439892,43.97822],[-92.442203,43.990405],[-92.442757,43.990444],[-92.443146,43.990721],[-92.443595,43.990732],[-92.444421,43.990417],[-92.444965,43.990417],[-92.445211,43.990241],[-92.44563,43.989754],[-92.44566,43.989574],[-92.445504,43.989495],[-92.445124,43.989674],[-92.444878,43.989681],[-92.44488,43.989499],[-92.445116,43.989365],[-92.445135,43.989254],[-92.444968,43.989192],[-92.444589,43.989237],[-92.444555,43.988916],[-92.444759,43.988546],[-92.444997,43.988424],[-92.445041,43.988213],[-92.445385,43.988008],[-92.445297,43.987796],[-92.445467,43.987579],[-92.445396,43.987301],[-92.445575,43.987015],[-92.445379,43.986856],[-92.4454,43.986783],[-92.44563,43.986732],[-92.445776,43.986993],[-92.446453,43.986873],[-92.446144,43.986437],[-92.446462,43.986211],[-92.446516,43.985964],[-92.446351,43.98592],[-92.446065,43.986063],[-92.445942,43.985987],[-92.446,43.985846],[-92.446523,43.985633],[-92.446749,43.985453],[-92.46209,43.9855],[-92.46212,43.98172],[-92.46298,43.97056],[-92.46304,43.96812],[-92.462977,43.966901],[-92.463223,43.963744],[-92.479269,43.963929],[-92.47927,43.96402],[-92.478426,43.964018],[-92.478402,43.966464],[-92.479697,43.966464],[-92.479694,43.966738],[-92.481236,43.966739],[-92.481237,43.966602],[-92.484695,43.966602],[-92.485155,43.966182],[-92.485606,43.96615],[-92.485606,43.965974],[-92.485834,43.96581],[-92.485835,43.967562],[-92.488342,43.967562],[-92.488336,43.96394],[-92.498268,43.963926],[-92.498323,43.97115],[-92.498627,43.971151],[-92.500142,43.972651],[-92.500547,43.974712],[-92.500229,43.976311],[-92.499897,43.977283],[-92.498376,43.978357],[-92.503367,43.978396],[-92.503416,43.982],[-92.508954,43.982047],[-92.508639,43.982736],[-92.508283,43.983226],[-92.505498,43.986051],[-92.506295,43.986419],[-92.508313,43.98694],[-92.506429,43.987717],[-92.505149,43.989236],[-92.503981,43.989225],[-92.503896,43.990438],[-92.50475,43.990498],[-92.506282,43.990795],[-92.507096,43.991135],[-92.507529,43.99123],[-92.511846,43.991541],[-92.511947,43.992183],[-92.512733,43.992192],[-92.512731,43.992391],[-92.513285,43.992396],[-92.513277,43.992917],[-92.514573,43.992976],[-92.515793,43.993824],[-92.516424,43.993919],[-92.5182,43.993882],[-92.518227,43.995749],[-92.515678,43.999136],[-92.513683,43.998849],[-92.513525,43.998195],[-92.508634,43.997678],[-92.508649,44.000103],[-92.514296,44.000164],[-92.514301,44.002025],[-92.518022,44.001216],[-92.518112,43.998048],[-92.518959,43.996916],[-92.52352,43.99605],[-92.523554,44.001303],[-92.523943,44.001173],[-92.523861,44.000165],[-92.523865,43.998417],[-92.526481,43.99839],[-92.52652,44.0003],[-92.528296,43.999688],[-92.528447,43.999956],[-92.528476,44.001581],[-92.528404,44.001857],[-92.526418,44.004769],[-92.525452,44.005569],[-92.525144,44.005711],[-92.52517,44.005887],[-92.52457,44.007338],[-92.515929,44.007391],[-92.51592,44.003724],[-92.514327,44.003974],[-92.514365,44.00739],[-92.511079,44.007387],[-92.510854,44.008859],[-92.51047,44.008677],[-92.510394,44.008999],[-92.50882,44.008746],[-92.509281,44.009935],[-92.510058,44.010955],[-92.510989,44.011733],[-92.512017,44.012319],[-92.513723,44.012985],[-92.513729,44.014014],[-92.517192,44.01403],[-92.517205,44.014579],[-92.522324,44.014555],[-92.522327,44.011741],[-92.525554,44.011712],[-92.525555,44.010874],[-92.528786,44.010844],[-92.528783,44.014494],[-92.528023,44.014501],[-92.528023,44.01432],[-92.526127,44.014337],[-92.52614,44.015428],[-92.528772,44.015404],[-92.528746,44.017456],[-92.531154,44.017447],[-92.531159,44.017024],[-92.531888,44.016937],[-92.531882,44.017471],[-92.532006,44.017483],[-92.53197,44.021663],[-92.648255,44.021758],[-92.67679,44.02182],[-92.677382,44.021883],[-92.67806,44.02181],[-92.67816,44.00742],[-92.678,44.00022],[-92.67802,43.989069],[-92.678161,43.978855],[-92.67815,43.95892],[-92.67832,43.914247],[-92.678268,43.862979],[-92.678411,43.848587],[-92.689391,43.84857],[-92.689283,43.833847],[-92.643633,43.834013],[-92.62966,43.834011],[-92.608389,43.833871],[-92.590735,43.833878],[-92.56951,43.834063],[-92.551213,43.834108],[-92.549684,43.834046],[-92.508602,43.833872],[-92.485103,43.834129],[-92.472708,43.834034],[-92.448965,43.834105],[-92.449032,43.834912],[-92.448938,43.841258],[-92.44901,43.842054],[-92.448948,43.848281],[-92.329091,43.848111],[-92.28425,43.84791],[-92.27283,43.84793],[-92.2519,43.84773],[-92.2488,43.84761],[-92.24634,43.847643],[-92.218734,43.847195],[-92.18272,43.84716],[-92.181147,43.847095],[-92.169197,43.84715],[-92.148309,43.847085],[-92.125174,43.847157],[-92.079141,43.847126],[-92.079092,43.875991],[-92.079161,43.882897],[-92.079006,43.901548],[-92.078927,43.955021],[-92.079028,43.971422],[-92.079091,44.070964],[-92.079269,44.105758],[-92.079498,44.106721],[-92.10948,44.106808],[-92.129682,44.107085]]]]}},{"type":"Feature","properties":{"role":"County Commissioner","city":"Rochester","county":"Olmsted County","ward":null,"wardName":null,"district":6,"stateDistrict":null,"chamber":null,"repName":"Bob Hopkins","repParty":"Nonpartisan","repPhotoUrl":"https://www.olmstedcounty.gov/sites/default/files/styles/pod/public/2024-12/Bob%20Hopkins_0.jpg.webp","repEmail":null,"repPhone":null,"termsOfService":[{"termStart":null,"termEnd":null,"current":true,"sourceUrl":"https://www.olmstedcounty.gov/government/county-boards-commissions/board-of-commissioners"}],"committees":[],"neighborhoods":[],"officeRoom":null,"profileUrl":"https://www.olmstedcounty.gov/government/county-boards-commissions/board-of-commissioners","candidates":[],"isContested":false,"partyUnityPercent":null,"recentVotes":[]},"geometry":{"type":"Polygon","coordinates":[[[-92.538883,44.034045],[-92.538698,44.028797],[-92.543329,44.028812],[-92.543331,44.025958],[-92.543718,44.025958],[-92.543719,44.025229],[-92.533717,44.025249],[-92.533675,44.021659],[-92.53197,44.021663],[-92.532006,44.017483],[-92.531882,44.017471],[-92.531888,44.016937],[-92.531159,44.017024],[-92.531154,44.017447],[-92.528746,44.017456],[-92.528772,44.015404],[-92.52614,44.015428],[-92.526127,44.014337],[-92.528023,44.01432],[-92.528023,44.014501],[-92.528783,44.014494],[-92.528786,44.010844],[-92.525555,44.010874],[-92.525554,44.011712],[-92.522327,44.011741],[-92.522324,44.014555],[-92.517205,44.014579],[-92.517192,44.01403],[-92.513729,44.014014],[-92.513723,44.012985],[-92.512017,44.012319],[-92.510989,44.011733],[-92.510058,44.010955],[-92.509281,44.009935],[-92.50882,44.008746],[-92.510394,44.008999],[-92.51047,44.008677],[-92.510854,44.008859],[-92.511079,44.007387],[-92.514365,44.00739],[-92.514327,44.003974],[-92.51592,44.003724],[-92.515929,44.007391],[-92.52457,44.007338],[-92.52517,44.005887],[-92.525144,44.005711],[-92.525452,44.005569],[-92.526418,44.004769],[-92.528404,44.001857],[-92.528476,44.001581],[-92.528447,43.999956],[-92.528296,43.999688],[-92.52652,44.0003],[-92.526481,43.99839],[-92.523865,43.998417],[-92.523861,44.000165],[-92.523943,44.001173],[-92.523554,44.001303],[-92.52352,43.99605],[-92.518959,43.996916],[-92.518112,43.998048],[-92.518022,44.001216],[-92.514301,44.002025],[-92.514296,44.000164],[-92.508649,44.000103],[-92.508634,43.997678],[-92.513525,43.998195],[-92.513683,43.998849],[-92.515678,43.999136],[-92.518227,43.995749],[-92.5182,43.993882],[-92.516424,43.993919],[-92.515793,43.993824],[-92.514573,43.992976],[-92.513277,43.992917],[-92.513285,43.992396],[-92.512731,43.992391],[-92.512733,43.992192],[-92.511947,43.992183],[-92.511846,43.991541],[-92.507529,43.99123],[-92.507096,43.991135],[-92.506282,43.990795],[-92.50475,43.990498],[-92.503896,43.990438],[-92.503981,43.989225],[-92.505149,43.989236],[-92.506429,43.987717],[-92.508313,43.98694],[-92.506295,43.986419],[-92.505498,43.986051],[-92.508283,43.983226],[-92.508714,43.982604],[-92.508954,43.982047],[-92.503416,43.982],[-92.503367,43.978396],[-92.498376,43.978357],[-92.499897,43.977283],[-92.500229,43.976311],[-92.500547,43.974712],[-92.500142,43.972651],[-92.498627,43.971151],[-92.498323,43.97115],[-92.498268,43.963926],[-92.488336,43.96394],[-92.488342,43.967562],[-92.485835,43.967562],[-92.485834,43.96581],[-92.485606,43.965974],[-92.485606,43.96615],[-92.485155,43.966182],[-92.484695,43.966602],[-92.481237,43.966602],[-92.481236,43.966739],[-92.479694,43.966738],[-92.479697,43.966464],[-92.478402,43.966464],[-92.478426,43.964018],[-92.47927,43.96402],[-92.479269,43.963929],[-92.463223,43.963744],[-92.462977,43.966901],[-92.46304,43.96812],[-92.46298,43.97056],[-92.46212,43.98172],[-92.46212,43.98926],[-92.4622,43.99058],[-92.46316,43.99639],[-92.46391,43.99884],[-92.46444,43.99998],[-92.46465,43.99998],[-92.46489,44.00069],[-92.46497,44.00146],[-92.46483,44.00214],[-92.46317,44.00708],[-92.463006,44.00708],[-92.4629,44.01256],[-92.46298,44.01706],[-92.48663,44.0171],[-92.48749,44.017],[-92.4877,44.01754],[-92.48787,44.01844],[-92.48789,44.02155],[-92.49657,44.02161],[-92.49878,44.02172],[-92.5053,44.02372],[-92.50668,44.023988],[-92.50796,44.024],[-92.50906,44.02384],[-92.5101,44.02345],[-92.51394,44.0217],[-92.51628,44.02116],[-92.5165,44.03142],[-92.51661,44.03306],[-92.51694,44.0343],[-92.51996,44.04359],[-92.526018,44.04345],[-92.526176,44.042638],[-92.526098,44.040813],[-92.526327,44.040862],[-92.526415,44.040648],[-92.524096,44.040151],[-92.5241,44.039866],[-92.528372,44.040736],[-92.531777,44.041144],[-92.535219,44.041251],[-92.538896,44.041036],[-92.538899,44.040723],[-92.535635,44.040704],[-92.532449,44.040338],[-92.532396,44.040476],[-92.528895,44.039753],[-92.528912,44.038756],[-92.532261,44.039462],[-92.534544,44.039792],[-92.534508,44.039971],[-92.536725,44.040116],[-92.538909,44.040094],[-92.538936,44.037429],[-92.541007,44.037437],[-92.541038,44.034305],[-92.538883,44.034045],[-92.538927,44.035286],[-92.538224,44.035299],[-92.538175,44.033963],[-92.538883,44.034045]],[[-92.53175,44.021799],[-92.530271,44.021792],[-92.529415,44.02167],[-92.531748,44.021664],[-92.53175,44.021799]],[[-92.528191,44.021674],[-92.521116,44.021695],[-92.521111,44.020189],[-92.522301,44.020149],[-92.526562,44.020514],[-92.528174,44.021075],[-92.528191,44.021674]],[[-92.489935,43.975036],[-92.489936,43.976159],[-92.488351,43.97616],[-92.48835,43.975014],[-92.489935,43.975036]]]}},{"type":"Feature","properties":{"role":"County Commissioner","city":"Duluth","county":"St. Louis County","ward":null,"wardName":null,"district":1,"stateDistrict":null,"chamber":null,"repName":"Annie Harala","repParty":"Nonpartisan","repPhotoUrl":null,"repEmail":"haralaa@stlouiscountymn.gov","repPhone":"(218) 726-2450","termsOfService":[{"termStart":null,"termEnd":null,"current":true,"sourceUrl":"https://www.stlouiscountymn.gov/our-county/board-of-commissioners"}],"committees":[],"neighborhoods":[],"officeRoom":null,"profileUrl":"https://www.stlouiscountymn.gov/our-county/board-of-commissioners","candidates":[],"isContested":false,"partyUnityPercent":null,"recentVotes":[]},"geometry":{"type":"MultiPolygon","coordinates":[[[[-92.082178,46.759126],[-92.081996,46.759366],[-92.082031,46.759563],[-92.084115,46.761664],[-92.084452,46.761888],[-92.08474,46.761968],[-92.085295,46.761904],[-92.085323,46.761666],[-92.0852,46.761563],[-92.085553,46.760866],[-92.085565,46.7604],[-92.085843,46.75938],[-92.085811,46.758392],[-92.085521,46.75793],[-92.085117,46.757726],[-92.085133,46.757591],[-92.084774,46.757239],[-92.084222,46.756223],[-92.083782,46.756283],[-92.084031,46.757124],[-92.083474,46.757216],[-92.082228,46.757771],[-92.080912,46.757948],[-92.080857,46.758019],[-92.080918,46.758382],[-92.081091,46.758541],[-92.081347,46.758662],[-92.081496,46.75886],[-92.081756,46.758972],[-92.082043,46.758974],[-92.082178,46.759126]]],[[[-92.087605,46.780058],[-92.087559,46.780143],[-92.087686,46.780172],[-92.09215,46.778763],[-92.093075,46.778366],[-92.093507,46.777949],[-92.093268,46.777629],[-92.093839,46.776126],[-92.093624,46.775702],[-92.094001,46.775469],[-92.093866,46.775382],[-92.093438,46.775495],[-92.093177,46.775168],[-92.093708,46.774971],[-92.093833,46.774799],[-92.093704,46.774686],[-92.093394,46.77466],[-92.093116,46.774761],[-92.092815,46.774751],[-92.092626,46.774967],[-92.092355,46.774914],[-92.092106,46.774779],[-92.091892,46.77435],[-92.091932,46.774247],[-92.092265,46.774255],[-92.092491,46.774507],[-92.092644,46.774533],[-92.092729,46.774378],[-92.092482,46.773791],[-92.092511,46.773644],[-92.093676,46.773283],[-92.093946,46.773265],[-92.094107,46.773341],[-92.094176,46.773791],[-92.093957,46.774432],[-92.094052,46.77444],[-92.094426,46.773515],[-92.094404,46.773015],[-92.094146,46.772279],[-92.093976,46.772144],[-92.093716,46.772221],[-92.093916,46.772874],[-92.093886,46.772991],[-92.093196,46.773104],[-92.092859,46.772463],[-92.092716,46.771938],[-92.093255,46.771791],[-92.093456,46.771932],[-92.093646,46.771817],[-92.093499,46.771581],[-92.093299,46.771493],[-92.093132,46.771517],[-92.092134,46.771892],[-92.092113,46.772047],[-92.092285,46.77242],[-92.09224,46.772545],[-92.091561,46.772837],[-92.091095,46.772003],[-92.091204,46.771876],[-92.091186,46.771783],[-92.09091,46.77135],[-92.091755,46.770966],[-92.092009,46.770761],[-92.091783,46.770702],[-92.091323,46.770837],[-92.091049,46.770525],[-92.090593,46.770374],[-92.090059,46.769295],[-92.090011,46.768251],[-92.08968,46.767303],[-92.087996,46.764759],[-92.086637,46.763263],[-92.086345,46.762968],[-92.085382,46.762414],[-92.084307,46.762345],[-92.071493,46.748599],[-92.065753,46.742299],[-92.064507,46.741937],[-92.063468,46.741828],[-92.062309,46.740887],[-92.062121,46.740672],[-92.062105,46.740497],[-92.062587,46.740013],[-92.062586,46.739393],[-92.060386,46.737137],[-92.058086,46.736837],[-92.053788,46.732738],[-92.053988,46.731838],[-92.055887,46.732138],[-92.056187,46.731138],[-92.051588,46.727739],[-92.049889,46.728639],[-92.046789,46.72674],[-92.047189,46.724241],[-92.039091,46.717743],[-92.027494,46.709545],[-92.017465,46.706997],[-92.018616,46.708841],[-92.018829,46.709304],[-92.019105,46.710308],[-92.019403,46.71071],[-92.019469,46.710918],[-92.007763,46.711621],[-92.007774,46.711718],[-92.009654,46.711621],[-92.022319,46.710886],[-92.022475,46.710815],[-92.02371,46.710747],[-92.024939,46.711005],[-92.02588,46.711444],[-92.026005,46.711412],[-92.025,46.710937],[-92.024109,46.710741],[-92.024268,46.710686],[-92.025504,46.710943],[-92.025706,46.711056],[-92.025686,46.711172],[-92.026342,46.710986],[-92.026878,46.71111],[-92.027202,46.711292],[-92.028755,46.712575],[-92.031682,46.715383],[-92.032316,46.71587],[-92.033099,46.716565],[-92.033406,46.716972],[-92.034442,46.71783],[-92.035059,46.718545],[-92.035769,46.718973],[-92.036613,46.719833],[-92.037564,46.720505],[-92.038889,46.72171],[-92.039405,46.721998],[-92.040573,46.723052],[-92.040868,46.72323],[-92.041355,46.723749],[-92.041768,46.723995],[-92.043571,46.725431],[-92.044226,46.726185],[-92.044686,46.726463],[-92.045022,46.72686],[-92.048024,46.729456],[-92.048603,46.730095],[-92.049893,46.731114],[-92.052059,46.733275],[-92.05284,46.73389],[-92.053708,46.73486],[-92.054415,46.735401],[-92.057369,46.738238],[-92.057692,46.738657],[-92.05913,46.73995],[-92.060672,46.741639],[-92.061171,46.742046],[-92.061613,46.742594],[-92.064589,46.745572],[-92.06473,46.745852],[-92.066852,46.747948],[-92.067506,46.748634],[-92.067743,46.749006],[-92.068777,46.750011],[-92.069093,46.750518],[-92.069501,46.750766],[-92.07067,46.752007],[-92.07103,46.752587],[-92.071543,46.752954],[-92.071864,46.753436],[-92.072821,46.754312],[-92.073633,46.755402],[-92.074317,46.756021],[-92.074777,46.756676],[-92.076001,46.757938],[-92.076708,46.758958],[-92.077302,46.759595],[-92.077644,46.760168],[-92.078101,46.760591],[-92.078393,46.760999],[-92.078642,46.761176],[-92.079056,46.761809],[-92.081377,46.764374],[-92.081688,46.764871],[-92.082965,46.766366],[-92.083214,46.76685],[-92.083689,46.767478],[-92.084046,46.767793],[-92.084427,46.768439],[-92.087329,46.772077],[-92.089344,46.775339],[-92.089901,46.776071],[-92.090148,46.776524],[-92.091006,46.777472],[-92.091567,46.778458],[-92.091365,46.778521],[-92.091566,46.778831],[-92.087605,46.780058]]],[[[-92.174749,46.808214],[-92.174747,46.80759],[-92.165333,46.807574],[-92.165362,46.806407],[-92.165271,46.806101],[-92.165121,46.805912],[-92.164747,46.805692],[-92.164217,46.805574],[-92.163797,46.805575],[-92.163794,46.805024],[-92.163667,46.804991],[-92.163589,46.80472],[-92.162619,46.803998],[-92.162636,46.803634],[-92.162527,46.803016],[-92.161958,46.802341],[-92.161926,46.802135],[-92.161505,46.801857],[-92.161471,46.801708],[-92.161569,46.801538],[-92.161883,46.801104],[-92.162194,46.800845],[-92.162276,46.800189],[-92.162562,46.800029],[-92.16252,46.799714],[-92.162748,46.799454],[-92.16319,46.799147],[-92.163176,46.798562],[-92.163006,46.798102],[-92.162478,46.797819],[-92.162247,46.797471],[-92.162123,46.797078],[-92.16221,46.796845],[-92.162413,46.796685],[-92.1625,46.796366],[-92.161847,46.795853],[-92.161494,46.795719],[-92.160999,46.795666],[-92.160511,46.795843],[-92.16029,46.795621],[-92.159796,46.795428],[-92.159598,46.795251],[-92.158806,46.795178],[-92.158207,46.79502],[-92.158102,46.794921],[-92.158201,46.794656],[-92.158001,46.794573],[-92.157828,46.794352],[-92.157357,46.794164],[-92.15709,46.793829],[-92.156981,46.793297],[-92.15703,46.793171],[-92.156261,46.793177],[-92.155875,46.792267],[-92.155277,46.791401],[-92.154029,46.790203],[-92.152724,46.789413],[-92.151576,46.788931],[-92.150668,46.788673],[-92.143732,46.78725],[-92.142808,46.78693],[-92.141533,46.78631],[-92.140512,46.785561],[-92.139655,46.784654],[-92.139033,46.783597],[-92.138872,46.78321],[-92.13874,46.782547],[-92.138065,46.782699],[-92.137719,46.782941],[-92.137555,46.78316],[-92.137295,46.784636],[-92.136184,46.786558],[-92.135193,46.786377],[-92.134109,46.786009],[-92.13328,46.785905],[-92.127282,46.785918],[-92.124237,46.786371],[-92.123369,46.786329],[-92.122734,46.786069],[-92.122256,46.78557],[-92.12218,46.785217],[-92.122338,46.783372],[-92.122183,46.78295],[-92.121699,46.782522],[-92.118675,46.784773],[-92.114414,46.78811],[-92.1144,46.788239],[-92.114477,46.788321],[-92.116501,46.789523],[-92.118581,46.790897],[-92.115828,46.792968],[-92.114285,46.793009],[-92.113233,46.792797],[-92.110998,46.792866],[-92.11018,46.792807],[-92.109241,46.792019],[-92.108008,46.792983],[-92.106981,46.792426],[-92.106779,46.791298],[-92.106191,46.789047],[-92.106115,46.788179],[-92.106209,46.787869],[-92.106509,46.787451],[-92.107793,46.786448],[-92.108129,46.786055],[-92.108246,46.785412],[-92.10812,46.783833],[-92.115152,46.778489],[-92.114201,46.777884],[-92.114028,46.777409],[-92.113759,46.777228],[-92.112852,46.77722],[-92.112074,46.777782],[-92.111605,46.777951],[-92.111042,46.778012],[-92.110966,46.777853],[-92.111019,46.777689],[-92.112576,46.776295],[-92.11281,46.776004],[-92.112898,46.775726],[-92.11286,46.775508],[-92.112441,46.775076],[-92.115752,46.772608],[-92.115989,46.772331],[-92.116056,46.772063],[-92.11649,46.772047],[-92.11782,46.771041],[-92.107422,46.75738],[-92.104825,46.755195],[-92.102598,46.752948],[-92.101605,46.751757],[-92.101216,46.75184],[-92.101178,46.752207],[-92.10094,46.752232],[-92.100826,46.752113],[-92.100974,46.752209],[-92.101105,46.752175],[-92.100567,46.751782],[-92.100339,46.751483],[-92.100297,46.751232],[-92.099372,46.751321],[-92.094603,46.753031],[-92.093755,46.754572],[-92.097732,46.759791],[-92.09242,46.761775],[-92.096576,46.767243],[-92.102078,46.765345],[-92.102889,46.76641],[-92.110067,46.763831],[-92.110266,46.763871],[-92.110409,46.763996],[-92.110387,46.764166],[-92.103238,46.766845],[-92.105041,46.769556],[-92.111041,46.767409],[-92.111354,46.767821],[-92.104384,46.770363],[-92.104552,46.77109],[-92.111912,46.768423],[-92.112274,46.768789],[-92.104511,46.77241],[-92.104054,46.772722],[-92.104484,46.772932],[-92.104644,46.773186],[-92.104652,46.773531],[-92.104327,46.773904],[-92.104295,46.774152],[-92.104416,46.774333],[-92.104718,46.774299],[-92.111625,46.770517],[-92.112107,46.770933],[-92.107211,46.7736],[-92.106373,46.773912],[-92.1063,46.77409],[-92.105988,46.774107],[-92.106079,46.77415],[-92.105688,46.774327],[-92.104982,46.774849],[-92.103924,46.775178],[-92.103805,46.775293],[-92.103757,46.775497],[-92.105519,46.776589],[-92.106156,46.776874],[-92.106236,46.777023],[-92.10614,46.77717],[-92.105982,46.777219],[-92.103384,46.775656],[-92.102573,46.77642],[-92.105051,46.777956],[-92.105003,46.778045],[-92.104718,46.77821],[-92.10224,46.776711],[-92.102128,46.776733],[-92.101454,46.777317],[-92.103446,46.7786],[-92.103351,46.778725],[-92.103208,46.778775],[-92.101208,46.777618],[-92.100944,46.777646],[-92.100277,46.778069],[-92.100087,46.77842],[-92.099474,46.778537],[-92.096343,46.781071],[-92.097837,46.783485],[-92.097487,46.783787],[-92.094485,46.779386],[-92.093622,46.779274],[-92.09299,46.779326],[-92.09302,46.779371],[-92.088182,46.780896],[-92.088142,46.780974],[-92.088257,46.781004],[-92.090895,46.780124],[-92.091061,46.780183],[-92.091391,46.780523],[-92.091637,46.78122],[-92.091716,46.781712],[-92.092525,46.783469],[-92.092562,46.784419],[-92.093172,46.785498],[-92.093899,46.787435],[-92.094131,46.787829],[-92.094128,46.788112],[-92.094072,46.788366],[-92.093157,46.789108],[-92.092561,46.78944],[-92.091823,46.789681],[-92.091478,46.789919],[-92.091216,46.790243],[-92.091042,46.790807],[-92.090564,46.79137],[-92.090384,46.791273],[-92.090495,46.791376],[-92.090363,46.791426],[-92.090419,46.791461],[-92.090371,46.791636],[-92.090194,46.791888],[-92.089578,46.792351],[-92.089027,46.792974],[-92.088671,46.79357],[-92.088374,46.793831],[-92.088034,46.794057],[-92.08682,46.794558],[-92.086458,46.794576],[-92.086077,46.795008],[-92.086417,46.795049],[-92.086978,46.794941],[-92.087474,46.795135],[-92.088407,46.794638],[-92.091512,46.796586],[-92.092738,46.795658],[-92.096055,46.797685],[-92.088547,46.803354],[-92.087463,46.802693],[-92.086703,46.80338],[-92.08495,46.804589],[-92.081728,46.80257],[-92.080459,46.803521],[-92.081549,46.804193],[-92.080336,46.805128],[-92.081417,46.80582],[-92.078905,46.807714],[-92.08328,46.810392],[-92.078927,46.813784],[-92.078606,46.813925],[-92.078283,46.813922],[-92.078266,46.814913],[-92.079309,46.814914],[-92.079083,46.81852],[-92.079313,46.82038],[-92.079367,46.825705],[-92.079436,46.825856],[-92.085374,46.825817],[-92.085758,46.825918],[-92.08529,46.826652],[-92.084888,46.827096],[-92.084836,46.827727],[-92.086597,46.828172],[-92.087297,46.828581],[-92.088444,46.828986],[-92.08911,46.829635],[-92.090124,46.830423],[-92.091606,46.831271],[-92.092238,46.831163],[-92.094041,46.831346],[-92.095012,46.831783],[-92.095695,46.832334],[-92.097098,46.832751],[-92.098119,46.832854],[-92.100482,46.832857],[-92.100407,46.835352],[-92.100525,46.841837],[-92.10115,46.841949],[-92.101908,46.842536],[-92.101979,46.842956],[-92.101827,46.843632],[-92.102012,46.843827],[-92.102496,46.843928],[-92.102895,46.84448],[-92.103725,46.844475],[-92.104779,46.845],[-92.105386,46.845079],[-92.105712,46.845278],[-92.106271,46.845214],[-92.106724,46.845545],[-92.107458,46.845783],[-92.108237,46.846291],[-92.109559,46.846905],[-92.1101,46.847242],[-92.111192,46.847302],[-92.111213,46.851008],[-92.14294,46.851074],[-92.164013,46.851025],[-92.164008,46.858298],[-92.15697,46.85831],[-92.156968,46.86102],[-92.158726,46.861021],[-92.158725,46.861936],[-92.156085,46.861941],[-92.156082,46.865571],[-92.160702,46.865561],[-92.160708,46.861932],[-92.169293,46.861915],[-92.169284,46.865542],[-92.174875,46.865529],[-92.174843,46.855913],[-92.176042,46.85591],[-92.176024,46.85103],[-92.195922,46.851012],[-92.195988,46.861891],[-92.211864,46.861868],[-92.211838,46.858244],[-92.206539,46.858251],[-92.206502,46.854645],[-92.201222,46.854641],[-92.201191,46.851025],[-92.206461,46.851039],[-92.206484,46.843798],[-92.211751,46.843805],[-92.211797,46.836572],[-92.192078,46.836571],[-92.192059,46.834763],[-92.193261,46.834764],[-92.193235,46.832955],[-92.195864,46.832957],[-92.195839,46.831325],[-92.193588,46.831148],[-92.19157,46.830827],[-92.190511,46.830602],[-92.188675,46.830035],[-92.188368,46.830205],[-92.187962,46.830267],[-92.185328,46.830306],[-92.185355,46.836565],[-92.174789,46.836558],[-92.174832,46.829314],[-92.174749,46.808214]]]]}},{"type":"Feature","properties":{"role":"County Commissioner","city":"Duluth","county":"St. Louis County","ward":null,"wardName":null,"district":3,"stateDistrict":null,"chamber":null,"repName":"Ashley Grimm","repParty":"Nonpartisan","repPhotoUrl":null,"repEmail":"grimma@stlouiscountymn.gov","repPhone":"(218) 726-2562","termsOfService":[{"termStart":null,"termEnd":null,"current":true,"sourceUrl":"https://www.stlouiscountymn.gov/our-county/board-of-commissioners"}],"committees":[],"neighborhoods":[],"officeRoom":null,"profileUrl":"https://www.stlouiscountymn.gov/our-county/board-of-commissioners","candidates":[],"isContested":false,"partyUnityPercent":null,"recentVotes":[]},"geometry":{"type":"Polygon","coordinates":[[[-92.13874,46.782547],[-92.138872,46.78321],[-92.139033,46.783597],[-92.139655,46.784654],[-92.140512,46.785561],[-92.141533,46.78631],[-92.142808,46.78693],[-92.143732,46.78725],[-92.150668,46.788673],[-92.151576,46.788931],[-92.152724,46.789413],[-92.154029,46.790203],[-92.155277,46.791401],[-92.155875,46.792267],[-92.156261,46.793177],[-92.15703,46.793171],[-92.156981,46.793297],[-92.15709,46.793829],[-92.157357,46.794164],[-92.157828,46.794352],[-92.158001,46.794573],[-92.158201,46.794656],[-92.158102,46.794921],[-92.158207,46.79502],[-92.158806,46.795178],[-92.159598,46.795251],[-92.159796,46.795428],[-92.16029,46.795621],[-92.160511,46.795843],[-92.160999,46.795666],[-92.161494,46.795719],[-92.161847,46.795853],[-92.1625,46.796366],[-92.162413,46.796685],[-92.16221,46.796845],[-92.162123,46.797078],[-92.162247,46.797471],[-92.162478,46.797819],[-92.163006,46.798102],[-92.163176,46.798562],[-92.16319,46.799147],[-92.162748,46.799454],[-92.16252,46.799714],[-92.162562,46.800029],[-92.162276,46.800189],[-92.162194,46.800845],[-92.161883,46.801104],[-92.161569,46.801538],[-92.161471,46.801708],[-92.161505,46.801857],[-92.161926,46.802135],[-92.161958,46.802341],[-92.162527,46.803016],[-92.162636,46.803634],[-92.162619,46.803998],[-92.163589,46.80472],[-92.163667,46.804991],[-92.163794,46.805024],[-92.163797,46.805575],[-92.164217,46.805574],[-92.164747,46.805692],[-92.165121,46.805912],[-92.165271,46.806101],[-92.165362,46.806407],[-92.165333,46.807574],[-92.174775,46.80759],[-92.174723,46.764133],[-92.216847,46.764146],[-92.216994,46.756759],[-92.211691,46.756763],[-92.211762,46.749721],[-92.217058,46.749725],[-92.217107,46.72773],[-92.217022,46.72076],[-92.238055,46.720616],[-92.237916,46.706215],[-92.245802,46.706163],[-92.245834,46.709766],[-92.253742,46.709727],[-92.25367,46.702547],[-92.258932,46.702519],[-92.258852,46.689764],[-92.264127,46.689733],[-92.26411,46.686374],[-92.265668,46.687273],[-92.266548,46.68796],[-92.269407,46.690725],[-92.269391,46.688148],[-92.274651,46.688118],[-92.274691,46.691721],[-92.301356,46.691784],[-92.301277,46.677308],[-92.301333,46.666907],[-92.300739,46.667051],[-92.299837,46.667021],[-92.298567,46.666598],[-92.297814,46.666235],[-92.295037,46.664271],[-92.294411,46.663941],[-92.29357,46.663627],[-92.292869,46.663538],[-92.292451,46.663711],[-92.292141,46.664093],[-92.291638,46.665373],[-92.292105,46.666142],[-92.292251,46.666919],[-92.292282,46.667447],[-92.291947,46.667883],[-92.29172,46.668085],[-92.291091,46.668404],[-92.290281,46.668578],[-92.289388,46.668488],[-92.288595,46.66819],[-92.287095,46.667155],[-92.286577,46.666403],[-92.286375,46.665841],[-92.286442,46.665204],[-92.286931,46.66285],[-92.286965,46.66224],[-92.286879,46.661267],[-92.286325,46.660476],[-92.283659,46.658607],[-92.283029,46.65846],[-92.276996,46.65872],[-92.276202,46.658466],[-92.275795,46.658189],[-92.274777,46.657778],[-92.273991,46.657073],[-92.273853,46.656742],[-92.273226,46.654285],[-92.272497,46.652124],[-92.272239,46.651825],[-92.271506,46.651264],[-92.270623,46.650674],[-92.27032,46.650605],[-92.267983,46.650591],[-92.265514,46.651481],[-92.262392,46.653674],[-92.259563,46.657371],[-92.259172,46.657769],[-92.25859,46.658165],[-92.257447,46.658649],[-92.255244,46.65863],[-92.253901,46.65825],[-92.250963,46.655965],[-92.250532,46.655533],[-92.248675,46.65324],[-92.242593,46.649394],[-92.235755,46.650131],[-92.232602,46.651722],[-92.228776,46.652992],[-92.223472,46.652721],[-92.216295,46.649867],[-92.212551,46.650088],[-92.207129,46.651898],[-92.202416,46.655121],[-92.201662,46.656766],[-92.201707,46.65788],[-92.204727,46.663137],[-92.205452,46.665093],[-92.204254,46.666922],[-92.197542,46.671806],[-92.193233,46.676404],[-92.188414,46.678913],[-92.181507,46.680333],[-92.178318,46.682499],[-92.17617,46.685836],[-92.176113,46.689926],[-92.177885,46.692159],[-92.183004,46.695425],[-92.187134,46.69589],[-92.192588,46.695689],[-92.198332,46.696361],[-92.203417,46.697326],[-92.205023,46.698131],[-92.205843,46.699368],[-92.206128,46.701228],[-92.20589,46.702656],[-92.205147,46.703901],[-92.204311,46.704761],[-92.201737,46.704114],[-92.197477,46.707746],[-92.193252,46.711576],[-92.191554,46.716508],[-92.189406,46.717797],[-92.186669,46.717875],[-92.182939,46.717612],[-92.178988,46.716882],[-92.174533,46.717456],[-92.167747,46.719103],[-92.167482,46.719997],[-92.167536,46.720071],[-92.167332,46.720102],[-92.154526,46.716026],[-92.148708,46.715342],[-92.146547,46.716246],[-92.141559,46.725339],[-92.14341,46.72816],[-92.143298,46.734648],[-92.137898,46.739548],[-92.116598,46.748648],[-92.113898,46.748848],[-92.108698,46.748948],[-92.108198,46.749148],[-92.100973,46.749069],[-92.103944,46.754029],[-92.104528,46.75488],[-92.105345,46.755668],[-92.107422,46.75738],[-92.11782,46.771041],[-92.11649,46.772047],[-92.116056,46.772063],[-92.115989,46.772331],[-92.115752,46.772608],[-92.112441,46.775076],[-92.11286,46.775508],[-92.112898,46.775726],[-92.11281,46.776004],[-92.112576,46.776295],[-92.111019,46.777689],[-92.110966,46.777853],[-92.111042,46.778012],[-92.111605,46.777951],[-92.112074,46.777782],[-92.112852,46.77722],[-92.113759,46.777228],[-92.114028,46.777409],[-92.114201,46.777884],[-92.115152,46.778489],[-92.10812,46.783833],[-92.108246,46.785412],[-92.108129,46.786055],[-92.107793,46.786448],[-92.106509,46.787451],[-92.106209,46.787869],[-92.106115,46.788179],[-92.106191,46.789047],[-92.106779,46.791298],[-92.106981,46.792426],[-92.108008,46.792983],[-92.109241,46.792019],[-92.11018,46.792807],[-92.110998,46.792866],[-92.113233,46.792797],[-92.114285,46.793009],[-92.115828,46.792968],[-92.118581,46.790897],[-92.116501,46.789523],[-92.114477,46.788321],[-92.1144,46.788239],[-92.114414,46.78811],[-92.118675,46.784773],[-92.121699,46.782522],[-92.122183,46.78295],[-92.122338,46.783372],[-92.12218,46.785217],[-92.122256,46.78557],[-92.122734,46.786069],[-92.123369,46.786329],[-92.124237,46.786371],[-92.127282,46.785918],[-92.13328,46.785905],[-92.134109,46.786009],[-92.135193,46.786377],[-92.136184,46.786558],[-92.137295,46.784636],[-92.137555,46.78316],[-92.137719,46.782941],[-92.138065,46.782699],[-92.13874,46.782547]]]}},{"type":"Feature","properties":{"role":"County Commissioner","city":"Duluth","county":"St. Louis County","ward":null,"wardName":null,"district":2,"stateDistrict":null,"chamber":null,"repName":"Patrick Boyle","repParty":"Nonpartisan","repPhotoUrl":null,"repEmail":"boylep@stlouiscountymn.gov","repPhone":"(218) 726-2359","termsOfService":[{"termStart":null,"termEnd":null,"current":true,"sourceUrl":"https://www.stlouiscountymn.gov/our-county/board-of-commissioners"}],"committees":[],"neighborhoods":[],"officeRoom":null,"profileUrl":"https://www.stlouiscountymn.gov/our-county/board-of-commissioners","candidates":[],"isContested":false,"partyUnityPercent":null,"recentVotes":[]},"geometry":{"type":"Polygon","coordinates":[[[-92.110611,46.847257],[-92.1101,46.847242],[-92.109559,46.846905],[-92.108237,46.846291],[-92.107458,46.845783],[-92.106724,46.845545],[-92.106271,46.845214],[-92.105712,46.845278],[-92.105386,46.845079],[-92.104779,46.845],[-92.103725,46.844475],[-92.102895,46.84448],[-92.102496,46.843928],[-92.102012,46.843827],[-92.101827,46.843632],[-92.101979,46.842956],[-92.101908,46.842536],[-92.10115,46.841949],[-92.100525,46.841837],[-92.100407,46.835352],[-92.100482,46.832857],[-92.098119,46.832854],[-92.097098,46.832751],[-92.095695,46.832334],[-92.095012,46.831783],[-92.094041,46.831346],[-92.092238,46.831163],[-92.091606,46.831271],[-92.090124,46.830423],[-92.08911,46.829635],[-92.088444,46.828986],[-92.087297,46.828581],[-92.086597,46.828172],[-92.084836,46.827727],[-92.084888,46.827096],[-92.08529,46.826652],[-92.085758,46.825918],[-92.085374,46.825817],[-92.079436,46.825856],[-92.079344,46.825541],[-92.079313,46.82038],[-92.079083,46.81852],[-92.079309,46.814914],[-92.078266,46.814913],[-92.078283,46.813922],[-92.078606,46.813925],[-92.078888,46.813808],[-92.08328,46.810392],[-92.078905,46.807714],[-92.081417,46.80582],[-92.080336,46.805128],[-92.081549,46.804193],[-92.080459,46.803521],[-92.081728,46.80257],[-92.08495,46.804589],[-92.086703,46.80338],[-92.087463,46.802693],[-92.088547,46.803354],[-92.096055,46.797685],[-92.092738,46.795658],[-92.091512,46.796586],[-92.088407,46.794638],[-92.087474,46.795135],[-92.086978,46.794941],[-92.086417,46.795049],[-92.086077,46.795008],[-92.085971,46.795198],[-92.085622,46.795448],[-92.085023,46.795694],[-92.084156,46.795648],[-92.083187,46.795679],[-92.082761,46.795808],[-92.082659,46.795735],[-92.082405,46.795764],[-92.082235,46.796025],[-92.082093,46.796097],[-92.081707,46.796736],[-92.081058,46.797229],[-92.079811,46.797367],[-92.07955,46.797309],[-92.079366,46.797416],[-92.07926,46.797415],[-92.07924,46.797335],[-92.078599,46.797462],[-92.078484,46.797326],[-92.078221,46.797334],[-92.078018,46.797745],[-92.077907,46.797772],[-92.077585,46.798286],[-92.076825,46.798494],[-92.076684,46.798441],[-92.076529,46.798742],[-92.076152,46.799002],[-92.075512,46.799282],[-92.075179,46.799345],[-92.075141,46.799274],[-92.075091,46.799371],[-92.07472,46.799469],[-92.07433,46.799788],[-92.073895,46.799913],[-92.073937,46.799964],[-92.073217,46.800384],[-92.072902,46.800457],[-92.072832,46.800388],[-92.072183,46.800625],[-92.071447,46.800497],[-92.071364,46.800455],[-92.071359,46.800344],[-92.071255,46.800354],[-92.071269,46.800543],[-92.070769,46.801202],[-92.070216,46.801801],[-92.069705,46.802104],[-92.06916,46.802305],[-92.067925,46.802219],[-92.067882,46.802143],[-92.067618,46.802278],[-92.06723,46.802305],[-92.066779,46.802526],[-92.06668,46.802505],[-92.06534,46.803254],[-92.06525,46.80323],[-92.064681,46.803467],[-92.064218,46.803774],[-92.062692,46.804122],[-92.062423,46.804432],[-92.062198,46.804564],[-92.062085,46.804522],[-92.062007,46.804924],[-92.061763,46.805177],[-92.061574,46.805256],[-92.061643,46.805375],[-92.061534,46.805439],[-92.061577,46.805473],[-92.061306,46.805501],[-92.061369,46.805775],[-92.061326,46.805896],[-92.061061,46.806019],[-92.061075,46.80647],[-92.060799,46.806668],[-92.060533,46.807073],[-92.060395,46.807037],[-92.060491,46.807164],[-92.060343,46.807266],[-92.060418,46.807382],[-92.060252,46.807545],[-92.059931,46.808772],[-92.059602,46.809502],[-92.059196,46.810115],[-92.058807,46.810428],[-92.058477,46.810552],[-92.058135,46.810596],[-92.057372,46.810492],[-92.057045,46.810797],[-92.056773,46.810886],[-92.056361,46.810859],[-92.056005,46.81097],[-92.055851,46.811117],[-92.055283,46.811326],[-92.054889,46.811618],[-92.054386,46.811548],[-92.053976,46.812635],[-92.053441,46.81333],[-92.052637,46.813946],[-92.051677,46.814195],[-92.05164,46.81427],[-92.05195,46.814497],[-92.051846,46.814538],[-92.051525,46.81422],[-92.050642,46.814353],[-92.050239,46.814253],[-92.050193,46.814535],[-92.050005,46.814889],[-92.049462,46.815605],[-92.049188,46.815693],[-92.048661,46.816135],[-92.048407,46.816174],[-92.047412,46.817166],[-92.046604,46.817479],[-92.045846,46.818554],[-92.045512,46.81888],[-92.044811,46.819326],[-92.043908,46.819473],[-92.043093,46.819942],[-92.042608,46.820104],[-92.042254,46.820094],[-92.041291,46.820355],[-92.04062,46.820309],[-92.039989,46.820164],[-92.038999,46.820188],[-92.038921,46.820102],[-92.038681,46.820224],[-92.038034,46.821007],[-92.037672,46.821186],[-92.037505,46.821138],[-92.037142,46.821376],[-92.036427,46.821399],[-92.035692,46.821548],[-92.035061,46.821775],[-92.034576,46.821823],[-92.034449,46.821726],[-92.034113,46.822047],[-92.03385,46.822085],[-92.033537,46.822248],[-92.033318,46.822258],[-92.033324,46.822162],[-92.033165,46.822424],[-92.032576,46.822815],[-92.032353,46.822902],[-92.032206,46.822837],[-92.032058,46.822891],[-92.031777,46.823335],[-92.031131,46.82387],[-92.030042,46.824158],[-92.029997,46.824105],[-92.029763,46.824313],[-92.029335,46.824511],[-92.029329,46.824585],[-92.029238,46.824571],[-92.029275,46.824636],[-92.029173,46.824718],[-92.029141,46.824615],[-92.028974,46.82465],[-92.028966,46.824734],[-92.028745,46.824897],[-92.028527,46.825555],[-92.028298,46.825773],[-92.028038,46.825852],[-92.02762,46.826559],[-92.027449,46.826567],[-92.0272,46.826791],[-92.02691,46.826898],[-92.026608,46.827559],[-92.026273,46.827654],[-92.026009,46.82815],[-92.025839,46.828134],[-92.025773,46.828336],[-92.025172,46.828983],[-92.024667,46.8292],[-92.024364,46.829446],[-92.023989,46.829461],[-92.022862,46.830443],[-92.021101,46.831402],[-92.020756,46.83154],[-92.019609,46.831647],[-92.019409,46.831646],[-92.019373,46.831584],[-92.018377,46.832575],[-92.017458,46.833158],[-92.016977,46.833321],[-92.016358,46.833348],[-92.015517,46.833523],[-92.014937,46.833549],[-92.014837,46.833458],[-92.014544,46.833737],[-92.013877,46.834108],[-92.013466,46.834108],[-92.012973,46.834587],[-92.012364,46.834941],[-92.011189,46.835155],[-92.010243,46.835488],[-92.008836,46.83563],[-92.007654,46.835622],[-92.006703,46.835757],[-92.006165,46.836029],[-92.006059,46.836164],[-92.00627,46.836348],[-92.006269,46.836592],[-92.006407,46.836731],[-92.006097,46.836797],[-92.005938,46.836297],[-92.005693,46.836521],[-92.005354,46.836658],[-92.004793,46.836614],[-92.004589,46.836818],[-92.004102,46.837071],[-92.002499,46.83719],[-92.001979,46.83739],[-92.001929,46.837308],[-92.001161,46.837875],[-92.000371,46.838139],[-92.000241,46.838102],[-92.000004,46.838343],[-91.998959,46.83883],[-91.99873,46.83883],[-91.998503,46.839045],[-91.998081,46.839811],[-91.996643,46.84072],[-91.996391,46.840772],[-91.996415,46.840838],[-91.996136,46.841052],[-91.995195,46.841388],[-91.995193,46.841459],[-91.99507,46.841444],[-91.994591,46.84176],[-91.994341,46.84175],[-91.994266,46.841923],[-91.9939,46.842182],[-91.993582,46.842151],[-91.993336,46.842259],[-91.993379,46.842166],[-91.993221,46.842188],[-91.993014,46.842309],[-91.992976,46.842497],[-91.992681,46.842698],[-91.991715,46.844024],[-91.991025,46.844735],[-91.990518,46.845063],[-91.989718,46.845823],[-91.989217,46.845982],[-91.989253,46.846068],[-91.988932,46.846234],[-91.988618,46.846745],[-91.988116,46.847023],[-91.988152,46.847063],[-91.987931,46.847267],[-91.987577,46.847484],[-91.987281,46.847534],[-91.987174,46.84776],[-91.986946,46.847943],[-91.986677,46.847986],[-91.986664,46.848158],[-91.986536,46.848195],[-91.986089,46.848913],[-91.985552,46.849457],[-91.984094,46.850204],[-91.983664,46.850298],[-91.983683,46.850223],[-91.982979,46.850781],[-91.98275,46.850812],[-91.982364,46.851103],[-91.98102,46.851498],[-91.980851,46.851399],[-91.980259,46.852034],[-91.979783,46.852304],[-91.979592,46.852264],[-91.979131,46.852672],[-91.978955,46.852726],[-91.978888,46.852671],[-91.978481,46.852927],[-91.978179,46.852887],[-91.977738,46.853274],[-91.977502,46.853256],[-91.977431,46.85315],[-91.977418,46.85333],[-91.976829,46.854038],[-91.976188,46.854634],[-91.975758,46.854777],[-91.975455,46.854732],[-91.975393,46.854621],[-91.975023,46.85505],[-91.974963,46.855012],[-91.974947,46.855112],[-91.974517,46.855223],[-91.974206,46.855512],[-91.973918,46.855636],[-91.973746,46.855673],[-91.973623,46.855614],[-91.973535,46.855696],[-91.973401,46.855735],[-91.973312,46.855662],[-91.973003,46.855818],[-91.972677,46.855788],[-91.972393,46.855861],[-91.972222,46.855716],[-91.972174,46.855814],[-91.971834,46.855968],[-91.971179,46.856114],[-91.971055,46.856056],[-91.970609,46.856295],[-91.97008,46.856333],[-91.969761,46.856609],[-91.969101,46.856539],[-91.969187,46.856587],[-91.969137,46.856658],[-91.968553,46.857033],[-91.967719,46.857283],[-91.967556,46.857282],[-91.967533,46.85718],[-91.967251,46.857467],[-91.966861,46.85768],[-91.966543,46.857615],[-91.965906,46.858139],[-91.965705,46.858105],[-91.965716,46.858012],[-91.965025,46.8587],[-91.964276,46.859169],[-91.963765,46.859356],[-91.963635,46.85926],[-91.962788,46.859838],[-91.962466,46.85997],[-91.962338,46.859903],[-91.961981,46.86018],[-91.961365,46.860488],[-91.961191,46.860427],[-91.960986,46.860565],[-91.960711,46.860934],[-91.960542,46.860957],[-91.960563,46.861028],[-91.960224,46.861369],[-91.959629,46.861557],[-91.958864,46.862099],[-91.958086,46.862973],[-91.956785,46.863748],[-91.955894,46.864563],[-91.954485,46.865526],[-91.953736,46.865852],[-91.953644,46.865806],[-91.953639,46.865902],[-91.95346,46.865902],[-91.953224,46.866172],[-91.953067,46.866205],[-91.952755,46.866633],[-91.95182,46.867295],[-91.951213,46.867563],[-91.950622,46.867648],[-91.9502,46.867866],[-91.950102,46.867778],[-91.9491,46.868502],[-91.947938,46.868882],[-91.947556,46.869135],[-91.945491,46.869726],[-91.944676,46.870117],[-91.943151,46.870632],[-91.942843,46.870862],[-91.942609,46.870862],[-91.94252,46.870956],[-91.942255,46.871011],[-91.942278,46.87108],[-91.941733,46.871676],[-91.941193,46.871807],[-91.941188,46.871709],[-91.941095,46.871666],[-91.94103,46.871713],[-91.941098,46.871828],[-91.940809,46.872184],[-91.940542,46.872354],[-91.940327,46.872329],[-91.940159,46.872501],[-91.939601,46.872802],[-91.939209,46.872803],[-91.938719,46.873209],[-91.938708,46.873143],[-91.938271,46.873294],[-91.938126,46.873249],[-91.937929,46.873342],[-91.937303,46.873357],[-91.936248,46.873589],[-91.936114,46.87352],[-91.93587,46.87361],[-91.935879,46.873543],[-91.935722,46.873665],[-91.935418,46.873735],[-91.934701,46.87416],[-91.933712,46.875054],[-91.932709,46.875511],[-91.931782,46.876158],[-91.929872,46.877245],[-91.929332,46.877636],[-91.928289,46.877968],[-91.927594,46.878366],[-91.926865,46.878502],[-91.926144,46.878742],[-91.925501,46.879036],[-91.924583,46.879298],[-91.922368,46.880241],[-91.921367,46.880499],[-91.962943,46.880413],[-91.962943,46.873124],[-91.973565,46.873096],[-91.973592,46.86579],[-92.047972,46.865621],[-92.048054,46.87651],[-92.058599,46.876474],[-92.058536,46.865596],[-92.079675,46.865466],[-92.090276,46.86552],[-92.090115,46.850952],[-92.111213,46.851008],[-92.111192,46.847302],[-92.110611,46.847257]]]}},{"type":"Feature","properties":{"role":"County Commissioner","city":"Duluth","county":"St. Louis County","ward":null,"wardName":null,"district":7,"stateDistrict":null,"chamber":null,"repName":"Mike Jugovich","repParty":"Nonpartisan","repPhotoUrl":null,"repEmail":"jugovichm@stlouiscountymn.gov","repPhone":"(218) 262-0201","termsOfService":[{"termStart":null,"termEnd":null,"current":true,"sourceUrl":"https://www.stlouiscountymn.gov/our-county/board-of-commissioners"}],"committees":[],"neighborhoods":[],"officeRoom":null,"profileUrl":"https://www.stlouiscountymn.gov/our-county/board-of-commissioners","candidates":[],"isContested":false,"partyUnityPercent":null,"recentVotes":[]},"geometry":{"type":"Polygon","coordinates":[[[-92.555277,47.026323],[-92.555626,47.055279],[-92.556022,47.06979],[-92.556622,47.08427],[-92.556447,47.098841],[-92.556552,47.110241],[-92.621054,47.110236],[-92.642273,47.110093],[-92.652586,47.109813],[-92.684333,47.109565],[-92.684631,47.117148],[-92.684336,47.138857],[-92.684267,47.153329],[-92.684033,47.167804],[-92.68394,47.182286],[-92.684074,47.189593],[-92.684051,47.196857],[-92.683735,47.211312],[-92.683839,47.225781],[-92.683684,47.261696],[-92.683748,47.283453],[-92.683421,47.304441],[-92.683427,47.328728],[-92.683184,47.348611],[-92.682974,47.355829],[-92.682868,47.372128],[-92.685103,47.372135],[-92.685617,47.401179],[-92.686231,47.429848],[-92.687666,47.458191],[-92.687553,47.480472],[-92.687763,47.494112],[-92.687725,47.501269],[-92.687828,47.51556],[-92.688209,47.530128],[-92.68832,47.544619],[-92.689884,47.587772],[-92.690487,47.601948],[-92.691231,47.615987],[-92.689647,47.623173],[-92.68886,47.630353],[-92.689479,47.644917],[-92.710787,47.644976],[-92.732041,47.644573],[-92.753385,47.643854],[-92.774484,47.644673],[-92.785178,47.644792],[-92.795833,47.644436],[-92.798876,47.644433],[-92.799285,47.630558],[-92.799109,47.624153],[-92.798666,47.616121],[-92.798953,47.601571],[-92.798052,47.594177],[-92.797865,47.586574],[-92.798165,47.579113],[-92.79806,47.571525],[-92.800614,47.54273],[-92.800718,47.527503],[-92.800692,47.512571],[-92.799167,47.504845],[-92.801598,47.497364],[-92.802528,47.489573],[-92.805279,47.482548],[-92.806954,47.475103],[-92.806975,47.467686],[-92.8276,47.468385],[-92.838377,47.468534],[-92.849544,47.468068],[-92.860421,47.468026],[-92.871366,47.468197],[-92.870233,47.475557],[-92.865169,47.475521],[-92.864937,47.479307],[-92.86991,47.479203],[-92.869615,47.482848],[-92.859773,47.483338],[-92.849026,47.482574],[-92.848599,47.489926],[-92.836691,47.489976],[-92.835909,47.494293],[-92.848061,47.49348],[-92.847523,47.497035],[-92.85835,47.497159],[-92.869105,47.4975],[-92.874651,47.497563],[-92.87503,47.505324],[-92.892048,47.505651],[-92.904383,47.505606],[-92.905089,47.497926],[-92.89838,47.497943],[-92.898815,47.491605],[-92.90011,47.476718],[-92.90019,47.468893],[-92.905815,47.469047],[-92.917365,47.470617],[-92.929125,47.471101],[-92.941681,47.471174],[-92.940342,47.478297],[-92.939984,47.486],[-92.938481,47.500298],[-92.937028,47.507022],[-92.937108,47.514343],[-92.935553,47.528805],[-92.934602,47.543328],[-93.000181,47.543291],[-93.021642,47.543586],[-93.03219,47.543954],[-93.063692,47.544529],[-93.064696,47.52893],[-93.064225,47.523822],[-93.065175,47.500345],[-93.067136,47.48621],[-93.067282,47.471791],[-93.068762,47.457727],[-93.069124,47.436294],[-93.069407,47.429056],[-93.06945,47.407403],[-93.069644,47.400183],[-93.06903,47.385862],[-93.066665,47.37152],[-93.064612,47.371515],[-93.064487,47.370051],[-93.064575,47.36646],[-93.064333,47.348248],[-93.064714,47.336223],[-93.064946,47.319249],[-93.066008,47.297188],[-93.065799,47.290174],[-93.065601,47.275431],[-93.065714,47.268362],[-93.065799,47.246601],[-93.065517,47.224834],[-93.065419,47.210311],[-93.06514,47.195706],[-93.066203,47.123746],[-93.066261,47.109367],[-93.056014,47.109336],[-93.055528,47.091217],[-93.055679,47.083985],[-93.056118,47.026339],[-93.056768,47.026377],[-93.057045,47.01193],[-93.057536,46.997502],[-93.057666,46.983058],[-93.058241,46.968602],[-93.058645,46.954128],[-93.058595,46.925157],[-93.058888,46.896229],[-93.059942,46.86741],[-93.060078,46.853072],[-93.060114,46.838633],[-93.060308,46.824232],[-93.060588,46.809807],[-93.061132,46.79536],[-93.061343,46.780889],[-93.061231,46.773646],[-93.061342,46.766439],[-93.020139,46.766785],[-92.998843,46.766823],[-92.956763,46.766167],[-92.935652,46.766165],[-92.914369,46.766061],[-92.893257,46.766539],[-92.850876,46.76613],[-92.808177,46.766037],[-92.787615,46.766336],[-92.766497,46.767066],[-92.745358,46.767668],[-92.732958,46.767828],[-92.721257,46.768153],[-92.701501,46.768528],[-92.680579,46.769038],[-92.669602,46.768967],[-92.659179,46.769069],[-92.638484,46.76717],[-92.617808,46.76657],[-92.596844,46.766554],[-92.575731,46.76622],[-92.544411,46.766027],[-92.533876,46.765887],[-92.502017,46.765738],[-92.491454,46.765214],[-92.480878,46.765588],[-92.470614,46.765536],[-92.460023,46.765642],[-92.44954,46.765609],[-92.428471,46.764837],[-92.428577,46.793355],[-92.428447,46.80077],[-92.428141,46.85131],[-92.427387,46.851303],[-92.438734,46.851344],[-92.449249,46.851227],[-92.470355,46.851254],[-92.501913,46.851823],[-92.544122,46.852847],[-92.554764,46.853028],[-92.555,46.86386],[-92.554994,46.881941],[-92.554651,46.89619],[-92.554578,46.903464],[-92.554627,46.93242],[-92.55451,46.946889],[-92.554654,46.954046],[-92.554705,46.968549],[-92.555151,46.996456],[-92.555028,47.004629],[-92.555033,47.011836],[-92.555277,47.026323]]]}},{"type":"Feature","properties":{"role":"County Commissioner","city":"Duluth","county":"St. Louis County","ward":null,"wardName":null,"district":5,"stateDistrict":null,"chamber":null,"repName":"Keith Musolf","repParty":"Nonpartisan","repPhotoUrl":null,"repEmail":"musolfk@stlouiscountymn.gov","repPhone":"(218) 726-2450","termsOfService":[{"termStart":null,"termEnd":null,"current":true,"sourceUrl":"https://www.stlouiscountymn.gov/our-county/board-of-commissioners"}],"committees":[],"neighborhoods":[],"officeRoom":null,"profileUrl":"https://www.stlouiscountymn.gov/our-county/board-of-commissioners","candidates":[],"isContested":false,"partyUnityPercent":null,"recentVotes":[]},"geometry":{"type":"Polygon","coordinates":[[[-92.28091,46.937692],[-92.301815,46.937602],[-92.301693,46.916007],[-92.301764,46.850876],[-92.322738,46.850736],[-92.343614,46.850953],[-92.364773,46.85129],[-92.396356,46.851169],[-92.409021,46.851281],[-92.417116,46.851212],[-92.428143,46.85131],[-92.428447,46.80077],[-92.428577,46.793555],[-92.428471,46.764837],[-92.406098,46.764788],[-92.38564,46.764931],[-92.37517,46.765107],[-92.364649,46.764986],[-92.322429,46.765047],[-92.301672,46.764139],[-92.301496,46.749735],[-92.301675,46.728065],[-92.301356,46.691784],[-92.274691,46.691721],[-92.274652,46.688118],[-92.269391,46.688148],[-92.269407,46.690725],[-92.266542,46.687954],[-92.265657,46.687265],[-92.26411,46.686374],[-92.264127,46.689733],[-92.258852,46.689764],[-92.258932,46.702519],[-92.25367,46.702547],[-92.253742,46.709727],[-92.245834,46.709766],[-92.245802,46.706163],[-92.237916,46.706215],[-92.238055,46.720616],[-92.217022,46.72076],[-92.217107,46.72773],[-92.217058,46.749725],[-92.211762,46.749721],[-92.211691,46.756763],[-92.216994,46.756758],[-92.216847,46.764146],[-92.174723,46.764133],[-92.174789,46.836558],[-92.185355,46.836565],[-92.185328,46.830306],[-92.187883,46.830274],[-92.188367,46.830206],[-92.188675,46.830035],[-92.190063,46.830475],[-92.19157,46.830827],[-92.193588,46.831148],[-92.195839,46.831325],[-92.195864,46.832957],[-92.193235,46.832955],[-92.193261,46.834764],[-92.192059,46.834762],[-92.192078,46.836571],[-92.211797,46.836572],[-92.211751,46.843805],[-92.206484,46.843798],[-92.206461,46.851039],[-92.201191,46.851025],[-92.201222,46.854641],[-92.206502,46.854645],[-92.206539,46.858251],[-92.211838,46.858244],[-92.211864,46.861868],[-92.195988,46.861891],[-92.195922,46.851012],[-92.176024,46.85103],[-92.176042,46.85591],[-92.174843,46.855913],[-92.174875,46.865529],[-92.169284,46.865542],[-92.169293,46.861915],[-92.160708,46.861932],[-92.160702,46.865561],[-92.156082,46.865571],[-92.156085,46.861941],[-92.158725,46.861936],[-92.158726,46.861021],[-92.156968,46.86102],[-92.15697,46.85831],[-92.164008,46.858298],[-92.164013,46.851025],[-92.13237,46.851065],[-92.090115,46.850952],[-92.090276,46.86552],[-92.079675,46.865466],[-92.058536,46.865596],[-92.058599,46.876474],[-92.048054,46.87651],[-92.047972,46.865621],[-91.973592,46.86579],[-91.973565,46.873096],[-91.962943,46.873124],[-91.962943,46.880413],[-91.921367,46.880499],[-91.920864,46.880725],[-91.920669,46.880898],[-91.916577,46.882424],[-91.914293,46.883514],[-91.913146,46.884165],[-91.912369,46.884676],[-91.911877,46.885111],[-91.911276,46.885916],[-91.90983,46.887187],[-91.908788,46.888391],[-91.907632,46.889226],[-91.906682,46.890252],[-91.906286,46.890595],[-91.905871,46.890739],[-91.905672,46.891053],[-91.905317,46.891289],[-91.90488,46.891329],[-91.904128,46.892045],[-91.903062,46.892769],[-91.901573,46.893403],[-91.899244,46.895001],[-91.898761,46.895191],[-91.898186,46.895583],[-91.897371,46.895906],[-91.894541,46.898174],[-91.893169,46.898961],[-91.892297,46.899261],[-91.892096,46.899497],[-91.890991,46.900313],[-91.890657,46.900743],[-91.889599,46.90152],[-91.889172,46.901587],[-91.888915,46.90148],[-91.888771,46.901516],[-91.887129,46.902611],[-91.886428,46.902858],[-91.885795,46.903442],[-91.88521,46.903849],[-91.884033,46.904369],[-91.881952,46.905614],[-91.878694,46.906965],[-91.878123,46.907142],[-91.877528,46.907211],[-91.876028,46.907696],[-91.874677,46.908018],[-91.873252,46.908203],[-91.869211,46.908558],[-91.866989,46.908631],[-91.865438,46.909058],[-91.864379,46.909615],[-91.862723,46.910071],[-91.861882,46.910212],[-91.861063,46.910656],[-91.860522,46.91122],[-91.858967,46.912165],[-91.858605,46.912483],[-91.857685,46.912728],[-91.856419,46.913348],[-91.855774,46.913752],[-91.853745,46.915754],[-91.851271,46.919365],[-91.84885,46.921345],[-91.847992,46.921794],[-91.846903,46.922774],[-91.845764,46.923415],[-91.845102,46.923683],[-91.843606,46.924115],[-91.842488,46.924717],[-91.840516,46.925503],[-91.838932,46.925976],[-91.837597,46.926477],[-91.836883,46.926515],[-91.836251,46.926729],[-91.834578,46.926883],[-91.834217,46.927011],[-91.832093,46.927288],[-91.828817,46.927483],[-91.827029,46.927416],[-91.825726,46.927206],[-91.82435,46.926413],[-91.824,46.925999],[-91.82334,46.925513],[-91.822633,46.925279],[-91.821576,46.925066],[-91.820927,46.924792],[-91.819867,46.924857],[-91.818934,46.924531],[-91.817932,46.923992],[-91.817427,46.923997],[-91.817084,46.924157],[-91.816319,46.924889],[-91.816008,46.925091],[-91.815905,46.925206],[-91.815827,46.925539],[-91.815498,46.925627],[-91.815445,46.925955],[-91.815307,46.926179],[-91.81495,46.926354],[-91.814743,46.926578],[-91.814415,46.926567],[-91.813835,46.926997],[-91.81365,46.927218],[-91.813414,46.92789],[-91.812657,46.928557],[-91.812692,46.92889],[-91.812366,46.929328],[-91.812306,46.929891],[-91.811573,46.930661],[-91.811062,46.930896],[-91.810374,46.931082],[-91.810072,46.931394],[-91.809074,46.931908],[-91.807972,46.93264],[-91.807475,46.932678],[-91.807316,46.932771],[-91.80699,46.933225],[-91.80688,46.933668],[-91.806498,46.934012],[-91.806195,46.934192],[-91.805858,46.934127],[-91.805697,46.934214],[-91.80498,46.934717],[-91.804734,46.93505],[-91.804086,46.9354],[-91.803809,46.935689],[-91.803193,46.9361],[-91.802688,46.936204],[-91.80105,46.936827],[-91.801034,46.936945],[-91.800889,46.936903],[-91.800441,46.937351],[-91.79961,46.937861],[-91.799242,46.937936],[-91.798471,46.937874],[-91.796986,46.937903],[-91.796422,46.93802],[-91.79569,46.939136],[-91.795405,46.939293],[-91.794929,46.939376],[-91.794734,46.939703],[-91.794367,46.939971],[-91.794318,46.974611],[-91.794731,46.981876],[-91.794412,46.996355],[-91.794576,47.018128],[-91.794405,47.025377],[-91.813991,47.025461],[-91.921489,47.025266],[-91.921152,46.993378],[-91.921221,46.973341],[-91.921124,46.967089],[-91.921091,46.953418],[-91.920785,46.945588],[-91.920981,46.938237],[-91.973956,46.938294],[-92.026869,46.938074],[-92.048087,46.938103],[-92.048145,46.967092],[-92.047914,47.025214],[-92.048067,47.032416],[-92.048191,47.083069],[-92.048072,47.111471],[-92.069256,47.111393],[-92.090421,47.111105],[-92.111633,47.111382],[-92.175525,47.111115],[-92.175544,47.083116],[-92.175463,47.039677],[-92.17529,47.003186],[-92.175327,46.98875],[-92.174996,46.938105],[-92.28091,46.937692]]]}},{"type":"Feature","properties":{"role":"County Commissioner","city":"Duluth","county":"St. Louis County","ward":null,"wardName":null,"district":6,"stateDistrict":null,"chamber":null,"repName":"Keith Nelson","repParty":"Nonpartisan","repPhotoUrl":null,"repEmail":"nelsonk@stlouiscountymn.gov","repPhone":"(218) 749-7108","termsOfService":[{"termStart":null,"termEnd":null,"current":true,"sourceUrl":"https://www.stlouiscountymn.gov/our-county/board-of-commissioners"}],"committees":[],"neighborhoods":[],"officeRoom":null,"profileUrl":"https://www.stlouiscountymn.gov/our-county/board-of-commissioners","candidates":[],"isContested":false,"partyUnityPercent":null,"recentVotes":[]},"geometry":{"type":"Polygon","coordinates":[[[-92.555317,47.027021],[-92.555033,47.011836],[-92.555028,47.004629],[-92.555094,46.997398],[-92.555164,46.99732],[-92.554704,46.968528],[-92.554654,46.954046],[-92.55451,46.946889],[-92.554627,46.93242],[-92.554578,46.903464],[-92.554657,46.896453],[-92.554994,46.881941],[-92.555,46.86386],[-92.554764,46.853028],[-92.544122,46.852847],[-92.501913,46.851823],[-92.470355,46.851254],[-92.449249,46.851227],[-92.438734,46.851344],[-92.417116,46.851212],[-92.409021,46.851281],[-92.39635,46.851169],[-92.364773,46.85129],[-92.343614,46.850953],[-92.323062,46.85074],[-92.301764,46.850876],[-92.301693,46.916023],[-92.301815,46.937602],[-92.174996,46.938105],[-92.175327,46.98875],[-92.17529,47.003186],[-92.175463,47.039677],[-92.175544,47.083116],[-92.175525,47.111115],[-92.111633,47.111382],[-92.090421,47.111105],[-92.069256,47.111393],[-92.047733,47.111474],[-92.047888,47.125951],[-92.047909,47.14044],[-92.047814,47.154959],[-92.047954,47.169453],[-92.047896,47.183896],[-92.047682,47.191119],[-92.047576,47.198349],[-92.111411,47.198274],[-92.132569,47.19852],[-92.169598,47.198138],[-92.17506,47.1985],[-92.217348,47.198545],[-92.217408,47.198175],[-92.238556,47.198292],[-92.259575,47.198681],[-92.270174,47.198735],[-92.280756,47.198451],[-92.291406,47.198587],[-92.302774,47.197839],[-92.302862,47.212336],[-92.302865,47.241309],[-92.303247,47.316922],[-92.303498,47.317363],[-92.303562,47.324589],[-92.30336,47.328051],[-92.303518,47.357006],[-92.303674,47.37147],[-92.303587,47.386004],[-92.303672,47.393167],[-92.303426,47.414938],[-92.303729,47.42217],[-92.303674,47.443939],[-92.303819,47.458388],[-92.325222,47.458699],[-92.389836,47.459152],[-92.411399,47.459102],[-92.422077,47.458845],[-92.434296,47.458257],[-92.434629,47.465814],[-92.434089,47.480201],[-92.434023,47.487466],[-92.434162,47.487548],[-92.434211,47.501821],[-92.433965,47.509111],[-92.43315,47.523682],[-92.432833,47.530971],[-92.434484,47.538136],[-92.435317,47.545355],[-92.457781,47.545218],[-92.479089,47.545687],[-92.489141,47.546063],[-92.499742,47.546037],[-92.521467,47.545818],[-92.542877,47.546849],[-92.553353,47.546478],[-92.560024,47.546353],[-92.559428,47.560563],[-92.559285,47.574845],[-92.559496,47.589605],[-92.559692,47.597007],[-92.560102,47.60435],[-92.559783,47.633599],[-92.582404,47.633541],[-92.668489,47.631438],[-92.68886,47.630353],[-92.689647,47.623173],[-92.691231,47.615986],[-92.690487,47.601949],[-92.689884,47.587772],[-92.68832,47.544619],[-92.688209,47.530128],[-92.687828,47.51556],[-92.687725,47.501269],[-92.687763,47.494112],[-92.687553,47.480471],[-92.687666,47.458191],[-92.686231,47.429848],[-92.685618,47.401179],[-92.685103,47.372135],[-92.682868,47.372128],[-92.682974,47.355829],[-92.683184,47.348611],[-92.683427,47.328728],[-92.683421,47.301524],[-92.683623,47.294979],[-92.683747,47.283453],[-92.683684,47.261696],[-92.683839,47.225781],[-92.683735,47.211312],[-92.684051,47.196857],[-92.684074,47.189593],[-92.68394,47.182286],[-92.684033,47.167804],[-92.684267,47.153329],[-92.684336,47.138857],[-92.684631,47.117148],[-92.684334,47.109565],[-92.652586,47.109813],[-92.642273,47.110093],[-92.621054,47.110236],[-92.556552,47.110241],[-92.556447,47.098841],[-92.556622,47.08427],[-92.556022,47.06979],[-92.555626,47.055279],[-92.555409,47.040801],[-92.555317,47.027021]]]}},{"type":"Feature","properties":{"role":"County Commissioner","city":"Duluth","county":"St. Louis County","ward":null,"wardName":null,"district":4,"stateDistrict":null,"chamber":null,"repName":"Paul McDonald","repParty":"Nonpartisan","repPhotoUrl":null,"repEmail":"mcdonaldp@stlouiscountymn.gov","repPhone":"(218) 365-8200","termsOfService":[{"termStart":null,"termEnd":null,"current":true,"sourceUrl":"https://www.stlouiscountymn.gov/our-county/board-of-commissioners"}],"committees":[],"neighborhoods":[],"officeRoom":null,"profileUrl":"https://www.stlouiscountymn.gov/our-county/board-of-commissioners","candidates":[],"isContested":false,"partyUnityPercent":null,"recentVotes":[]},"geometry":{"type":"Polygon","coordinates":[[[-92.048071,46.981637],[-92.048146,46.967092],[-92.04808,46.938106],[-92.026869,46.938074],[-91.973956,46.938294],[-91.920981,46.938237],[-91.920785,46.945588],[-91.921091,46.953418],[-91.921124,46.967089],[-91.921236,46.9743],[-91.921152,46.993378],[-91.921489,47.025266],[-91.813991,47.025461],[-91.794405,47.025377],[-91.79461,47.111986],[-91.792436,47.111819],[-91.792205,47.198561],[-91.791704,47.227458],[-91.792175,47.256282],[-91.792603,47.270846],[-91.792585,47.285109],[-91.792135,47.299758],[-91.791894,47.314048],[-91.791862,47.35751],[-91.791715,47.372586],[-91.790579,47.372586],[-91.790377,47.387233],[-91.789361,47.408009],[-91.7895,47.458629],[-91.789821,47.46596],[-91.789461,47.469638],[-91.78914,47.480405],[-91.790079,47.487834],[-91.789927,47.494838],[-91.78964,47.502652],[-91.790014,47.509914],[-91.78952,47.517177],[-91.78948,47.52459],[-91.789287,47.531894],[-91.788865,47.542624],[-91.790079,47.557022],[-91.790109,47.56429],[-91.789904,47.578854],[-91.790192,47.586259],[-91.790734,47.593517],[-91.790474,47.600813],[-91.791635,47.615361],[-91.79213,47.622663],[-91.792884,47.629932],[-91.793161,47.634523],[-91.793681,47.637177],[-91.794714,47.644311],[-91.794943,47.651533],[-91.795373,47.658739],[-91.796437,47.665878],[-91.79592,47.673131],[-91.795933,47.680403],[-91.796553,47.694881],[-91.796673,47.702178],[-91.79685,47.706709],[-91.797616,47.716451],[-91.798246,47.720021],[-91.798626,47.72359],[-91.798817,47.730794],[-91.798705,47.734418],[-91.799168,47.745292],[-91.79919,47.752485],[-91.799438,47.759673],[-91.799361,47.774221],[-91.799473,47.788689],[-91.799737,47.795916],[-91.800116,47.817445],[-91.800137,47.831924],[-91.799375,47.846441],[-91.798821,47.853664],[-91.798712,47.857276],[-91.798763,47.86091],[-91.798382,47.868131],[-91.798514,47.87179],[-91.798148,47.875448],[-91.798155,47.882696],[-91.797738,47.904456],[-91.797107,47.911708],[-91.797886,47.918921],[-91.798008,47.926279],[-91.797978,47.937122],[-91.798122,47.955291],[-91.799042,47.977056],[-91.798617,47.9917],[-91.800071,48.05695],[-91.799847,48.071225],[-91.799297,48.085427],[-91.799268,48.092695],[-91.798841,48.107167],[-91.798878,48.114404],[-91.79879,48.121592],[-91.798372,48.143428],[-91.798419,48.151455],[-91.798253,48.17686],[-91.798263,48.203083],[-91.809375,48.206372],[-91.814085,48.208507],[-91.815419,48.211898],[-91.832235,48.209433],[-91.832494,48.209436],[-91.83576,48.210329],[-91.84528,48.208785],[-91.864235,48.2069],[-91.864281,48.207079],[-91.864377,48.20707],[-91.867528,48.219188],[-91.884162,48.227324],[-91.884407,48.2275],[-91.892965,48.23789],[-91.902138,48.237027],[-91.905638,48.237107],[-91.905885,48.23763],[-91.906228,48.237796],[-91.906143,48.238069],[-91.906684,48.238164],[-91.906566,48.238284],[-91.906556,48.238454],[-91.906669,48.23863],[-91.906816,48.238685],[-91.907415,48.238584],[-91.908046,48.238609],[-91.908576,48.238819],[-91.909511,48.238742],[-91.910448,48.238407],[-91.910981,48.238382],[-91.911692,48.238549],[-91.912553,48.238466],[-91.913302,48.238697],[-91.914442,48.238776],[-91.916673,48.238465],[-91.921023,48.236787],[-91.92847,48.235927],[-91.937507,48.234134],[-91.941988,48.230295],[-91.94508,48.230313],[-91.951167,48.233391],[-91.952072,48.233153],[-91.954913,48.233054],[-91.958207,48.233143],[-91.959659,48.236816],[-91.959519,48.236904],[-91.959573,48.237058],[-91.957132,48.23895],[-91.958409,48.243955],[-91.949695,48.244567],[-91.948232,48.246041],[-91.954127,48.249555],[-91.954312,48.251241],[-91.954291,48.251644],[-91.953496,48.251657],[-91.952691,48.251839],[-91.95264,48.252009],[-91.95276,48.252299],[-91.952995,48.252557],[-91.953665,48.252757],[-91.955411,48.252677],[-91.955877,48.252822],[-91.957505,48.252634],[-91.959167,48.253713],[-91.969984,48.253832],[-91.970184,48.253682],[-91.970277,48.253326],[-91.970469,48.253158],[-91.970899,48.253015],[-91.971436,48.253007],[-91.971658,48.252834],[-91.972327,48.251539],[-91.972548,48.250676],[-91.972446,48.2503],[-91.972266,48.250149],[-91.97127,48.249784],[-91.970205,48.248909],[-91.969945,48.248504],[-91.970071,48.247896],[-91.970588,48.247426],[-91.971913,48.246868],[-91.972898,48.246723],[-91.973604,48.246406],[-91.973661,48.246206],[-91.974903,48.244686],[-91.975236,48.244427],[-91.975929,48.244127],[-91.976254,48.244239],[-91.977387,48.245743],[-91.977301,48.246159],[-91.977068,48.246552],[-91.977091,48.246738],[-91.977333,48.247138],[-91.977979,48.247349],[-91.979,48.247343],[-91.980692,48.24798],[-91.989219,48.260334],[-92.004856,48.26497],[-92.006429,48.265444],[-92.006552,48.265549],[-92.00726,48.280629],[-92.012042,48.287059],[-92.013018,48.297546],[-92.011848,48.299601],[-92.011443,48.300555],[-92.00088,48.319769],[-92.000323,48.320839],[-92.000297,48.321069],[-92.000364,48.32118],[-92.030806,48.325764],[-92.037738,48.333109],[-92.046996,48.334861],[-92.047938,48.343574],[-92.045158,48.34575],[-92.04515,48.345877],[-92.045928,48.347905],[-92.048811,48.348572],[-92.055319,48.359409],[-92.066965,48.359402],[-92.078112,48.358054],[-92.083536,48.353719],[-92.090913,48.354438],[-92.143716,48.356079],[-92.143795,48.356123],[-92.144052,48.358782],[-92.144935,48.365662],[-92.161941,48.363348],[-92.177372,48.357233],[-92.179055,48.354959],[-92.178547,48.351825],[-92.192689,48.348795],[-92.194469,48.348749],[-92.194503,48.348862],[-92.194603,48.34887],[-92.195176,48.350463],[-92.203852,48.35183],[-92.207698,48.347879],[-92.206505,48.347252],[-92.206667,48.345692],[-92.2169,48.344972],[-92.219059,48.347011],[-92.219427,48.34778],[-92.219769,48.348054],[-92.221654,48.348881],[-92.262501,48.354879],[-92.288749,48.342834],[-92.295518,48.323691],[-92.304292,48.322813],[-92.305882,48.316329],[-92.294364,48.306266],[-92.301126,48.288338],[-92.296151,48.279132],[-92.295973,48.278578],[-92.295541,48.277872],[-92.295514,48.277089],[-92.295309,48.276654],[-92.295297,48.27637],[-92.295078,48.276189],[-92.294827,48.276188],[-92.294453,48.27633],[-92.294213,48.276558],[-92.293588,48.276537],[-92.293313,48.275911],[-92.293863,48.273717],[-92.294549,48.271571],[-92.293865,48.270267],[-92.290376,48.265536],[-92.287877,48.264094],[-92.273714,48.256754],[-92.270298,48.249913],[-92.270076,48.249237],[-92.269471,48.248165],[-92.28046,48.244298],[-92.314875,48.24041],[-92.321755,48.237313],[-92.325312,48.237039],[-92.325107,48.236771],[-92.325768,48.236871],[-92.325967,48.23676],[-92.327219,48.236646],[-92.328243,48.235661],[-92.328116,48.23565],[-92.328059,48.235425],[-92.327928,48.235294],[-92.328388,48.234928],[-92.329928,48.234771],[-92.330281,48.234596],[-92.330681,48.23462],[-92.331691,48.233848],[-92.332233,48.233674],[-92.333749,48.233642],[-92.334175,48.233741],[-92.334447,48.233912],[-92.334773,48.234337],[-92.334708,48.234496],[-92.334917,48.234852],[-92.335251,48.234907],[-92.336074,48.235288],[-92.336565,48.235283],[-92.337,48.234823],[-92.337451,48.234692],[-92.338278,48.234874],[-92.338778,48.234798],[-92.339065,48.234667],[-92.339196,48.234443],[-92.339017,48.234316],[-92.339009,48.234202],[-92.339346,48.233594],[-92.339731,48.233272],[-92.340125,48.233125],[-92.340322,48.232946],[-92.340511,48.232589],[-92.341258,48.231823],[-92.341308,48.231582],[-92.341382,48.231544],[-92.342192,48.231545],[-92.343321,48.231779],[-92.344068,48.231755],[-92.344351,48.231817],[-92.345457,48.231586],[-92.346346,48.231275],[-92.348751,48.231164],[-92.353256,48.229866],[-92.35349,48.229524],[-92.353509,48.229191],[-92.353722,48.228934],[-92.353731,48.228808],[-92.354321,48.228343],[-92.358427,48.226162],[-92.359756,48.22497],[-92.360058,48.224821],[-92.360594,48.224063],[-92.361119,48.223517],[-92.361136,48.223347],[-92.361932,48.222559],[-92.362317,48.222423],[-92.362554,48.222505],[-92.363496,48.222544],[-92.364628,48.223036],[-92.365256,48.223224],[-92.368007,48.223631],[-92.368064,48.223544],[-92.367254,48.223154],[-92.366878,48.222886],[-92.366502,48.222341],[-92.366216,48.222193],[-92.36656,48.221816],[-92.367522,48.221241],[-92.368044,48.220805],[-92.368282,48.220318],[-92.368504,48.220126],[-92.369004,48.219897],[-92.369781,48.21999],[-92.370068,48.220116],[-92.370199,48.220275],[-92.370393,48.22137],[-92.371154,48.222011],[-92.371162,48.222498],[-92.371079,48.222596],[-92.371235,48.222722],[-92.37116,48.223362],[-92.371274,48.223642],[-92.371553,48.223751],[-92.371856,48.223533],[-92.371889,48.223357],[-92.372016,48.223262],[-92.372211,48.223286],[-92.372572,48.223133],[-92.372766,48.223194],[-92.373183,48.223703],[-92.373951,48.22494],[-92.375426,48.225837],[-92.375808,48.226233],[-92.375855,48.22735],[-92.376183,48.227525],[-92.376489,48.22755],[-92.376167,48.227939],[-92.376452,48.228039],[-92.377017,48.228554],[-92.377409,48.228762],[-92.377498,48.228915],[-92.377884,48.229184],[-92.378485,48.229883],[-92.378887,48.230938],[-92.378888,48.23162],[-92.378775,48.231799],[-92.378882,48.231861],[-92.378942,48.232458],[-92.37941,48.232923],[-92.379647,48.233665],[-92.379548,48.234411],[-92.378973,48.234991],[-92.379046,48.2355],[-92.379194,48.235648],[-92.379955,48.235933],[-92.380488,48.235961],[-92.381037,48.236166],[-92.381133,48.236356],[-92.381343,48.236487],[-92.381905,48.237344],[-92.383641,48.239156],[-92.384243,48.239955],[-92.384263,48.240138],[-92.384635,48.240761],[-92.384775,48.241163],[-92.384725,48.241445],[-92.384815,48.24195],[-92.38465,48.243101],[-92.384755,48.243083],[-92.384851,48.242925],[-92.384906,48.242612],[-92.385374,48.242603],[-92.387479,48.243945],[-92.387751,48.244537],[-92.388283,48.24516],[-92.388649,48.246559],[-92.388995,48.247179],[-92.389239,48.247289],[-92.389725,48.248777],[-92.390257,48.249343],[-92.390229,48.249708],[-92.390638,48.249966],[-92.391284,48.250164],[-92.391687,48.250566],[-92.392691,48.250872],[-92.393002,48.251718],[-92.393038,48.252155],[-92.393511,48.252271],[-92.393543,48.252162],[-92.393835,48.251964],[-92.394076,48.252028],[-92.394085,48.252086],[-92.393894,48.252125],[-92.39388,48.252274],[-92.393716,48.252444],[-92.393338,48.252648],[-92.39397,48.252946],[-92.394061,48.253131],[-92.394165,48.254003],[-92.394937,48.255374],[-92.395642,48.25573],[-92.395955,48.256171],[-92.395941,48.256326],[-92.394939,48.257365],[-92.393781,48.258161],[-92.393199,48.258762],[-92.393131,48.258904],[-92.393176,48.259102],[-92.393644,48.260075],[-92.393939,48.260363],[-92.394544,48.260467],[-92.395254,48.260464],[-92.395673,48.260598],[-92.396219,48.260626],[-92.397046,48.261565],[-92.397192,48.261827],[-92.397146,48.261966],[-92.397865,48.262234],[-92.399881,48.261904],[-92.400436,48.262016],[-92.400709,48.262524],[-92.40141,48.262625],[-92.401573,48.262698],[-92.401623,48.26281],[-92.402101,48.262987],[-92.402151,48.263278],[-92.402296,48.263421],[-92.401937,48.263546],[-92.401977,48.264102],[-92.4023,48.264299],[-92.402664,48.264342],[-92.402814,48.264476],[-92.402864,48.264844],[-92.403041,48.264938],[-92.403191,48.265157],[-92.403123,48.265257],[-92.403349,48.265337],[-92.403296,48.265473],[-92.403364,48.265643],[-92.404137,48.265993],[-92.404447,48.265944],[-92.405257,48.26603],[-92.405585,48.266179],[-92.405671,48.266312],[-92.405443,48.266868],[-92.405538,48.266947],[-92.405525,48.26706],[-92.405265,48.267379],[-92.40521,48.26761],[-92.405242,48.267756],[-92.405497,48.26792],[-92.405501,48.26833],[-92.405409,48.268549],[-92.40565,48.26881],[-92.406042,48.268959],[-92.406137,48.269163],[-92.406087,48.269701],[-92.406391,48.270063],[-92.407092,48.27037],[-92.407242,48.270525],[-92.407738,48.270592],[-92.407797,48.270768],[-92.407934,48.270835],[-92.408129,48.271105],[-92.408329,48.271157],[-92.408452,48.271297],[-92.408507,48.271498],[-92.40837,48.271853],[-92.408388,48.271987],[-92.408584,48.27211],[-92.408447,48.27219],[-92.408433,48.272531],[-92.408542,48.272795],[-92.409275,48.272826],[-92.409617,48.272516],[-92.409539,48.272312],[-92.409585,48.272261],[-92.409753,48.2723],[-92.409885,48.27244],[-92.410131,48.272811],[-92.410089,48.27323],[-92.410194,48.273753],[-92.410471,48.274133],[-92.410984,48.275634],[-92.41163,48.276303],[-92.411994,48.276853],[-92.412686,48.277543],[-92.413205,48.278234],[-92.413966,48.278414],[-92.41414,48.278594],[-92.414585,48.279634],[-92.415018,48.280212],[-92.415467,48.280608],[-92.415563,48.28089],[-92.415782,48.28118],[-92.416236,48.281537],[-92.416461,48.281569],[-92.416824,48.281762],[-92.417471,48.282197],[-92.417482,48.282279],[-92.417343,48.282315],[-92.416947,48.282304],[-92.416514,48.282657],[-92.416177,48.282786],[-92.415567,48.282771],[-92.415177,48.282628],[-92.414145,48.281857],[-92.413472,48.281646],[-92.413397,48.281475],[-92.413065,48.28122],[-92.412983,48.281047],[-92.412297,48.281067],[-92.411953,48.280927],[-92.411814,48.281083],[-92.411622,48.281109],[-92.411452,48.280883],[-92.411246,48.280987],[-92.410886,48.280797],[-92.410725,48.280909],[-92.410598,48.281236],[-92.410653,48.2816],[-92.410502,48.281912],[-92.410626,48.282132],[-92.410671,48.28247],[-92.41079,48.282602],[-92.411519,48.282941],[-92.411887,48.283342],[-92.412181,48.283488],[-92.412846,48.284239],[-92.413501,48.285369],[-92.413799,48.285662],[-92.413818,48.286127],[-92.413689,48.286315],[-92.413677,48.286505],[-92.414052,48.286754],[-92.413954,48.287065],[-92.414103,48.287187],[-92.414298,48.287603],[-92.414846,48.287903],[-92.414861,48.288381],[-92.414943,48.28854],[-92.415499,48.289026],[-92.416011,48.289026],[-92.416324,48.289225],[-92.416367,48.289507],[-92.416263,48.290401],[-92.416491,48.290577],[-92.416805,48.291368],[-92.417005,48.291513],[-92.417201,48.291484],[-92.417379,48.291659],[-92.417602,48.292076],[-92.417615,48.292352],[-92.417753,48.292557],[-92.417958,48.29262],[-92.418305,48.293384],[-92.41847,48.293542],[-92.418368,48.293697],[-92.418513,48.293974],[-92.419242,48.294708],[-92.419732,48.295129],[-92.420009,48.295268],[-92.419991,48.295556],[-92.420136,48.295695],[-92.420131,48.295968],[-92.420208,48.296123],[-92.420149,48.29625],[-92.420521,48.297092],[-92.420539,48.297301],[-92.420762,48.297522],[-92.421238,48.297637],[-92.421579,48.297486],[-92.421706,48.297295],[-92.42186,48.29722],[-92.422214,48.297223],[-92.422673,48.297498],[-92.423118,48.297459],[-92.423535,48.297732],[-92.423748,48.298065],[-92.423726,48.29855],[-92.423194,48.29901],[-92.422772,48.299137],[-92.422781,48.299274],[-92.422649,48.29948],[-92.42283,48.300207],[-92.423202,48.300888],[-92.42352,48.301203],[-92.424114,48.301473],[-92.424382,48.302212],[-92.424999,48.302331],[-92.425163,48.302431],[-92.425172,48.302579],[-92.42499,48.3027],[-92.424931,48.302867],[-92.425153,48.30323],[-92.425408,48.303324],[-92.425516,48.303452],[-92.425612,48.303379],[-92.42597,48.303509],[-92.426252,48.303879],[-92.426924,48.304142],[-92.426992,48.30423],[-92.42736,48.304276],[-92.427886,48.304527],[-92.428326,48.305039],[-92.428531,48.305052],[-92.428835,48.305348],[-92.429171,48.305255],[-92.429598,48.304434],[-92.429562,48.304046],[-92.428758,48.303813],[-92.4282,48.303531],[-92.427528,48.303552],[-92.427119,48.303434],[-92.426815,48.303249],[-92.426284,48.302725],[-92.426225,48.302507],[-92.426407,48.302164],[-92.426067,48.301495],[-92.42569,48.301119],[-92.425713,48.300883],[-92.425604,48.300713],[-92.425609,48.300556],[-92.426263,48.300235],[-92.426349,48.30011],[-92.426313,48.299904],[-92.426508,48.299783],[-92.426617,48.299599],[-92.42659,48.29939],[-92.426703,48.299138],[-92.427149,48.298651],[-92.427095,48.297581],[-92.427299,48.297509],[-92.427512,48.297675],[-92.427403,48.297827],[-92.42738,48.298199],[-92.427516,48.298354],[-92.427725,48.298414],[-92.427961,48.298651],[-92.428665,48.298857],[-92.429137,48.299223],[-92.4294,48.299584],[-92.429727,48.299731],[-92.43028,48.300772],[-92.430459,48.30096],[-92.430426,48.301141],[-92.430629,48.302144],[-92.430461,48.30242],[-92.429821,48.30278],[-92.429776,48.30291],[-92.429825,48.303065],[-92.43042,48.303468],[-92.430865,48.304358],[-92.431782,48.304734],[-92.432495,48.304789],[-92.432722,48.304886],[-92.433484,48.305655],[-92.434814,48.3068],[-92.435268,48.307067],[-92.436322,48.307434],[-92.437214,48.308298],[-92.438083,48.30864],[-92.438396,48.308894],[-92.438759,48.30946],[-92.438537,48.30983],[-92.43855,48.310006],[-92.438673,48.310133],[-92.439027,48.310209],[-92.439168,48.310094],[-92.439214,48.30973],[-92.439377,48.309745],[-92.439427,48.31016],[-92.439372,48.310257],[-92.43944,48.310333],[-92.439826,48.310403],[-92.440035,48.31066],[-92.440208,48.311181],[-92.440112,48.311405],[-92.43966,48.311871],[-92.439622,48.312211],[-92.440017,48.312765],[-92.440452,48.313705],[-92.440375,48.313862],[-92.440561,48.314701],[-92.440711,48.315059],[-92.440988,48.315337],[-92.441914,48.315589],[-92.441951,48.315904],[-92.44221,48.316022],[-92.442387,48.316376],[-92.442596,48.316537],[-92.443386,48.316725],[-92.443495,48.316849],[-92.443867,48.317004],[-92.443962,48.317176],[-92.444244,48.317382],[-92.445139,48.317879],[-92.445298,48.318034],[-92.445325,48.318203],[-92.444984,48.318476],[-92.445261,48.318803],[-92.44572,48.31893],[-92.445944,48.319105],[-92.446256,48.319148],[-92.446483,48.3193],[-92.4479,48.319754],[-92.448336,48.319815],[-92.44854,48.319666],[-92.449276,48.3196],[-92.450938,48.320309],[-92.451106,48.32063],[-92.451824,48.320787],[-92.452773,48.321163],[-92.45345,48.321681],[-92.453509,48.321853],[-92.453455,48.321963],[-92.452901,48.322162],[-92.452714,48.322365],[-92.452515,48.322429],[-92.452219,48.322402],[-92.451633,48.322066],[-92.451388,48.322014],[-92.451011,48.322105],[-92.451193,48.322326],[-92.451311,48.322687],[-92.451065,48.322748],[-92.450556,48.323235],[-92.450569,48.323328],[-92.450822,48.323451],[-92.453705,48.329531],[-92.46997,48.351861],[-92.476771,48.371785],[-92.464024,48.389869],[-92.456396,48.401159],[-92.456347,48.414229],[-92.475606,48.418819],[-92.480211,48.424529],[-92.481173,48.425374],[-92.48087,48.426591],[-92.481949,48.427478],[-92.482114,48.428204],[-92.484095,48.429555],[-92.485228,48.429783],[-92.489211,48.430352],[-92.492099,48.433734],[-92.500175,48.44143],[-92.507306,48.4479],[-92.514932,48.448338],[-92.521733,48.448226],[-92.537224,48.447728],[-92.575657,48.440852],[-92.60629,48.439107],[-92.656048,48.436734],[-92.663292,48.440209],[-92.688019,48.443914],[-92.701512,48.454222],[-92.712686,48.462989],[-92.708525,48.470319],[-92.709258,48.472872],[-92.701188,48.484672],[-92.700967,48.485569],[-92.700801,48.486765],[-92.698846,48.494917],[-92.684888,48.497636],[-92.66144,48.496582],[-92.65406,48.50166],[-92.647136,48.49993],[-92.6387,48.49974],[-92.638058,48.499476],[-92.63737,48.499385],[-92.636706,48.499457],[-92.634415,48.49993],[-92.630666,48.500942],[-92.628464,48.502358],[-92.627259,48.503408],[-92.629147,48.505328],[-92.630866,48.506289],[-92.631485,48.506815],[-92.631243,48.507363],[-92.631139,48.508277],[-92.630897,48.509214],[-92.62866,48.510378],[-92.62804,48.510812],[-92.626526,48.512274],[-92.625172,48.513073],[-92.626377,48.513641],[-92.626647,48.514383],[-92.62555,48.517558],[-92.625748,48.518198],[-92.627855,48.522192],[-92.63496,48.542952],[-92.657903,48.546288],[-92.728067,48.539315],[-92.75485,48.548176],[-92.894513,48.594982],[-92.909897,48.596371],[-92.929565,48.60693],[-92.950017,48.608348],[-92.949802,48.630329],[-92.954799,48.63154],[-92.984585,48.623819],[-93.088572,48.627711],[-93.088444,48.620175],[-93.088781,48.61624],[-93.089354,48.605368],[-93.089453,48.587187],[-93.0897,48.572768],[-93.089741,48.558379],[-93.090141,48.544025],[-93.09053,48.515184],[-93.091063,48.501371],[-93.091193,48.490199],[-93.091187,48.482939],[-93.091635,48.457724],[-93.091524,48.450503],[-93.091879,48.443286],[-93.091519,48.436069],[-93.092035,48.423281],[-93.092264,48.414429],[-93.093483,48.414448],[-93.094138,48.372847],[-93.094453,48.36562],[-93.095192,48.329477],[-93.095276,48.315003],[-93.095244,48.271545],[-93.095365,48.257089],[-93.094973,48.242537],[-93.09803,48.242543],[-93.097714,48.227181],[-93.097584,48.212584],[-93.097677,48.198004],[-93.097412,48.183649],[-93.097267,48.154349],[-93.096862,48.143547],[-93.097132,48.125696],[-93.096824,48.104154],[-93.09655,48.067811],[-93.089114,48.067944],[-93.089144,48.058358],[-93.089015,48.051109],[-93.089096,48.036627],[-93.088229,48.022289],[-93.087871,48.007984],[-93.087725,48.005124],[-93.087303,48.000328],[-93.08732,47.993046],[-93.088011,47.985835],[-93.088125,47.978536],[-93.080935,47.978539],[-93.080886,47.945285],[-93.081028,47.930785],[-93.080873,47.892072],[-93.080941,47.887179],[-93.081346,47.884957],[-93.080962,47.883582],[-93.080986,47.879985],[-93.080829,47.877824],[-93.081021,47.876382],[-93.081001,47.874309],[-93.081562,47.861955],[-93.083191,47.834998],[-93.083857,47.820549],[-93.083735,47.799335],[-93.083107,47.785],[-93.083104,47.777802],[-93.082918,47.77062],[-93.082592,47.763465],[-93.082898,47.75635],[-93.082369,47.749196],[-93.082047,47.720578],[-93.061505,47.720415],[-93.061311,47.698244],[-93.061825,47.692515],[-93.061806,47.683684],[-93.062102,47.679545],[-93.062599,47.678404],[-93.062817,47.675849],[-93.063415,47.662062],[-93.063666,47.659325],[-93.063751,47.65487],[-93.063725,47.647643],[-93.063586,47.642415],[-93.064343,47.629741],[-93.064439,47.625038],[-93.063773,47.617776],[-93.063327,47.602672],[-93.062846,47.595131],[-93.062895,47.587549],[-93.063692,47.54453],[-93.03219,47.543955],[-93.021642,47.543587],[-93.000181,47.543291],[-92.934602,47.543328],[-92.935553,47.528805],[-92.937108,47.514343],[-92.937028,47.507022],[-92.938481,47.500298],[-92.939984,47.486],[-92.940342,47.478297],[-92.941681,47.471174],[-92.929125,47.471101],[-92.917365,47.470617],[-92.905816,47.469047],[-92.90019,47.468893],[-92.90011,47.476718],[-92.898815,47.491605],[-92.89838,47.497943],[-92.905089,47.497926],[-92.904383,47.505606],[-92.892048,47.505651],[-92.87503,47.505324],[-92.874651,47.497563],[-92.869105,47.4975],[-92.85835,47.497159],[-92.847523,47.497035],[-92.848061,47.49348],[-92.835909,47.494293],[-92.836691,47.489976],[-92.848599,47.489926],[-92.849026,47.482574],[-92.859773,47.483338],[-92.869615,47.482848],[-92.86991,47.479203],[-92.864932,47.479307],[-92.865169,47.475521],[-92.870233,47.475557],[-92.871366,47.468197],[-92.860421,47.468026],[-92.849544,47.468068],[-92.838377,47.468534],[-92.827314,47.468381],[-92.806975,47.467686],[-92.806954,47.475103],[-92.805279,47.482548],[-92.802528,47.489574],[-92.801598,47.497364],[-92.799167,47.504845],[-92.800692,47.512571],[-92.800718,47.527503],[-92.800613,47.54273],[-92.79806,47.571525],[-92.798165,47.579113],[-92.797865,47.586574],[-92.798052,47.594177],[-92.798966,47.601531],[-92.798666,47.616121],[-92.799109,47.624153],[-92.799285,47.630558],[-92.798876,47.644433],[-92.795833,47.644436],[-92.785178,47.644792],[-92.774484,47.644673],[-92.753385,47.643854],[-92.732041,47.644573],[-92.710787,47.644976],[-92.689479,47.644917],[-92.68886,47.630353],[-92.66849,47.631438],[-92.582404,47.633541],[-92.559783,47.633599],[-92.560101,47.60435],[-92.559692,47.597007],[-92.559496,47.589605],[-92.559285,47.574845],[-92.559428,47.560563],[-92.560024,47.546353],[-92.553353,47.546478],[-92.542877,47.546849],[-92.521467,47.545818],[-92.499742,47.546037],[-92.489141,47.546063],[-92.479089,47.545687],[-92.457781,47.545218],[-92.435317,47.545355],[-92.434484,47.538136],[-92.432833,47.530971],[-92.43315,47.523682],[-92.433965,47.509111],[-92.434211,47.501821],[-92.434162,47.487548],[-92.434023,47.487466],[-92.434162,47.487401],[-92.434409,47.472962],[-92.434629,47.465814],[-92.434296,47.458257],[-92.422077,47.458845],[-92.411399,47.459102],[-92.389836,47.459152],[-92.325222,47.458699],[-92.303819,47.458388],[-92.303674,47.443939],[-92.303729,47.42217],[-92.303426,47.414938],[-92.303672,47.393167],[-92.303587,47.386004],[-92.303674,47.37147],[-92.303518,47.357006],[-92.30336,47.328051],[-92.303562,47.324589],[-92.303498,47.317363],[-92.303247,47.316922],[-92.303176,47.299219],[-92.303371,47.295655],[-92.303236,47.288414],[-92.303048,47.284751],[-92.302987,47.252207],[-92.302865,47.241315],[-92.302926,47.252172],[-92.302865,47.241309],[-92.302863,47.226811],[-92.303029,47.215962],[-92.302862,47.212336],[-92.302774,47.197839],[-92.291406,47.198587],[-92.280756,47.198451],[-92.270174,47.198735],[-92.259575,47.198681],[-92.238555,47.198292],[-92.217408,47.198175],[-92.217348,47.198545],[-92.17506,47.1985],[-92.169598,47.198138],[-92.132569,47.19852],[-92.111411,47.198274],[-92.047576,47.198349],[-92.047682,47.191119],[-92.047896,47.183896],[-92.047954,47.169453],[-92.047814,47.154959],[-92.047909,47.14044],[-92.047888,47.125951],[-92.047733,47.111474],[-92.048562,47.111469],[-92.048072,47.111471],[-92.048191,47.083069],[-92.048067,47.032416],[-92.047914,47.025214],[-92.048071,46.981637]]]}},{"type":"Feature","properties":{"role":"County Commissioner","city":"St. Cloud","county":"Stearns County","ward":null,"wardName":null,"district":2,"stateDistrict":null,"chamber":null,"repName":null,"repParty":"Nonpartisan","repPhotoUrl":null,"repEmail":null,"repPhone":null,"termsOfService":[{"termStart":null,"termEnd":null,"current":true,"sourceUrl":"https://www.stearnscountymn.gov/907/Board-of-Commissioners"}],"committees":[],"neighborhoods":[],"officeRoom":null,"profileUrl":"https://www.stearnscountymn.gov/907/Board-of-Commissioners","candidates":[],"isContested":false,"partyUnityPercent":null,"recentVotes":[]},"geometry":{"type":"MultiPolygon","coordinates":[[[[-94.38819,45.75927],[-94.38799,45.7587],[-94.38794,45.75556],[-94.3878,45.728],[-94.38787,45.71377],[-94.38745,45.67257],[-94.38743,45.64561],[-94.38754,45.63791],[-94.3873,45.61489],[-94.38738,45.61319],[-94.38731,45.6111],[-94.38731,45.60399],[-94.387215,45.602285],[-94.387189,45.586761],[-94.383034,45.586755],[-94.383125,45.582513],[-94.383372,45.577617],[-94.38405,45.558309],[-94.3839,45.53604],[-94.384261,45.518792],[-94.38448,45.51481],[-94.384516,45.500421],[-94.374718,45.500516],[-94.349948,45.500579],[-94.337055,45.500766],[-94.336537,45.500712],[-94.324076,45.500829],[-94.29209,45.50077],[-94.27965,45.50089],[-94.27944,45.50464],[-94.279593,45.50472],[-94.2812,45.50475],[-94.2813,45.50486],[-94.281297,45.505473],[-94.286271,45.505428],[-94.286228,45.508235],[-94.29951,45.50817],[-94.291344,45.510827],[-94.291256,45.515575],[-94.286956,45.515639],[-94.286793,45.514809],[-94.286875,45.513504],[-94.284854,45.514899],[-94.281043,45.512076],[-94.279725,45.5113],[-94.26835,45.50237],[-94.26739,45.50174],[-94.266885,45.501897],[-94.268168,45.502758],[-94.268174,45.502598],[-94.27242,45.50589],[-94.278818,45.511],[-94.280248,45.512327],[-94.280933,45.5132],[-94.284066,45.515512],[-94.28279,45.517091],[-94.284609,45.517125],[-94.28605,45.517502],[-94.287099,45.517907],[-94.289814,45.519564],[-94.292311,45.520946],[-94.30711,45.52778],[-94.30823,45.52844],[-94.309784,45.529571],[-94.308362,45.530526],[-94.308127,45.530868],[-94.308054,45.53213],[-94.307908,45.532793],[-94.307769,45.533027],[-94.307325,45.533416],[-94.306263,45.533717],[-94.305562,45.533703],[-94.30351,45.53303],[-94.302023,45.532403],[-94.301673,45.532311],[-94.301074,45.53235],[-94.299626,45.533078],[-94.298897,45.533305],[-94.297756,45.534399],[-94.297655,45.534696],[-94.297719,45.535131],[-94.298259,45.536386],[-94.298184,45.536809],[-94.297712,45.537178],[-94.296252,45.537691],[-94.295212,45.538301],[-94.294101,45.538326],[-94.293324,45.538098],[-94.291812,45.538408],[-94.290734,45.538494],[-94.29011,45.538792],[-94.289507,45.539488],[-94.289475,45.539847],[-94.289604,45.540188],[-94.28976,45.540502],[-94.290053,45.540797],[-94.29123,45.541241],[-94.291683,45.541566],[-94.291813,45.541831],[-94.291835,45.542153],[-94.291627,45.542646],[-94.291179,45.542893],[-94.290337,45.543172],[-94.288673,45.542981],[-94.286694,45.54328],[-94.286095,45.543475],[-94.285747,45.543748],[-94.28562,45.544035],[-94.285805,45.544581],[-94.286169,45.545014],[-94.286176,45.545337],[-94.286005,45.54583],[-94.2857,45.546284],[-94.285144,45.546588],[-94.284125,45.54679],[-94.283544,45.546696],[-94.283,45.546452],[-94.281506,45.545333],[-94.280732,45.54514],[-94.280127,45.545469],[-94.280035,45.545664],[-94.279862,45.546438],[-94.279502,45.546984],[-94.279488,45.547809],[-94.279376,45.548397],[-94.279153,45.54854],[-94.278852,45.548605],[-94.278167,45.548564],[-94.276774,45.549235],[-94.276315,45.549554],[-94.274791,45.550046],[-94.273163,45.550716],[-94.272154,45.551318],[-94.270291,45.551713],[-94.270293,45.551484],[-94.268776,45.55143],[-94.268443,45.551505],[-94.267926,45.551489],[-94.267276,45.551411],[-94.266969,45.551279],[-94.266089,45.551346],[-94.265696,45.551464],[-94.264772,45.552143],[-94.264641,45.552339],[-94.26465,45.552711],[-94.265046,45.553302],[-94.264964,45.553796],[-94.264528,45.554171],[-94.263955,45.554439],[-94.263628,45.554486],[-94.263056,45.55442],[-94.261792,45.55381],[-94.261181,45.55331],[-94.260118,45.553085],[-94.259524,45.553154],[-94.258379,45.55359],[-94.257959,45.553966],[-94.257893,45.554062],[-94.26008,45.554801],[-94.260062,45.555632],[-94.265832,45.55737],[-94.266483,45.557504],[-94.269692,45.558536],[-94.269884,45.558897],[-94.269437,45.55955],[-94.26884,45.560106],[-94.268138,45.560522],[-94.267364,45.560777],[-94.266552,45.560861],[-94.259983,45.560893],[-94.259987,45.562869],[-94.261294,45.562886],[-94.261287,45.564339],[-94.259988,45.563829],[-94.26003,45.58418],[-94.25994,45.584661],[-94.259978,45.586746],[-94.263359,45.58677],[-94.263425,45.590371],[-94.246874,45.590318],[-94.24613,45.59048],[-94.24464,45.58946],[-94.23995,45.58695],[-94.23945,45.58641],[-94.2391,45.58654],[-94.23742,45.58656],[-94.205022,45.586085],[-94.189641,45.585965],[-94.190125,45.585393],[-94.18983,45.585368],[-94.188739,45.584801],[-94.187339,45.584485],[-94.186927,45.584475],[-94.186125,45.584566],[-94.185209,45.584851],[-94.184901,45.58513],[-94.18456,45.585712],[-94.184598,45.586021],[-94.184326,45.586024],[-94.184562,45.58668],[-94.184867,45.587021],[-94.185186,45.5872],[-94.185861,45.587381],[-94.186825,45.587465],[-94.187144,45.587593],[-94.187354,45.587845],[-94.187239,45.588294],[-94.186532,45.588799],[-94.185985,45.589001],[-94.184507,45.58935],[-94.183444,45.58931],[-94.182494,45.589442],[-94.181903,45.589838],[-94.181697,45.590296],[-94.179875,45.590094],[-94.178143,45.5901],[-94.176705,45.58943],[-94.176702,45.589314],[-94.175302,45.589306],[-94.174097,45.588782],[-94.175255,45.588111],[-94.177871,45.588061],[-94.177845,45.587181],[-94.178797,45.587162],[-94.178791,45.587055],[-94.179288,45.587042],[-94.179265,45.586091],[-94.172783,45.586214],[-94.17279,45.586539],[-94.172111,45.586636],[-94.171805,45.586233],[-94.168828,45.586257],[-94.169168,45.586665],[-94.169869,45.587957],[-94.170968,45.589666],[-94.172017,45.590246],[-94.173475,45.591216],[-94.174848,45.591972],[-94.176459,45.592601],[-94.180465,45.594399],[-94.182422,45.595609],[-94.183858,45.596749],[-94.185058,45.597288],[-94.186531,45.598227],[-94.191073,45.600226],[-94.192062,45.600851],[-94.193638,45.602929],[-94.194306,45.603999],[-94.195034,45.605473],[-94.195882,45.607867],[-94.19975,45.613271],[-94.201445,45.616105],[-94.202274,45.617062],[-94.202899,45.618209],[-94.203287,45.618709],[-94.203666,45.619556],[-94.203775,45.620336],[-94.20365,45.621187],[-94.202874,45.622514],[-94.202398,45.62379],[-94.202747,45.626638],[-94.20317,45.631866],[-94.20347,45.633017],[-94.20467,45.635666],[-94.20507,45.637166],[-94.204526,45.64148],[-94.204336,45.646473],[-94.203859,45.647386],[-94.203049,45.648445],[-94.202282,45.649209],[-94.201335,45.649805],[-94.200442,45.650569],[-94.199063,45.651537],[-94.198031,45.652419],[-94.197487,45.653095],[-94.197262,45.653654],[-94.197189,45.65445],[-94.197306,45.655181],[-94.198068,45.668642],[-94.197446,45.670538],[-94.195629,45.672077],[-94.193508,45.672657],[-94.191929,45.672841],[-94.186165,45.674659],[-94.183652,45.676126],[-94.182701,45.677077],[-94.1823,45.678053],[-94.1823,45.678854],[-94.182651,45.67958],[-94.183326,45.67983],[-94.184184,45.679983],[-94.185097,45.680287],[-94.185513,45.680308],[-94.187764,45.679853],[-94.191685,45.678627],[-94.194232,45.677397],[-94.195191,45.677036],[-94.196025,45.676832],[-94.19789,45.676559],[-94.199569,45.676708],[-94.201621,45.677381],[-94.203049,45.678153],[-94.2038,45.679179],[-94.20415,45.680305],[-94.204476,45.682032],[-94.204401,45.683484],[-94.204451,45.684185],[-94.205229,45.687465],[-94.207419,45.694091],[-94.210032,45.701104],[-94.210508,45.70193],[-94.211409,45.702481],[-94.215045,45.703274],[-94.220069,45.706586],[-94.221721,45.708188],[-94.223498,45.71014],[-94.224048,45.711692],[-94.224375,45.713844],[-94.224689,45.715319],[-94.224528,45.715941],[-94.223917,45.716715],[-94.223245,45.717212],[-94.219442,45.717922],[-94.21727,45.71911],[-94.214462,45.721645],[-94.214386,45.722201],[-94.214921,45.725687],[-94.215232,45.726252],[-94.215712,45.72656],[-94.221401,45.727583],[-94.225588,45.727767],[-94.227815,45.728138],[-94.232257,45.72942],[-94.234266,45.729644],[-94.236441,45.730044],[-94.237382,45.730331],[-94.241745,45.73288],[-94.242582,45.733218],[-94.244392,45.733449],[-94.2474,45.734845],[-94.247696,45.735099],[-94.247702,45.73522],[-94.248788,45.736465],[-94.249356,45.736999],[-94.250294,45.737541],[-94.2522,45.738274],[-94.253467,45.738937],[-94.255962,45.740038],[-94.257992,45.741251],[-94.258566,45.741449],[-94.259727,45.742357],[-94.260555,45.743543],[-94.260995,45.744579],[-94.261612,45.74718],[-94.262025,45.748123],[-94.262886,45.748967],[-94.264373,45.751038],[-94.26559,45.752779],[-94.266656,45.754607],[-94.266682,45.756089],[-94.265951,45.757445],[-94.265053,45.758454],[-94.26414,45.759704],[-94.263952,45.760855],[-94.264221,45.762121],[-94.264726,45.763051],[-94.266345,45.763941],[-94.26806,45.764565],[-94.270698,45.765744],[-94.272186,45.767027],[-94.272831,45.767716],[-94.272901,45.768531],[-94.272231,45.769621],[-94.271343,45.771572],[-94.270987,45.773189],[-94.271434,45.774175],[-94.271776,45.775208],[-94.28291,45.7751],[-94.30419,45.7752],[-94.34151,45.77515],[-94.38812,45.77526],[-94.38797,45.75951],[-94.38803,45.75936],[-94.38819,45.75927]],[[-94.177811,45.589945],[-94.177811,45.589945],[-94.177636,45.590073],[-94.177811,45.589945]],[[-94.176705,45.58943],[-94.176679,45.589456],[-94.176705,45.58943],[-94.176705,45.58943]],[[-94.254631,45.61931],[-94.254604,45.621879],[-94.254603,45.621891],[-94.254631,45.61931]],[[-94.253281,45.608576],[-94.253279,45.608465],[-94.253276,45.608351],[-94.253279,45.608465],[-94.253281,45.608576]],[[-94.24816,45.619351],[-94.24816,45.619351],[-94.24562,45.619371],[-94.24816,45.619351]],[[-94.242329,45.588582],[-94.242232,45.588832],[-94.242254,45.589166],[-94.242223,45.588899],[-94.242329,45.588582]],[[-94.23247,45.62282],[-94.23241,45.62282],[-94.232161,45.622815],[-94.23247,45.62282]],[[-94.225488,45.586409],[-94.225488,45.58641],[-94.225487,45.586548],[-94.225488,45.586409]],[[-94.223284,45.650344],[-94.223281,45.649754],[-94.223281,45.649754],[-94.223284,45.650344]],[[-94.222169,45.639889],[-94.22216,45.63983],[-94.22216,45.639085],[-94.222169,45.639889]],[[-94.221108,45.644779],[-94.221108,45.644779],[-94.221107,45.644505],[-94.221108,45.644779]],[[-94.211903,45.640315],[-94.211478,45.640314],[-94.211903,45.640315],[-94.211903,45.640315]],[[-94.211404,45.644767],[-94.211256,45.644767],[-94.21115,45.644764],[-94.211404,45.644767]],[[-94.211222,45.63983],[-94.210498,45.639828],[-94.21052,45.64013],[-94.210498,45.639828],[-94.211222,45.63983]],[[-94.211146,45.64492],[-94.210547,45.644918],[-94.210547,45.644918],[-94.211146,45.64492]],[[-94.207854,45.638684],[-94.205998,45.638699],[-94.205941,45.638699],[-94.207854,45.638684]],[[-94.206895,45.637591],[-94.206369,45.637594],[-94.206369,45.637594],[-94.206895,45.637591]],[[-94.206007,45.638965],[-94.206001,45.639037],[-94.206001,45.639037],[-94.206007,45.638965]],[[-94.198707,45.598371],[-94.198707,45.598372],[-94.194686,45.597904],[-94.198707,45.598371]],[[-94.198203,45.599716],[-94.197486,45.599647],[-94.197489,45.599633],[-94.198203,45.599716]],[[-94.196935,45.598963],[-94.196866,45.599258],[-94.196935,45.598963],[-94.196935,45.598963]],[[-94.196787,45.673614],[-94.196337,45.673605],[-94.196487,45.673608],[-94.196787,45.673614]],[[-94.196164,45.598873],[-94.196095,45.599167],[-94.196164,45.598873],[-94.196164,45.598873]],[[-94.194247,45.599418],[-94.19417,45.599268],[-94.194141,45.599211],[-94.194247,45.599418]],[[-94.192248,45.598019],[-94.191677,45.598629],[-94.191632,45.598678],[-94.192248,45.598019]],[[-94.18943,45.596446],[-94.188667,45.597478],[-94.18943,45.596446],[-94.18943,45.596446]],[[-94.18719,45.596902],[-94.186993,45.596845],[-94.186993,45.596845],[-94.18719,45.596902]],[[-94.186865,45.596808],[-94.186858,45.596806],[-94.186804,45.596789],[-94.186865,45.596808]],[[-94.184864,45.593944],[-94.184864,45.593944],[-94.184864,45.593944],[-94.184864,45.593944]],[[-94.18368,45.594081],[-94.18368,45.594081],[-94.183679,45.59408],[-94.18368,45.594081]],[[-94.183514,45.593277],[-94.183223,45.593382],[-94.18323,45.59355],[-94.183223,45.593382],[-94.183514,45.593277]],[[-94.183266,45.59488],[-94.183095,45.594746],[-94.183266,45.59488],[-94.183266,45.59488]],[[-94.177721,45.591269],[-94.177694,45.591233],[-94.17772,45.591268],[-94.177721,45.591269]]],[[[-94.183169,45.586899],[-94.183106,45.586827],[-94.183084,45.586038],[-94.182303,45.586046],[-94.182354,45.587819],[-94.183135,45.58781],[-94.18311,45.586962],[-94.183169,45.586899]]]]}},{"type":"Feature","properties":{"role":"County Commissioner","city":"St. Cloud","county":"Stearns County","ward":null,"wardName":null,"district":3,"stateDistrict":null,"chamber":null,"repName":null,"repParty":"Nonpartisan","repPhotoUrl":null,"repEmail":null,"repPhone":null,"termsOfService":[{"termStart":null,"termEnd":null,"current":true,"sourceUrl":"https://www.stearnscountymn.gov/907/Board-of-Commissioners"}],"committees":[],"neighborhoods":[],"officeRoom":null,"profileUrl":"https://www.stearnscountymn.gov/907/Board-of-Commissioners","candidates":[],"isContested":false,"partyUnityPercent":null,"recentVotes":[]},"geometry":{"type":"Polygon","coordinates":[[[-94.763234,45.369328],[-94.763095,45.354274],[-94.76308,45.3261],[-94.74018,45.325961],[-94.7094,45.326157],[-94.682264,45.325699],[-94.660528,45.325719],[-94.647447,45.325558],[-94.615237,45.325738],[-94.595261,45.32555],[-94.526083,45.326197],[-94.495783,45.325898],[-94.464896,45.326055],[-94.43415,45.326055],[-94.383613,45.326635],[-94.383353,45.297187],[-94.383344,45.290208],[-94.383449,45.282797],[-94.364965,45.282298],[-94.31823,45.28305],[-94.291984,45.283151],[-94.28174,45.282987],[-94.271506,45.283616],[-94.260821,45.283941],[-94.26152,45.297688],[-94.261061,45.297879],[-94.260904,45.298067],[-94.260787,45.298645],[-94.260179,45.298947],[-94.256389,45.29947],[-94.255092,45.299892],[-94.254635,45.300658],[-94.255006,45.302225],[-94.255882,45.303847],[-94.256857,45.305201],[-94.257115,45.3057],[-94.257116,45.30604],[-94.256982,45.306269],[-94.256658,45.306473],[-94.252612,45.308305],[-94.250265,45.308797],[-94.248449,45.30886],[-94.247562,45.308806],[-94.244248,45.308082],[-94.242668,45.308223],[-94.241578,45.308724],[-94.240649,45.309483],[-94.240219,45.309975],[-94.239737,45.310179],[-94.239006,45.309989],[-94.238307,45.309682],[-94.23783,45.309683],[-94.236296,45.310105],[-94.234773,45.310374],[-94.232624,45.310581],[-94.230953,45.310617],[-94.226089,45.311618],[-94.225452,45.311636],[-94.2242,45.311357],[-94.223347,45.3114],[-94.22211,45.311725],[-94.221338,45.312089],[-94.220715,45.312662],[-94.219834,45.314113],[-94.219098,45.314871],[-94.218181,45.315597],[-94.21759,45.315832],[-94.217294,45.315768],[-94.21643,45.315868],[-94.215661,45.316139],[-94.213906,45.316367],[-94.213131,45.316986],[-94.212803,45.316995],[-94.212503,45.316855],[-94.212251,45.316606],[-94.211721,45.31632],[-94.210729,45.316273],[-94.210347,45.316351],[-94.210071,45.31659],[-94.21044,45.316797],[-94.210453,45.316934],[-94.210334,45.31707],[-94.209545,45.317326],[-94.209064,45.317036],[-94.20852,45.316963],[-94.20814,45.31679],[-94.20805,45.316467],[-94.208412,45.315825],[-94.208367,45.315669],[-94.208073,45.315593],[-94.207364,45.31562],[-94.206639,45.315457],[-94.206253,45.315523],[-94.20572,45.315758],[-94.20411,45.316944],[-94.203373,45.317301],[-94.201623,45.317692],[-94.200486,45.317735],[-94.199812,45.317729],[-94.198211,45.317179],[-94.197527,45.317263],[-94.19698,45.317443],[-94.195891,45.318506],[-94.195459,45.318774],[-94.194832,45.31893],[-94.194296,45.318948],[-94.192696,45.318593],[-94.190716,45.317682],[-94.189644,45.317743],[-94.188642,45.318127],[-94.187867,45.318268],[-94.187262,45.318278],[-94.186576,45.318153],[-94.186061,45.317808],[-94.185462,45.317005],[-94.185334,45.31632],[-94.185166,45.315993],[-94.18438,45.315643],[-94.183281,45.314971],[-94.18234,45.31435],[-94.181647,45.313743],[-94.180638,45.313315],[-94.17989,45.313151],[-94.179629,45.312822],[-94.179522,45.311668],[-94.179458,45.311397],[-94.179329,45.311228],[-94.179093,45.311057],[-94.178134,45.31087],[-94.177663,45.310537],[-94.17751,45.310143],[-94.177565,45.309876],[-94.177763,45.309694],[-94.178424,45.309401],[-94.178386,45.309241],[-94.177705,45.308959],[-94.177483,45.308676],[-94.17742,45.308377],[-94.177676,45.307649],[-94.177639,45.307519],[-94.177273,45.307224],[-94.17663,45.307034],[-94.176225,45.306675],[-94.176189,45.306404],[-94.176497,45.305751],[-94.176676,45.304817],[-94.176738,45.30375],[-94.176585,45.303284],[-94.175749,45.30258],[-94.17542,45.302473],[-94.174911,45.302116],[-94.173419,45.301422],[-94.171938,45.301277],[-94.171245,45.301301],[-94.170358,45.301523],[-94.169359,45.301916],[-94.168202,45.302116],[-94.1665,45.301985],[-94.165535,45.301759],[-94.163946,45.301171],[-94.163186,45.301122],[-94.161892,45.301233],[-94.161302,45.301409],[-94.161086,45.301617],[-94.161006,45.302011],[-94.161088,45.303494],[-94.160973,45.303867],[-94.160763,45.304134],[-94.15987,45.304439],[-94.158983,45.304497],[-94.158699,45.304423],[-94.157717,45.303903],[-94.157231,45.303794],[-94.156705,45.303953],[-94.155573,45.304658],[-94.154946,45.304947],[-94.125261,45.322949],[-94.11671,45.328056],[-94.115508,45.329291],[-94.115108,45.329501],[-94.114802,45.330779],[-94.113661,45.33265],[-94.112389,45.333677],[-94.111183,45.335031],[-94.110768,45.335993],[-94.110377,45.33638],[-94.110009,45.337048],[-94.109422,45.337603],[-94.106489,45.339937],[-94.10415,45.340975],[-94.101726,45.341841],[-94.099943,45.342316],[-94.099445,45.342704],[-94.099096,45.343269],[-94.098915,45.343374],[-94.096619,45.343308],[-94.095565,45.34314],[-94.093752,45.342276],[-94.093347,45.342246],[-94.09272,45.342467],[-94.092278,45.342882],[-94.092143,45.343235],[-94.092092,45.343844],[-94.091852,45.344142],[-94.090982,45.344847],[-94.089911,45.345468],[-94.089487,45.345996],[-94.089509,45.34662],[-94.090193,45.347127],[-94.091244,45.347733],[-94.092946,45.348227],[-94.093212,45.348538],[-94.093227,45.349172],[-94.092927,45.349609],[-94.092916,45.349967],[-94.094098,45.350199],[-94.094756,45.350524],[-94.095035,45.350892],[-94.09517,45.3513],[-94.095887,45.351842],[-94.095969,45.352352],[-94.095509,45.352919],[-94.094971,45.353205],[-94.09432,45.353288],[-94.093469,45.35327],[-94.093417,45.353411],[-94.093612,45.354138],[-94.093362,45.354319],[-94.092736,45.354356],[-94.092571,45.35462],[-94.092874,45.355303],[-94.092545,45.355742],[-94.09254,45.35632],[-94.092387,45.356362],[-94.09183,45.356151],[-94.091428,45.35611],[-94.091013,45.356143],[-94.090732,45.356342],[-94.090662,45.356549],[-94.090723,45.357054],[-94.090956,45.357453],[-94.091217,45.357669],[-94.091242,45.358113],[-94.091057,45.358255],[-94.090251,45.358393],[-94.090036,45.358543],[-94.089901,45.358886],[-94.090184,45.359277],[-94.090038,45.359352],[-94.089009,45.35939],[-94.088794,45.359516],[-94.088835,45.359807],[-94.089263,45.360126],[-94.089288,45.360269],[-94.088488,45.360589],[-94.088454,45.3607],[-94.088596,45.360985],[-94.088572,45.361348],[-94.087876,45.36176],[-94.08765,45.362387],[-94.087291,45.362824],[-94.087273,45.363105],[-94.087634,45.363863],[-94.087522,45.36414],[-94.087278,45.364255],[-94.086562,45.364263],[-94.085593,45.364466],[-94.085336,45.36435],[-94.085049,45.363968],[-94.084752,45.363768],[-94.084461,45.363717],[-94.084162,45.363774],[-94.083698,45.364249],[-94.0836,45.36446],[-94.083627,45.364667],[-94.083949,45.364835],[-94.084417,45.364694],[-94.084737,45.364696],[-94.084902,45.364854],[-94.084894,45.36501],[-94.084264,45.365567],[-94.083933,45.365738],[-94.081895,45.365865],[-94.081824,45.365912],[-94.081989,45.366406],[-94.081932,45.366532],[-94.081483,45.366716],[-94.081374,45.366844],[-94.081873,45.367373],[-94.082687,45.367669],[-94.082847,45.367911],[-94.082686,45.368215],[-94.08227,45.368668],[-94.082187,45.368924],[-94.082229,45.369087],[-94.082734,45.369133],[-94.083373,45.36885],[-94.083687,45.368909],[-94.083567,45.369198],[-94.08314,45.369646],[-94.082767,45.370204],[-94.082548,45.370264],[-94.082023,45.370041],[-94.081727,45.370063],[-94.081583,45.370441],[-94.081748,45.370782],[-94.082206,45.371067],[-94.082663,45.371229],[-94.083987,45.371295],[-94.084744,45.371503],[-94.084974,45.371695],[-94.085262,45.372193],[-94.085953,45.372756],[-94.085901,45.373011],[-94.085265,45.373253],[-94.085197,45.373413],[-94.085354,45.373722],[-94.086024,45.374162],[-94.086058,45.374235],[-94.085965,45.374387],[-94.085684,45.374557],[-94.085111,45.374714],[-94.0843,45.374705],[-94.083994,45.374835],[-94.083587,45.374836],[-94.083261,45.374965],[-94.083359,45.375913],[-94.083434,45.376044],[-94.083696,45.376148],[-94.084601,45.376208],[-94.085419,45.376509],[-94.085683,45.376722],[-94.085715,45.376935],[-94.085446,45.377634],[-94.085705,45.378094],[-94.085732,45.378669],[-94.086064,45.379273],[-94.086065,45.379562],[-94.085941,45.379911],[-94.085447,45.380458],[-94.084995,45.380607],[-94.084794,45.380585],[-94.084676,45.380467],[-94.084601,45.379898],[-94.084228,45.379794],[-94.08371,45.379856],[-94.083525,45.380013],[-94.083525,45.380302],[-94.08377,45.380531],[-94.084264,45.380797],[-94.084263,45.381006],[-94.083875,45.380983],[-94.08281,45.380724],[-94.082614,45.380755],[-94.081866,45.381243],[-94.08066,45.381633],[-94.080207,45.381927],[-94.080045,45.382261],[-94.08013,45.382836],[-94.079838,45.382891],[-94.079242,45.382808],[-94.078846,45.382885],[-94.078262,45.383358],[-94.078113,45.383608],[-94.078178,45.384199],[-94.077758,45.384383],[-94.077721,45.384505],[-94.078022,45.385036],[-94.07779,45.385175],[-94.077478,45.385201],[-94.077351,45.385622],[-94.07748,45.38573],[-94.077976,45.385676],[-94.078118,45.385764],[-94.077422,45.386237],[-94.077749,45.38672],[-94.077407,45.386926],[-94.077105,45.386964],[-94.076842,45.38688],[-94.076916,45.386742],[-94.07653,45.386747],[-94.076274,45.386917],[-94.076125,45.387226],[-94.076392,45.387801],[-94.07679,45.388028],[-94.077338,45.388121],[-94.07742,45.388241],[-94.076538,45.388893],[-94.076195,45.38968],[-94.075888,45.389927],[-94.075657,45.389966],[-94.075422,45.389881],[-94.074815,45.389312],[-94.074348,45.389437],[-94.074122,45.38984],[-94.074182,45.390009],[-94.074989,45.390509],[-94.075068,45.390629],[-94.074841,45.390863],[-94.074154,45.390983],[-94.073831,45.391261],[-94.073698,45.39168],[-94.073928,45.391913],[-94.07419,45.392041],[-94.074246,45.392117],[-94.074191,45.392187],[-94.073861,45.392352],[-94.073533,45.392251],[-94.073424,45.392292],[-94.073338,45.392691],[-94.073462,45.392923],[-94.073379,45.393054],[-94.073027,45.393092],[-94.072291,45.39295],[-94.071919,45.393068],[-94.071829,45.393278],[-94.072378,45.393579],[-94.072128,45.393659],[-94.071429,45.393616],[-94.071272,45.393716],[-94.071248,45.393891],[-94.071481,45.394369],[-94.072097,45.394713],[-94.071802,45.394863],[-94.071261,45.394961],[-94.070134,45.395519],[-94.070036,45.395722],[-94.07025,45.396239],[-94.070016,45.396589],[-94.069518,45.396588],[-94.069034,45.39613],[-94.068654,45.396183],[-94.068519,45.396336],[-94.068521,45.396697],[-94.068344,45.39711],[-94.068363,45.397569],[-94.068146,45.397776],[-94.067599,45.39779],[-94.067487,45.397907],[-94.067444,45.398087],[-94.067745,45.398245],[-94.06763,45.398596],[-94.067465,45.398673],[-94.066961,45.398633],[-94.066645,45.398803],[-94.066828,45.399169],[-94.066542,45.399552],[-94.06657,45.399763],[-94.06691,45.399803],[-94.067208,45.399946],[-94.067414,45.399933],[-94.067494,45.399767],[-94.067289,45.399436],[-94.067301,45.399292],[-94.067498,45.399209],[-94.067725,45.399335],[-94.067655,45.399947],[-94.067869,45.400688],[-94.067866,45.401011],[-94.067765,45.401252],[-94.067373,45.401587],[-94.067281,45.401766],[-94.067622,45.401949],[-94.068325,45.401981],[-94.068356,45.402129],[-94.068191,45.402472],[-94.068189,45.402796],[-94.06851,45.40316],[-94.068493,45.403393],[-94.068878,45.403778],[-94.068914,45.404059],[-94.068728,45.404316],[-94.068319,45.404424],[-94.067874,45.404021],[-94.067478,45.404034],[-94.067312,45.40434],[-94.067372,45.404841],[-94.067323,45.405094],[-94.067208,45.40521],[-94.066402,45.405495],[-94.065994,45.405506],[-94.06576,45.40541],[-94.065558,45.405465],[-94.065477,45.405643],[-94.065533,45.405807],[-94.066099,45.406013],[-94.065998,45.406141],[-94.065465,45.406427],[-94.065417,45.406748],[-94.065714,45.407031],[-94.066011,45.407062],[-94.066056,45.407201],[-94.06592,45.407356],[-94.065172,45.407506],[-94.065064,45.407644],[-94.065144,45.408007],[-94.065455,45.408194],[-94.065952,45.407812],[-94.066261,45.407905],[-94.066293,45.408122],[-94.065804,45.408889],[-94.065162,45.408893],[-94.064944,45.408597],[-94.064737,45.408536],[-94.064443,45.408623],[-94.064332,45.408743],[-94.064277,45.408959],[-94.064338,45.409212],[-94.064218,45.40933],[-94.063722,45.40916],[-94.063516,45.40922],[-94.06347,45.409363],[-94.063872,45.409748],[-94.063892,45.409973],[-94.063594,45.410047],[-94.063185,45.409843],[-94.062986,45.409903],[-94.063299,45.410538],[-94.063202,45.410653],[-94.062797,45.410812],[-94.062111,45.410406],[-94.062192,45.410946],[-94.062133,45.411918],[-94.061582,45.412391],[-94.061339,45.412879],[-94.060444,45.413964],[-94.059421,45.414259],[-94.059265,45.414227],[-94.059011,45.413977],[-94.058562,45.414113],[-94.058079,45.414107],[-94.057691,45.414198],[-94.057462,45.41442],[-94.057403,45.41543],[-94.057312,45.415573],[-94.056924,45.415642],[-94.056292,45.416021],[-94.056373,45.416613],[-94.056142,45.417591],[-94.055929,45.417879],[-94.055926,45.41812],[-94.056092,45.418634],[-94.056469,45.418839],[-94.056539,45.419233],[-94.056348,45.419861],[-94.05654,45.420122],[-94.056927,45.420426],[-94.056981,45.420776],[-94.056643,45.421054],[-94.056131,45.421179],[-94.05591,45.421404],[-94.055353,45.421358],[-94.054362,45.421434],[-94.05379,45.422437],[-94.053133,45.422942],[-94.052958,45.423665],[-94.052687,45.423571],[-94.051994,45.42363],[-94.051321,45.423482],[-94.051343,45.423672],[-94.050776,45.42339],[-94.050329,45.422899],[-94.049498,45.422688],[-94.048882,45.422662],[-94.047938,45.42284],[-94.047327,45.422861],[-94.048889,45.424935],[-94.049515,45.426055],[-94.049446,45.428434],[-94.049832,45.431336],[-94.050238,45.432746],[-94.05107,45.434433],[-94.052192,45.435261],[-94.053162,45.435382],[-94.054147,45.4353],[-94.054924,45.435043],[-94.0582,45.433357],[-94.060209,45.432596],[-94.062143,45.432233],[-94.063705,45.432281],[-94.065392,45.432533],[-94.066114,45.433047],[-94.06663,45.433633],[-94.066947,45.434282],[-94.06694,45.435663],[-94.067491,45.436831],[-94.068784,45.438164],[-94.069376,45.438488],[-94.071585,45.438905],[-94.074269,45.439138],[-94.075749,45.438983],[-94.076712,45.438697],[-94.077621,45.438319],[-94.079197,45.43795],[-94.079857,45.438076],[-94.080442,45.438319],[-94.080814,45.438585],[-94.080893,45.438757],[-94.080917,45.439394],[-94.080766,45.439738],[-94.079548,45.440732],[-94.078949,45.441362],[-94.07877,45.441997],[-94.078687,45.442685],[-94.07908,45.444095],[-94.080215,45.446101],[-94.080642,45.446493],[-94.081227,45.446891],[-94.081936,45.447172],[-94.082837,45.447414],[-94.084867,45.447763],[-94.088473,45.449115],[-94.08963,45.449415],[-94.094419,45.450156],[-94.095906,45.450534],[-94.097076,45.451135],[-94.097571,45.451649],[-94.098046,45.45304],[-94.098583,45.453616],[-94.100265,45.454113],[-94.101659,45.454782],[-94.101972,45.455927],[-94.101948,45.456052],[-94.104754,45.456064],[-94.104809,45.455557],[-94.10454,45.454976],[-94.107259,45.454994],[-94.10731,45.452477],[-94.1133,45.452504],[-94.116637,45.456141],[-94.138101,45.456414],[-94.138133,45.4709],[-94.134758,45.470906],[-94.1416,45.48068],[-94.14325,45.48273],[-94.14807,45.48833],[-94.14906,45.48987],[-94.14991,45.49204],[-94.15047,45.49262],[-94.15108,45.49299],[-94.15272,45.49036],[-94.15317,45.48947],[-94.1534,45.48813],[-94.15332,45.48799],[-94.15345,45.485643],[-94.179519,45.485938],[-94.20823,45.48577],[-94.2191,45.48582],[-94.23086,45.48598],[-94.23856,45.48598],[-94.2453,45.48615],[-94.245435,45.486093],[-94.250289,45.48617],[-94.260559,45.486708],[-94.260413,45.499116],[-94.262071,45.499603],[-94.264213,45.500502],[-94.266885,45.501897],[-94.26739,45.50174],[-94.26767,45.50191],[-94.26905,45.50289],[-94.279725,45.5113],[-94.281043,45.512076],[-94.284854,45.514899],[-94.286875,45.513504],[-94.286793,45.514809],[-94.286956,45.515639],[-94.291256,45.515575],[-94.291344,45.510827],[-94.29951,45.50817],[-94.286228,45.508235],[-94.286271,45.505428],[-94.281297,45.505473],[-94.2813,45.50486],[-94.2812,45.50475],[-94.279593,45.50472],[-94.27944,45.50464],[-94.27965,45.50089],[-94.29209,45.50077],[-94.324076,45.500829],[-94.336537,45.500712],[-94.337055,45.500766],[-94.349948,45.500579],[-94.374718,45.500516],[-94.384516,45.500421],[-94.38448,45.51481],[-94.384261,45.518792],[-94.3839,45.53604],[-94.38405,45.558309],[-94.383372,45.577617],[-94.383125,45.582513],[-94.383034,45.586755],[-94.387189,45.586761],[-94.40566,45.586507],[-94.434861,45.586373],[-94.466746,45.586351],[-94.47504,45.58607],[-94.47633,45.5862],[-94.489034,45.58627],[-94.496685,45.586006],[-94.498516,45.586078],[-94.500283,45.586047],[-94.500777,45.58597],[-94.506139,45.585942],[-94.5058,45.58034],[-94.50592,45.57984],[-94.50596,45.57912],[-94.505885,45.571743],[-94.505263,45.564457],[-94.50497,45.5536],[-94.50496,45.55171],[-94.50516,45.54511],[-94.50531,45.54437],[-94.50523,45.54406],[-94.50526,45.54293],[-94.50519,45.54293],[-94.50527,45.53977],[-94.505378,45.536964],[-94.50552,45.53624],[-94.505265,45.526491],[-94.505253,45.521253],[-94.505683,45.505018],[-94.50566,45.499967],[-94.505522,45.499549],[-94.51306,45.499499],[-94.542847,45.498852],[-94.56771,45.49849],[-94.575543,45.498621],[-94.596214,45.498597],[-94.59877,45.49853],[-94.617584,45.498728],[-94.63415,45.49872],[-94.647928,45.498868],[-94.650144,45.498808],[-94.660476,45.498836],[-94.660475,45.498425],[-94.663795,45.498431],[-94.664383,45.498196],[-94.663385,45.497429],[-94.675927,45.497515],[-94.675923,45.49888],[-94.71926,45.49903],[-94.735876,45.499335],[-94.75168,45.49926],[-94.762671,45.499316],[-94.762814,45.492336],[-94.762635,45.491078],[-94.76276,45.48494],[-94.76283,45.46687],[-94.763184,45.44167],[-94.763172,45.427252],[-94.762929,45.412799],[-94.763164,45.405569],[-94.763128,45.382283],[-94.763234,45.369328]],[[-94.742688,45.377169],[-94.742686,45.378874],[-94.737628,45.37886],[-94.742686,45.378872],[-94.742688,45.377169]],[[-94.710587,45.384148],[-94.710117,45.38415],[-94.710117,45.38415],[-94.710587,45.384148]],[[-94.708681,45.384176],[-94.708448,45.384177],[-94.708681,45.384176],[-94.708681,45.384176]],[[-94.46047,45.444795],[-94.460332,45.44236],[-94.460349,45.44236],[-94.46047,45.444795]],[[-94.459924,45.444088],[-94.458552,45.445021],[-94.459918,45.44408],[-94.459924,45.444088]],[[-94.458295,45.442395],[-94.458278,45.442395],[-94.457535,45.439177],[-94.457548,45.439159],[-94.458295,45.442395]],[[-94.457086,45.440388],[-94.457085,45.440389],[-94.457068,45.440376],[-94.457086,45.440388]],[[-94.456721,45.440898],[-94.456718,45.440902],[-94.456502,45.440825],[-94.456721,45.440898]],[[-94.456407,45.444138],[-94.455738,45.444255],[-94.452043,45.44584],[-94.455721,45.444255],[-94.456407,45.444138]],[[-94.455322,45.442445],[-94.45057,45.44215],[-94.451309,45.442178],[-94.455322,45.442445]],[[-94.451408,45.458462],[-94.447342,45.458504],[-94.447424,45.460062],[-94.447325,45.458504],[-94.451391,45.458462],[-94.451236,45.45472],[-94.450533,45.454706],[-94.450367,45.447821],[-94.450625,45.447268],[-94.451029,45.445742],[-94.450642,45.447268],[-94.450384,45.447821],[-94.45055,45.454706],[-94.451253,45.45472],[-94.451408,45.458462]],[[-94.450457,45.442159],[-94.449703,45.44215],[-94.445473,45.441917],[-94.450457,45.442159]],[[-94.447621,45.44822],[-94.445569,45.448824],[-94.445579,45.449224],[-94.445284,45.449282],[-94.445283,45.450401],[-94.445267,45.449282],[-94.445562,45.449224],[-94.445552,45.448824],[-94.447621,45.44822]],[[-94.446821,45.46005],[-94.44679,45.46005],[-94.446787,45.46005],[-94.446821,45.46005]],[[-94.445748,45.46001],[-94.440358,45.460056],[-94.440375,45.463697],[-94.432629,45.463854],[-94.43262,45.46442],[-94.432752,45.464885],[-94.430003,45.464904],[-94.430049,45.467616],[-94.425044,45.467652],[-94.430032,45.467616],[-94.429986,45.464904],[-94.432735,45.464885],[-94.432603,45.46442],[-94.432612,45.463854],[-94.440358,45.463697],[-94.440341,45.460056],[-94.445748,45.46001]],[[-94.431539,45.478342],[-94.431539,45.478408],[-94.428705,45.47843],[-94.431522,45.478408],[-94.43137,45.472781],[-94.431539,45.478342]],[[-94.43006,45.449309],[-94.43003,45.448378],[-94.429851,45.448373],[-94.430047,45.448378],[-94.43006,45.449309]],[[-94.428966,45.472837],[-94.425096,45.47278],[-94.425071,45.472252],[-94.425254,45.472096],[-94.425257,45.471283],[-94.425271,45.472096],[-94.425088,45.472252],[-94.425113,45.47278],[-94.428966,45.472837]],[[-94.428138,45.478426],[-94.425419,45.478444],[-94.426983,45.47842],[-94.428138,45.478426]],[[-94.425344,45.475729],[-94.425344,45.475729],[-94.424309,45.475728],[-94.424301,45.475728],[-94.425344,45.475729]],[[-94.424664,45.444426],[-94.423137,45.444435],[-94.423149,45.445764],[-94.41966,45.445784],[-94.41968,45.447672],[-94.41983,45.44772],[-94.419754,45.447848],[-94.419683,45.44939],[-94.419737,45.447848],[-94.419813,45.44772],[-94.419663,45.447672],[-94.419643,45.445784],[-94.423132,45.445764],[-94.42312,45.444435],[-94.424647,45.444426],[-94.424637,45.44334],[-94.424664,45.444426]],[[-94.422186,45.466839],[-94.422186,45.466839],[-94.419909,45.466851],[-94.419909,45.466851],[-94.422186,45.466839]],[[-94.421827,45.467614],[-94.421099,45.468383],[-94.420425,45.468958],[-94.421827,45.467614]],[[-94.419864,45.459118],[-94.417825,45.460233],[-94.417099,45.460331],[-94.414804,45.460338],[-94.414599,45.46046],[-94.414143,45.461136],[-94.413457,45.462622],[-94.41253,45.463673],[-94.412466,45.463924],[-94.412161,45.464442],[-94.411712,45.464918],[-94.411312,45.465229],[-94.409925,45.465785],[-94.408535,45.466004],[-94.409908,45.465785],[-94.411295,45.465229],[-94.411695,45.464918],[-94.412144,45.464442],[-94.412449,45.463924],[-94.412513,45.463673],[-94.41344,45.462622],[-94.414126,45.461136],[-94.414582,45.46046],[-94.414787,45.460338],[-94.417082,45.460331],[-94.417808,45.460233],[-94.419864,45.459118]],[[-94.419826,45.463313],[-94.418773,45.46364],[-94.41972,45.463338],[-94.419826,45.463313]],[[-94.417454,45.44343],[-94.417443,45.44343],[-94.417207,45.443416],[-94.417207,45.443415],[-94.417454,45.44343]],[[-94.417109,45.471375],[-94.416263,45.47112],[-94.4168,45.47124],[-94.417109,45.471375]],[[-94.416103,45.44935],[-94.415103,45.44935],[-94.416103,45.44935],[-94.416103,45.44935]],[[-94.416103,45.455986],[-94.415312,45.455997],[-94.415633,45.455989],[-94.416103,45.455986]],[[-94.415538,45.456845],[-94.415517,45.456562],[-94.41534,45.45655],[-94.415534,45.456562],[-94.415538,45.456845]],[[-94.415451,45.454658],[-94.415438,45.454658],[-94.415438,45.454657],[-94.415451,45.454658]],[[-94.414563,45.47111],[-94.413506,45.471102],[-94.413432,45.471101],[-94.414563,45.47111]],[[-94.414508,45.446588],[-94.412885,45.445979],[-94.414458,45.44656],[-94.414508,45.446588]],[[-94.413194,45.474748],[-94.410822,45.476891],[-94.413141,45.474748],[-94.413194,45.474748]],[[-94.412517,45.44931],[-94.410934,45.44931],[-94.410934,45.44931],[-94.412513,45.44931],[-94.412517,45.44931]],[[-94.41248,45.457608],[-94.412465,45.457612],[-94.412277,45.457176],[-94.412292,45.457173],[-94.41248,45.457608]],[[-94.411764,45.447054],[-94.411715,45.447041],[-94.411719,45.447035],[-94.411764,45.447054]],[[-94.411695,45.447046],[-94.411692,45.447051],[-94.410137,45.446442],[-94.41014,45.446437],[-94.411695,45.447046]],[[-94.405817,45.458504],[-94.402879,45.459219],[-94.402879,45.459219],[-94.405817,45.458504]],[[-94.403044,45.463119],[-94.402941,45.463121],[-94.402939,45.463121],[-94.403044,45.463119]],[[-94.402738,45.45893],[-94.399109,45.45973],[-94.399256,45.459923],[-94.399108,45.45973],[-94.402738,45.45893]],[[-94.402524,45.463069],[-94.402185,45.463183],[-94.401871,45.46348],[-94.402168,45.463183],[-94.402524,45.463069]],[[-94.401833,45.460753],[-94.400335,45.461085],[-94.400793,45.460976],[-94.401833,45.460753]],[[-94.400209,45.460862],[-94.399902,45.460366],[-94.400136,45.460717],[-94.400209,45.460862]],[[-94.4,45.459947],[-94.399252,45.460112],[-94.4,45.459947],[-94.4,45.459947]],[[-94.061027,45.423555],[-94.061019,45.425239],[-94.061015,45.426083],[-94.061027,45.423555]]]}},{"type":"Feature","properties":{"role":"County Commissioner","city":"St. Cloud","county":"Stearns County","ward":null,"wardName":null,"district":5,"stateDistrict":null,"chamber":null,"repName":null,"repParty":"Nonpartisan","repPhotoUrl":null,"repEmail":null,"repPhone":null,"termsOfService":[{"termStart":null,"termEnd":null,"current":true,"sourceUrl":"https://www.stearnscountymn.gov/907/Board-of-Commissioners"}],"committees":[],"neighborhoods":[],"officeRoom":null,"profileUrl":"https://www.stearnscountymn.gov/907/Board-of-Commissioners","candidates":[],"isContested":false,"partyUnityPercent":null,"recentVotes":[]},"geometry":{"type":"Polygon","coordinates":[[[-95.139856,45.585016],[-95.13148,45.58503],[-95.131558,45.574465],[-95.1314,45.557595],[-95.131531,45.550509],[-95.13139,45.541298],[-95.131469,45.537638],[-95.131447,45.504766],[-95.131533,45.49895],[-95.131429,45.49518],[-95.131294,45.466811],[-95.131458,45.455739],[-95.13173,45.412402],[-95.125298,45.412399],[-95.12198,45.4125],[-95.059709,45.412291],[-95.028588,45.412469],[-95.008619,45.412251],[-94.992153,45.412426],[-94.93201,45.412818],[-94.875288,45.412993],[-94.776277,45.412818],[-94.774227,45.41291],[-94.771569,45.412829],[-94.762934,45.412861],[-94.763172,45.427252],[-94.763184,45.44167],[-94.76283,45.46687],[-94.76276,45.48494],[-94.762635,45.491078],[-94.762814,45.492336],[-94.762671,45.499316],[-94.75168,45.49926],[-94.735876,45.499335],[-94.71926,45.49903],[-94.675923,45.49888],[-94.675927,45.497515],[-94.663385,45.497429],[-94.664383,45.498196],[-94.663795,45.498431],[-94.660475,45.498425],[-94.660476,45.498836],[-94.650144,45.498808],[-94.647928,45.498868],[-94.63415,45.49872],[-94.617584,45.498728],[-94.59877,45.49853],[-94.596214,45.498597],[-94.575543,45.498621],[-94.56771,45.49849],[-94.542847,45.498852],[-94.51306,45.499499],[-94.505522,45.499549],[-94.50566,45.499967],[-94.505683,45.505018],[-94.505253,45.521253],[-94.505265,45.526491],[-94.50552,45.53624],[-94.505378,45.536964],[-94.50527,45.53977],[-94.50519,45.54293],[-94.50526,45.54293],[-94.50523,45.54406],[-94.50531,45.54437],[-94.50516,45.54511],[-94.50496,45.55171],[-94.50497,45.5536],[-94.505263,45.564457],[-94.505885,45.571743],[-94.50596,45.57912],[-94.50592,45.57984],[-94.5058,45.58034],[-94.506139,45.585942],[-94.500777,45.58597],[-94.500283,45.586047],[-94.498516,45.586078],[-94.496685,45.586006],[-94.489034,45.58627],[-94.47633,45.5862],[-94.47504,45.58607],[-94.466746,45.586351],[-94.434861,45.586373],[-94.40566,45.586507],[-94.387189,45.586761],[-94.387215,45.602285],[-94.38731,45.60399],[-94.38731,45.6111],[-94.38738,45.61319],[-94.3873,45.61489],[-94.38754,45.63791],[-94.38743,45.64561],[-94.38745,45.67257],[-94.38787,45.71377],[-94.3878,45.728],[-94.38794,45.75556],[-94.38799,45.7587],[-94.38819,45.75927],[-94.38803,45.75936],[-94.38797,45.75951],[-94.38812,45.77526],[-94.41674,45.77521],[-94.44484,45.77532],[-94.46694,45.775259],[-94.49242,45.7747],[-94.51393,45.77437],[-94.53444,45.77442],[-94.555343,45.773895],[-94.556277,45.773912],[-94.556284,45.774032],[-94.56466,45.774075],[-94.57281,45.77428],[-94.59057,45.77422],[-94.597256,45.774303],[-94.610216,45.774176],[-94.61991,45.77418],[-94.674953,45.773622],[-94.67726,45.77377],[-94.68451,45.77364],[-94.710505,45.773677],[-94.73602,45.773565],[-94.766899,45.773911],[-94.822592,45.77422],[-94.829724,45.774399],[-94.832407,45.774336],[-94.833149,45.774416],[-94.860783,45.774534],[-94.864895,45.7744],[-94.872149,45.774349],[-94.88427,45.77437],[-94.88473,45.7743],[-94.891712,45.774052],[-94.917092,45.774311],[-94.922606,45.774303],[-94.924197,45.774173],[-94.935958,45.774013],[-94.936687,45.774267],[-94.956458,45.77427],[-94.98154,45.77408],[-94.990666,45.774208],[-94.994323,45.774057],[-95.000301,45.774067],[-95.002085,45.773933],[-95.00241,45.77406],[-95.00297,45.77412],[-95.00498,45.77395],[-95.007341,45.774069],[-95.031461,45.774029],[-95.035807,45.773944],[-95.045135,45.77395],[-95.045996,45.773856],[-95.049074,45.773934],[-95.05746,45.77387],[-95.05834,45.77384],[-95.05861,45.77371],[-95.0592,45.77382],[-95.062068,45.773835],[-95.1006,45.77354],[-95.120692,45.773542],[-95.139731,45.773416],[-95.139633,45.749962],[-95.139638,45.710472],[-95.13944,45.67247],[-95.139271,45.66004],[-95.139256,45.638983],[-95.13941,45.63682],[-95.139391,45.624966],[-95.13961,45.613965],[-95.139856,45.585016]],[[-94.978686,45.744001],[-94.978684,45.744],[-94.97865,45.739583],[-94.978686,45.744001]],[[-94.974658,45.742748],[-94.974656,45.742513],[-94.974656,45.742514],[-94.974658,45.742748]],[[-94.973719,45.742175],[-94.97278,45.741836],[-94.971734,45.742974],[-94.97079,45.743364],[-94.971734,45.742974],[-94.97278,45.741835],[-94.973719,45.742175]],[[-94.690445,45.654707],[-94.689591,45.654681],[-94.689492,45.654677],[-94.690445,45.654707]],[[-94.681388,45.672286],[-94.681388,45.672286],[-94.681369,45.672286],[-94.681388,45.672286]],[[-94.680994,45.670661],[-94.67996,45.670631],[-94.680004,45.669335],[-94.67996,45.670631],[-94.680994,45.670661]],[[-94.448225,45.616879],[-94.446448,45.618143],[-94.447615,45.61729],[-94.446433,45.617306],[-94.446426,45.616274],[-94.445015,45.616284],[-94.447261,45.616209],[-94.447267,45.61687],[-94.448225,45.616879]]]}},{"type":"Feature","properties":{"role":"County Commissioner","city":"St. Cloud","county":"Stearns County","ward":null,"wardName":null,"district":1,"stateDistrict":null,"chamber":null,"repName":null,"repParty":"Nonpartisan","repPhotoUrl":null,"repEmail":null,"repPhone":null,"termsOfService":[{"termStart":null,"termEnd":null,"current":true,"sourceUrl":"https://www.stearnscountymn.gov/907/Board-of-Commissioners"}],"committees":[],"neighborhoods":[],"officeRoom":null,"profileUrl":"https://www.stearnscountymn.gov/907/Board-of-Commissioners","candidates":[],"isContested":false,"partyUnityPercent":null,"recentVotes":[]},"geometry":{"type":"Polygon","coordinates":[[[-94.269884,45.558897],[-94.269692,45.558536],[-94.266483,45.557504],[-94.265832,45.55737],[-94.260062,45.555632],[-94.26008,45.554801],[-94.258042,45.554112],[-94.257248,45.554894],[-94.256612,45.555193],[-94.251412,45.556163],[-94.250222,45.555979],[-94.249395,45.555553],[-94.248295,45.554807],[-94.248026,45.554741],[-94.247438,45.554795],[-94.246857,45.555031],[-94.246035,45.556027],[-94.245573,45.556311],[-94.244948,45.556479],[-94.244348,45.556471],[-94.240689,45.555806],[-94.239254,45.555697],[-94.238797,45.555769],[-94.23853,45.555968],[-94.238481,45.556125],[-94.238649,45.556596],[-94.238533,45.557147],[-94.238327,45.557685],[-94.238139,45.558686],[-94.23778,45.559187],[-94.237268,45.559556],[-94.236564,45.559721],[-94.234754,45.559282],[-94.234149,45.559596],[-94.234029,45.559807],[-94.234219,45.560318],[-94.234387,45.560475],[-94.234759,45.560569],[-94.235301,45.560559],[-94.236989,45.560363],[-94.23743,45.560415],[-94.237987,45.560601],[-94.238182,45.560859],[-94.23826,45.561215],[-94.238101,45.561536],[-94.237644,45.561968],[-94.236929,45.5624],[-94.235894,45.562861],[-94.228898,45.562331],[-94.220987,45.561852],[-94.20984,45.562058],[-94.19822,45.562376],[-94.194278,45.562368],[-94.19024,45.562615],[-94.18787,45.56258],[-94.18787,45.56219],[-94.18655,45.56218],[-94.18663,45.55443],[-94.18649,45.55325],[-94.182792,45.553257],[-94.181442,45.553486],[-94.179942,45.55386],[-94.179441,45.553906],[-94.173715,45.553874],[-94.173706,45.553763],[-94.17287,45.55378],[-94.17238,45.55384],[-94.17113,45.554188],[-94.168775,45.555176],[-94.16838,45.55307],[-94.16855,45.54957],[-94.16724,45.54951],[-94.16724,45.54937],[-94.16708,45.54935],[-94.16018,45.54934],[-94.16014,45.54771],[-94.1606,45.546],[-94.16109,45.54291],[-94.1545,45.542917],[-94.15391,45.54301],[-94.1535,45.54319],[-94.15309,45.5436],[-94.15299,45.54398],[-94.15313,45.547406],[-94.15325,45.54765],[-94.15429,45.54847],[-94.15453,45.5489],[-94.15456,45.54941],[-94.153067,45.549477],[-94.15078,45.54944],[-94.14709,45.548935],[-94.145667,45.551366],[-94.145567,45.553466],[-94.146954,45.556068],[-94.149467,45.559066],[-94.1521,45.561183],[-94.156389,45.563463],[-94.157532,45.563853],[-94.160782,45.566362],[-94.165368,45.573766],[-94.166148,45.575227],[-94.166433,45.575933],[-94.166993,45.578738],[-94.167831,45.584276],[-94.168358,45.585637],[-94.168668,45.586066],[-94.170323,45.586244],[-94.171805,45.586233],[-94.172111,45.586636],[-94.17279,45.586539],[-94.172783,45.586214],[-94.179265,45.586091],[-94.179288,45.587042],[-94.178791,45.587055],[-94.178797,45.587162],[-94.177845,45.587181],[-94.177871,45.588061],[-94.175255,45.588111],[-94.174097,45.588782],[-94.175302,45.589306],[-94.176702,45.589314],[-94.176705,45.58943],[-94.178143,45.5901],[-94.179875,45.590094],[-94.181697,45.590296],[-94.181903,45.589838],[-94.182494,45.589442],[-94.183444,45.58931],[-94.184507,45.58935],[-94.185985,45.589001],[-94.186532,45.588799],[-94.187239,45.588294],[-94.187351,45.58802],[-94.18732,45.587769],[-94.186932,45.587491],[-94.185541,45.587328],[-94.184867,45.587021],[-94.184459,45.586511],[-94.184326,45.586024],[-94.184598,45.586021],[-94.18456,45.585712],[-94.184901,45.58513],[-94.185209,45.584851],[-94.186125,45.584566],[-94.186927,45.584475],[-94.187339,45.584485],[-94.188739,45.584801],[-94.18983,45.585368],[-94.190125,45.585393],[-94.189641,45.585965],[-94.205022,45.586085],[-94.23742,45.58656],[-94.2391,45.58654],[-94.23945,45.58641],[-94.23995,45.58695],[-94.24464,45.58946],[-94.24613,45.59048],[-94.246874,45.590318],[-94.263425,45.590371],[-94.263359,45.58677],[-94.259978,45.586746],[-94.25994,45.584661],[-94.26003,45.58418],[-94.259988,45.563829],[-94.261287,45.564339],[-94.261294,45.562886],[-94.259987,45.562869],[-94.259983,45.560893],[-94.266552,45.560861],[-94.267364,45.560777],[-94.268138,45.560522],[-94.26884,45.560106],[-94.269437,45.55955],[-94.269884,45.558897]],[[-94.183169,45.586899],[-94.18311,45.586962],[-94.183135,45.58781],[-94.182354,45.587819],[-94.182303,45.586046],[-94.183084,45.586038],[-94.183106,45.586827],[-94.183169,45.586899]],[[-94.159386,45.562615],[-94.158324,45.563324],[-94.158287,45.563349],[-94.159386,45.562615]]]}},{"type":"Feature","properties":{"role":"County Commissioner","city":"St. Cloud","county":"Stearns County","ward":null,"wardName":null,"district":4,"stateDistrict":null,"chamber":null,"repName":null,"repParty":"Nonpartisan","repPhotoUrl":null,"repEmail":null,"repPhone":null,"termsOfService":[{"termStart":null,"termEnd":null,"current":true,"sourceUrl":"https://www.stearnscountymn.gov/907/Board-of-Commissioners"}],"committees":[],"neighborhoods":[],"officeRoom":null,"profileUrl":"https://www.stearnscountymn.gov/907/Board-of-Commissioners","candidates":[],"isContested":false,"partyUnityPercent":null,"recentVotes":[]},"geometry":{"type":"Polygon","coordinates":[[[-94.309784,45.529571],[-94.30823,45.52844],[-94.30711,45.52778],[-94.292311,45.520946],[-94.289814,45.519564],[-94.287099,45.517907],[-94.28605,45.517502],[-94.284609,45.517125],[-94.28279,45.517091],[-94.284066,45.515512],[-94.280933,45.5132],[-94.280248,45.512327],[-94.278657,45.510862],[-94.268174,45.502598],[-94.268168,45.502758],[-94.266885,45.501897],[-94.264213,45.500502],[-94.262071,45.499603],[-94.260413,45.499116],[-94.260559,45.486708],[-94.250289,45.48617],[-94.245435,45.486093],[-94.2453,45.48615],[-94.23856,45.48598],[-94.23086,45.48598],[-94.2191,45.48582],[-94.20823,45.48577],[-94.179519,45.485938],[-94.15345,45.485643],[-94.15332,45.48799],[-94.1534,45.48813],[-94.15317,45.48947],[-94.15272,45.49036],[-94.15108,45.49299],[-94.15047,45.49262],[-94.14991,45.49204],[-94.14906,45.48987],[-94.14807,45.48833],[-94.14325,45.48273],[-94.1416,45.48068],[-94.134758,45.470906],[-94.138133,45.4709],[-94.138101,45.456414],[-94.116637,45.456141],[-94.1133,45.452504],[-94.10731,45.452477],[-94.107259,45.454994],[-94.10454,45.454976],[-94.10482,45.455625],[-94.104676,45.456677],[-94.104752,45.457165],[-94.104533,45.457632],[-94.104353,45.457844],[-94.104174,45.457856],[-94.103982,45.458913],[-94.103682,45.460031],[-94.103502,45.460415],[-94.102468,45.462179],[-94.101998,45.462765],[-94.101543,45.463608],[-94.101377,45.464249],[-94.101412,45.465078],[-94.101688,45.465834],[-94.102029,45.46635],[-94.101817,45.466673],[-94.102863,45.467904],[-94.104964,45.46958],[-94.106067,45.470102],[-94.108325,45.471642],[-94.109224,45.472931],[-94.110208,45.473699],[-94.110857,45.474874],[-94.112433,45.476302],[-94.113721,45.47734],[-94.11584,45.478632],[-94.116586,45.478949],[-94.119649,45.479838],[-94.121415,45.480453],[-94.123025,45.480784],[-94.125834,45.481588],[-94.126987,45.48214],[-94.127941,45.482844],[-94.128999,45.483872],[-94.129408,45.484163],[-94.130322,45.484739],[-94.131914,45.485517],[-94.132672,45.48603],[-94.133878,45.486582],[-94.135204,45.487513],[-94.136712,45.489191],[-94.137279,45.489963],[-94.138031,45.490707],[-94.139047,45.491409],[-94.140194,45.491977],[-94.141996,45.492612],[-94.142583,45.493038],[-94.143194,45.493753],[-94.143772,45.494268],[-94.144117,45.494778],[-94.144272,45.49529],[-94.14403,45.495836],[-94.143776,45.496149],[-94.143043,45.49664],[-94.142843,45.496997],[-94.143085,45.49758],[-94.143418,45.498084],[-94.144323,45.498911],[-94.144486,45.499788],[-94.144405,45.500417],[-94.144268,45.500802],[-94.14404,45.501173],[-94.143252,45.501899],[-94.143109,45.502179],[-94.142978,45.503681],[-94.143133,45.50462],[-94.143204,45.505882],[-94.143341,45.506344],[-94.14394,45.507151],[-94.144036,45.507695],[-94.144119,45.508727],[-94.143958,45.50928],[-94.14423,45.509326],[-94.144468,45.509622],[-94.144339,45.510171],[-94.144472,45.510128],[-94.144708,45.509826],[-94.14477,45.509969],[-94.14472,45.51027],[-94.144788,45.51038],[-94.145115,45.510491],[-94.145105,45.510624],[-94.144887,45.510737],[-94.144845,45.510858],[-94.144931,45.511028],[-94.14478,45.511193],[-94.144071,45.511183],[-94.143669,45.511028],[-94.143387,45.51111],[-94.143089,45.51129],[-94.142452,45.511935],[-94.140673,45.512997],[-94.140272,45.513392],[-94.13995,45.514354],[-94.140222,45.514493],[-94.141115,45.514618],[-94.144395,45.514657],[-94.145087,45.51482],[-94.144524,45.514927],[-94.142601,45.514826],[-94.140264,45.514856],[-94.139718,45.515023],[-94.139736,45.515501],[-94.139956,45.515989],[-94.140988,45.517161],[-94.142282,45.517985],[-94.142903,45.51887],[-94.143397,45.51936],[-94.144879,45.519921],[-94.145645,45.520604],[-94.145937,45.520973],[-94.145899,45.52236],[-94.146004,45.522691],[-94.146228,45.522894],[-94.147115,45.523124],[-94.148052,45.522957],[-94.148826,45.52256],[-94.148974,45.52261],[-94.149254,45.522517],[-94.149572,45.522019],[-94.149971,45.521757],[-94.150441,45.521584],[-94.15107,45.521741],[-94.15131,45.521874],[-94.151465,45.52211],[-94.152024,45.522171],[-94.152639,45.522953],[-94.152697,45.523397],[-94.152594,45.523655],[-94.151727,45.524624],[-94.151479,45.52533],[-94.151487,45.525989],[-94.151897,45.527026],[-94.151969,45.527657],[-94.152189,45.528207],[-94.153393,45.529273],[-94.153862,45.529955],[-94.153899,45.53012],[-94.153526,45.530003],[-94.153477,45.530308],[-94.15383,45.530755],[-94.154195,45.53085],[-94.154392,45.531515],[-94.154544,45.532525],[-94.154455,45.533737],[-94.154042,45.534437],[-94.153842,45.534959],[-94.153622,45.536815],[-94.152595,45.536829],[-94.152473,45.537856],[-94.15236,45.538277],[-94.152257,45.538388],[-94.150679,45.539523],[-94.149034,45.539767],[-94.14828,45.540296],[-94.148046,45.54035],[-94.148025,45.540284],[-94.146708,45.54066],[-94.146459,45.541921],[-94.146461,45.543237],[-94.146756,45.544475],[-94.147148,45.547693],[-94.14709,45.548935],[-94.15078,45.54944],[-94.153067,45.549477],[-94.15456,45.54941],[-94.15453,45.5489],[-94.15429,45.54847],[-94.15325,45.54765],[-94.15313,45.547406],[-94.152975,45.544282],[-94.15303,45.54376],[-94.15322,45.54343],[-94.15367,45.5431],[-94.15443,45.54292],[-94.16109,45.54291],[-94.1606,45.546],[-94.16014,45.54771],[-94.16018,45.54934],[-94.16708,45.54935],[-94.16724,45.54937],[-94.16724,45.54951],[-94.16855,45.54957],[-94.16838,45.55307],[-94.168775,45.555176],[-94.17113,45.554188],[-94.17238,45.55384],[-94.17287,45.55378],[-94.177617,45.553771],[-94.177609,45.553913],[-94.179441,45.553906],[-94.179942,45.55386],[-94.181442,45.553486],[-94.182792,45.553257],[-94.18649,45.55325],[-94.18663,45.55443],[-94.18655,45.56218],[-94.18787,45.56219],[-94.18787,45.56258],[-94.19024,45.562615],[-94.194278,45.562368],[-94.19822,45.562376],[-94.208633,45.562083],[-94.220987,45.561852],[-94.228898,45.562331],[-94.235894,45.562861],[-94.236929,45.5624],[-94.237644,45.561968],[-94.238101,45.561536],[-94.23826,45.561215],[-94.238182,45.560859],[-94.237987,45.560601],[-94.23743,45.560415],[-94.236989,45.560363],[-94.235301,45.560559],[-94.234759,45.560569],[-94.234387,45.560475],[-94.234219,45.560318],[-94.234029,45.559807],[-94.234149,45.559596],[-94.234754,45.559282],[-94.236564,45.559721],[-94.237268,45.559556],[-94.23778,45.559187],[-94.238139,45.558686],[-94.238327,45.557685],[-94.238533,45.557147],[-94.238649,45.556596],[-94.238481,45.556125],[-94.23853,45.555968],[-94.238797,45.555769],[-94.239254,45.555697],[-94.240689,45.555806],[-94.244348,45.556471],[-94.244948,45.556479],[-94.245573,45.556311],[-94.246035,45.556027],[-94.246857,45.555031],[-94.247438,45.554795],[-94.248026,45.554741],[-94.248295,45.554807],[-94.249395,45.555553],[-94.250222,45.555979],[-94.251236,45.556165],[-94.251748,45.55613],[-94.25676,45.555142],[-94.257358,45.55479],[-94.258042,45.554112],[-94.257893,45.554062],[-94.258379,45.55359],[-94.259236,45.553246],[-94.259934,45.553089],[-94.261181,45.55331],[-94.261792,45.55381],[-94.263056,45.55442],[-94.263628,45.554486],[-94.263955,45.554439],[-94.264528,45.554171],[-94.264964,45.553796],[-94.265046,45.553302],[-94.26465,45.552711],[-94.264641,45.552339],[-94.264772,45.552143],[-94.265696,45.551464],[-94.266089,45.551346],[-94.266969,45.551279],[-94.267276,45.551411],[-94.267926,45.551489],[-94.268443,45.551505],[-94.268776,45.55143],[-94.270293,45.551484],[-94.270291,45.551713],[-94.271091,45.551568],[-94.272154,45.551318],[-94.273163,45.550716],[-94.274791,45.550046],[-94.276315,45.549554],[-94.276774,45.549235],[-94.278167,45.548564],[-94.278852,45.548605],[-94.279153,45.54854],[-94.279376,45.548397],[-94.279453,45.54815],[-94.279502,45.546984],[-94.279862,45.546438],[-94.280035,45.545664],[-94.280127,45.545469],[-94.280732,45.54514],[-94.281506,45.545333],[-94.283,45.546452],[-94.283544,45.546696],[-94.284125,45.54679],[-94.285144,45.546588],[-94.2857,45.546284],[-94.286005,45.54583],[-94.286176,45.545337],[-94.286169,45.545014],[-94.285805,45.544581],[-94.28562,45.544035],[-94.285747,45.543748],[-94.286095,45.543475],[-94.286694,45.54328],[-94.288673,45.542981],[-94.290337,45.543172],[-94.291179,45.542893],[-94.291627,45.542646],[-94.291835,45.542153],[-94.291813,45.541831],[-94.291683,45.541566],[-94.29123,45.541241],[-94.290053,45.540797],[-94.28976,45.540502],[-94.289604,45.540188],[-94.289475,45.539847],[-94.289507,45.539488],[-94.29011,45.538792],[-94.290734,45.538494],[-94.291812,45.538408],[-94.293324,45.538098],[-94.294101,45.538326],[-94.295212,45.538301],[-94.296252,45.537691],[-94.297712,45.537178],[-94.298184,45.536809],[-94.298259,45.536386],[-94.297719,45.535131],[-94.297655,45.534696],[-94.297756,45.534399],[-94.298897,45.533305],[-94.299626,45.533078],[-94.301074,45.53235],[-94.301673,45.532311],[-94.302023,45.532403],[-94.30351,45.53303],[-94.305562,45.533703],[-94.306263,45.533717],[-94.307325,45.533416],[-94.307769,45.533027],[-94.307908,45.532793],[-94.308054,45.53213],[-94.308127,45.530868],[-94.308362,45.530526],[-94.309784,45.529571]],[[-94.235377,45.503843],[-94.233134,45.506385],[-94.23157,45.50835],[-94.226234,45.516058],[-94.220195,45.527438],[-94.218973,45.529263],[-94.217025,45.531337],[-94.209087,45.538893],[-94.207659,45.540418],[-94.2073,45.54035],[-94.208402,45.539136],[-94.217573,45.530374],[-94.218846,45.528895],[-94.219794,45.527455],[-94.225342,45.516934],[-94.226332,45.515311],[-94.23206,45.507166],[-94.235027,45.503732],[-94.235377,45.503843]],[[-94.17771,45.54767],[-94.17764,45.54867],[-94.17721,45.54922],[-94.17707,45.54911],[-94.17733,45.54885],[-94.17747,45.54856],[-94.17751,45.54766],[-94.17771,45.54767]]]}},{"type":"Feature","properties":{"role":"County Commissioner","city":"St. Cloud","county":"Sherburne County","ward":null,"wardName":null,"district":2,"stateDistrict":null,"chamber":null,"repName":"Raeanne Danielowski","repParty":"Nonpartisan","repPhotoUrl":null,"repEmail":"raeanne.danielowski@co.sherburne.mn.us","repPhone":"7632633801","termsOfService":[{"termStart":null,"termEnd":null,"current":true,"sourceUrl":"https://www.co.sherburne.mn.us/582/Raeanne-Danielowski"}],"committees":[],"neighborhoods":[],"officeRoom":null,"profileUrl":"https://www.co.sherburne.mn.us/582/Raeanne-Danielowski","candidates":[],"isContested":false,"partyUnityPercent":null,"recentVotes":[]},"geometry":{"type":"Polygon","coordinates":[[[-93.639141,45.385919],[-93.654424,45.385978],[-93.674965,45.385904],[-93.685167,45.386068],[-93.72592,45.385576],[-93.736165,45.385805],[-93.757172,45.386095],[-93.798422,45.386279],[-93.799189,45.37229],[-93.799462,45.358043],[-93.799403,45.329277],[-93.799564,45.310628],[-93.799113,45.310501],[-93.798051,45.309949],[-93.796762,45.309759],[-93.795396,45.309239],[-93.794268,45.309125],[-93.792194,45.309297],[-93.7916,45.309215],[-93.79099,45.309018],[-93.789215,45.308252],[-93.788187,45.307623],[-93.787194,45.307166],[-93.7858,45.30622],[-93.781735,45.304429],[-93.779978,45.303853],[-93.778818,45.303174],[-93.776183,45.301283],[-93.774247,45.300739],[-93.77304,45.300252],[-93.770846,45.299169],[-93.769361,45.298218],[-93.768545,45.29784],[-93.76784,45.297644],[-93.765273,45.297428],[-93.764131,45.297215],[-93.763731,45.297085],[-93.762619,45.296508],[-93.761533,45.296244],[-93.76002,45.296336],[-93.759542,45.296279],[-93.758498,45.295937],[-93.757651,45.29548],[-93.757101,45.295363],[-93.754983,45.295482],[-93.75118,45.295191],[-93.750627,45.295232],[-93.750052,45.295439],[-93.748066,45.296552],[-93.746697,45.297149],[-93.746482,45.297355],[-93.746099,45.298128],[-93.745902,45.298345],[-93.744979,45.298855],[-93.743914,45.299255],[-93.742637,45.299573],[-93.741353,45.299721],[-93.740071,45.299996],[-93.738398,45.299915],[-93.734454,45.300273],[-93.731821,45.30007],[-93.730545,45.300083],[-93.728957,45.299817],[-93.727628,45.299735],[-93.726168,45.300053],[-93.723608,45.300012],[-93.721065,45.300435],[-93.72006,45.300438],[-93.717629,45.300088],[-93.716228,45.299707],[-93.710281,45.298886],[-93.705168,45.29787],[-93.704584,45.297844],[-93.698946,45.299553],[-93.696353,45.29962],[-93.694828,45.29945],[-93.692962,45.299986],[-93.692508,45.300222],[-93.691958,45.30066],[-93.689965,45.302749],[-93.688883,45.303639],[-93.687582,45.304391],[-93.686191,45.305053],[-93.685024,45.30518],[-93.683528,45.305011],[-93.682593,45.304531],[-93.681648,45.303891],[-93.681327,45.303535],[-93.680544,45.302375],[-93.680023,45.301049],[-93.679561,45.300423],[-93.678963,45.299808],[-93.67867,45.299568],[-93.677633,45.299018],[-93.675796,45.297858],[-93.674252,45.297357],[-93.673785,45.296362],[-93.673591,45.296151],[-93.672713,45.295774],[-93.671385,45.295762],[-93.670282,45.295117],[-93.669259,45.294837],[-93.668844,45.294845],[-93.667468,45.2952],[-93.666324,45.294971],[-93.665888,45.294967],[-93.663763,45.2952],[-93.662311,45.295614],[-93.661006,45.295701],[-93.658461,45.295485],[-93.65471,45.294927],[-93.653227,45.295013],[-93.651718,45.294775],[-93.648168,45.295208],[-93.64693,45.295805],[-93.6457,45.296145],[-93.643269,45.296237],[-93.63775,45.295721],[-93.634109,45.29625],[-93.634078,45.30646],[-93.633682,45.313905],[-93.634031,45.32827],[-93.634044,45.342793],[-93.634271,45.347648],[-93.635267,45.347706],[-93.63527,45.347762],[-93.634941,45.348777],[-93.634324,45.348774],[-93.634711,45.357097],[-93.634107,45.371843],[-93.634045,45.385918],[-93.639141,45.385919]]]}},{"type":"Feature","properties":{"role":"County Commissioner","city":"St. Cloud","county":"Sherburne County","ward":null,"wardName":null,"district":5,"stateDistrict":null,"chamber":null,"repName":"Brad Schumacher","repParty":"Nonpartisan","repPhotoUrl":null,"repEmail":"brad.schumacher@co.sherburne.mn.us","repPhone":"7632205472","termsOfService":[{"termStart":null,"termEnd":null,"current":true,"sourceUrl":"https://www.co.sherburne.mn.us/1487/Brad-Schumacher"}],"committees":[],"neighborhoods":[],"officeRoom":null,"profileUrl":"https://www.co.sherburne.mn.us/1487/Brad-Schumacher","candidates":[],"isContested":false,"partyUnityPercent":null,"recentVotes":[]},"geometry":{"type":"Polygon","coordinates":[[[-93.608255,45.385686],[-93.592335,45.385796],[-93.551013,45.385705],[-93.53043,45.38577],[-93.509769,45.385579],[-93.509975,45.400144],[-93.510121,45.429001],[-93.510426,45.443456],[-93.510566,45.457941],[-93.510556,45.486336],[-93.510723,45.51551],[-93.510742,45.54465],[-93.510654,45.551866],[-93.510706,45.558774],[-93.531461,45.558921],[-93.541805,45.558802],[-93.552184,45.558936],[-93.573005,45.558952],[-93.593764,45.559189],[-93.614282,45.559297],[-93.634893,45.5596],[-93.634591,45.544909],[-93.634002,45.501253],[-93.633668,45.48676],[-93.633606,45.477484],[-93.633054,45.443785],[-93.632761,45.418667],[-93.629194,45.416679],[-93.628542,45.416097],[-93.628105,45.415429],[-93.627646,45.414527],[-93.627469,45.413956],[-93.627362,45.410149],[-93.627088,45.409484],[-93.626593,45.408848],[-93.625863,45.408289],[-93.621859,45.406007],[-93.621203,45.405542],[-93.616775,45.400003],[-93.61619,45.39952],[-93.612731,45.397383],[-93.611948,45.396667],[-93.611478,45.395715],[-93.609358,45.387206],[-93.609108,45.386636],[-93.608853,45.386278],[-93.608255,45.385686]]]}},{"type":"Feature","properties":{"role":"County Commissioner","city":"St. Cloud","county":"Sherburne County","ward":null,"wardName":null,"district":4,"stateDistrict":null,"chamber":null,"repName":"Gary Gray","repParty":"Nonpartisan","repPhotoUrl":null,"repEmail":"gary.gray@co.sherburne.mn.us","repPhone":"3207432600.0000005","termsOfService":[{"termStart":null,"termEnd":null,"current":true,"sourceUrl":"https://www.co.sherburne.mn.us/1320/Gary-Gray"}],"committees":[],"neighborhoods":[],"officeRoom":null,"profileUrl":"https://www.co.sherburne.mn.us/1320/Gary-Gray","candidates":[],"isContested":false,"partyUnityPercent":null,"recentVotes":[]},"geometry":{"type":"Polygon","coordinates":[[[-93.64386,45.472274],[-93.633501,45.472261],[-93.633668,45.48676],[-93.634002,45.501253],[-93.634591,45.544909],[-93.634893,45.5596],[-93.655602,45.559765],[-93.676238,45.559758],[-93.728047,45.559592],[-93.759286,45.559619],[-93.780014,45.559448],[-93.800781,45.559772],[-93.842231,45.559978],[-93.862909,45.560197],[-93.924215,45.559861],[-93.934585,45.559713],[-93.944987,45.559766],[-94.027646,45.55908],[-94.03797,45.559212],[-94.058653,45.5592],[-94.068983,45.559384],[-94.089704,45.559202],[-94.110549,45.559299],[-94.147973,45.559121],[-94.146644,45.556431],[-94.145628,45.554971],[-94.145472,45.554572],[-94.14548,45.553812],[-94.145716,45.55287],[-94.145876,45.551713],[-94.146121,45.551045],[-94.146785,45.55027],[-94.146895,45.549923],[-94.146899,45.549296],[-94.146689,45.548176],[-94.146636,45.546903],[-94.146261,45.544797],[-94.146438,45.544588],[-94.14781,45.543654],[-94.148291,45.542842],[-94.149509,45.541274],[-94.150429,45.540729],[-94.151877,45.540437],[-94.153122,45.539079],[-94.153206,45.538835],[-94.153218,45.538004],[-94.153482,45.536272],[-94.153341,45.535269],[-94.15337,45.534897],[-94.153748,45.533535],[-94.154276,45.532463],[-94.154178,45.531591],[-94.15365,45.530939],[-94.151698,45.529931],[-94.150469,45.52906],[-94.150082,45.528086],[-94.149639,45.527389],[-94.149181,45.526243],[-94.148526,45.525278],[-94.146648,45.523505],[-94.14553,45.522927],[-94.145442,45.522692],[-94.14541,45.522165],[-94.14553,45.521198],[-94.145351,45.520749],[-94.144501,45.5201],[-94.143314,45.519862],[-94.142024,45.519284],[-94.140638,45.517965],[-94.139696,45.517234],[-94.139083,45.516195],[-94.138944,45.515628],[-94.138975,45.515093],[-94.13917,45.514471],[-94.139508,45.513792],[-94.139943,45.51317],[-94.140499,45.512605],[-94.141651,45.51201],[-94.14222,45.511618],[-94.14253,45.510731],[-94.142996,45.509822],[-94.143204,45.507973],[-94.142848,45.505978],[-94.142825,45.50539],[-94.143016,45.504296],[-94.142762,45.50262],[-94.143066,45.501943],[-94.143897,45.501047],[-94.143997,45.500759],[-94.143821,45.499884],[-94.143569,45.499413],[-94.142285,45.497718],[-94.141377,45.496971],[-94.140474,45.495939],[-94.139932,45.494721],[-94.139592,45.493409],[-94.139265,45.492614],[-94.138188,45.491949],[-94.137132,45.491091],[-94.136318,45.490546],[-94.13538,45.488983],[-94.135079,45.488201],[-94.134518,45.487493],[-94.133508,45.486984],[-94.131706,45.485726],[-94.130655,45.485108],[-94.129158,45.484399],[-94.127907,45.483985],[-94.12743,45.483742],[-94.126173,45.48279],[-94.125391,45.481884],[-94.123313,45.481044],[-94.122743,45.480911],[-94.121839,45.48082],[-94.11927,45.480992],[-94.117017,45.480542],[-94.114168,45.478658],[-94.113271,45.477961],[-94.112095,45.477461],[-94.111628,45.477063],[-94.109998,45.475196],[-94.109618,45.474197],[-94.108125,45.472188],[-94.106746,45.470939],[-94.106001,45.470406],[-94.103751,45.469136],[-94.102937,45.468774],[-94.101542,45.468381],[-94.100905,45.467943],[-94.100497,45.467439],[-94.10038,45.467195],[-94.10036,45.466883],[-94.100521,45.464653],[-94.100322,45.46382],[-94.100357,45.462253],[-94.100088,45.461325],[-94.100116,45.460744],[-94.100388,45.460015],[-94.101014,45.45905],[-94.101138,45.458322],[-94.101367,45.457828],[-94.101996,45.457517],[-94.102255,45.457276],[-94.102471,45.456335],[-94.102958,45.454862],[-94.103026,45.45398],[-94.102933,45.453586],[-94.102726,45.452979],[-94.102353,45.45258],[-94.10151,45.452069],[-94.100483,45.451762],[-94.097879,45.451548],[-94.09708,45.451381],[-94.095371,45.450453],[-94.092503,45.449349],[-94.091531,45.44919],[-94.089545,45.44922],[-94.088588,45.449108],[-94.085091,45.447834],[-94.083055,45.447483],[-94.081791,45.446923],[-94.081385,45.446596],[-94.080677,45.445487],[-94.079631,45.444254],[-94.078664,45.442763],[-94.078751,45.442466],[-94.079488,45.441119],[-94.080434,45.440372],[-94.080969,45.43976],[-94.080916,45.438787],[-94.080461,45.438234],[-94.08012,45.43807],[-94.079512,45.438064],[-94.076525,45.438482],[-94.07523,45.438783],[-94.074037,45.439207],[-94.073678,45.439239],[-94.07139,45.439084],[-94.068831,45.437998],[-94.067622,45.437691],[-94.067267,45.437389],[-94.066884,45.43666],[-94.066959,45.435817],[-94.067342,45.434962],[-94.067359,45.434741],[-94.066046,45.434165],[-94.06515,45.432614],[-94.064906,45.432435],[-94.064385,45.432234],[-94.063697,45.4321],[-94.061493,45.432352],[-94.059069,45.432986],[-94.057758,45.433583],[-94.0564,45.434923],[-94.056143,45.435074],[-94.054719,45.43513],[-94.052896,45.435747],[-94.052585,45.435677],[-94.052057,45.435381],[-94.050615,45.43408],[-94.050257,45.433573],[-94.050009,45.433009],[-94.049731,45.431642],[-94.049231,45.430502],[-94.04906,45.429735],[-94.049076,45.429173],[-94.049447,45.427089],[-94.049432,45.426378],[-94.049288,45.425974],[-94.048739,45.425048],[-94.048477,45.423747],[-94.048044,45.423064],[-94.047445,45.422471],[-94.04622,45.421564],[-94.045154,45.42065],[-94.042962,45.419554],[-94.042091,45.418942],[-94.040909,45.417803],[-94.039853,45.416139],[-94.039098,45.415509],[-94.038048,45.415005],[-94.034258,45.413897],[-94.033181,45.413329],[-94.031975,45.41254],[-94.030778,45.411085],[-94.029239,45.408511],[-94.028485,45.407598],[-94.028447,45.407289],[-94.028582,45.406315],[-94.02853,45.406083],[-94.027003,45.405579],[-94.026241,45.404422],[-94.024886,45.404001],[-94.023583,45.403421],[-94.020744,45.402729],[-94.019168,45.402998],[-94.015052,45.403259],[-94.010773,45.404196],[-94.008574,45.404502],[-94.007887,45.404473],[-94.006943,45.40423],[-94.006348,45.404012],[-94.005946,45.403723],[-94.005648,45.403181],[-94.005574,45.402506],[-94.005729,45.401775],[-94.006074,45.401234],[-94.006675,45.400716],[-94.009291,45.398843],[-94.012,45.39714],[-94.012283,45.396783],[-94.012634,45.395108],[-94.0127,45.394431],[-94.012654,45.39412],[-94.01228,45.393259],[-94.01115,45.392077],[-94.010665,45.391179],[-94.010463,45.390983],[-94.008992,45.390666],[-94.006742,45.390886],[-94.006329,45.391013],[-94.005654,45.391366],[-94.004901,45.392007],[-94.00474,45.392239],[-94.004582,45.392773],[-94.004502,45.393772],[-94.004772,45.39587],[-94.004739,45.396828],[-94.003279,45.39807],[-94.002834,45.399014],[-94.00228,45.399704],[-94.000586,45.401172],[-93.997896,45.401533],[-93.996586,45.401489],[-93.994216,45.401094],[-93.990118,45.399859],[-93.985508,45.399342],[-93.984935,45.399135],[-93.984481,45.398833],[-93.98204,45.39623],[-93.981114,45.394881],[-93.980228,45.392855],[-93.979562,45.391822],[-93.979073,45.391347],[-93.977272,45.390328],[-93.973862,45.388858],[-93.972673,45.388135],[-93.971314,45.387441],[-93.970346,45.38675],[-93.969861,45.386496],[-93.969275,45.386264],[-93.967835,45.38603],[-93.966796,45.38553],[-93.964751,45.383969],[-93.963123,45.382376],[-93.961493,45.381953],[-93.96046,45.381274],[-93.959482,45.380097],[-93.95836,45.379164],[-93.957317,45.378637],[-93.956057,45.378321],[-93.954723,45.377585],[-93.953615,45.377394],[-93.953189,45.377387],[-93.952898,45.377524],[-93.951078,45.378826],[-93.949105,45.380416],[-93.948812,45.380727],[-93.947135,45.383119],[-93.946471,45.383704],[-93.945913,45.384361],[-93.94513,45.384785],[-93.944319,45.385624],[-93.943786,45.385904],[-93.943489,45.385845],[-93.943056,45.385184],[-93.942833,45.385011],[-93.941211,45.384608],[-93.939482,45.383914],[-93.938651,45.383734],[-93.937541,45.383804],[-93.935495,45.38437],[-93.933332,45.384391],[-93.929436,45.385377],[-93.927481,45.385537],[-93.926733,45.385499],[-93.926092,45.385372],[-93.924029,45.384661],[-93.922347,45.384207],[-93.922365,45.400451],[-93.922573,45.42946],[-93.923368,45.472276],[-93.913056,45.472202],[-93.902736,45.472339],[-93.882137,45.472314],[-93.872017,45.471658],[-93.81014,45.472063],[-93.799761,45.472414],[-93.779166,45.472464],[-93.758576,45.472643],[-93.64386,45.472274]]]}},{"type":"Feature","properties":{"role":"County Commissioner","city":"St. Cloud","county":"Sherburne County","ward":null,"wardName":null,"district":1,"stateDistrict":null,"chamber":null,"repName":"Andrew Hulse","repParty":"Nonpartisan","repPhotoUrl":null,"repEmail":"andrew.hulse@co.sherburne.mn.us","repPhone":"6123846578","termsOfService":[{"termStart":null,"termEnd":null,"current":true,"sourceUrl":"https://www.co.sherburne.mn.us/1318/Andrew-Hulse"}],"committees":[],"neighborhoods":[],"officeRoom":null,"profileUrl":"https://www.co.sherburne.mn.us/1318/Andrew-Hulse","candidates":[],"isContested":false,"partyUnityPercent":null,"recentVotes":[]},"geometry":{"type":"Polygon","coordinates":[[[-93.634109,45.29625],[-93.633308,45.29636],[-93.631145,45.297159],[-93.630105,45.29778],[-93.628857,45.297912],[-93.628179,45.2979],[-93.627095,45.29771],[-93.624743,45.296113],[-93.622636,45.295907],[-93.621319,45.295684],[-93.618879,45.294533],[-93.617309,45.294313],[-93.615252,45.293676],[-93.613974,45.293157],[-93.610408,45.292566],[-93.609147,45.292486],[-93.606743,45.292533],[-93.605164,45.292205],[-93.602455,45.291877],[-93.59961,45.292426],[-93.598193,45.292341],[-93.595724,45.292344],[-93.594309,45.292149],[-93.592919,45.292424],[-93.589505,45.29288],[-93.58794,45.292705],[-93.586835,45.293159],[-93.586016,45.292947],[-93.58478,45.292356],[-93.584095,45.292153],[-93.582508,45.2918],[-93.581389,45.29177],[-93.580932,45.291893],[-93.58043,45.292251],[-93.579977,45.292387],[-93.577555,45.292422],[-93.577045,45.292486],[-93.576246,45.292728],[-93.574145,45.292542],[-93.573162,45.292595],[-93.570457,45.29329],[-93.568923,45.293568],[-93.568268,45.293797],[-93.567654,45.29427],[-93.567072,45.29487],[-93.566827,45.295408],[-93.566823,45.295775],[-93.567022,45.296805],[-93.567262,45.297298],[-93.567873,45.297948],[-93.568839,45.298629],[-93.569188,45.299163],[-93.569267,45.299572],[-93.569247,45.300069],[-93.568903,45.301062],[-93.568531,45.301474],[-93.567914,45.301648],[-93.565329,45.301683],[-93.564579,45.301623],[-93.564121,45.301483],[-93.563447,45.301127],[-93.562872,45.30068],[-93.56237,45.300068],[-93.562082,45.299512],[-93.561469,45.297789],[-93.561252,45.2967],[-93.561184,45.295952],[-93.56138,45.294814],[-93.561088,45.293217],[-93.56025,45.290946],[-93.559867,45.290307],[-93.558886,45.289424],[-93.556838,45.286223],[-93.55569,45.28525],[-93.555146,45.28459],[-93.554994,45.284285],[-93.554351,45.28172],[-93.554378,45.280618],[-93.554144,45.279743],[-93.55449,45.278743],[-93.553707,45.277911],[-93.55361,45.277676],[-93.554064,45.275741],[-93.554096,45.274645],[-93.554349,45.273485],[-93.55432,45.272248],[-93.554111,45.270844],[-93.553527,45.268892],[-93.553421,45.267113],[-93.552651,45.266347],[-93.552513,45.265664],[-93.552351,45.265394],[-93.549778,45.263041],[-93.548643,45.262669],[-93.548158,45.262374],[-93.546326,45.260211],[-93.544806,45.259586],[-93.544124,45.258543],[-93.543131,45.257754],[-93.542551,45.25701],[-93.542267,45.256766],[-93.54121,45.256227],[-93.538769,45.255575],[-93.536362,45.255078],[-93.53228,45.254932],[-93.531817,45.2548],[-93.530726,45.254152],[-93.528743,45.252768],[-93.527271,45.252107],[-93.526906,45.251855],[-93.524132,45.249188],[-93.523626,45.248063],[-93.523377,45.247747],[-93.52284,45.247255],[-93.521147,45.245993],[-93.520696,45.246024],[-93.519734,45.245802],[-93.518751,45.245721],[-93.516529,45.245904],[-93.515201,45.245871],[-93.5139,45.245681],[-93.512696,45.245349],[-93.512355,45.258945],[-93.512457,45.259901],[-93.512247,45.263113],[-93.511584,45.284908],[-93.511077,45.296717],[-93.511265,45.298243],[-93.510992,45.299349],[-93.510635,45.331797],[-93.510557,45.332098],[-93.510289,45.342537],[-93.510317,45.348932],[-93.510199,45.35184],[-93.510178,45.356112],[-93.510292,45.355322],[-93.510618,45.354658],[-93.512893,45.351894],[-93.51334,45.351244],[-93.513643,45.350599],[-93.51409,45.349039],[-93.514534,45.348276],[-93.515165,45.347648],[-93.517235,45.346262],[-93.51819,45.345407],[-93.518539,45.344905],[-93.520487,45.341305],[-93.520655,45.340391],[-93.520937,45.323141],[-93.521038,45.322633],[-93.521284,45.322199],[-93.521676,45.321815],[-93.522141,45.321529],[-93.522893,45.321274],[-93.5236,45.32118],[-93.530163,45.321236],[-93.531155,45.321141],[-93.532569,45.320716],[-93.535429,45.319094],[-93.535754,45.319321],[-93.539511,45.321123],[-93.540414,45.321375],[-93.541415,45.321491],[-93.541411,45.321716],[-93.544502,45.323236],[-93.550291,45.325851],[-93.552706,45.326728],[-93.555872,45.328505],[-93.557515,45.329691],[-93.560687,45.331766],[-93.559408,45.342735],[-93.570236,45.341193],[-93.571279,45.340874],[-93.572462,45.340371],[-93.573759,45.339509],[-93.575196,45.338209],[-93.573077,45.336959],[-93.572463,45.336418],[-93.572185,45.335965],[-93.571951,45.335342],[-93.571922,45.334468],[-93.572138,45.333658],[-93.573892,45.331476],[-93.574354,45.330767],[-93.574541,45.330131],[-93.574513,45.328839],[-93.574581,45.328416],[-93.574833,45.327929],[-93.576057,45.32629],[-93.577124,45.326616],[-93.577926,45.326622],[-93.579725,45.326092],[-93.580503,45.325587],[-93.581073,45.325481],[-93.582189,45.325607],[-93.582317,45.326296],[-93.58244,45.326535],[-93.582742,45.326791],[-93.583199,45.326951],[-93.58446,45.326891],[-93.585568,45.326943],[-93.586008,45.326775],[-93.586364,45.326416],[-93.586603,45.326011],[-93.586703,45.325553],[-93.58663,45.32524],[-93.586202,45.324559],[-93.586495,45.323644],[-93.58597,45.322806],[-93.585299,45.322363],[-93.585466,45.321943],[-93.585461,45.321277],[-93.585109,45.320324],[-93.591113,45.32027],[-93.592267,45.32035],[-93.593269,45.320588],[-93.59439,45.321086],[-93.595068,45.321569],[-93.597034,45.323758],[-93.597651,45.323558],[-93.597832,45.32317],[-93.597705,45.318151],[-93.597556,45.317743],[-93.597111,45.317381],[-93.596979,45.317142],[-93.633846,45.320645],[-93.633682,45.313905],[-93.634078,45.30646],[-93.634109,45.29625]]]}},{"type":"Feature","properties":{"role":"County Commissioner","city":"St. Cloud","county":"Sherburne County","ward":null,"wardName":null,"district":3,"stateDistrict":null,"chamber":null,"repName":"Gregg Felber","repParty":"Nonpartisan","repPhotoUrl":null,"repEmail":"gregg.felber@co.sherburne.mn.us","repPhone":"7633311923","termsOfService":[{"termStart":null,"termEnd":null,"current":true,"sourceUrl":"https://www.co.sherburne.mn.us/1319/Gregg-Felber"}],"committees":[],"neighborhoods":[],"officeRoom":null,"profileUrl":"https://www.co.sherburne.mn.us/1319/Gregg-Felber","candidates":[],"isContested":false,"partyUnityPercent":null,"recentVotes":[]},"geometry":{"type":"Polygon","coordinates":[[[-93.60828,45.385702],[-93.608852,45.386278],[-93.609108,45.386637],[-93.609358,45.387205],[-93.611477,45.395716],[-93.611948,45.396669],[-93.61273,45.397383],[-93.615843,45.399298],[-93.616644,45.399878],[-93.621202,45.405542],[-93.621859,45.406008],[-93.625862,45.408289],[-93.626593,45.40885],[-93.627087,45.409487],[-93.627361,45.410151],[-93.627468,45.413958],[-93.627645,45.41453],[-93.628105,45.41543],[-93.628542,45.416098],[-93.629194,45.416681],[-93.632761,45.418667],[-93.633054,45.443785],[-93.633501,45.472261],[-93.69527,45.472471],[-93.715381,45.472456],[-93.758576,45.472643],[-93.779166,45.472464],[-93.799761,45.472414],[-93.81014,45.472063],[-93.872017,45.471658],[-93.882137,45.472314],[-93.902736,45.472339],[-93.913056,45.472202],[-93.923368,45.472276],[-93.922573,45.42946],[-93.922365,45.400451],[-93.922347,45.384207],[-93.919657,45.383725],[-93.919326,45.383799],[-93.91836,45.384244],[-93.91798,45.384249],[-93.917173,45.383882],[-93.916185,45.383304],[-93.915115,45.38302],[-93.913833,45.382112],[-93.912569,45.381512],[-93.911165,45.378265],[-93.911462,45.377169],[-93.911457,45.376419],[-93.910506,45.375612],[-93.910544,45.37474],[-93.910315,45.373852],[-93.909652,45.372903],[-93.909295,45.3721],[-93.909114,45.371894],[-93.90666,45.371083],[-93.905573,45.370271],[-93.904212,45.369834],[-93.900165,45.368165],[-93.89968,45.368012],[-93.898342,45.367797],[-93.895967,45.366987],[-93.895118,45.366525],[-93.894324,45.366237],[-93.893362,45.365611],[-93.892036,45.365116],[-93.890299,45.364319],[-93.888002,45.36255],[-93.887436,45.361941],[-93.887198,45.361324],[-93.887238,45.360991],[-93.887694,45.359858],[-93.8878,45.359403],[-93.887798,45.358942],[-93.88757,45.358067],[-93.887691,45.357204],[-93.887054,45.356738],[-93.886643,45.356113],[-93.886099,45.35453],[-93.885615,45.353501],[-93.88518,45.351779],[-93.883832,45.34991],[-93.881434,45.347814],[-93.880468,45.347072],[-93.878737,45.346045],[-93.87576,45.343861],[-93.875364,45.343739],[-93.874308,45.34367],[-93.873907,45.343534],[-93.873184,45.343144],[-93.87242,45.34232],[-93.871204,45.342009],[-93.870273,45.341125],[-93.869007,45.340712],[-93.868021,45.340184],[-93.866497,45.339525],[-93.865261,45.339154],[-93.864283,45.338535],[-93.863085,45.338095],[-93.862873,45.337885],[-93.86234,45.336927],[-93.861062,45.335686],[-93.859867,45.334186],[-93.858915,45.333182],[-93.858412,45.332984],[-93.857561,45.33286],[-93.855775,45.332901],[-93.854454,45.333331],[-93.853088,45.334047],[-93.85126,45.33435],[-93.850279,45.334907],[-93.849184,45.335382],[-93.846699,45.336111],[-93.846263,45.336177],[-93.845037,45.336166],[-93.841942,45.33642],[-93.840298,45.336688],[-93.839007,45.336627],[-93.836642,45.335708],[-93.835517,45.335431],[-93.83275,45.335291],[-93.831966,45.335123],[-93.831043,45.334665],[-93.830235,45.333674],[-93.829753,45.332912],[-93.828215,45.331641],[-93.827511,45.330752],[-93.827439,45.330072],[-93.826867,45.329329],[-93.826716,45.328667],[-93.826488,45.328371],[-93.825853,45.328001],[-93.824597,45.327525],[-93.824046,45.327231],[-93.823296,45.326658],[-93.822718,45.325805],[-93.822316,45.325449],[-93.821248,45.324873],[-93.819791,45.324323],[-93.819008,45.323576],[-93.817403,45.322724],[-93.815605,45.321459],[-93.814921,45.320864],[-93.814376,45.320256],[-93.813494,45.318375],[-93.812617,45.31763],[-93.812081,45.316829],[-93.810624,45.315842],[-93.810123,45.31508],[-93.80988,45.314838],[-93.809445,45.314599],[-93.808331,45.314241],[-93.807637,45.313912],[-93.807047,45.313563],[-93.806325,45.312927],[-93.804508,45.311858],[-93.803533,45.311478],[-93.801111,45.31087],[-93.799564,45.310628],[-93.799403,45.329276],[-93.799462,45.358043],[-93.799189,45.37229],[-93.798422,45.386279],[-93.757172,45.386095],[-93.736165,45.385808],[-93.72592,45.385579],[-93.685167,45.38607],[-93.674965,45.385907],[-93.654424,45.385981],[-93.634045,45.385918],[-93.634107,45.371846],[-93.634711,45.357099],[-93.634324,45.348771],[-93.634941,45.348774],[-93.63527,45.347759],[-93.635267,45.347706],[-93.634271,45.347648],[-93.634044,45.342793],[-93.634031,45.328273],[-93.633846,45.320646],[-93.596979,45.317142],[-93.597111,45.317381],[-93.597556,45.317743],[-93.597705,45.318151],[-93.597832,45.32317],[-93.597651,45.323558],[-93.597034,45.323758],[-93.595068,45.321569],[-93.59439,45.321086],[-93.593269,45.320588],[-93.592267,45.32035],[-93.591113,45.32027],[-93.585109,45.320324],[-93.585461,45.32128],[-93.585466,45.321943],[-93.585299,45.322363],[-93.58597,45.322806],[-93.586494,45.323645],[-93.586201,45.32456],[-93.58663,45.32524],[-93.586693,45.325705],[-93.5865,45.326216],[-93.586008,45.326775],[-93.585442,45.32696],[-93.584459,45.326891],[-93.583199,45.326951],[-93.582742,45.326791],[-93.58244,45.326535],[-93.582317,45.326296],[-93.582189,45.325607],[-93.580964,45.325483],[-93.580349,45.325657],[-93.579725,45.326092],[-93.577926,45.326622],[-93.577125,45.326617],[-93.576057,45.32629],[-93.574707,45.328127],[-93.574524,45.328665],[-93.574556,45.329954],[-93.574354,45.330767],[-93.573891,45.331476],[-93.572138,45.333658],[-93.571922,45.334468],[-93.571951,45.335344],[-93.572184,45.335966],[-93.572462,45.33642],[-93.573076,45.336962],[-93.575195,45.338209],[-93.573759,45.33951],[-93.572462,45.340372],[-93.571278,45.340876],[-93.570236,45.341192],[-93.559408,45.342737],[-93.560686,45.331766],[-93.557514,45.329691],[-93.555872,45.328505],[-93.552706,45.326731],[-93.550293,45.325853],[-93.544502,45.323236],[-93.54141,45.321718],[-93.541414,45.321493],[-93.54023,45.321341],[-93.539337,45.321054],[-93.535753,45.319323],[-93.535429,45.319094],[-93.532951,45.320532],[-93.531616,45.321043],[-93.530163,45.321238],[-93.523149,45.321215],[-93.522141,45.321531],[-93.521664,45.321825],[-93.521284,45.322199],[-93.521038,45.322634],[-93.520937,45.323141],[-93.520655,45.340391],[-93.520487,45.341307],[-93.518539,45.344908],[-93.51819,45.345407],[-93.517235,45.346262],[-93.515165,45.347651],[-93.514534,45.348276],[-93.51409,45.349039],[-93.513643,45.350599],[-93.51334,45.351244],[-93.512892,45.351896],[-93.510618,45.354658],[-93.510235,45.355516],[-93.510151,45.357698],[-93.509769,45.385579],[-93.53043,45.38577],[-93.551013,45.385705],[-93.592335,45.385796],[-93.60828,45.385702]]]}},{"type":"Feature","properties":{"role":"County Commissioner","city":"St. Cloud","county":"Benton County","ward":null,"wardName":null,"district":1,"stateDistrict":null,"chamber":null,"repName":"Scott Johnson","repParty":"Nonpartisan","repPhotoUrl":null,"repEmail":"sjohnson@co.benton.mn.us","repPhone":null,"termsOfService":[{"termStart":null,"termEnd":"2029-01-01","current":true,"sourceUrl":"https://www.co.benton.mn.us/381/County-Board"}],"committees":[],"neighborhoods":[],"officeRoom":null,"profileUrl":"https://www.co.benton.mn.us/381/County-Board","candidates":[],"isContested":false,"partyUnityPercent":null,"recentVotes":[]},"geometry":{"type":"Polygon","coordinates":[[[-93.885976,45.823114],[-93.867048,45.822551],[-93.846321,45.822506],[-93.835952,45.822388],[-93.825569,45.822114],[-93.804764,45.821902],[-93.78396,45.821982],[-93.773755,45.822096],[-93.763517,45.822054],[-93.762237,45.778676],[-93.76188,45.771454],[-93.761774,45.764199],[-93.762067,45.74967],[-93.762253,45.735224],[-93.761958,45.72111],[-93.761516,45.69221],[-93.760743,45.663282],[-93.76014,45.618796],[-93.760099,45.604044],[-93.759566,45.57457],[-93.759342,45.567079],[-93.759288,45.559618],[-93.780014,45.559448],[-93.800781,45.559772],[-93.821515,45.559928],[-93.842231,45.559978],[-93.862911,45.560198],[-93.924217,45.559862],[-93.934587,45.559714],[-93.944989,45.559767],[-94.006877,45.559248],[-94.0077,45.58857],[-94.0085,45.6326],[-94.008628,45.647237],[-94.008418,45.662164],[-94.007739,45.691226],[-94.007606,45.705826],[-94.00708,45.720597],[-94.006663,45.735588],[-93.975548,45.735402],[-93.954598,45.735439],[-93.954663,45.736369],[-93.955947,45.737914],[-93.954884,45.738337],[-93.954794,45.738229],[-93.954859,45.739147],[-93.956363,45.740949],[-93.954296,45.74096],[-93.952809,45.739158],[-93.949721,45.739175],[-93.949786,45.739804],[-93.948886,45.739809],[-93.94882,45.73918],[-93.93929,45.739214],[-93.938784,45.73546],[-93.913902,45.7355],[-93.883782,45.735668],[-93.88379,45.742892],[-93.884598,45.779158],[-93.88458,45.786415],[-93.884978,45.80099],[-93.885042,45.808267],[-93.885976,45.823114]]]}},{"type":"Feature","properties":{"role":"County Commissioner","city":"St. Cloud","county":"Benton County","ward":null,"wardName":null,"district":5,"stateDistrict":null,"chamber":null,"repName":"Pam Benoit","repParty":"Nonpartisan","repPhotoUrl":null,"repEmail":"pbenoit@co.benton.mn.us","repPhone":null,"termsOfService":[{"termStart":null,"termEnd":"2029-01-01","current":true,"sourceUrl":"https://www.co.benton.mn.us/381/County-Board"}],"committees":[],"neighborhoods":[],"officeRoom":null,"profileUrl":"https://www.co.benton.mn.us/381/County-Board","candidates":[],"isContested":false,"partyUnityPercent":null,"recentVotes":[]},"geometry":{"type":"Polygon","coordinates":[[[-94.039964,45.647624],[-94.01917,45.647301],[-94.008628,45.647237],[-94.0085,45.6326],[-94.0077,45.58857],[-94.006877,45.559248],[-94.027647,45.55908],[-94.037971,45.559212],[-94.058653,45.559201],[-94.068984,45.559385],[-94.089706,45.559202],[-94.110552,45.5593],[-94.147751,45.559121],[-94.148346,45.559524],[-94.148835,45.560089],[-94.14952,45.560578],[-94.149521,45.560671],[-94.150563,45.561392],[-94.151525,45.561789],[-94.152607,45.56239],[-94.152933,45.562468],[-94.153431,45.562787],[-94.154387,45.563146],[-94.157409,45.564784],[-94.158157,45.56527],[-94.159392,45.566393],[-94.159517,45.566724],[-94.159864,45.566966],[-94.160628,45.568104],[-94.160768,45.568901],[-94.160907,45.569244],[-94.160755,45.569506],[-94.160783,45.569613],[-94.161005,45.569671],[-94.161143,45.569613],[-94.161129,45.569321],[-94.16124,45.569233],[-94.161475,45.569224],[-94.161503,45.569379],[-94.161753,45.569632],[-94.162225,45.570409],[-94.162669,45.570905],[-94.163392,45.572237],[-94.163393,45.572879],[-94.162581,45.57424],[-94.16252,45.574543],[-94.161336,45.574639],[-94.16117,45.573628],[-94.153043,45.573697],[-94.155575,45.577312],[-94.153888,45.577326],[-94.154052,45.577514],[-94.153363,45.577809],[-94.152122,45.576351],[-94.151219,45.576735],[-94.15121,45.577334],[-94.145136,45.577334],[-94.144963,45.577247],[-94.142735,45.577226],[-94.142759,45.577965],[-94.137615,45.576803],[-94.137603,45.576522],[-94.134817,45.576125],[-94.133443,45.575771],[-94.134066,45.574794],[-94.135313,45.575186],[-94.136233,45.573743],[-94.132396,45.574647],[-94.132725,45.581008],[-94.132782,45.584646],[-94.127147,45.584742],[-94.1273,45.588395],[-94.127231,45.595704],[-94.123755,45.59576],[-94.123739,45.592113],[-94.124238,45.592104],[-94.12411,45.588459],[-94.121615,45.588508],[-94.121542,45.586699],[-94.119976,45.58673],[-94.120053,45.588539],[-94.120168,45.588537],[-94.120208,45.595818],[-94.122024,45.595788],[-94.121924,45.603038],[-94.127532,45.602917],[-94.12882,45.602368],[-94.128927,45.602492],[-94.128954,45.603312],[-94.129455,45.603098],[-94.129428,45.602278],[-94.129321,45.602154],[-94.130223,45.601769],[-94.129573,45.60069],[-94.13105,45.600167],[-94.132142,45.600012],[-94.132939,45.599994],[-94.132924,45.6028],[-94.133092,45.606688],[-94.128855,45.606778],[-94.128845,45.606545],[-94.127267,45.606578],[-94.127215,45.604766],[-94.125767,45.604787],[-94.12518,45.60392],[-94.117172,45.607336],[-94.117233,45.61044],[-94.117045,45.610444],[-94.117117,45.614081],[-94.122263,45.614003],[-94.122392,45.618548],[-94.127863,45.618453],[-94.12784,45.618695],[-94.133551,45.618574],[-94.133654,45.631995],[-94.134023,45.647293],[-94.081564,45.647454],[-94.071202,45.647623],[-94.050292,45.647776],[-94.039964,45.647624]],[[-94.130535,45.601806],[-94.129929,45.602064],[-94.129956,45.602885],[-94.130623,45.6026],[-94.130597,45.60178],[-94.130535,45.601806]]]}},{"type":"Feature","properties":{"role":"County Commissioner","city":"St. Cloud","county":"Benton County","ward":null,"wardName":null,"district":3,"stateDistrict":null,"chamber":null,"repName":"Steve Heinen","repParty":"Nonpartisan","repPhotoUrl":null,"repEmail":"sheinen@co.benton.mn.us","repPhone":null,"termsOfService":[{"termStart":null,"termEnd":"2027-01-01","current":true,"sourceUrl":"https://www.co.benton.mn.us/381/County-Board"}],"committees":[],"neighborhoods":[],"officeRoom":null,"profileUrl":"https://www.co.benton.mn.us/381/County-Board","candidates":[],"isContested":false,"partyUnityPercent":null,"recentVotes":[]},"geometry":{"type":"MultiPolygon","coordinates":[[[[-94.200262,45.630215],[-94.200257,45.630111],[-94.200639,45.630114],[-94.200461,45.626993],[-94.200027,45.62701],[-94.199956,45.626285],[-94.198999,45.62633],[-94.199061,45.627065],[-94.198822,45.627207],[-94.198645,45.627157],[-94.19848,45.627258],[-94.198201,45.627247],[-94.19799,45.627389],[-94.197398,45.627417],[-94.197359,45.627022],[-94.197308,45.626925],[-94.197169,45.626901],[-94.196932,45.627053],[-94.196497,45.627104],[-94.196599,45.62724],[-94.196208,45.627404],[-94.196203,45.627241],[-94.19365,45.627243],[-94.19366,45.628208],[-94.193034,45.62821],[-94.193024,45.627243],[-94.192352,45.627244],[-94.192323,45.624458],[-94.185766,45.624511],[-94.185641,45.617203],[-94.180452,45.61721],[-94.180629,45.628262],[-94.175428,45.628284],[-94.17532,45.621055],[-94.175191,45.621055],[-94.175134,45.617216],[-94.175393,45.617216],[-94.175384,45.616928],[-94.170004,45.616917],[-94.153801,45.602587],[-94.152148,45.600901],[-94.151743,45.600352],[-94.151432,45.599612],[-94.151148,45.598212],[-94.153683,45.598228],[-94.153794,45.601604],[-94.153897,45.601862],[-94.154159,45.602167],[-94.154881,45.602522],[-94.155301,45.602587],[-94.170187,45.602601],[-94.170227,45.599241],[-94.170118,45.599047],[-94.169414,45.598603],[-94.17356,45.595611],[-94.176179,45.593587],[-94.176962,45.593901],[-94.17767,45.594097],[-94.178042,45.594114],[-94.178886,45.594444],[-94.180041,45.594973],[-94.180687,45.59546],[-94.181072,45.595634],[-94.182067,45.596578],[-94.182986,45.597195],[-94.183447,45.597865],[-94.183919,45.598134],[-94.185858,45.599832],[-94.186255,45.600014],[-94.186952,45.600684],[-94.188095,45.601528],[-94.190231,45.602317],[-94.191274,45.602795],[-94.192242,45.603383],[-94.192756,45.603907],[-94.193026,45.604373],[-94.19371,45.605211],[-94.194673,45.607136],[-94.194661,45.609015],[-94.1951,45.609663],[-94.195943,45.610476],[-94.196236,45.611148],[-94.196397,45.611205],[-94.196479,45.611389],[-94.197572,45.612408],[-94.197714,45.612719],[-94.198017,45.612903],[-94.198605,45.613795],[-94.199982,45.615423],[-94.2029,45.619347],[-94.202919,45.619597],[-94.20234,45.620914],[-94.201778,45.621655],[-94.201198,45.622678],[-94.201199,45.623023],[-94.200981,45.62342],[-94.200947,45.624097],[-94.200639,45.624841],[-94.200844,45.626335],[-94.201044,45.626539],[-94.201045,45.626667],[-94.20079,45.626872],[-94.200791,45.627115],[-94.201119,45.627242],[-94.201614,45.628359],[-94.201743,45.6291],[-94.202011,45.632009],[-94.202047,45.633285],[-94.202293,45.63394],[-94.20317,45.634994],[-94.203353,45.63571],[-94.19895,45.635683],[-94.19938,45.634942],[-94.199737,45.633973],[-94.200226,45.631175],[-94.200262,45.630215]]],[[[-94.191257,45.601646],[-94.191174,45.601498],[-94.190918,45.601505],[-94.188303,45.600527],[-94.188266,45.60036],[-94.188046,45.60029],[-94.187671,45.599822],[-94.187259,45.599637],[-94.186929,45.599374],[-94.186691,45.599054],[-94.186252,45.598952],[-94.185474,45.598254],[-94.187888,45.598892],[-94.188473,45.599116],[-94.189305,45.599224],[-94.189862,45.599384],[-94.190878,45.599863],[-94.191455,45.600376],[-94.191887,45.601517],[-94.19207,45.601651],[-94.192052,45.601901],[-94.191705,45.601921],[-94.191257,45.601646]]]]}},{"type":"Feature","properties":{"role":"County Commissioner","city":"St. Cloud","county":"Benton County","ward":null,"wardName":null,"district":4,"stateDistrict":null,"chamber":null,"repName":"Jared J Gapinski","repParty":"Nonpartisan","repPhotoUrl":null,"repEmail":"jgapinski@co.benton.mn.us","repPhone":null,"termsOfService":[{"termStart":null,"termEnd":"2029-01-01","current":true,"sourceUrl":"https://www.co.benton.mn.us/381/County-Board"}],"committees":[],"neighborhoods":[],"officeRoom":null,"profileUrl":"https://www.co.benton.mn.us/381/County-Board","candidates":[],"isContested":false,"partyUnityPercent":null,"recentVotes":[]},"geometry":{"type":"MultiPolygon","coordinates":[[[[-94.186162,45.647414],[-94.175702,45.647267],[-94.154981,45.647202],[-94.134023,45.647293],[-94.133654,45.631995],[-94.133551,45.618574],[-94.12784,45.618695],[-94.127863,45.618453],[-94.122392,45.618548],[-94.122263,45.614003],[-94.117117,45.614081],[-94.117045,45.610444],[-94.117233,45.61044],[-94.117172,45.607336],[-94.12518,45.60392],[-94.125767,45.604787],[-94.127215,45.604766],[-94.127267,45.606578],[-94.128845,45.606545],[-94.128855,45.606778],[-94.133092,45.606688],[-94.132924,45.6028],[-94.132939,45.599994],[-94.132142,45.600012],[-94.13105,45.600167],[-94.129573,45.60069],[-94.130223,45.601769],[-94.129321,45.602154],[-94.129428,45.602278],[-94.129455,45.603098],[-94.128954,45.603312],[-94.128927,45.602492],[-94.12882,45.602368],[-94.127532,45.602917],[-94.121924,45.603038],[-94.122024,45.595788],[-94.120208,45.595818],[-94.120168,45.588537],[-94.120053,45.588539],[-94.119976,45.58673],[-94.121542,45.586699],[-94.121615,45.588508],[-94.12411,45.588459],[-94.124238,45.592104],[-94.123739,45.592113],[-94.123755,45.59576],[-94.127231,45.595704],[-94.1273,45.588395],[-94.127147,45.584742],[-94.132782,45.584646],[-94.132725,45.581008],[-94.132396,45.574647],[-94.136233,45.573743],[-94.135313,45.575186],[-94.134066,45.574794],[-94.133443,45.575771],[-94.134817,45.576125],[-94.137603,45.576522],[-94.137615,45.576803],[-94.142759,45.577965],[-94.142735,45.577226],[-94.144963,45.577247],[-94.145136,45.577334],[-94.15121,45.577334],[-94.151219,45.576735],[-94.152122,45.576351],[-94.153363,45.577809],[-94.154052,45.577514],[-94.153888,45.577326],[-94.155575,45.577312],[-94.153043,45.573697],[-94.16117,45.573628],[-94.161336,45.574639],[-94.16252,45.574543],[-94.162519,45.57509],[-94.162878,45.57567],[-94.162869,45.575811],[-94.163007,45.576069],[-94.163264,45.57623],[-94.163366,45.576606],[-94.164184,45.577269],[-94.164515,45.577713],[-94.165241,45.578389],[-94.165472,45.579008],[-94.165888,45.580483],[-94.165797,45.580799],[-94.165844,45.581308],[-94.166093,45.582192],[-94.165938,45.582386],[-94.16604,45.582843],[-94.165884,45.58323],[-94.165986,45.58352],[-94.166051,45.584192],[-94.1663,45.58452],[-94.16631,45.584804],[-94.166438,45.584964],[-94.166448,45.585358],[-94.166587,45.585589],[-94.166569,45.585905],[-94.167221,45.58621],[-94.167956,45.586809],[-94.168498,45.586699],[-94.168819,45.586905],[-94.168463,45.587537],[-94.168739,45.587762],[-94.168831,45.58813],[-94.169387,45.588707],[-94.169371,45.589067],[-94.169869,45.589856],[-94.171624,45.591073],[-94.171822,45.591072],[-94.173229,45.591907],[-94.173527,45.59193],[-94.174173,45.592556],[-94.174789,45.592814],[-94.17551,45.593319],[-94.176179,45.593587],[-94.17356,45.595611],[-94.169414,45.598603],[-94.170118,45.599047],[-94.170227,45.599241],[-94.170187,45.602601],[-94.155301,45.602587],[-94.154881,45.602522],[-94.154159,45.602167],[-94.153897,45.601862],[-94.153794,45.601604],[-94.153683,45.598228],[-94.151148,45.598212],[-94.151476,45.599763],[-94.151832,45.600494],[-94.153801,45.602587],[-94.170004,45.616917],[-94.175384,45.616928],[-94.175393,45.617216],[-94.175134,45.617216],[-94.175191,45.621055],[-94.17532,45.621055],[-94.175428,45.628284],[-94.180629,45.628262],[-94.180452,45.61721],[-94.185641,45.617203],[-94.185766,45.624511],[-94.192323,45.624458],[-94.192352,45.627244],[-94.193024,45.627243],[-94.193034,45.62821],[-94.19366,45.628208],[-94.19365,45.627243],[-94.196203,45.627241],[-94.196208,45.627404],[-94.196599,45.62724],[-94.196497,45.627104],[-94.196932,45.627053],[-94.197169,45.626901],[-94.197308,45.626925],[-94.197359,45.627022],[-94.197398,45.627417],[-94.19799,45.627389],[-94.198201,45.627247],[-94.19848,45.627258],[-94.198645,45.627157],[-94.198822,45.627207],[-94.199061,45.627065],[-94.198999,45.62633],[-94.199956,45.626285],[-94.200027,45.62701],[-94.200461,45.626993],[-94.200639,45.630114],[-94.200257,45.630111],[-94.200226,45.631175],[-94.199784,45.633776],[-94.199468,45.634751],[-94.19895,45.635683],[-94.203353,45.63571],[-94.203499,45.636562],[-94.203196,45.637193],[-94.20306,45.639375],[-94.202758,45.640587],[-94.202582,45.643201],[-94.202138,45.6443],[-94.202019,45.64517],[-94.202001,45.646182],[-94.20137,45.647357],[-94.186162,45.647414]]],[[[-94.130535,45.601806],[-94.130597,45.60178],[-94.130623,45.6026],[-94.129956,45.602885],[-94.129929,45.602064],[-94.130535,45.601806]]]]}},{"type":"Feature","properties":{"role":"County Commissioner","city":"St. Cloud","county":"Benton County","ward":null,"wardName":null,"district":2,"stateDistrict":null,"chamber":null,"repName":"Ed Popp","repParty":"Nonpartisan","repPhotoUrl":null,"repEmail":"epopp@co.benton.mn.us","repPhone":null,"termsOfService":[{"termStart":null,"termEnd":"2027-01-01","current":true,"sourceUrl":"https://www.co.benton.mn.us/381/County-Board"}],"committees":[],"neighborhoods":[],"officeRoom":null,"profileUrl":"https://www.co.benton.mn.us/381/County-Board","candidates":[],"isContested":false,"partyUnityPercent":null,"recentVotes":[]},"geometry":{"type":"MultiPolygon","coordinates":[[[[-93.917318,45.823572],[-93.885976,45.823114],[-93.885042,45.808267],[-93.884978,45.80099],[-93.88458,45.786415],[-93.884598,45.779158],[-93.88379,45.742892],[-93.883782,45.735668],[-93.913902,45.7355],[-93.938784,45.73546],[-93.93929,45.739214],[-93.94882,45.73918],[-93.948886,45.739809],[-93.949786,45.739804],[-93.949721,45.739175],[-93.952809,45.739158],[-93.954296,45.74096],[-93.956363,45.740949],[-93.954859,45.739147],[-93.954794,45.738229],[-93.954884,45.738337],[-93.955947,45.737914],[-93.954663,45.736369],[-93.954598,45.735439],[-93.975548,45.735402],[-94.006663,45.735588],[-94.00708,45.720597],[-94.007606,45.705826],[-94.007739,45.691226],[-94.008418,45.662164],[-94.008628,45.647237],[-94.01917,45.647301],[-94.050292,45.647776],[-94.071202,45.647623],[-94.081564,45.647454],[-94.154981,45.647202],[-94.175702,45.647267],[-94.186162,45.647414],[-94.20137,45.647357],[-94.200584,45.648159],[-94.199467,45.649719],[-94.198409,45.650942],[-94.197691,45.651715],[-94.197391,45.651814],[-94.196771,45.652334],[-94.195822,45.653699],[-94.19541,45.6547],[-94.195304,45.655446],[-94.195576,45.655889],[-94.195758,45.656484],[-94.195632,45.656661],[-94.195779,45.657736],[-94.195942,45.658002],[-94.195925,45.658574],[-94.196106,45.658612],[-94.196053,45.659017],[-94.19589,45.65903],[-94.195152,45.659752],[-94.195011,45.660891],[-94.195157,45.661498],[-94.195065,45.662999],[-94.194834,45.66378],[-94.194344,45.664685],[-94.194196,45.665223],[-94.194406,45.665455],[-94.196424,45.665907],[-94.196298,45.666468],[-94.195998,45.666899],[-94.195374,45.667501],[-94.192978,45.668813],[-94.191602,45.669944],[-94.189951,45.672095],[-94.188692,45.673058],[-94.187812,45.673103],[-94.187335,45.673293],[-94.186507,45.673271],[-94.183973,45.673751],[-94.183899,45.673989],[-94.183603,45.674353],[-94.182671,45.675128],[-94.182305,45.676296],[-94.182273,45.676662],[-94.18103,45.678525],[-94.181457,45.679856],[-94.18177,45.68017],[-94.181858,45.680423],[-94.182969,45.681296],[-94.185015,45.681532],[-94.187582,45.681188],[-94.187719,45.68104],[-94.188317,45.680881],[-94.192431,45.680378],[-94.19273,45.680413],[-94.19343,45.680266],[-94.194575,45.679855],[-94.196334,45.678908],[-94.198105,45.678348],[-94.197065,45.678342],[-94.195835,45.678537],[-94.195866,45.678373],[-94.197935,45.678207],[-94.198911,45.678265],[-94.199293,45.678205],[-94.199346,45.678094],[-94.199239,45.677997],[-94.198783,45.677916],[-94.196788,45.677851],[-94.196438,45.677859],[-94.195462,45.678121],[-94.194486,45.678144],[-94.192929,45.679136],[-94.191264,45.67974],[-94.190547,45.679877],[-94.19163,45.679439],[-94.194364,45.678041],[-94.195641,45.677647],[-94.196752,45.677475],[-94.197742,45.677393],[-94.199178,45.677683],[-94.200658,45.678375],[-94.201521,45.679098],[-94.202546,45.680993],[-94.202532,45.681315],[-94.202893,45.68218],[-94.203054,45.683226],[-94.20303,45.683782],[-94.203177,45.683924],[-94.203155,45.685785],[-94.202875,45.686371],[-94.202032,45.687536],[-94.201789,45.688115],[-94.201692,45.688658],[-94.201647,45.689555],[-94.201712,45.689864],[-94.202338,45.691308],[-94.204657,45.693662],[-94.206411,45.695093],[-94.206946,45.695756],[-94.20713,45.695882],[-94.207489,45.696679],[-94.208246,45.700182],[-94.209073,45.701906],[-94.209404,45.702363],[-94.210384,45.703011],[-94.210938,45.703308],[-94.211292,45.7034],[-94.211674,45.7038],[-94.212518,45.704332],[-94.21394,45.705044],[-94.215596,45.70562],[-94.213432,45.70454],[-94.21416,45.704794],[-94.214929,45.705214],[-94.215456,45.705287],[-94.215177,45.705035],[-94.214928,45.704988],[-94.21434,45.704653],[-94.214302,45.704505],[-94.21388,45.704258],[-94.213971,45.704154],[-94.21389,45.704078],[-94.213145,45.703786],[-94.213583,45.703871],[-94.21427,45.704156],[-94.215791,45.70501],[-94.216608,45.705357],[-94.217138,45.705766],[-94.217948,45.70621],[-94.218684,45.706806],[-94.219642,45.707762],[-94.220573,45.709158],[-94.221061,45.709683],[-94.221295,45.710167],[-94.221544,45.711631],[-94.221695,45.712103],[-94.221635,45.712981],[-94.221714,45.713701],[-94.22296,45.714817],[-94.223354,45.714945],[-94.223672,45.714953],[-94.223857,45.715794],[-94.223644,45.7163],[-94.222749,45.716916],[-94.222476,45.716903],[-94.22195,45.717095],[-94.217077,45.717402],[-94.216239,45.717649],[-94.215665,45.717913],[-94.215178,45.718211],[-94.213819,45.719338],[-94.213448,45.719924],[-94.2133,45.720322],[-94.213102,45.721806],[-94.213077,45.723148],[-94.213338,45.723127],[-94.213893,45.724407],[-94.213955,45.725972],[-94.214898,45.728382],[-94.216541,45.729009],[-94.217215,45.7289],[-94.219128,45.727823],[-94.221499,45.72799],[-94.222755,45.728477],[-94.22558,45.729278],[-94.225963,45.729131],[-94.227637,45.729665],[-94.233354,45.730242],[-94.234435,45.730484],[-94.23548,45.730531],[-94.236457,45.730798],[-94.238045,45.731401],[-94.238739,45.731802],[-94.239472,45.73224],[-94.240182,45.732825],[-94.240426,45.732899],[-94.240932,45.73336],[-94.240933,45.733485],[-94.241512,45.733845],[-94.242383,45.734197],[-94.242701,45.734413],[-94.243059,45.734423],[-94.243751,45.734622],[-94.245948,45.734812],[-94.246331,45.734953],[-94.246767,45.735274],[-94.246869,45.735472],[-94.247613,45.73592],[-94.247692,45.736277],[-94.248137,45.73675],[-94.248271,45.737122],[-94.248816,45.737785],[-94.25087,45.738721],[-94.251725,45.739255],[-94.255188,45.740663],[-94.25752,45.741846],[-94.259332,45.743284],[-94.259922,45.743945],[-94.259923,45.744265],[-94.260185,45.744923],[-94.26022,45.745874],[-94.260432,45.746809],[-94.260685,45.747307],[-94.260865,45.748075],[-94.26118,45.748513],[-94.261672,45.748768],[-94.262061,45.749172],[-94.262268,45.749495],[-94.262287,45.749847],[-94.262462,45.75021],[-94.263473,45.751686],[-94.264413,45.752607],[-94.264971,45.753358],[-94.265495,45.754328],[-94.265461,45.754673],[-94.265776,45.755365],[-94.265555,45.756348],[-94.265021,45.757345],[-94.264588,45.757588],[-94.263502,45.759267],[-94.263245,45.759971],[-94.263144,45.760809],[-94.263214,45.761149],[-94.263218,45.762156],[-94.263639,45.76343],[-94.26411,45.764109],[-94.265275,45.764616],[-94.266254,45.764846],[-94.268031,45.765412],[-94.268446,45.765441],[-94.268978,45.765638],[-94.269311,45.765939],[-94.27029,45.766076],[-94.270806,45.76647],[-94.271724,45.767885],[-94.271465,45.76956],[-94.270887,45.770374],[-94.27013,45.771908],[-94.270065,45.772291],[-94.270289,45.774218],[-94.271257,45.775797],[-94.273537,45.777499],[-94.274085,45.777603],[-94.274582,45.777579],[-94.274748,45.777497],[-94.277155,45.777899],[-94.278152,45.778291],[-94.278406,45.778576],[-94.279621,45.778791],[-94.280138,45.77927],[-94.280413,45.779414],[-94.280345,45.779678],[-94.280105,45.779606],[-94.280346,45.77987],[-94.281889,45.780976],[-94.282366,45.781132],[-94.283082,45.781337],[-94.28482,45.781657],[-94.288095,45.781003],[-94.288488,45.781041],[-94.289205,45.781667],[-94.290093,45.782939],[-94.290711,45.783409],[-94.292396,45.784081],[-94.293292,45.784021],[-94.295634,45.784551],[-94.296222,45.784579],[-94.297709,45.784929],[-94.298003,45.784889],[-94.298831,45.785152],[-94.299167,45.785161],[-94.299897,45.785541],[-94.300514,45.78556],[-94.300753,45.785687],[-94.301859,45.785723],[-94.302055,45.785645],[-94.30362,45.785639],[-94.30519,45.785875],[-94.306305,45.786551],[-94.30751,45.787985],[-94.308883,45.78882],[-94.30947,45.789386],[-94.309318,45.789627],[-94.309195,45.79048],[-94.309245,45.791824],[-94.309482,45.792747],[-94.309836,45.793184],[-94.309821,45.793408],[-94.310776,45.793991],[-94.312284,45.794258],[-94.312509,45.794575],[-94.312393,45.795635],[-94.311775,45.797449],[-94.311817,45.798331],[-94.311876,45.799136],[-94.312066,45.799763],[-94.312349,45.80015],[-94.312921,45.800646],[-94.31368,45.80103],[-94.313923,45.801062],[-94.314233,45.801336],[-94.316021,45.801789],[-94.316704,45.801873],[-94.318292,45.801719],[-94.318647,45.801495],[-94.31817,45.80149],[-94.318151,45.801405],[-94.318486,45.801202],[-94.318457,45.801058],[-94.318969,45.800566],[-94.319622,45.800187],[-94.319659,45.800069],[-94.320377,45.799708],[-94.320872,45.799608],[-94.321498,45.79964],[-94.322322,45.79986],[-94.325682,45.802027],[-94.327559,45.802647],[-94.328319,45.803051],[-94.332519,45.804257],[-94.33292,45.8041],[-94.334484,45.804596],[-94.335736,45.805185],[-94.33735,45.806617],[-94.339348,45.808591],[-94.339952,45.80911],[-94.3409,45.809709],[-94.34093,45.809989],[-94.342107,45.810507],[-94.344379,45.812344],[-94.344899,45.813204],[-94.346095,45.814464],[-94.346346,45.814858],[-94.346664,45.815764],[-94.346959,45.816189],[-94.347149,45.816755],[-94.347232,45.817479],[-94.347228,45.81778],[-94.347065,45.818151],[-94.34635,45.818778],[-94.346295,45.818903],[-94.346433,45.821597],[-94.347721,45.82184],[-94.347862,45.821944],[-94.348087,45.821866],[-94.349349,45.821929],[-94.350785,45.821806],[-94.351134,45.821934],[-94.351192,45.822056],[-94.3252,45.822421],[-94.283013,45.822651],[-94.261705,45.822857],[-94.21955,45.822991],[-94.187971,45.823397],[-94.177424,45.823446],[-94.156384,45.823263],[-94.135344,45.82328],[-94.094429,45.823571],[-94.062543,45.823695],[-94.052222,45.823628],[-94.010458,45.823983],[-94.000916,45.824168],[-93.990532,45.82426],[-93.959108,45.82412],[-93.938211,45.823881],[-93.927759,45.823654],[-93.917318,45.823572]]],[[[-94.333997,45.803642],[-94.332582,45.803313],[-94.331487,45.803352],[-94.33035,45.803032],[-94.330257,45.802903],[-94.329967,45.802931],[-94.329121,45.802776],[-94.328776,45.802371],[-94.326303,45.801518],[-94.324914,45.800811],[-94.324686,45.800248],[-94.3238,45.799761],[-94.323706,45.799576],[-94.323771,45.79941],[-94.323995,45.799317],[-94.324946,45.799463],[-94.325277,45.799628],[-94.325541,45.799627],[-94.326441,45.799967],[-94.327167,45.800131],[-94.327472,45.800343],[-94.327816,45.800397],[-94.329655,45.801399],[-94.330278,45.801924],[-94.330503,45.802025],[-94.331401,45.802078],[-94.332234,45.802279],[-94.332962,45.80261],[-94.333386,45.802914],[-94.333716,45.803005],[-94.333915,45.803125],[-94.334141,45.803475],[-94.334299,45.803502],[-94.334261,45.803678],[-94.333997,45.803642]]],[[[-94.205789,45.693471],[-94.205417,45.693227],[-94.205679,45.693256],[-94.205622,45.69313],[-94.205696,45.693105],[-94.205572,45.693004],[-94.205547,45.692825],[-94.204694,45.692465],[-94.204609,45.692492],[-94.204372,45.692237],[-94.20429,45.692049],[-94.204828,45.692437],[-94.205093,45.692511],[-94.205146,45.692432],[-94.204828,45.692269],[-94.204926,45.692145],[-94.204718,45.692172],[-94.204321,45.691871],[-94.203729,45.691235],[-94.203097,45.69001],[-94.202901,45.689408],[-94.202856,45.6887],[-94.202954,45.688236],[-94.203147,45.687899],[-94.203119,45.687768],[-94.203239,45.687632],[-94.20373,45.68776],[-94.203876,45.687903],[-94.20402,45.687925],[-94.204283,45.688334],[-94.204959,45.689809],[-94.205266,45.691017],[-94.205493,45.691309],[-94.205685,45.691847],[-94.205718,45.692278],[-94.205997,45.693243],[-94.206004,45.693409],[-94.205789,45.693471]]],[[[-94.309494,45.789865],[-94.309673,45.789629],[-94.310503,45.790659],[-94.310849,45.791281],[-94.311562,45.792025],[-94.311905,45.793153],[-94.311925,45.793519],[-94.311473,45.793982],[-94.310578,45.793799],[-94.310004,45.793089],[-94.309634,45.79224],[-94.309512,45.791171],[-94.309494,45.789865]]],[[[-94.326779,45.799718],[-94.326051,45.79972],[-94.324837,45.799262],[-94.323935,45.799103],[-94.323415,45.799112],[-94.32272,45.798597],[-94.322938,45.798362],[-94.323423,45.798377],[-94.325955,45.798864],[-94.326788,45.799169],[-94.32711,45.798918],[-94.327539,45.799215],[-94.328039,45.80007],[-94.328539,45.800627],[-94.32678,45.799936],[-94.326779,45.799718]]],[[[-94.350335,45.820223],[-94.350195,45.820209],[-94.348995,45.819481],[-94.348471,45.819338],[-94.348174,45.819134],[-94.348083,45.818791],[-94.348255,45.818394],[-94.348274,45.818113],[-94.348378,45.817987],[-94.348546,45.818035],[-94.348482,45.818193],[-94.348827,45.818063],[-94.349276,45.818274],[-94.349794,45.818368],[-94.35033,45.818797],[-94.350602,45.819354],[-94.350711,45.819431],[-94.350933,45.820024],[-94.350837,45.82018],[-94.350335,45.820223]]],[[[-94.290149,45.781562],[-94.290282,45.781488],[-94.291019,45.781736],[-94.292958,45.78286],[-94.293268,45.783257],[-94.292273,45.783278],[-94.291179,45.782952],[-94.290532,45.782566],[-94.290208,45.782101],[-94.290101,45.781753],[-94.290149,45.781562]]],[[[-94.227663,45.729031],[-94.22754,45.72899],[-94.227535,45.728886],[-94.227109,45.728756],[-94.225927,45.728639],[-94.224171,45.728231],[-94.22632,45.728191],[-94.226937,45.728257],[-94.227545,45.728636],[-94.227838,45.728911],[-94.228072,45.728945],[-94.228019,45.728986],[-94.228184,45.729097],[-94.228051,45.729131],[-94.227663,45.729031]]],[[[-94.348434,45.816905],[-94.348173,45.816163],[-94.348359,45.816532],[-94.348535,45.816627],[-94.348566,45.81656],[-94.347984,45.815697],[-94.34823,45.815905],[-94.348282,45.816099],[-94.348431,45.816097],[-94.348642,45.816579],[-94.348792,45.816651],[-94.348813,45.816845],[-94.348953,45.816824],[-94.348966,45.816671],[-94.349056,45.816722],[-94.349351,45.81714],[-94.349467,45.817545],[-94.349687,45.817871],[-94.349406,45.817897],[-94.349139,45.817794],[-94.348434,45.816905]]],[[[-94.347489,45.820915],[-94.347159,45.820925],[-94.346678,45.820481],[-94.346766,45.819801],[-94.347094,45.819467],[-94.347136,45.819507],[-94.347031,45.819703],[-94.347287,45.820103],[-94.347217,45.820221],[-94.347252,45.820335],[-94.347434,45.820417],[-94.34752,45.820613],[-94.347758,45.82064],[-94.347802,45.820747],[-94.348273,45.821014],[-94.347489,45.820915]]],[[[-94.348508,45.820973],[-94.347983,45.820775],[-94.347875,45.820592],[-94.347885,45.820343],[-94.348444,45.82038],[-94.349259,45.820574],[-94.349205,45.820739],[-94.348988,45.820865],[-94.348618,45.821002],[-94.348508,45.820973]]],[[[-94.348882,45.820275],[-94.347966,45.820154],[-94.34761,45.819858],[-94.347549,45.819469],[-94.347713,45.819461],[-94.347891,45.81959],[-94.348147,45.819958],[-94.348551,45.820066],[-94.348071,45.81977],[-94.348334,45.819638],[-94.348789,45.819997],[-94.349198,45.82015],[-94.349167,45.820274],[-94.348882,45.820275]]],[[[-94.350974,45.819056],[-94.351226,45.819103],[-94.351441,45.819379],[-94.35153,45.819935],[-94.351105,45.81936],[-94.350974,45.819056]]],[[[-94.350959,45.819649],[-94.351256,45.819856],[-94.35135,45.82004],[-94.351194,45.820408],[-94.351086,45.82038],[-94.351091,45.819972],[-94.350959,45.819649]]],[[[-94.202232,45.689612],[-94.202667,45.690423],[-94.202776,45.690773],[-94.202731,45.690873],[-94.202389,45.690149],[-94.202232,45.689612]]],[[[-94.351482,45.820497],[-94.351471,45.820316],[-94.351584,45.820442],[-94.351557,45.820254],[-94.351778,45.820325],[-94.351663,45.820523],[-94.35177,45.820614],[-94.35171,45.820708],[-94.351482,45.820497]]],[[[-94.347418,45.820055],[-94.347755,45.820262],[-94.347674,45.820375],[-94.347719,45.820468],[-94.347568,45.820457],[-94.347439,45.820309],[-94.347418,45.820055]]],[[[-94.350114,45.820567],[-94.349961,45.82052],[-94.350369,45.820566],[-94.350786,45.820777],[-94.350114,45.820567]]],[[[-94.34965,45.820271],[-94.349538,45.820003],[-94.34972,45.820073],[-94.349706,45.820206],[-94.349929,45.820276],[-94.349949,45.820351],[-94.34965,45.820271]]],[[[-94.348751,45.819763],[-94.348923,45.819827],[-94.349131,45.820064],[-94.348883,45.819987],[-94.348751,45.819763]]],[[[-94.350525,45.820432],[-94.350808,45.820482],[-94.350761,45.820644],[-94.350647,45.82063],[-94.350689,45.820547],[-94.350525,45.820432]]],[[[-94.350985,45.820419],[-94.351218,45.820605],[-94.351083,45.82062],[-94.350985,45.820419]]],[[[-94.349954,45.820617],[-94.350231,45.820741],[-94.350101,45.820752],[-94.34991,45.820653],[-94.349954,45.820617]]],[[[-94.350017,45.820304],[-94.350409,45.820416],[-94.35012,45.820408],[-94.350017,45.820304]]],[[[-94.348353,45.817468],[-94.348382,45.81732],[-94.348532,45.817447],[-94.348353,45.817468]]],[[[-94.348779,45.817609],[-94.348932,45.81773],[-94.348824,45.817703],[-94.348779,45.817609]]]]}}]}