{"schemaVersion":1,"generatedAt":"2026-08-10T17:57:51.316Z","source":{"sourceAgency":"Minnesota Geospatial Information Office (MnGeo)","documentType":"Minnesota Counties","primarySourceUrl":"https://gis.data.mn.gov/datasets/minnesota::minnesota-counties-1/about","licence":"This dataset is best suited for general reference only. It is not suitable for precise land measurements or ground surveys."},"type":"FeatureCollection","features":[{"type":"Feature","properties":{"name":"Aitkin","gnisId":663198,"fipsCode":"001","countyCode":"27001"},"geometry":{"type":"Polygon","coordinates":[[[-93.056056,47.026493],[-93.077238,47.02623],[-93.125204,47.026136],[-93.191145,47.025189],[-93.274095,47.026744],[-93.295271,47.027348],[-93.316754,47.028387],[-93.444816,47.028154],[-93.486393,47.02892],[-93.528877,47.028935],[-93.549868,47.029372],[-93.591811,47.029651],[-93.654843,47.02888],[-93.67592,47.029021],[-93.700048,47.029496],[-93.721179,47.029693],[-93.69982,47.02949],[-93.721239,47.029695],[-93.763611,47.029878],[-93.775356,47.030277],[-93.774777,46.999967],[-93.775281,46.947585],[-93.774941,46.92827],[-93.774936,46.913851],[-93.776055,46.797611],[-93.777534,46.749973],[-93.776999,46.745051],[-93.778464,46.658406],[-93.778027,46.589406],[-93.7841,46.589424],[-93.785127,46.589847],[-93.785713,46.589811],[-93.790827,46.587901],[-93.793103,46.587341],[-93.797003,46.585957],[-93.798876,46.585554],[-93.805785,46.584769],[-93.81153,46.584327],[-93.810831,46.533312],[-93.81124,46.518918],[-93.812217,46.504399],[-93.812055,46.495807],[-93.811269,46.475571],[-93.810253,46.417248],[-93.810299,46.388485],[-93.81064,46.37498],[-93.810147,46.31606],[-93.810762,46.251064],[-93.809378,46.250192],[-93.808754,46.248994],[-93.806905,46.247901],[-93.804256,46.247202],[-93.80359,46.24727],[-93.801658,46.248219],[-93.800301,46.248613],[-93.799263,46.248691],[-93.798528,46.248453],[-93.797592,46.24779],[-93.797126,46.247029],[-93.796327,46.243123],[-93.528871,46.247162],[-93.493306,46.246815],[-93.451705,46.246885],[-93.440721,46.246136],[-93.430749,46.246162],[-93.429697,46.182579],[-93.430369,46.160979],[-93.431869,46.154169],[-93.40947,46.154536],[-93.346765,46.157331],[-93.325761,46.158018],[-93.304958,46.158964],[-93.283263,46.159417],[-93.241882,46.158923],[-93.199809,46.158621],[-93.179109,46.158638],[-93.157625,46.158369],[-93.053999,46.158297],[-93.053941,46.17289],[-93.054151,46.187351],[-93.054087,46.23079],[-93.054306,46.245235],[-93.053817,46.288727],[-93.053457,46.303254],[-93.053779,46.317597],[-93.053854,46.361089],[-93.054219,46.375776],[-93.054465,46.404727],[-93.055117,46.419102],[-93.055364,46.433624],[-93.055117,46.499966],[-93.055716,46.564177],[-93.054866,46.593212],[-93.062834,46.593293],[-93.063798,46.622228],[-93.064344,46.65112],[-93.064287,46.665582],[-93.064655,46.679908],[-93.063054,46.723625],[-93.062993,46.737701],[-93.06156,46.766616],[-93.061037,46.780842],[-93.061139,46.795531],[-93.059519,46.867209],[-93.058852,46.874958],[-93.058966,46.881639],[-93.058764,46.896099],[-93.058031,46.924988],[-93.057689,46.954067],[-93.056851,46.997531],[-93.056056,47.026493]]]}},{"type":"Feature","properties":{"name":"Anoka","gnisId":659447,"fipsCode":"003","countyCode":"27003"},"geometry":{"type":"Polygon","coordinates":[[[-93.019591,45.411755],[-93.082772,45.412951],[-93.102502,45.413783],[-93.142176,45.413742],[-93.162894,45.414314],[-93.183492,45.41412],[-93.204228,45.414335],[-93.224841,45.413848],[-93.265386,45.413708],[-93.352391,45.413646],[-93.419374,45.41379],[-93.439479,45.413665],[-93.470311,45.414039],[-93.490437,45.414116],[-93.510106,45.414559],[-93.50981,45.385597],[-93.510309,45.342559],[-93.510675,45.328358],[-93.510979,45.299329],[-93.51161,45.284751],[-93.512703,45.245357],[-93.504793,45.243197],[-93.502709,45.242302],[-93.500831,45.241131],[-93.499691,45.240164],[-93.498699,45.23906],[-93.49799,45.236586],[-93.496775,45.234204],[-93.489284,45.227682],[-93.48708,45.226318],[-93.484955,45.225437],[-93.482439,45.224923],[-93.479426,45.224774],[-93.476427,45.225029],[-93.471651,45.225958],[-93.469906,45.225993],[-93.468124,45.225808],[-93.466158,45.225323],[-93.464326,45.224542],[-93.462814,45.223054],[-93.461539,45.222087],[-93.458347,45.22053],[-93.45638,45.219985],[-93.453279,45.219775],[-93.451554,45.219401],[-93.444937,45.216527],[-93.443114,45.216269],[-93.441256,45.21631],[-93.439412,45.21666],[-93.436425,45.217624],[-93.434076,45.217803],[-93.431771,45.217439],[-93.427758,45.215897],[-93.42606,45.214925],[-93.424552,45.213807],[-93.422523,45.211671],[-93.420408,45.209756],[-93.419542,45.208479],[-93.418877,45.206778],[-93.415925,45.201673],[-93.415093,45.200623],[-93.413984,45.199609],[-93.409378,45.197146],[-93.405489,45.195382],[-93.400401,45.19345],[-93.396244,45.192205],[-93.394467,45.191441],[-93.392224,45.189885],[-93.390382,45.187648],[-93.388707,45.18627],[-93.386075,45.185443],[-93.384033,45.184449],[-93.376907,45.179481],[-93.374281,45.17844],[-93.370683,45.177352],[-93.369782,45.177134],[-93.365651,45.176753],[-93.363335,45.176319],[-93.360277,45.175478],[-93.357456,45.17439],[-93.355635,45.172657],[-93.354016,45.170827],[-93.350076,45.165745],[-93.347612,45.161669],[-93.3457,45.159911],[-93.340591,45.157294],[-93.328415,45.151534],[-93.326493,45.150178],[-93.324018,45.147818],[-93.322358,45.146828],[-93.320453,45.146136],[-93.315052,45.145038],[-93.312932,45.144308],[-93.311962,45.143774],[-93.311163,45.143114],[-93.310566,45.142353],[-93.309301,45.139585],[-93.308692,45.138586],[-93.307724,45.137474],[-93.305827,45.135775],[-93.304939,45.134721],[-93.304418,45.134503],[-93.303447,45.13459],[-93.302957,45.13441],[-93.301443,45.132533],[-93.300755,45.130904],[-93.300168,45.129986],[-93.297814,45.127701],[-93.297212,45.12683],[-93.296746,45.125415],[-93.296658,45.123496],[-93.295935,45.121348],[-93.295971,45.119466],[-93.295554,45.117051],[-93.294819,45.115317],[-93.294145,45.114367],[-93.293259,45.113508],[-93.292187,45.112763],[-93.29064,45.111926],[-93.28875,45.11145],[-93.286631,45.109712],[-93.281396,45.106765],[-93.280452,45.105984],[-93.279695,45.105079],[-93.278757,45.102887],[-93.278567,45.100937],[-93.27942,45.096392],[-93.279463,45.09435],[-93.280042,45.090764],[-93.279964,45.0836],[-93.279554,45.081073],[-93.279596,45.077016],[-93.280495,45.073269],[-93.280773,45.072937],[-93.281492,45.072679],[-93.281405,45.071335],[-93.281735,45.068891],[-93.28239,45.06727],[-93.283973,45.064334],[-93.28487,45.060216],[-93.284735,45.059042],[-93.283812,45.056009],[-93.282175,45.052837],[-93.28151,45.051149],[-93.280635,45.044792],[-93.280777,45.042937],[-93.281062,45.041603],[-93.28308,45.037015],[-93.283485,45.03547],[-93.226942,45.035679],[-93.22709,45.057128],[-93.227741,45.093186],[-93.227823,45.11496],[-93.227693,45.124531],[-93.127471,45.12413],[-93.056423,45.124072],[-93.02046,45.123841],[-93.020007,45.196424],[-93.01963,45.22526],[-93.01926,45.239685],[-93.019504,45.254093],[-93.019642,45.311077],[-93.019946,45.325586],[-93.019673,45.339988],[-93.019098,45.347234],[-93.019294,45.3545],[-93.018968,45.361723],[-93.018938,45.368958],[-93.018516,45.382696],[-93.019591,45.411755]]]}},{"type":"Feature","properties":{"name":"Becker","gnisId":659448,"fipsCode":"005","countyCode":"27005"},"geometry":{"type":"Polygon","coordinates":[[[-95.163134,46.804698],[-95.163176,46.819061],[-95.162748,46.833592],[-95.162597,46.848232],[-95.162701,46.862705],[-95.162371,46.905835],[-95.162664,46.94953],[-95.162181,46.97824],[-95.170309,46.978183],[-95.169559,46.996506],[-95.16967,47.007392],[-95.169405,47.036459],[-95.170661,47.065535],[-95.17009,47.108968],[-95.16976,47.123354],[-95.169203,47.13808],[-95.169285,47.152626],[-95.276093,47.152135],[-95.297379,47.151702],[-95.382012,47.151603],[-95.403286,47.151187],[-95.445598,47.151505],[-95.487786,47.151581],[-95.5088,47.151397],[-95.530098,47.151592],[-95.572471,47.15132],[-95.614837,47.151455],[-95.636483,47.150978],[-95.6789,47.150688],[-95.700068,47.150387],[-95.721228,47.150542],[-95.762998,47.150542],[-95.826008,47.150197],[-95.86842,47.150223],[-95.910696,47.151146],[-95.933142,47.151462],[-96.000353,47.151598],[-96.039337,47.151887],[-96.08791,47.151902],[-96.194637,47.151153],[-96.194423,47.063878],[-96.19406,47.035044],[-96.193687,46.977381],[-96.174101,46.977392],[-96.1744,46.89168],[-96.174873,46.874977],[-96.175615,46.862818],[-96.175502,46.855657],[-96.176201,46.833849],[-96.176842,46.819316],[-96.177074,46.804859],[-96.176321,46.775977],[-96.175691,46.761346],[-96.175437,46.746812],[-96.174881,46.732341],[-96.174537,46.717856],[-96.153589,46.718175],[-96.132421,46.717862],[-96.122381,46.718012],[-96.090391,46.717968],[-96.000352,46.717478],[-95.931383,46.716839],[-95.794817,46.7165],[-95.709957,46.71557],[-95.647665,46.715485],[-95.542685,46.715963],[-95.520002,46.717053],[-95.50941,46.717029],[-95.488576,46.71751],[-95.446586,46.716908],[-95.435529,46.715922],[-95.372148,46.716204],[-95.361479,46.716319],[-95.350885,46.716708],[-95.339349,46.716312],[-95.308013,46.716462],[-95.301032,46.716653],[-95.248002,46.716269],[-95.227004,46.717195],[-95.163829,46.717656],[-95.163658,46.761186],[-95.163134,46.804698]]]}},{"type":"Feature","properties":{"name":"Beltrami","gnisId":659449,"fipsCode":"007","countyCode":"27007"},"geometry":{"type":"Polygon","coordinates":[[[-95.342647,48.540165],[-95.364372,48.540321],[-95.375271,48.540097],[-95.451354,48.539805],[-95.516365,48.538882],[-95.58219,48.538642],[-95.60248,48.538895],[-95.601131,48.53193],[-95.601196,48.524425],[-95.600726,48.510013],[-95.600752,48.495519],[-95.601095,48.481758],[-95.601935,48.459497],[-95.601708,48.452902],[-95.602314,48.438451],[-95.602935,48.408764],[-95.602819,48.394191],[-95.602155,48.380671],[-95.602159,48.374976],[-95.601693,48.365428],[-95.593389,48.365438],[-95.59339,48.353948],[-95.593162,48.339539],[-95.593211,48.324911],[-95.593375,48.295955],[-95.594099,48.249975],[-95.593756,48.194551],[-95.59403,48.180215],[-95.593836,48.151238],[-95.593632,48.136758],[-95.593243,48.124832],[-95.592672,48.078676],[-95.592338,48.020698],[-95.538442,48.020918],[-95.430245,48.020481],[-95.398636,48.020548],[-95.290688,48.02005],[-95.229189,48.019996],[-95.229665,48.019712],[-95.230681,48.018513],[-95.233207,48.016738],[-95.234424,48.016061],[-95.235749,48.015055],[-95.236825,48.014504],[-95.237062,48.014566],[-95.237064,48.014247],[-95.237328,48.013951],[-95.238464,48.013055],[-95.23987,48.012225],[-95.240612,48.011409],[-95.241463,48.011418],[-95.241342,48.011209],[-95.241468,48.010748],[-95.242129,48.00991],[-95.243814,48.008883],[-95.244238,48.007962],[-95.245285,48.006966],[-95.245782,48.006133],[-95.247331,48.004672],[-95.248175,48.003362],[-95.248169,48.003142],[-95.248992,48.00248],[-95.249753,48.001269],[-95.250005,48.000391],[-95.253014,47.996059],[-95.253446,47.994881],[-95.254742,47.993447],[-95.255245,47.992011],[-95.256352,47.990534],[-95.256462,47.989957],[-95.25733,47.988304],[-95.25797,47.98751],[-95.259004,47.985204],[-95.260675,47.98451],[-95.266118,47.975107],[-95.267347,47.973492],[-95.269036,47.970473],[-95.270623,47.9669],[-95.270964,47.965739],[-95.272293,47.962712],[-95.272112,47.962553],[-95.27276,47.961028],[-95.27301,47.960615],[-95.275104,47.959012],[-95.275512,47.952708],[-95.276309,47.949627],[-95.275916,47.949514],[-95.276263,47.948974],[-95.277729,47.944],[-95.277893,47.938834],[-95.277609,47.938171],[-95.278149,47.934684],[-95.27813,47.927305],[-95.277425,47.923445],[-95.276466,47.920427],[-95.276522,47.919438],[-95.275172,47.914729],[-95.272796,47.909454],[-95.269085,47.902772],[-95.267091,47.899841],[-95.264431,47.896434],[-95.262552,47.894426],[-95.258041,47.890263],[-95.255105,47.887831],[-95.252839,47.88634],[-95.250302,47.8849],[-95.247906,47.883814],[-95.243966,47.882337],[-95.240418,47.881231],[-95.238604,47.880329],[-95.236805,47.880158],[-95.231039,47.878323],[-95.229106,47.877955],[-95.225214,47.876758],[-95.222812,47.876218],[-95.217364,47.875584],[-95.214173,47.874754],[-95.211925,47.874559],[-95.210899,47.874255],[-95.20924,47.874176],[-95.202069,47.873039],[-95.201247,47.872721],[-95.193398,47.872387],[-95.194521,47.687892],[-95.194174,47.673348],[-95.184919,47.673346],[-95.184752,47.658632],[-95.185006,47.629662],[-95.184882,47.600621],[-95.184185,47.556586],[-95.184246,47.542465],[-95.183193,47.484486],[-95.182819,47.441165],[-95.182991,47.412603],[-95.161937,47.412696],[-95.140573,47.412391],[-95.119497,47.412595],[-95.000313,47.411339],[-94.94883,47.411483],[-94.927431,47.411747],[-94.906327,47.410621],[-94.79996,47.409809],[-94.756267,47.410492],[-94.73444,47.409762],[-94.712929,47.409484],[-94.670336,47.410139],[-94.60733,47.410117],[-94.595903,47.410385],[-94.585096,47.410951],[-94.54591,47.410882],[-94.50028,47.411877],[-94.458645,47.411714],[-94.415992,47.411819],[-94.415777,47.428609],[-94.416196,47.442974],[-94.414764,47.528479],[-94.414855,47.54308],[-94.414168,47.557807],[-94.414647,47.572301],[-94.413773,47.58654],[-94.415751,47.593688],[-94.416045,47.600737],[-94.416715,47.629192],[-94.417266,47.672112],[-94.418483,47.672119],[-94.41916,47.715544],[-94.419132,47.730144],[-94.419409,47.749987],[-94.419229,47.759026],[-94.419134,47.788073],[-94.418818,47.817127],[-94.418796,47.86],[-94.417712,47.902964],[-94.417518,47.917505],[-94.417536,47.947609],[-94.417299,47.962212],[-94.417381,47.976741],[-94.41784,48.019846],[-94.423617,48.019777],[-94.424603,48.048745],[-94.424683,48.063112],[-94.423476,48.077519],[-94.423226,48.091368],[-94.423532,48.124982],[-94.423401,48.148913],[-94.423614,48.178095],[-94.42346,48.192162],[-94.423485,48.213846],[-94.423832,48.221118],[-94.42372,48.250432],[-94.42442,48.279211],[-94.425353,48.35205],[-94.425396,48.367513],[-94.533676,48.367273],[-94.596952,48.367453],[-94.689643,48.367088],[-94.711613,48.366833],[-94.819905,48.366905],[-94.906623,48.366504],[-94.926488,48.366617],[-95.055575,48.366577],[-95.101925,48.366236],[-95.210733,48.365944],[-95.211281,48.374975],[-95.211018,48.379773],[-95.211325,48.424373],[-95.211055,48.467241],[-95.211248,48.510824],[-95.21207,48.539975],[-95.253751,48.539826],[-95.342647,48.540165]]]}},{"type":"Feature","properties":{"name":"Benton","gnisId":659450,"fipsCode":"009","countyCode":"27009"},"geometry":{"type":"Polygon","coordinates":[[[-93.763593,45.822151],[-93.783941,45.822176],[-93.804775,45.821944],[-93.846242,45.822491],[-93.866968,45.822517],[-93.885969,45.823117],[-93.948509,45.824001],[-93.990521,45.824279],[-94.010623,45.823943],[-94.052327,45.823576],[-94.094393,45.823568],[-94.115454,45.82332],[-94.177443,45.823493],[-94.219582,45.823058],[-94.325243,45.822412],[-94.35286,45.822035],[-94.352272,45.820153],[-94.350787,45.8179],[-94.344577,45.811329],[-94.335201,45.803324],[-94.334218,45.802676],[-94.330823,45.801205],[-94.3294,45.799901],[-94.328196,45.799074],[-94.327358,45.798657],[-94.325231,45.798022],[-94.323281,45.797738],[-94.322287,45.797887],[-94.321429,45.798266],[-94.318625,45.800232],[-94.316668,45.801096],[-94.315619,45.801223],[-94.314879,45.801074],[-94.313763,45.800378],[-94.313126,45.79969],[-94.312866,45.799049],[-94.312838,45.798193],[-94.313335,45.796724],[-94.313752,45.794591],[-94.313521,45.793252],[-94.31305,45.792124],[-94.312267,45.791113],[-94.307363,45.786493],[-94.305246,45.785457],[-94.299093,45.784638],[-94.294621,45.783363],[-94.289299,45.780771],[-94.287608,45.780407],[-94.285239,45.780383],[-94.28292,45.779963],[-94.277182,45.777284],[-94.274515,45.776707],[-94.273334,45.776324],[-94.272551,45.775807],[-94.271193,45.774541],[-94.270902,45.773895],[-94.270858,45.772929],[-94.270945,45.771858],[-94.271849,45.770238],[-94.272474,45.769471],[-94.272754,45.768728],[-94.272723,45.768201],[-94.271136,45.766207],[-94.27044,45.765738],[-94.26761,45.764591],[-94.265123,45.763238],[-94.263955,45.76152],[-94.263881,45.760631],[-94.264058,45.75984],[-94.264549,45.758958],[-94.266406,45.757141],[-94.266665,45.756552],[-94.26664,45.755872],[-94.266128,45.753909],[-94.265003,45.751818],[-94.263635,45.750332],[-94.263545,45.749977],[-94.261695,45.747653],[-94.260806,45.744405],[-94.260448,45.743582],[-94.259257,45.742147],[-94.258321,45.741458],[-94.255265,45.739621],[-94.250302,45.737549],[-94.249364,45.737007],[-94.247366,45.734837],[-94.244612,45.733578],[-94.241591,45.732603],[-94.239657,45.731653],[-94.237093,45.730064],[-94.236125,45.729721],[-94.233358,45.729505],[-94.230538,45.728926],[-94.226815,45.727668],[-94.221663,45.727336],[-94.217982,45.72682],[-94.216063,45.726067],[-94.215386,45.725445],[-94.214968,45.724779],[-94.21454,45.723245],[-94.215056,45.720928],[-94.215356,45.720484],[-94.215766,45.72004],[-94.217557,45.718847],[-94.221473,45.717941],[-94.22369,45.717293],[-94.224129,45.717031],[-94.224523,45.716598],[-94.224667,45.716087],[-94.224569,45.711895],[-94.223146,45.709364],[-94.219718,45.706273],[-94.216666,45.704358],[-94.211168,45.702167],[-94.210569,45.701764],[-94.209639,45.700586],[-94.209331,45.699777],[-94.208969,45.697754],[-94.204475,45.685985],[-94.204224,45.683787],[-94.204369,45.681996],[-94.204267,45.680974],[-94.203716,45.679264],[-94.203119,45.678449],[-94.201156,45.677515],[-94.19909,45.676893],[-94.197373,45.676619],[-94.196435,45.676666],[-94.195362,45.676992],[-94.189931,45.679189],[-94.186846,45.680075],[-94.184946,45.680163],[-94.183681,45.680016],[-94.182902,45.679722],[-94.182367,45.679023],[-94.182261,45.678605],[-94.182416,45.677721],[-94.183182,45.676548],[-94.184244,45.675562],[-94.190599,45.67311],[-94.193916,45.672538],[-94.195607,45.672043],[-94.196557,45.671392],[-94.197346,45.670296],[-94.197892,45.668155],[-94.198014,45.666293],[-94.197771,45.664117],[-94.197219,45.662522],[-94.196956,45.660955],[-94.197302,45.657254],[-94.197246,45.656292],[-94.196734,45.654725],[-94.196764,45.653747],[-94.197966,45.652729],[-94.198883,45.652287],[-94.20083,45.650804],[-94.201939,45.649697],[-94.202672,45.648634],[-94.203844,45.647538],[-94.204392,45.646139],[-94.204376,45.643788],[-94.203907,45.642732],[-94.204675,45.639965],[-94.204669,45.636121],[-94.20284,45.631983],[-94.203134,45.629973],[-94.201979,45.624334],[-94.202238,45.623325],[-94.203739,45.62081],[-94.203943,45.619878],[-94.203784,45.619405],[-94.199104,45.612238],[-94.198126,45.61107],[-94.197406,45.610501],[-94.195858,45.608517],[-94.194804,45.605205],[-94.193357,45.602929],[-94.192997,45.601787],[-94.193001,45.601059],[-94.19211,45.599935],[-94.190704,45.599214],[-94.184187,45.596939],[-94.181202,45.594768],[-94.173799,45.591409],[-94.171636,45.589977],[-94.170684,45.589131],[-94.169804,45.587838],[-94.169319,45.586731],[-94.168406,45.585712],[-94.167934,45.584534],[-94.166537,45.576392],[-94.166143,45.574578],[-94.165465,45.572819],[-94.161089,45.56657],[-94.160533,45.566029],[-94.156688,45.563407],[-94.152238,45.561194],[-94.149489,45.559141],[-94.110889,45.559346],[-94.089835,45.559193],[-94.068959,45.55936],[-94.02761,45.559023],[-93.986385,45.559481],[-93.903486,45.559973],[-93.882804,45.559969],[-93.862828,45.560195],[-93.800822,45.559809],[-93.779929,45.559521],[-93.759335,45.559635],[-93.760748,45.663216],[-93.761805,45.706625],[-93.762287,45.735303],[-93.76182,45.764171],[-93.762525,45.793232],[-93.763593,45.822151]]]}},{"type":"Feature","properties":{"name":"Big Stone","gnisId":659451,"fipsCode":"011","countyCode":"27011"},"geometry":{"type":"Polygon","coordinates":[[[-96.747163,45.585922],[-96.823911,45.586121],[-96.835652,45.586274],[-96.802471,45.555717],[-96.801919,45.555304],[-96.798999,45.553922],[-96.796816,45.552673],[-96.794756,45.551286],[-96.792137,45.548801],[-96.78862,45.54486],[-96.785476,45.541777],[-96.781177,45.536058],[-96.776738,45.531647],[-96.774278,45.530097],[-96.772466,45.528681],[-96.771422,45.526539],[-96.769241,45.524229],[-96.766216,45.522086],[-96.763693,45.519859],[-96.76201,45.517265],[-96.759958,45.513069],[-96.757363,45.508591],[-96.753608,45.502659],[-96.751727,45.499963],[-96.750371,45.49714],[-96.747062,45.491472],[-96.745369,45.488155],[-96.743819,45.484502],[-96.743613,45.483634],[-96.743543,45.480893],[-96.743197,45.479952],[-96.741261,45.476941],[-96.738915,45.474446],[-96.738645,45.47395],[-96.738191,45.472669],[-96.737821,45.469269],[-96.736678,45.465854],[-96.735596,45.463652],[-96.73233,45.458484],[-96.725038,45.452324],[-96.716538,45.443595],[-96.713093,45.439919],[-96.704276,45.428941],[-96.699252,45.42331],[-96.692451,45.417479],[-96.68844,45.414779],[-96.68379,45.411905],[-96.681876,45.41103],[-96.679551,45.410758],[-96.670433,45.410515],[-96.664501,45.409147],[-96.662042,45.409006],[-96.659824,45.409129],[-96.655184,45.409885],[-96.650181,45.410289],[-96.647872,45.40995],[-96.645693,45.409057],[-96.644531,45.408816],[-96.641032,45.408983],[-96.636934,45.409873],[-96.635192,45.409998],[-96.633226,45.409776],[-96.630491,45.409094],[-96.627909,45.408705],[-96.625365,45.408592],[-96.621432,45.409014],[-96.619561,45.408695],[-96.616236,45.407359],[-96.604475,45.404249],[-96.60137,45.403269],[-96.590151,45.398302],[-96.582856,45.394444],[-96.581265,45.393757],[-96.564198,45.386956],[-96.560798,45.385794],[-96.558062,45.384927],[-96.552007,45.383374],[-96.546992,45.381492],[-96.544499,45.381052],[-96.540754,45.380737],[-96.534542,45.37915],[-96.530117,45.378428],[-96.525269,45.376758],[-96.520513,45.374975],[-96.515889,45.372506],[-96.512515,45.369748],[-96.510703,45.368604],[-96.505305,45.366934],[-96.50262,45.365764],[-96.50036,45.364429],[-96.494168,45.360232],[-96.490105,45.358067],[-96.488497,45.356336],[-96.485481,45.350065],[-96.484018,45.347993],[-96.482221,45.346027],[-96.481967,45.34556],[-96.48139,45.343919],[-96.480838,45.341568],[-96.480456,45.340828],[-96.478434,45.338972],[-96.476563,45.336506],[-96.475454,45.334669],[-96.474387,45.332248],[-96.471901,45.329059],[-96.471181,45.327416],[-96.469352,45.325003],[-96.468706,45.323417],[-96.468511,45.319971],[-96.468178,45.319002],[-96.467468,45.318115],[-96.465832,45.316565],[-96.462876,45.31502],[-96.46213,45.314344],[-96.460342,45.311366],[-96.45759,45.307593],[-96.457281,45.304801],[-96.457002,45.303883],[-96.45641,45.303216],[-96.454769,45.302254],[-96.453069,45.300732],[-96.452936,45.269045],[-96.430841,45.269153],[-96.43058,45.268758],[-96.430032,45.268431],[-96.429103,45.268253],[-96.428773,45.267935],[-96.427921,45.267542],[-96.426926,45.267815],[-96.427227,45.268413],[-96.426932,45.268568],[-96.425793,45.26838],[-96.423843,45.267172],[-96.423009,45.267202],[-96.422998,45.267686],[-96.42219,45.267975],[-96.421572,45.267741],[-96.420935,45.267908],[-96.420716,45.267832],[-96.420322,45.267245],[-96.419768,45.267143],[-96.419376,45.267804],[-96.419072,45.267821],[-96.417637,45.266644],[-96.417344,45.266085],[-96.417943,45.266044],[-96.418168,45.265878],[-96.41773,45.26537],[-96.418732,45.265277],[-96.418878,45.265051],[-96.417848,45.264829],[-96.417141,45.264161],[-96.415894,45.26405],[-96.415586,45.263529],[-96.415225,45.263288],[-96.415247,45.263024],[-96.416586,45.262921],[-96.416512,45.262487],[-96.415405,45.262402],[-96.415115,45.2622],[-96.41413,45.262748],[-96.413912,45.26271],[-96.41468,45.261415],[-96.414718,45.26125],[-96.414443,45.26096],[-96.413943,45.260797],[-96.41252,45.261077],[-96.410369,45.260078],[-96.409669,45.259245],[-96.409675,45.258041],[-96.409082,45.2579],[-96.408595,45.258363],[-96.407878,45.258349],[-96.40722,45.256878],[-96.406835,45.256456],[-96.406476,45.256375],[-96.406235,45.256491],[-96.406279,45.257129],[-96.405932,45.25752],[-96.404289,45.256652],[-96.40294,45.256481],[-96.40108,45.256734],[-96.400878,45.256812],[-96.400517,45.257424],[-96.399864,45.257591],[-96.398999,45.257572],[-96.398171,45.257239],[-96.397672,45.257224],[-96.39744,45.257423],[-96.397475,45.257973],[-96.397328,45.258034],[-96.395572,45.257666],[-96.394568,45.257785],[-96.394026,45.25827],[-96.391422,45.257982],[-96.389089,45.258451],[-96.387623,45.258346],[-96.386974,45.258948],[-96.386134,45.258683],[-96.385016,45.257668],[-96.38412,45.257583],[-96.383802,45.257787],[-96.383728,45.258271],[-96.38349,45.258456],[-96.383161,45.258476],[-96.382293,45.258138],[-96.381717,45.258173],[-96.381517,45.258465],[-96.381833,45.259124],[-96.381563,45.259411],[-96.380569,45.259821],[-96.379962,45.25996],[-96.378339,45.259564],[-96.377429,45.259831],[-96.37712,45.26014],[-96.377568,45.260716],[-96.37736,45.260947],[-96.376339,45.260972],[-96.375197,45.260346],[-96.374738,45.260726],[-96.374108,45.260914],[-96.37322,45.260514],[-96.37206,45.260471],[-96.371755,45.259894],[-96.37142,45.259631],[-96.370634,45.259687],[-96.370928,45.258977],[-96.370834,45.258857],[-96.369107,45.25909],[-96.368515,45.25892],[-96.368444,45.258585],[-96.368793,45.257617],[-96.368691,45.257441],[-96.367476,45.256937],[-96.367242,45.256965],[-96.366574,45.257515],[-96.36613,45.257433],[-96.36574,45.257043],[-96.365316,45.256981],[-96.364581,45.257446],[-96.362838,45.257833],[-96.362628,45.257674],[-96.362549,45.257151],[-96.361739,45.25702],[-96.359826,45.257985],[-96.359155,45.257243],[-96.358883,45.257211],[-96.35861,45.257381],[-96.358471,45.258036],[-96.357943,45.258525],[-96.357538,45.258449],[-96.357148,45.25807],[-96.356065,45.257472],[-96.356135,45.257208],[-96.356772,45.256713],[-96.356577,45.256312],[-96.356148,45.25607],[-96.354443,45.25572],[-96.351415,45.255932],[-96.350574,45.255356],[-96.350364,45.255417],[-96.350178,45.25584],[-96.349711,45.256171],[-96.348248,45.256161],[-96.347991,45.256458],[-96.348124,45.257085],[-96.347276,45.257173],[-96.345991,45.256949],[-96.344434,45.256247],[-96.341863,45.255883],[-96.339306,45.256143],[-96.337976,45.256126],[-96.335722,45.255305],[-96.33442,45.254124],[-96.333065,45.253345],[-96.330488,45.252484],[-96.328276,45.251953],[-96.327925,45.251206],[-96.328174,45.250447],[-96.327776,45.250194],[-96.327107,45.250195],[-96.325278,45.250812],[-96.322476,45.250638],[-96.322173,45.250963],[-96.322735,45.252084],[-96.322665,45.252287],[-96.322206,45.252381],[-96.320952,45.251882],[-96.320235,45.2513],[-96.320025,45.25069],[-96.320102,45.249483],[-96.319453,45.249231],[-96.319079,45.249349],[-96.319289,45.249807],[-96.318865,45.250757],[-96.317775,45.250615],[-96.317238,45.250895],[-96.317098,45.251214],[-96.317177,45.252275],[-96.316928,45.252457],[-96.316422,45.25249],[-96.315955,45.25204],[-96.315292,45.250941],[-96.314786,45.25071],[-96.313144,45.251058],[-96.312546,45.251883],[-96.311767,45.251999],[-96.31112,45.250889],[-96.311463,45.25052],[-96.312879,45.250272],[-96.313463,45.249842],[-96.313149,45.248544],[-96.31363,45.247602],[-96.313345,45.247408],[-96.313018,45.247494],[-96.312669,45.247974],[-96.312045,45.248124],[-96.311392,45.24768],[-96.309378,45.24727],[-96.308688,45.247221],[-96.308095,45.247387],[-96.30777,45.247824],[-96.307662,45.249762],[-96.30743,45.250056],[-96.307158,45.250116],[-96.305883,45.249282],[-96.304331,45.249738],[-96.303835,45.249674],[-96.30328,45.249406],[-96.302223,45.248421],[-96.30153,45.248515],[-96.30038,45.249089],[-96.299266,45.249245],[-96.297261,45.248824],[-96.295926,45.248754],[-96.294015,45.248284],[-96.293555,45.248435],[-96.292522,45.249383],[-96.291916,45.249433],[-96.290922,45.248888],[-96.290245,45.247987],[-96.289524,45.247438],[-96.288661,45.247509],[-96.287941,45.247817],[-96.28723,45.247619],[-96.28678,45.247072],[-96.286325,45.24686],[-96.285248,45.24717],[-96.284051,45.247255],[-96.283307,45.246673],[-96.283406,45.245789],[-96.283689,45.245066],[-96.285068,45.244335],[-96.285348,45.243832],[-96.285423,45.243453],[-96.28427,45.242747],[-96.286332,45.242455],[-96.288032,45.241539],[-96.287724,45.240313],[-96.287837,45.240093],[-96.288761,45.239622],[-96.289009,45.239146],[-96.288523,45.237462],[-96.288379,45.237257],[-96.287482,45.23696],[-96.285585,45.237154],[-96.284598,45.236708],[-96.282644,45.237023],[-96.280506,45.236177],[-96.280313,45.235605],[-96.280534,45.235403],[-96.282565,45.234633],[-96.282516,45.23427],[-96.281953,45.233552],[-96.280554,45.23314],[-96.28067,45.232691],[-96.281235,45.231833],[-96.281242,45.230904],[-96.28049,45.230278],[-96.279566,45.229804],[-96.2791,45.229328],[-96.278704,45.227875],[-96.277997,45.226436],[-96.277589,45.226225],[-96.277091,45.226259],[-96.275809,45.226843],[-96.275339,45.226587],[-96.275401,45.226109],[-96.276714,45.224565],[-96.276927,45.223902],[-96.276728,45.223681],[-96.276365,45.223618],[-96.275272,45.223944],[-96.274924,45.223909],[-96.274756,45.223682],[-96.27525,45.222906],[-96.275106,45.222724],[-96.273412,45.222771],[-96.272764,45.22303],[-96.272412,45.223654],[-96.271868,45.223699],[-96.269417,45.223049],[-96.269021,45.222129],[-96.26859,45.221889],[-96.267209,45.221802],[-96.26574,45.222389],[-96.265276,45.222298],[-96.263846,45.221397],[-96.263235,45.221288],[-96.263001,45.221364],[-96.262887,45.22167],[-96.263144,45.222123],[-96.263172,45.222755],[-96.262984,45.222879],[-96.261874,45.223365],[-96.261626,45.223341],[-96.260691,45.222587],[-96.260102,45.222512],[-96.259726,45.222717],[-96.259582,45.223447],[-96.259036,45.223591],[-96.258126,45.22326],[-96.256778,45.221157],[-96.256251,45.22112],[-96.255229,45.221381],[-96.254648,45.221327],[-96.253746,45.220925],[-96.25287,45.219929],[-96.252018,45.219791],[-96.251962,45.219384],[-96.252715,45.218934],[-96.252697,45.21861],[-96.252474,45.218449],[-96.251528,45.218414],[-96.250353,45.219124],[-96.248376,45.219149],[-96.247653,45.21895],[-96.247266,45.218416],[-96.246924,45.21835],[-96.245445,45.218728],[-96.244621,45.218688],[-96.24372,45.217988],[-96.242912,45.217696],[-96.241036,45.218156],[-96.239756,45.219772],[-96.239087,45.219903],[-96.237516,45.219753],[-96.23635,45.219455],[-96.233157,45.218202],[-96.231485,45.218002],[-96.230528,45.218088],[-96.228956,45.218494],[-96.22658,45.219443],[-96.225583,45.219953],[-96.224873,45.220613],[-96.224336,45.220865],[-96.223947,45.220837],[-96.22188,45.220053],[-96.220022,45.219693],[-96.218935,45.219229],[-96.218205,45.218739],[-96.217028,45.217097],[-96.215958,45.216122],[-96.212069,45.213761],[-96.211047,45.212582],[-96.209828,45.209648],[-96.208912,45.208981],[-96.206653,45.20797],[-96.206646,45.20769],[-96.207401,45.207399],[-96.207589,45.206981],[-96.206401,45.2066],[-96.20509,45.205624],[-96.203568,45.205132],[-96.203187,45.205154],[-96.202882,45.205615],[-96.202414,45.205945],[-96.201628,45.205971],[-96.199822,45.204395],[-96.198705,45.203617],[-96.197874,45.203253],[-96.197159,45.203147],[-96.195859,45.20347],[-96.194671,45.203138],[-96.193872,45.202652],[-96.192741,45.201363],[-96.19188,45.200855],[-96.19014,45.200253],[-96.18824,45.198951],[-96.187246,45.198636],[-96.185907,45.19892],[-96.18566,45.198518],[-96.185825,45.198034],[-96.185314,45.197604],[-96.183627,45.197557],[-96.181484,45.196811],[-96.179835,45.196742],[-96.179509,45.196609],[-96.179053,45.195915],[-96.178565,45.195573],[-96.175923,45.195052],[-96.174356,45.194361],[-96.173635,45.193765],[-96.173357,45.193182],[-96.172854,45.192702],[-96.1714,45.192738],[-96.169294,45.192404],[-96.167823,45.192831],[-96.166223,45.192454],[-96.165376,45.19243],[-96.164104,45.193374],[-96.163528,45.193577],[-96.16335,45.193527],[-96.162987,45.192943],[-96.161166,45.191465],[-96.160396,45.191442],[-96.159337,45.191919],[-96.158777,45.191973],[-96.158204,45.191289],[-96.157435,45.19115],[-96.156486,45.19138],[-96.155338,45.192428],[-96.154668,45.192735],[-96.154141,45.192536],[-96.154035,45.191782],[-96.153718,45.191429],[-96.150631,45.191451],[-96.150461,45.191132],[-96.151179,45.190517],[-96.151173,45.190181],[-96.150747,45.189971],[-96.150016,45.18997],[-96.149004,45.190276],[-96.147749,45.190917],[-96.143209,45.194188],[-96.141229,45.195334],[-96.140427,45.195591],[-96.139603,45.195611],[-96.137593,45.194765],[-96.137084,45.193774],[-96.136433,45.193409],[-96.124958,45.189327],[-96.123237,45.188594],[-96.120689,45.187186],[-96.119443,45.187044],[-96.11553,45.187611],[-96.113671,45.186407],[-96.10811,45.184398],[-96.106782,45.183555],[-96.106127,45.182625],[-96.105854,45.178998],[-96.105569,45.177964],[-96.104814,45.177058],[-96.103674,45.176605],[-96.103788,45.23985],[-96.118205,45.23989],[-96.117775,45.268805],[-96.117711,45.283246],[-96.11739,45.297594],[-96.117396,45.312056],[-96.118188,45.340932],[-96.118117,45.348246],[-96.118412,45.362746],[-96.118231,45.369967],[-96.118342,45.391684],[-96.117198,45.398976],[-96.117129,45.411965],[-96.179226,45.412074],[-96.241337,45.412704],[-96.24097,45.426703],[-96.240951,45.469635],[-96.241097,45.484075],[-96.240971,45.499973],[-96.241477,45.585573],[-96.493673,45.585467],[-96.573761,45.585762],[-96.747163,45.585922]]]}},{"type":"Feature","properties":{"name":"Blue Earth","gnisId":659452,"fipsCode":"013","countyCode":"27013"},"geometry":{"type":"Polygon","coordinates":[[[-94.011778,44.239497],[-94.011895,44.237967],[-94.012154,44.237609],[-94.013261,44.237234],[-94.015387,44.237367],[-94.016449,44.237228],[-94.017609,44.236742],[-94.018554,44.2358],[-94.018038,44.23475],[-94.017178,44.233564],[-94.016984,44.232882],[-94.016919,44.231865],[-94.017208,44.229048],[-94.016586,44.228186],[-94.014463,44.22671],[-94.013941,44.226024],[-94.013802,44.225348],[-94.013966,44.224253],[-94.01442,44.223009],[-94.01496,44.222211],[-94.01524,44.221264],[-94.015114,44.220203],[-94.014352,44.218604],[-94.014271,44.217416],[-94.014423,44.21696],[-94.014658,44.216668],[-94.015598,44.216446],[-94.016432,44.216747],[-94.017159,44.217257],[-94.017361,44.217999],[-94.016618,44.219771],[-94.016757,44.220294],[-94.017662,44.221023],[-94.019797,44.22185],[-94.021265,44.222183],[-94.022886,44.222334],[-94.024253,44.222177],[-94.02539,44.221526],[-94.025975,44.220502],[-94.026298,44.219093],[-94.02634,44.217872],[-94.026105,44.216404],[-94.025932,44.212808],[-94.025683,44.211626],[-94.025001,44.211022],[-94.023762,44.21092],[-94.021432,44.211051],[-94.019979,44.210746],[-94.018632,44.210116],[-94.017911,44.209276],[-94.016202,44.207761],[-94.014917,44.205794],[-94.01512,44.204952],[-94.0163,44.204024],[-94.020613,44.2021],[-94.021349,44.201535],[-94.021619,44.200113],[-94.021361,44.198665],[-94.020824,44.197521],[-94.019641,44.196932],[-94.018185,44.196792],[-94.01748,44.197824],[-94.017519,44.198833],[-94.016911,44.199929],[-94.015276,44.200371],[-94.013467,44.200063],[-94.012643,44.199655],[-94.011583,44.198777],[-94.011144,44.197728],[-94.010729,44.19501],[-94.010121,44.19312],[-94.010088,44.191294],[-94.011862,44.191293],[-94.014448,44.192145],[-94.015461,44.192268],[-94.016563,44.192237],[-94.017785,44.1919],[-94.018819,44.190327],[-94.018661,44.18943],[-94.019902,44.186295],[-94.020084,44.185004],[-94.019664,44.183637],[-94.018452,44.183119],[-94.014924,44.184126],[-94.010651,44.183764],[-94.007962,44.184472],[-94.00706,44.18458],[-94.00635,44.184402],[-94.005651,44.183438],[-94.003709,44.1793],[-94.002353,44.175579],[-94.002182,44.172307],[-94.002832,44.17015],[-94.003578,44.169225],[-94.004507,44.168651],[-94.011689,44.165498],[-94.013016,44.165056],[-94.015696,44.165128],[-94.021504,44.166536],[-94.024246,44.166636],[-94.026772,44.166466],[-94.028528,44.166287],[-94.034517,44.165147],[-94.037102,44.164312],[-94.03863,44.163375],[-94.039512,44.163103],[-94.043814,44.162486],[-94.044376,44.162019],[-94.04446,44.161326],[-94.04397,44.159578],[-94.043652,44.159161],[-94.043469,44.158222],[-94.043987,44.156565],[-94.045038,44.155389],[-94.046546,44.154432],[-94.047545,44.154176],[-94.054185,44.153931],[-94.055461,44.154055],[-94.056218,44.15435],[-94.057557,44.155304],[-94.059075,44.156725],[-94.059769,44.158319],[-94.059982,44.160172],[-94.059889,44.161503],[-94.060472,44.162173],[-94.061382,44.162583],[-94.063124,44.162788],[-94.06384,44.162556],[-94.068958,44.159591],[-94.072435,44.158587],[-94.073977,44.158529],[-94.077112,44.159687],[-94.081427,44.159963],[-94.084438,44.160759],[-94.085043,44.161148],[-94.084962,44.161703],[-94.084349,44.162838],[-94.084526,44.163294],[-94.084802,44.163464],[-94.088481,44.163229],[-94.090238,44.163384],[-94.091637,44.163821],[-94.092473,44.164545],[-94.092581,44.164918],[-94.092209,44.166976],[-94.09245,44.167839],[-94.092826,44.168135],[-94.093415,44.168354],[-94.094675,44.168394],[-94.097199,44.167706],[-94.098352,44.167681],[-94.101533,44.168702],[-94.103286,44.169571],[-94.104425,44.169932],[-94.104526,44.17025],[-94.104375,44.170542],[-94.103058,44.171332],[-94.098969,44.172228],[-94.098093,44.172659],[-94.097615,44.173298],[-94.097833,44.174079],[-94.098201,44.174551],[-94.09971,44.175416],[-94.10081,44.175589],[-94.10152,44.175439],[-94.102121,44.174937],[-94.102755,44.1735],[-94.103456,44.173179],[-94.106016,44.17332],[-94.110295,44.172506],[-94.114409,44.173716],[-94.114739,44.173958],[-94.115372,44.175336],[-94.115123,44.176002],[-94.114391,44.176213],[-94.113926,44.176198],[-94.113535,44.175979],[-94.112122,44.174525],[-94.111525,44.174115],[-94.11028,44.174118],[-94.109046,44.174677],[-94.108736,44.175343],[-94.108839,44.176047],[-94.109747,44.177386],[-94.110135,44.178606],[-94.110733,44.17922],[-94.114424,44.181185],[-94.11489,44.181123],[-94.115224,44.180726],[-94.11524,44.179461],[-94.116131,44.17898],[-94.117017,44.178912],[-94.120037,44.179509],[-94.122182,44.179316],[-94.124819,44.179716],[-94.125913,44.180392],[-94.126316,44.180805],[-94.12655,44.181328],[-94.126342,44.181878],[-94.124843,44.183332],[-94.124811,44.183789],[-94.125046,44.184218],[-94.130566,44.185165],[-94.132829,44.186154],[-94.134619,44.18734],[-94.136116,44.189131],[-94.142297,44.193802],[-94.143014,44.194051],[-94.144725,44.194066],[-94.145641,44.193852],[-94.14838,44.192212],[-94.149198,44.191966],[-94.151421,44.191816],[-94.152107,44.191916],[-94.152899,44.192424],[-94.156125,44.19348],[-94.159909,44.194339],[-94.165162,44.194598],[-94.168475,44.19459],[-94.172925,44.195019],[-94.173672,44.195303],[-94.175097,44.196218],[-94.177812,44.197097],[-94.179489,44.197405],[-94.181247,44.197476],[-94.185287,44.197224],[-94.187384,44.197253],[-94.18982,44.197896],[-94.192062,44.198818],[-94.198852,44.202694],[-94.199519,44.202833],[-94.202177,44.202699],[-94.206352,44.202056],[-94.207835,44.201543],[-94.209509,44.200249],[-94.211548,44.200199],[-94.214406,44.201141],[-94.214848,44.201466],[-94.214854,44.20189],[-94.213745,44.202719],[-94.213591,44.203253],[-94.213704,44.20372],[-94.214123,44.204326],[-94.214725,44.204778],[-94.215572,44.205175],[-94.216495,44.205363],[-94.217366,44.205408],[-94.219146,44.205124],[-94.221207,44.20527],[-94.222666,44.205805],[-94.223114,44.206185],[-94.223358,44.206559],[-94.223407,44.20716],[-94.222393,44.208861],[-94.222754,44.210074],[-94.2226,44.210624],[-94.221804,44.211453],[-94.219854,44.212298],[-94.219142,44.21304],[-94.219003,44.213469],[-94.219163,44.21392],[-94.219605,44.214251],[-94.221955,44.215354],[-94.224224,44.216757],[-94.224895,44.216783],[-94.225886,44.216123],[-94.226155,44.215689],[-94.226133,44.215133],[-94.225715,44.214412],[-94.224052,44.213156],[-94.224031,44.212584],[-94.224334,44.211909],[-94.224759,44.211565],[-94.225262,44.211461],[-94.226645,44.211888],[-94.22734,44.211812],[-94.228083,44.211377],[-94.229136,44.211148],[-94.229838,44.211275],[-94.232501,44.21229],[-94.233349,44.212456],[-94.235029,44.212464],[-94.236519,44.211965],[-94.236711,44.211354],[-94.23676,44.210182],[-94.237424,44.20963],[-94.238296,44.209507],[-94.238815,44.209734],[-94.242075,44.214022],[-94.242617,44.214336],[-94.243174,44.21443],[-94.245444,44.213409],[-94.24714,44.213279],[-94.248071,44.213478],[-94.251256,44.214685],[-94.252376,44.215265],[-94.252438,44.215793],[-94.25198,44.216414],[-94.251384,44.216869],[-94.248209,44.217488],[-94.2471,44.218054],[-94.246748,44.218488],[-94.246709,44.218917],[-94.24696,44.219473],[-94.247555,44.219924],[-94.24909,44.220184],[-94.251382,44.220221],[-94.253482,44.220634],[-94.25456,44.221384],[-94.256178,44.223594],[-94.257133,44.224259],[-94.257776,44.224453],[-94.25969,44.224081],[-94.262195,44.224686],[-94.26629,44.223651],[-94.267451,44.223885],[-94.268125,44.224718],[-94.268367,44.226161],[-94.267482,44.228387],[-94.267416,44.229189],[-94.267877,44.230198],[-94.268689,44.230855],[-94.269957,44.231132],[-94.271009,44.230905],[-94.271786,44.230448],[-94.272088,44.22964],[-94.271833,44.228674],[-94.271095,44.227106],[-94.271123,44.226606],[-94.271918,44.224688],[-94.272801,44.224198],[-94.273893,44.224388],[-94.274467,44.224793],[-94.275472,44.226053],[-94.276199,44.226689],[-94.277773,44.227114],[-94.279512,44.227017],[-94.280277,44.22735],[-94.280507,44.227723],[-94.280485,44.228036],[-94.279908,44.228844],[-94.280011,44.229728],[-94.281067,44.230604],[-94.283464,44.23176],[-94.285803,44.233619],[-94.287976,44.23491],[-94.28908,44.236242],[-94.289917,44.23758],[-94.290718,44.239384],[-94.29156,44.239965],[-94.292034,44.240123],[-94.292957,44.239994],[-94.294122,44.239218],[-94.294494,44.238542],[-94.294371,44.236543],[-94.294483,44.235906],[-94.294952,44.234851],[-94.295896,44.234234],[-94.297499,44.234137],[-94.29798,44.23429],[-94.298625,44.235057],[-94.298802,44.235523],[-94.298267,44.237254],[-94.298285,44.238017],[-94.299541,44.24088],[-94.300909,44.243029],[-94.301688,44.243099],[-94.303538,44.242018],[-94.304797,44.24184],[-94.306898,44.24234],[-94.308356,44.242293],[-94.308655,44.2425],[-94.308794,44.242917],[-94.308743,44.243401],[-94.308137,44.244637],[-94.308201,44.245362],[-94.308447,44.245806],[-94.309006,44.246222],[-94.310031,44.246686],[-94.310581,44.246751],[-94.312008,44.24655],[-94.31232,44.246318],[-94.312357,44.245984],[-94.311666,44.245156],[-94.311357,44.244245],[-94.311376,44.243361],[-94.311908,44.242855],[-94.31232,44.242733],[-94.313756,44.242785],[-94.315826,44.243252],[-94.318666,44.243141],[-94.319713,44.243369],[-94.320203,44.243686],[-94.320517,44.244031],[-94.32071,44.24458],[-94.320685,44.245667],[-94.320389,44.246211],[-94.319971,44.246552],[-94.318395,44.247473],[-94.317871,44.248111],[-94.317895,44.248413],[-94.320149,44.2507],[-94.320879,44.251174],[-94.321742,44.251127],[-94.322372,44.250508],[-94.322617,44.249308],[-94.322441,44.247579],[-94.32273,44.247139],[-94.323369,44.24683],[-94.324033,44.246724],[-94.324897,44.247078],[-94.32543,44.248318],[-94.326104,44.248942],[-94.327763,44.249388],[-94.328712,44.249819],[-94.329488,44.250894],[-94.330072,44.25311],[-94.330617,44.254039],[-94.33143,44.254668],[-94.333655,44.255673],[-94.336491,44.256598],[-94.337951,44.256557],[-94.339168,44.255984],[-94.34134,44.254176],[-94.341555,44.253929],[-94.34182,44.253007],[-94.342158,44.252574],[-94.342763,44.252367],[-94.343984,44.252441],[-94.344601,44.252712],[-94.344875,44.253042],[-94.344866,44.253273],[-94.342871,44.254839],[-94.342617,44.255349],[-94.342529,44.256052],[-94.342958,44.257152],[-94.344275,44.258106],[-94.345275,44.258229],[-94.348997,44.257859],[-94.350248,44.258087],[-94.351589,44.258782],[-94.352825,44.260499],[-94.355104,44.261504],[-94.355768,44.261605],[-94.356427,44.261216],[-94.356835,44.26052],[-94.356986,44.259498],[-94.356754,44.258575],[-94.357409,44.257505],[-94.357922,44.257127],[-94.358634,44.256898],[-94.359948,44.25695],[-94.361571,44.257679],[-94.362716,44.257891],[-94.362995,44.258468],[-94.362948,44.258825],[-94.362134,44.259554],[-94.36026,44.260104],[-94.360059,44.260637],[-94.360131,44.261428],[-94.360548,44.262055],[-94.365344,44.263791],[-94.37178,44.264425],[-94.371756,44.195961],[-94.369216,44.195952],[-94.368994,44.181189],[-94.368894,44.108645],[-94.369144,44.06521],[-94.369179,44.021803],[-94.369051,43.999967],[-94.369037,43.848011],[-94.187456,43.847895],[-93.948333,43.848204],[-93.767682,43.84793],[-93.768389,44.036783],[-93.768256,44.065429],[-93.768367,44.079951],[-93.768119,44.094604],[-93.768247,44.108955],[-93.768112,44.152354],[-93.768285,44.181396],[-93.767697,44.195918],[-93.768047,44.210431],[-93.76803,44.239324],[-93.848602,44.239295],[-93.929015,44.239816],[-93.949146,44.239377],[-93.989344,44.239712],[-94.011778,44.239497]]]}},{"type":"Feature","properties":{"name":"Brown","gnisId":659453,"fipsCode":"015","countyCode":"27015"},"geometry":{"type":"Polygon","coordinates":[[[-94.780335,44.456055],[-94.780907,44.457443],[-94.781575,44.457737],[-94.788174,44.45638],[-94.78909,44.456259],[-94.790551,44.456441],[-94.794045,44.458976],[-94.794223,44.459605],[-94.793041,44.460251],[-94.79304,44.460663],[-94.796575,44.462083],[-94.801488,44.464987],[-94.803835,44.465388],[-94.80499,44.465181],[-94.805891,44.465703],[-94.806512,44.466408],[-94.806552,44.466688],[-94.806419,44.466797],[-94.805347,44.467043],[-94.804588,44.467012],[-94.802886,44.466272],[-94.801997,44.466229],[-94.801318,44.466381],[-94.798676,44.467476],[-94.798098,44.467904],[-94.797678,44.468828],[-94.798125,44.469421],[-94.798846,44.469786],[-94.799232,44.469346],[-94.799534,44.468212],[-94.799771,44.467918],[-94.800938,44.467569],[-94.80185,44.46759],[-94.803407,44.467998],[-94.807543,44.469678],[-94.80906,44.470767],[-94.809646,44.470988],[-94.809992,44.471316],[-94.811216,44.473825],[-94.810469,44.474982],[-94.810405,44.475421],[-94.810682,44.476061],[-94.810392,44.478025],[-94.810416,44.47896],[-94.810895,44.480866],[-94.811195,44.481496],[-94.81217,44.481848],[-94.812751,44.481619],[-94.81561,44.479387],[-94.816585,44.479058],[-94.817435,44.47915],[-94.817854,44.479963],[-94.818006,44.480376],[-94.817999,44.481679],[-94.817525,44.481948],[-94.815737,44.482263],[-94.814572,44.482848],[-94.814362,44.483313],[-94.814419,44.483858],[-94.814542,44.484205],[-94.814934,44.484512],[-94.815467,44.484694],[-94.816051,44.484657],[-94.816424,44.484447],[-94.816924,44.483386],[-94.817207,44.483104],[-94.81794,44.482958],[-94.820787,44.483996],[-94.823267,44.485316],[-94.824771,44.485339],[-94.825371,44.484961],[-94.826262,44.483883],[-94.826432,44.483171],[-94.82722,44.482954],[-94.827775,44.483169],[-94.82815,44.483586],[-94.828715,44.484702],[-94.829095,44.486245],[-94.829409,44.486655],[-94.831134,44.488428],[-94.831924,44.488827],[-94.833322,44.488452],[-94.833737,44.488056],[-94.833653,44.487692],[-94.833283,44.487435],[-94.831105,44.486988],[-94.830599,44.486619],[-94.830435,44.486046],[-94.830811,44.485396],[-94.831329,44.484897],[-94.832002,44.484662],[-94.833277,44.484611],[-94.833571,44.484845],[-94.833922,44.485618],[-94.834749,44.486056],[-94.835569,44.486104],[-94.837951,44.485669],[-94.838772,44.485678],[-94.839986,44.485978],[-94.841152,44.485996],[-94.842542,44.48666],[-94.843017,44.488809],[-94.842895,44.48911],[-94.842507,44.489265],[-94.840274,44.488893],[-94.83975,44.488657],[-94.838827,44.487712],[-94.83782,44.488086],[-94.837816,44.488289],[-94.838475,44.488697],[-94.838773,44.48908],[-94.838604,44.490463],[-94.839952,44.491637],[-94.84123,44.49219],[-94.842515,44.492375],[-94.846158,44.492526],[-94.84741,44.492177],[-94.84951,44.49197],[-94.849868,44.491765],[-94.850093,44.491317],[-94.849895,44.490523],[-94.85003,44.490311],[-94.85083,44.489918],[-94.853376,44.489683],[-94.854484,44.490228],[-94.855075,44.491301],[-94.855235,44.492385],[-94.854923,44.492629],[-94.852748,44.493435],[-94.852179,44.49384],[-94.851778,44.494264],[-94.851595,44.494883],[-94.851582,44.495142],[-94.851808,44.495353],[-94.852837,44.495683],[-94.853483,44.495635],[-94.855352,44.495118],[-94.85717,44.494841],[-94.862107,44.495143],[-94.8639,44.495674],[-94.864184,44.496007],[-94.864884,44.497701],[-94.865616,44.49819],[-94.86564,44.441632],[-94.866348,44.325772],[-94.866303,44.282288],[-94.926698,44.282104],[-94.986884,44.282612],[-95.026982,44.282405],[-95.047233,44.282475],[-95.087717,44.28185],[-95.10753,44.281799],[-95.108813,44.195033],[-95.101027,44.195017],[-95.100847,44.151489],[-95.100295,44.108076],[-94.980202,44.1078],[-94.899739,44.107823],[-94.77872,44.10842],[-94.738401,44.108899],[-94.62528,44.109019],[-94.368894,44.108645],[-94.368994,44.181189],[-94.369216,44.195952],[-94.371756,44.195961],[-94.37178,44.264425],[-94.372468,44.264675],[-94.373723,44.26582],[-94.374203,44.266074],[-94.375275,44.266499],[-94.375837,44.266393],[-94.378276,44.265138],[-94.378884,44.264286],[-94.378651,44.263358],[-94.378039,44.262719],[-94.378026,44.262245],[-94.378621,44.261735],[-94.380583,44.261316],[-94.382028,44.261812],[-94.383887,44.262723],[-94.384161,44.263388],[-94.384036,44.265459],[-94.384332,44.266142],[-94.385165,44.266615],[-94.387981,44.266928],[-94.390286,44.266797],[-94.396094,44.267647],[-94.39883,44.268283],[-94.399654,44.26858],[-94.399989,44.269048],[-94.40001,44.270517],[-94.400427,44.270844],[-94.404183,44.271252],[-94.409695,44.272464],[-94.410874,44.272911],[-94.413053,44.274102],[-94.413699,44.274665],[-94.413964,44.275148],[-94.413766,44.275524],[-94.411667,44.276699],[-94.411013,44.277995],[-94.411355,44.278689],[-94.411825,44.279034],[-94.412061,44.2795],[-94.411887,44.280234],[-94.411468,44.280781],[-94.411475,44.281205],[-94.411969,44.281748],[-94.41339,44.2827],[-94.414571,44.283921],[-94.414964,44.284864],[-94.414706,44.285409],[-94.414031,44.286092],[-94.414,44.286522],[-94.414316,44.287089],[-94.415663,44.288052],[-94.416684,44.288488],[-94.41857,44.288528],[-94.419961,44.289279],[-94.421245,44.290286],[-94.421565,44.290891],[-94.421836,44.292097],[-94.422175,44.292581],[-94.4226,44.292758],[-94.423673,44.292675],[-94.424093,44.2923],[-94.424956,44.290996],[-94.425619,44.290497],[-94.426461,44.290343],[-94.427762,44.290615],[-94.429961,44.291686],[-94.431376,44.292609],[-94.432092,44.29345],[-94.43196,44.29409],[-94.431204,44.294531],[-94.427409,44.294728],[-94.42593,44.295112],[-94.425558,44.295429],[-94.425134,44.296307],[-94.424761,44.298692],[-94.424999,44.299296],[-94.42552,44.299515],[-94.426386,44.299339],[-94.428677,44.297111],[-94.429719,44.296312],[-94.430521,44.295992],[-94.431549,44.295995],[-94.432431,44.296274],[-94.43377,44.297207],[-94.435492,44.299051],[-94.436532,44.30083],[-94.437028,44.302159],[-94.437566,44.30288],[-94.439438,44.30412],[-94.440423,44.305052],[-94.441529,44.306464],[-94.441583,44.307168],[-94.441381,44.307492],[-94.440194,44.308133],[-94.438761,44.308208],[-94.43426,44.307966],[-94.43284,44.308263],[-94.432202,44.308824],[-94.431613,44.309899],[-94.431545,44.310544],[-94.43178,44.311432],[-94.432444,44.312121],[-94.433333,44.312522],[-94.435889,44.312809],[-94.436756,44.312522],[-94.437854,44.311669],[-94.439441,44.309807],[-94.440592,44.308809],[-94.441441,44.308461],[-94.442412,44.308436],[-94.443421,44.30881],[-94.44445,44.309605],[-94.447769,44.31299],[-94.451009,44.315626],[-94.451865,44.31669],[-94.452692,44.318313],[-94.453148,44.319829],[-94.452749,44.320854],[-94.45199,44.321378],[-94.450908,44.321757],[-94.449809,44.321741],[-94.448938,44.321181],[-94.448538,44.320628],[-94.447721,44.316731],[-94.44695,44.315642],[-94.445951,44.314946],[-94.444896,44.314808],[-94.443757,44.315059],[-94.442768,44.315759],[-94.442123,44.316374],[-94.441247,44.317607],[-94.440799,44.318908],[-94.440931,44.319923],[-94.442037,44.323073],[-94.442603,44.323859],[-94.443131,44.324061],[-94.443949,44.32417],[-94.445217,44.323914],[-94.447328,44.323068],[-94.450845,44.32236],[-94.452233,44.322554],[-94.45327,44.323172],[-94.453648,44.324093],[-94.453428,44.325516],[-94.451613,44.328787],[-94.451261,44.32999],[-94.451078,44.331835],[-94.451278,44.332878],[-94.451732,44.333453],[-94.452693,44.333839],[-94.453563,44.33395],[-94.455375,44.333749],[-94.459606,44.332403],[-94.460268,44.332364],[-94.461446,44.332507],[-94.462703,44.332881],[-94.463844,44.333417],[-94.464687,44.334024],[-94.46693,44.336462],[-94.468457,44.337766],[-94.472726,44.340659],[-94.473469,44.341463],[-94.474429,44.343373],[-94.474845,44.34376],[-94.475643,44.344075],[-94.476672,44.344217],[-94.479661,44.344013],[-94.481528,44.344446],[-94.482576,44.344944],[-94.483105,44.345383],[-94.483315,44.345847],[-94.483569,44.347476],[-94.483826,44.348146],[-94.48494,44.349252],[-94.486603,44.349996],[-94.490164,44.350436],[-94.49066,44.35066],[-94.491296,44.351271],[-94.491529,44.352469],[-94.491552,44.355643],[-94.490527,44.358726],[-94.490913,44.359305],[-94.491586,44.359801],[-94.495439,44.361534],[-94.497363,44.361806],[-94.498109,44.361561],[-94.498913,44.360988],[-94.499743,44.360118],[-94.500036,44.359238],[-94.499899,44.35857],[-94.499162,44.357709],[-94.496702,44.355673],[-94.496284,44.355148],[-94.496249,44.354394],[-94.496609,44.353801],[-94.499358,44.352262],[-94.501352,44.352294],[-94.502045,44.352554],[-94.502572,44.353065],[-94.502812,44.3537],[-94.501673,44.355806],[-94.501362,44.356815],[-94.501544,44.357301],[-94.501891,44.357574],[-94.502251,44.357611],[-94.503024,44.357349],[-94.505384,44.355584],[-94.506374,44.355182],[-94.507935,44.355059],[-94.509748,44.35533],[-94.513537,44.356583],[-94.515097,44.35728],[-94.517448,44.35793],[-94.518359,44.358434],[-94.520207,44.359695],[-94.520427,44.360197],[-94.520168,44.362076],[-94.519493,44.363994],[-94.517786,44.366936],[-94.517478,44.368165],[-94.517561,44.369382],[-94.517832,44.370066],[-94.518287,44.37034],[-94.518808,44.370373],[-94.519468,44.370038],[-94.520362,44.368644],[-94.520761,44.366696],[-94.521417,44.366119],[-94.522625,44.365542],[-94.526119,44.365059],[-94.52916,44.364984],[-94.532914,44.364943],[-94.536468,44.365318],[-94.538563,44.365338],[-94.545918,44.364451],[-94.546552,44.364616],[-94.547598,44.365303],[-94.548189,44.366073],[-94.549186,44.37018],[-94.549661,44.370635],[-94.552529,44.371971],[-94.553108,44.372636],[-94.554374,44.375211],[-94.55498,44.375812],[-94.555365,44.375953],[-94.5565,44.375917],[-94.556833,44.375535],[-94.557072,44.374982],[-94.556993,44.372953],[-94.55726,44.372235],[-94.558195,44.371491],[-94.559289,44.371292],[-94.560239,44.371405],[-94.561151,44.371887],[-94.561987,44.373165],[-94.562991,44.375964],[-94.563597,44.376543],[-94.564867,44.37688],[-94.568744,44.3765],[-94.571186,44.37602],[-94.572805,44.375436],[-94.574725,44.374191],[-94.576661,44.372042],[-94.577439,44.371477],[-94.578009,44.371388],[-94.578541,44.371685],[-94.579978,44.375994],[-94.580953,44.377263],[-94.582075,44.378003],[-94.582845,44.378267],[-94.583611,44.378124],[-94.584278,44.377503],[-94.585381,44.37498],[-94.585969,44.374299],[-94.58656,44.373925],[-94.587099,44.373831],[-94.587433,44.374032],[-94.587547,44.374512],[-94.587173,44.375363],[-94.587107,44.376145],[-94.587476,44.376786],[-94.587979,44.377123],[-94.589185,44.377219],[-94.591402,44.376658],[-94.592125,44.376768],[-94.592912,44.377114],[-94.593331,44.377485],[-94.593483,44.377963],[-94.593526,44.378348],[-94.59321,44.379346],[-94.593618,44.380668],[-94.593734,44.381938],[-94.594011,44.382553],[-94.595417,44.38449],[-94.59637,44.385154],[-94.597256,44.385428],[-94.599533,44.385851],[-94.602135,44.385935],[-94.60674,44.384866],[-94.607669,44.384859],[-94.609696,44.384954],[-94.613616,44.385441],[-94.615856,44.385419],[-94.617171,44.385045],[-94.618992,44.384118],[-94.61976,44.383606],[-94.62088,44.382415],[-94.621506,44.382201],[-94.623203,44.382265],[-94.625286,44.383277],[-94.62681,44.384319],[-94.626962,44.384799],[-94.626851,44.385425],[-94.626218,44.387307],[-94.626462,44.38952],[-94.62721,44.390633],[-94.628165,44.391285],[-94.631248,44.391493],[-94.633042,44.392042],[-94.633795,44.392043],[-94.637322,44.391413],[-94.639445,44.390749],[-94.640321,44.390294],[-94.640991,44.390151],[-94.641382,44.390243],[-94.641659,44.390597],[-94.641588,44.39113],[-94.640618,44.393427],[-94.639986,44.393994],[-94.638083,44.394357],[-94.637726,44.394601],[-94.637604,44.394941],[-94.638209,44.395893],[-94.639602,44.396609],[-94.642146,44.397307],[-94.644322,44.39754],[-94.645913,44.397482],[-94.647117,44.397129],[-94.649944,44.395723],[-94.65341,44.393375],[-94.654529,44.393071],[-94.655218,44.393182],[-94.655558,44.393481],[-94.655511,44.393943],[-94.65447,44.395546],[-94.654044,44.399201],[-94.654088,44.399741],[-94.654438,44.400382],[-94.655,44.400722],[-94.655422,44.400737],[-94.65574,44.400552],[-94.655757,44.398748],[-94.655865,44.398265],[-94.656257,44.397839],[-94.656827,44.397723],[-94.657516,44.397827],[-94.658492,44.398677],[-94.659322,44.399053],[-94.661859,44.399322],[-94.662314,44.399166],[-94.66249,44.39881],[-94.66243,44.398265],[-94.661845,44.397049],[-94.661911,44.396313],[-94.662224,44.395578],[-94.663043,44.39482],[-94.665108,44.394392],[-94.666133,44.394208],[-94.668863,44.394395],[-94.672469,44.395839],[-94.676098,44.396446],[-94.677141,44.396934],[-94.677285,44.397545],[-94.677055,44.397956],[-94.674245,44.399253],[-94.673112,44.399948],[-94.670035,44.402487],[-94.669829,44.402831],[-94.669869,44.403173],[-94.670177,44.403616],[-94.673032,44.405444],[-94.673887,44.406166],[-94.674768,44.407647],[-94.676567,44.408427],[-94.678363,44.408915],[-94.679718,44.409157],[-94.680917,44.409139],[-94.681864,44.408954],[-94.683288,44.408306],[-94.684934,44.407263],[-94.68525,44.406787],[-94.684917,44.406047],[-94.684944,44.405794],[-94.685215,44.405653],[-94.685772,44.405883],[-94.687175,44.406896],[-94.688187,44.407042],[-94.688605,44.406803],[-94.689505,44.405385],[-94.691352,44.403783],[-94.692737,44.402292],[-94.693314,44.402203],[-94.694147,44.40243],[-94.694729,44.403012],[-94.695259,44.404782],[-94.696992,44.407195],[-94.697266,44.408264],[-94.697162,44.408968],[-94.696889,44.40918],[-94.696505,44.409199],[-94.693851,44.408088],[-94.69281,44.407904],[-94.691199,44.407798],[-94.688485,44.408034],[-94.687224,44.408541],[-94.685624,44.409573],[-94.684944,44.410289],[-94.684852,44.411163],[-94.685229,44.412497],[-94.687301,44.415248],[-94.68795,44.416832],[-94.688229,44.417148],[-94.688617,44.417343],[-94.689943,44.417541],[-94.693496,44.417724],[-94.694457,44.417655],[-94.695625,44.417191],[-94.696326,44.416619],[-94.696395,44.415679],[-94.695888,44.414828],[-94.693634,44.412763],[-94.693378,44.411996],[-94.693454,44.411579],[-94.693821,44.411246],[-94.694506,44.41118],[-94.695025,44.411349],[-94.696191,44.412349],[-94.697024,44.412587],[-94.698261,44.412541],[-94.700124,44.411852],[-94.700732,44.411763],[-94.701083,44.411904],[-94.701047,44.412228],[-94.700562,44.412697],[-94.698941,44.413196],[-94.698669,44.413419],[-94.698634,44.413667],[-94.698866,44.414015],[-94.702311,44.415561],[-94.702749,44.41606],[-94.702857,44.416479],[-94.702566,44.416856],[-94.699727,44.41762],[-94.699476,44.417909],[-94.699493,44.418289],[-94.700145,44.419213],[-94.700239,44.420006],[-94.699933,44.420444],[-94.697409,44.421161],[-94.696432,44.421665],[-94.695145,44.423316],[-94.694205,44.425278],[-94.694225,44.425883],[-94.694957,44.428012],[-94.695404,44.428417],[-94.698101,44.42883],[-94.699476,44.429253],[-94.701433,44.430309],[-94.703295,44.431946],[-94.705246,44.43337],[-94.706464,44.434062],[-94.70817,44.434483],[-94.709381,44.434657],[-94.713638,44.433695],[-94.717459,44.433532],[-94.719922,44.433733],[-94.723474,44.43359],[-94.726726,44.433891],[-94.727068,44.43413],[-94.727365,44.434732],[-94.727419,44.435679],[-94.727218,44.436695],[-94.72738,44.437103],[-94.727768,44.437376],[-94.729687,44.437902],[-94.730331,44.438463],[-94.730806,44.439517],[-94.730804,44.441046],[-94.73102,44.44145],[-94.731569,44.441746],[-94.732581,44.441852],[-94.736066,44.44161],[-94.736509,44.441761],[-94.736939,44.442227],[-94.737521,44.443816],[-94.737918,44.444424],[-94.739254,44.445441],[-94.745429,44.447523],[-94.746184,44.447925],[-94.747646,44.449202],[-94.748975,44.449729],[-94.749614,44.449679],[-94.752242,44.448755],[-94.754421,44.447759],[-94.758266,44.446745],[-94.76054,44.445294],[-94.761315,44.444627],[-94.762083,44.44362],[-94.762854,44.443123],[-94.765894,44.442676],[-94.767169,44.442949],[-94.767911,44.443332],[-94.76794,44.443766],[-94.767329,44.444957],[-94.767281,44.445369],[-94.767526,44.446366],[-94.767871,44.446678],[-94.769605,44.446979],[-94.772126,44.44713],[-94.775326,44.446393],[-94.776422,44.446461],[-94.779877,44.449309],[-94.783628,44.450639],[-94.785982,44.451008],[-94.786646,44.451499],[-94.786795,44.45199],[-94.786707,44.452489],[-94.785925,44.453447],[-94.78518,44.453839],[-94.783986,44.454045],[-94.781672,44.453578],[-94.780531,44.453829],[-94.780007,44.454246],[-94.779829,44.454645],[-94.780335,44.456055]]]}},{"type":"Feature","properties":{"name":"Carlton","gnisId":659454,"fipsCode":"017","countyCode":"27017"},"geometry":{"type":"Polygon","coordinates":[[[-92.292141,46.664093],[-92.292717,46.663559],[-92.29357,46.663627],[-92.295037,46.664271],[-92.297814,46.666235],[-92.298567,46.666598],[-92.299837,46.667021],[-92.301245,46.666928],[-92.301629,46.720733],[-92.301537,46.749768],[-92.301709,46.764123],[-92.322527,46.765099],[-92.364754,46.764946],[-92.375246,46.765098],[-92.406705,46.764778],[-92.428467,46.764912],[-92.449567,46.765588],[-92.489816,46.765645],[-92.533741,46.765944],[-92.554919,46.76617],[-92.576001,46.766692],[-92.596781,46.766431],[-92.625224,46.76656],[-92.638443,46.766877],[-92.65916,46.769073],[-92.680403,46.769071],[-92.765375,46.767229],[-92.808538,46.766077],[-92.850602,46.766143],[-92.893295,46.766484],[-92.914318,46.76604],[-92.95683,46.766173],[-93.000696,46.766849],[-93.06156,46.766616],[-93.062993,46.737701],[-93.063054,46.723625],[-93.064037,46.694438],[-93.064478,46.687332],[-93.064655,46.679908],[-93.064287,46.665582],[-93.064344,46.65112],[-93.063798,46.622228],[-93.062834,46.593293],[-93.054866,46.593212],[-93.055716,46.564177],[-93.055117,46.499966],[-93.05537,46.448437],[-93.055364,46.433624],[-93.055117,46.419102],[-93.000246,46.419344],[-92.927767,46.419326],[-92.803435,46.418404],[-92.553134,46.41813],[-92.342775,46.417303],[-92.321855,46.417548],[-92.292706,46.417252],[-92.292368,46.460472],[-92.292385,46.503966],[-92.291924,46.56168],[-92.292075,46.605201],[-92.291773,46.63469],[-92.292141,46.664093]]]}},{"type":"Feature","properties":{"name":"Carver","gnisId":659455,"fipsCode":"019","countyCode":"27019"},"geometry":{"type":"Polygon","coordinates":[[[-93.767378,44.977686],[-93.859449,44.977918],[-93.97164,44.978524],[-94.012364,44.978536],[-94.012282,44.898824],[-94.012565,44.89171],[-94.009991,44.89167],[-94.010011,44.796802],[-94.010498,44.717474],[-93.888666,44.717057],[-93.888841,44.67342],[-93.84961,44.673717],[-93.829195,44.673364],[-93.768194,44.67352],[-93.76809,44.651802],[-93.768418,44.644672],[-93.768364,44.640342],[-93.765953,44.640086],[-93.763478,44.639155],[-93.762149,44.637818],[-93.761622,44.636075],[-93.761063,44.634917],[-93.758642,44.635414],[-93.755492,44.635801],[-93.754151,44.636301],[-93.753449,44.637142],[-93.75337,44.637715],[-93.753548,44.638136],[-93.754847,44.63877],[-93.757547,44.639558],[-93.759786,44.6409],[-93.760252,44.641844],[-93.760232,44.64255],[-93.759853,44.64355],[-93.759506,44.643906],[-93.758423,44.644289],[-93.757408,44.644322],[-93.756486,44.64379],[-93.754475,44.643658],[-93.753469,44.64383],[-93.751295,44.644541],[-93.74657,44.64546],[-93.740066,44.645732],[-93.738218,44.646002],[-93.737443,44.646336],[-93.730886,44.652011],[-93.72987,44.653124],[-93.727839,44.65667],[-93.726873,44.656978],[-93.725862,44.656725],[-93.724283,44.654898],[-93.722946,44.654365],[-93.720814,44.654343],[-93.71839,44.655336],[-93.71561,44.65751],[-93.715146,44.658049],[-93.715118,44.658731],[-93.716419,44.65941],[-93.719199,44.660446],[-93.720768,44.661373],[-93.72162,44.662751],[-93.721603,44.663293],[-93.721383,44.663652],[-93.718401,44.665508],[-93.713643,44.667438],[-93.711585,44.668085],[-93.708733,44.668631],[-93.701675,44.668518],[-93.699701,44.668913],[-93.697672,44.669781],[-93.691707,44.67522],[-93.68745,44.678661],[-93.683686,44.683123],[-93.682745,44.683929],[-93.679813,44.685783],[-93.678425,44.686999],[-93.67746,44.688356],[-93.676538,44.690831],[-93.675529,44.692286],[-93.675151,44.692566],[-93.669947,44.694061],[-93.665687,44.695875],[-93.663276,44.696218],[-93.661506,44.696114],[-93.660125,44.695852],[-93.658307,44.694867],[-93.657475,44.693727],[-93.657075,44.691387],[-93.656869,44.690939],[-93.656412,44.690344],[-93.655673,44.690049],[-93.655206,44.690063],[-93.653414,44.690702],[-93.650652,44.692143],[-93.649354,44.693639],[-93.648327,44.695249],[-93.647578,44.695609],[-93.646743,44.695528],[-93.646525,44.69535],[-93.645072,44.69313],[-93.644222,44.69279],[-93.642626,44.6927],[-93.639317,44.693115],[-93.638727,44.693272],[-93.636936,44.694364],[-93.636445,44.695051],[-93.635927,44.697229],[-93.635575,44.69775],[-93.634915,44.698048],[-93.633095,44.698355],[-93.632051,44.698359],[-93.630195,44.698086],[-93.62945,44.698172],[-93.62915,44.698387],[-93.629013,44.698767],[-93.629102,44.699227],[-93.63003,44.701033],[-93.630049,44.701436],[-93.629842,44.701929],[-93.62917,44.702569],[-93.628455,44.702858],[-93.626349,44.703049],[-93.62493,44.703445],[-93.624157,44.703837],[-93.622358,44.705609],[-93.621261,44.706184],[-93.618747,44.706903],[-93.617947,44.707297],[-93.617766,44.707834],[-93.618237,44.708511],[-93.620797,44.710286],[-93.622577,44.711269],[-93.624696,44.713463],[-93.626215,44.715651],[-93.626676,44.71708],[-93.626618,44.719154],[-93.626282,44.720774],[-93.625715,44.722251],[-93.625613,44.723586],[-93.626475,44.723999],[-93.627325,44.723948],[-93.629735,44.723392],[-93.631789,44.723295],[-93.632376,44.723544],[-93.63277,44.72414],[-93.632557,44.725437],[-93.632661,44.725849],[-93.632377,44.726879],[-93.631323,44.728442],[-93.628518,44.731805],[-93.628469,44.732204],[-93.628776,44.733691],[-93.631095,44.73668],[-93.63146,44.73735],[-93.63152,44.73834],[-93.631294,44.738959],[-93.63025,44.740067],[-93.628127,44.741367],[-93.62606,44.742944],[-93.623568,44.745271],[-93.62239,44.746714],[-93.621784,44.747746],[-93.621359,44.748956],[-93.621051,44.750756],[-93.621009,44.753204],[-93.620644,44.7538],[-93.618972,44.753925],[-93.61743,44.752928],[-93.616474,44.751861],[-93.615043,44.749601],[-93.614539,44.749067],[-93.614204,44.74896],[-93.613453,44.748986],[-93.61218,44.749834],[-93.610053,44.751696],[-93.609118,44.752785],[-93.608545,44.753825],[-93.608553,44.75451],[-93.608963,44.755213],[-93.609712,44.755982],[-93.611913,44.757036],[-93.620652,44.760011],[-93.621331,44.760477],[-93.621958,44.762153],[-93.62191,44.762499],[-93.619381,44.764577],[-93.616394,44.766166],[-93.613805,44.767168],[-93.611596,44.767485],[-93.6072,44.767567],[-93.605764,44.767838],[-93.602434,44.768825],[-93.600161,44.769977],[-93.596281,44.773156],[-93.595239,44.774165],[-93.594701,44.775029],[-93.594343,44.775834],[-93.594293,44.77659],[-93.594645,44.777265],[-93.595706,44.778344],[-93.598189,44.7797],[-93.599485,44.780863],[-93.59988,44.781424],[-93.599867,44.782162],[-93.599484,44.782615],[-93.598262,44.783014],[-93.592409,44.783673],[-93.589869,44.783745],[-93.589139,44.783712],[-93.5858,44.782636],[-93.583965,44.782238],[-93.582853,44.782121],[-93.582075,44.782342],[-93.581508,44.783088],[-93.58141,44.783618],[-93.581565,44.78949],[-93.581295,44.791345],[-93.580758,44.792739],[-93.580266,44.793397],[-93.579328,44.794069],[-93.577621,44.794853],[-93.575349,44.795605],[-93.572706,44.796156],[-93.567929,44.796342],[-93.563774,44.796955],[-93.560387,44.797935],[-93.556161,44.799653],[-93.554781,44.799846],[-93.553312,44.799496],[-93.551987,44.798604],[-93.549147,44.796038],[-93.547865,44.795644],[-93.547429,44.795649],[-93.543675,44.797031],[-93.542164,44.797903],[-93.540742,44.799023],[-93.540474,44.804783],[-93.520164,44.805051],[-93.520793,44.81933],[-93.520934,44.847702],[-93.520722,44.891509],[-93.553529,44.891128],[-93.604924,44.891551],[-93.637241,44.891206],[-93.67638,44.89136],[-93.706739,44.890909],[-93.76799,44.890848],[-93.767808,44.934212],[-93.767378,44.977686]]]}},{"type":"Feature","properties":{"name":"Cass","gnisId":659456,"fipsCode":"021","countyCode":"27021"},"geometry":{"type":"Polygon","coordinates":[[[-93.775356,47.030277],[-93.774036,47.10908],[-93.774393,47.124962],[-93.774036,47.211047],[-93.774879,47.21255],[-93.77542,47.212775],[-93.776201,47.212801],[-93.776894,47.212486],[-93.777319,47.211909],[-93.777309,47.211365],[-93.776724,47.209834],[-93.776772,47.209444],[-93.777069,47.209201],[-93.777657,47.209091],[-93.782662,47.209175],[-93.782896,47.209263],[-93.782906,47.209817],[-93.781933,47.210643],[-93.781742,47.211357],[-93.781985,47.211824],[-93.783189,47.212799],[-93.784678,47.214752],[-93.785212,47.215146],[-93.787229,47.215879],[-93.791786,47.216969],[-93.796028,47.217532],[-93.796747,47.217986],[-93.796942,47.21859],[-93.797177,47.218771],[-93.800375,47.220632],[-93.800667,47.221044],[-93.800627,47.221291],[-93.7996,47.222655],[-93.799409,47.223408],[-93.799556,47.223759],[-93.800033,47.224346],[-93.802336,47.225852],[-93.802951,47.226554],[-93.802904,47.226916],[-93.801959,47.228626],[-93.80176,47.229374],[-93.801844,47.230368],[-93.802498,47.232882],[-93.802668,47.233162],[-93.803354,47.23343],[-93.807923,47.232646],[-93.808471,47.232661],[-93.809465,47.233203],[-93.810631,47.234607],[-93.810868,47.23537],[-93.810789,47.235798],[-93.810524,47.236068],[-93.809871,47.236234],[-93.807614,47.23648],[-93.807342,47.236871],[-93.807894,47.238051],[-93.80825,47.238347],[-93.811303,47.239659],[-93.812488,47.241848],[-93.812281,47.242447],[-93.811378,47.242575],[-93.808881,47.241048],[-93.808332,47.240862],[-93.807791,47.240896],[-93.806777,47.241381],[-93.804904,47.243],[-93.804543,47.243649],[-93.804417,47.24433],[-93.804755,47.246433],[-93.805497,47.248717],[-93.805522,47.249063],[-93.805171,47.249969],[-93.803933,47.252049],[-93.798662,47.255626],[-93.798401,47.256092],[-93.798497,47.258359],[-93.797869,47.259433],[-93.797561,47.25958],[-93.796787,47.259561],[-93.793556,47.25793],[-93.792364,47.257816],[-93.791959,47.257935],[-93.790672,47.259687],[-93.790113,47.260042],[-93.788772,47.260328],[-93.785031,47.26015],[-93.783213,47.260572],[-93.782645,47.261048],[-93.782664,47.261745],[-93.783609,47.262742],[-93.786915,47.263868],[-93.788603,47.264807],[-93.790232,47.265966],[-93.790704,47.266434],[-93.790861,47.267011],[-93.790762,47.267422],[-93.790009,47.26771],[-93.789002,47.267597],[-93.785818,47.266147],[-93.784795,47.265924],[-93.783948,47.265872],[-93.783269,47.266155],[-93.783587,47.266771],[-93.78494,47.268208],[-93.785513,47.269154],[-93.785353,47.269863],[-93.784813,47.270028],[-93.782746,47.26942],[-93.781391,47.269398],[-93.780253,47.269778],[-93.78006,47.269943],[-93.779956,47.270459],[-93.780546,47.271189],[-93.782734,47.271803],[-93.783413,47.272489],[-93.783672,47.272988],[-93.784304,47.273366],[-93.784645,47.274311],[-93.784299,47.275166],[-93.78386,47.275681],[-93.783394,47.275811],[-93.780212,47.274549],[-93.77951,47.274616],[-93.779365,47.275011],[-93.779455,47.275275],[-93.780977,47.27672],[-93.780113,47.276952],[-93.777758,47.277119],[-93.776634,47.277422],[-93.776204,47.277706],[-93.776134,47.278558],[-93.776647,47.280018],[-93.777904,47.282317],[-93.778831,47.283556],[-93.780161,47.284807],[-93.780968,47.285929],[-93.781668,47.287266],[-93.782741,47.290602],[-93.783141,47.291009],[-93.784068,47.291265],[-93.787785,47.290515],[-93.788608,47.290655],[-93.788832,47.290876],[-93.788846,47.291222],[-93.788511,47.291687],[-93.786711,47.292916],[-93.786172,47.293699],[-93.786044,47.294681],[-93.787284,47.296206],[-93.787312,47.296722],[-93.787186,47.297385],[-93.786098,47.299424],[-93.785193,47.299607],[-93.783789,47.299531],[-93.779394,47.298905],[-93.777533,47.29846],[-93.775458,47.297469],[-93.774828,47.297544],[-93.773801,47.298427],[-93.773445,47.299032],[-93.773085,47.301781],[-93.77249,47.303568],[-93.774301,47.305271],[-93.775227,47.305686],[-93.778798,47.305194],[-93.779928,47.305209],[-93.78106,47.306102],[-93.782923,47.308464],[-93.783931,47.308698],[-93.785355,47.308258],[-93.786113,47.3073],[-93.786832,47.307155],[-93.788661,47.307699],[-93.79126,47.308806],[-93.792656,47.308893],[-93.794387,47.30846],[-93.795294,47.308058],[-93.797873,47.306354],[-93.798494,47.306482],[-93.799629,47.308045],[-93.800282,47.308206],[-93.801243,47.308127],[-93.802869,47.307606],[-93.803599,47.307191],[-93.804322,47.306585],[-93.805293,47.305111],[-93.805642,47.304833],[-93.80717,47.304486],[-93.807646,47.304559],[-93.808021,47.305154],[-93.807907,47.306492],[-93.807642,47.307326],[-93.807697,47.307644],[-93.807921,47.307848],[-93.808808,47.308104],[-93.813553,47.308317],[-93.815207,47.308076],[-93.816935,47.307591],[-93.817395,47.307347],[-93.817607,47.306961],[-93.817041,47.306507],[-93.816509,47.306418],[-93.815617,47.307252],[-93.815062,47.307219],[-93.813379,47.305397],[-93.812616,47.304916],[-93.809772,47.304018],[-93.809572,47.303781],[-93.808933,47.300491],[-93.808984,47.300057],[-93.809885,47.29944],[-93.810829,47.29941],[-93.812209,47.301814],[-93.812794,47.302502],[-93.816237,47.304343],[-93.81817,47.305682],[-93.818532,47.305429],[-93.818725,47.305011],[-93.818644,47.304781],[-93.81786,47.304359],[-93.817609,47.303969],[-93.819099,47.302402],[-93.819705,47.30101],[-93.82007,47.300736],[-93.820701,47.30059],[-93.821928,47.300611],[-93.822828,47.301141],[-93.823148,47.301559],[-93.823726,47.303207],[-93.824512,47.303667],[-93.824901,47.304287],[-93.824345,47.308175],[-93.824863,47.309053],[-93.825972,47.309991],[-93.827046,47.310128],[-93.827917,47.309688],[-93.827697,47.308617],[-93.825377,47.304325],[-93.825377,47.304095],[-93.82574,47.303869],[-93.82632,47.304039],[-93.826746,47.304425],[-93.826813,47.305254],[-93.827164,47.305787],[-93.827615,47.305926],[-93.829367,47.306014],[-93.831549,47.30556],[-93.832469,47.305612],[-93.83258,47.305964],[-93.831903,47.307049],[-93.831752,47.307844],[-93.832791,47.308303],[-93.834323,47.308615],[-93.836122,47.30867],[-93.837239,47.308251],[-93.838229,47.307552],[-93.8388,47.306483],[-93.839197,47.306265],[-93.840497,47.306291],[-93.84306,47.30695],[-93.843048,47.307276],[-93.842223,47.308513],[-93.84233,47.309342],[-93.842761,47.309952],[-93.843329,47.310216],[-93.844264,47.310345],[-93.847375,47.310189],[-93.847751,47.310319],[-93.848005,47.31063],[-93.8477,47.312122],[-93.844968,47.315861],[-93.844993,47.316645],[-93.845358,47.31707],[-93.84619,47.317158],[-93.849509,47.316721],[-93.850034,47.315757],[-93.849683,47.314643],[-93.84974,47.314432],[-93.849996,47.314302],[-93.853761,47.313966],[-93.854911,47.314065],[-93.855598,47.314601],[-93.855809,47.315594],[-93.855323,47.316922],[-93.85385,47.318324],[-93.853769,47.31903],[-93.8542,47.319357],[-93.854801,47.319455],[-93.855658,47.319422],[-93.857356,47.319017],[-93.858154,47.319167],[-93.858981,47.319621],[-93.859337,47.320062],[-93.860253,47.322371],[-93.861203,47.32257],[-93.862727,47.322257],[-93.863078,47.321841],[-93.862722,47.321495],[-93.861521,47.321211],[-93.860846,47.320861],[-93.860445,47.319817],[-93.860516,47.319538],[-93.860756,47.319392],[-93.861163,47.319401],[-93.862614,47.320001],[-93.864942,47.320474],[-93.866149,47.321035],[-93.868064,47.320975],[-93.868443,47.320657],[-93.868387,47.320295],[-93.867794,47.319345],[-93.866868,47.318416],[-93.865862,47.318108],[-93.864091,47.318104],[-93.862907,47.317572],[-93.861835,47.316182],[-93.862036,47.315452],[-93.861934,47.315103],[-93.862149,47.314958],[-93.863183,47.315083],[-93.864725,47.314762],[-93.865783,47.314811],[-93.865985,47.314937],[-93.86601,47.315244],[-93.864494,47.315823],[-93.864502,47.315932],[-93.865222,47.31642],[-93.867094,47.316478],[-93.868066,47.316823],[-93.869064,47.318112],[-93.869687,47.318512],[-93.87001,47.318435],[-93.870469,47.317995],[-93.871756,47.316237],[-93.872708,47.315944],[-93.873596,47.315938],[-93.873904,47.31636],[-93.873794,47.317332],[-93.874203,47.318726],[-93.875007,47.320279],[-93.875684,47.320653],[-93.876312,47.320354],[-93.876501,47.31989],[-93.876336,47.317488],[-93.876544,47.3168],[-93.876906,47.316391],[-93.877606,47.316298],[-93.877811,47.316453],[-93.878056,47.317396],[-93.882688,47.317397],[-93.883342,47.317578],[-93.883681,47.318203],[-93.883553,47.318565],[-93.882585,47.319592],[-93.882989,47.319855],[-93.884175,47.319811],[-93.886499,47.319014],[-93.888314,47.318873],[-93.888067,47.319796],[-93.887435,47.320044],[-93.886969,47.320609],[-93.885573,47.323238],[-93.88593,47.323831],[-93.888143,47.32527],[-93.889186,47.326266],[-93.889621,47.326462],[-93.890338,47.326178],[-93.890644,47.325723],[-93.890929,47.324151],[-93.890908,47.321559],[-93.890508,47.319057],[-93.889556,47.316961],[-93.889474,47.315874],[-93.890287,47.314255],[-93.891496,47.313261],[-93.892811,47.312476],[-93.893746,47.311575],[-93.893802,47.311087],[-93.893543,47.310445],[-93.892476,47.308777],[-93.892507,47.307882],[-93.892749,47.307427],[-93.89341,47.306938],[-93.89616,47.306179],[-93.896983,47.305806],[-93.899441,47.303532],[-93.902045,47.30166],[-93.903061,47.301626],[-93.905233,47.302684],[-93.905911,47.30281],[-93.908267,47.302485],[-93.909146,47.302166],[-93.909815,47.301496],[-93.910352,47.299756],[-93.911415,47.298054],[-93.912068,47.297928],[-93.913715,47.298761],[-93.914604,47.299424],[-93.914976,47.299995],[-93.915155,47.300686],[-93.915099,47.301175],[-93.915602,47.301878],[-93.914624,47.304057],[-93.914974,47.30445],[-93.915628,47.304361],[-93.916471,47.303713],[-93.9165,47.302447],[-93.917819,47.302687],[-93.917962,47.303862],[-93.918526,47.30416],[-93.919152,47.303807],[-93.919341,47.302348],[-93.921538,47.301703],[-93.922156,47.30171],[-93.922337,47.301856],[-93.923017,47.302777],[-93.923285,47.304226],[-93.922924,47.304973],[-93.922312,47.305621],[-93.922256,47.306186],[-93.922726,47.307338],[-93.923373,47.307771],[-93.923881,47.307853],[-93.924381,47.307639],[-93.925154,47.307034],[-93.925855,47.306013],[-93.926298,47.305892],[-93.92731,47.306536],[-93.927078,47.308596],[-93.928296,47.309042],[-93.928781,47.309055],[-93.929166,47.30871],[-93.928935,47.307691],[-93.929178,47.307011],[-93.930367,47.3068],[-93.931618,47.306226],[-93.930513,47.305187],[-93.930533,47.304857],[-93.93304,47.30461],[-93.933343,47.304777],[-93.932816,47.30541],[-93.932945,47.30568],[-93.93569,47.305814],[-93.936617,47.306167],[-93.936602,47.307039],[-93.935705,47.30797],[-93.935304,47.308655],[-93.935289,47.308995],[-93.935536,47.309223],[-93.935894,47.309269],[-93.936458,47.309076],[-93.937352,47.308238],[-93.938154,47.307776],[-93.938293,47.307817],[-93.938291,47.308208],[-93.938511,47.308409],[-93.939188,47.308455],[-93.940016,47.308213],[-93.942316,47.309111],[-93.942443,47.309456],[-93.94219,47.309665],[-93.940447,47.309597],[-93.939189,47.310234],[-93.939158,47.312698],[-93.939742,47.314048],[-93.9401,47.314477],[-93.942129,47.315033],[-93.942324,47.31479],[-93.942363,47.314121],[-93.941873,47.313578],[-93.941957,47.312903],[-93.940743,47.311213],[-93.940909,47.311061],[-93.941688,47.310951],[-93.942735,47.311015],[-93.943189,47.311249],[-93.94319,47.311678],[-93.942462,47.312758],[-93.942352,47.313207],[-93.943003,47.313427],[-93.944362,47.313299],[-93.944622,47.31342],[-93.944779,47.313761],[-93.943419,47.315335],[-93.943659,47.315801],[-93.943073,47.317173],[-93.943381,47.317551],[-93.945344,47.318384],[-93.947676,47.318464],[-93.948403,47.318348],[-93.949225,47.317985],[-93.95028,47.317166],[-93.950594,47.316595],[-93.951312,47.31654],[-93.951533,47.316734],[-93.951586,47.317332],[-93.951194,47.317985],[-93.951156,47.318448],[-93.951405,47.318741],[-93.95178,47.318827],[-93.952168,47.318676],[-93.95286,47.317324],[-93.953332,47.317564],[-93.953761,47.317959],[-93.955551,47.320537],[-93.954898,47.321586],[-93.953365,47.321449],[-93.953159,47.321587],[-93.95355,47.322289],[-93.954698,47.323454],[-93.955077,47.323526],[-93.955467,47.323138],[-93.955493,47.322675],[-93.955216,47.32217],[-93.955315,47.321988],[-93.95923,47.323343],[-93.959683,47.324094],[-93.959692,47.324369],[-93.959105,47.325126],[-93.95921,47.325434],[-93.961601,47.326018],[-93.963839,47.326878],[-93.963752,47.327328],[-93.962729,47.328267],[-93.962649,47.328558],[-93.962859,47.3288],[-93.963852,47.328793],[-93.966029,47.327633],[-93.966925,47.327626],[-93.968081,47.328141],[-93.968609,47.328685],[-93.97229,47.330283],[-93.972499,47.331199],[-93.971626,47.33211],[-93.971206,47.33205],[-93.970672,47.33108],[-93.970205,47.330864],[-93.969796,47.330837],[-93.969452,47.331015],[-93.969301,47.331866],[-93.969585,47.332491],[-93.970447,47.333524],[-93.972042,47.333496],[-93.973437,47.333252],[-93.973881,47.333326],[-93.974468,47.333691],[-93.974534,47.333946],[-93.974136,47.334226],[-93.971775,47.335097],[-93.972102,47.335364],[-93.972542,47.336291],[-93.973571,47.337794],[-93.973984,47.338057],[-93.974598,47.338182],[-93.976527,47.338037],[-93.977125,47.338338],[-93.977902,47.339029],[-93.978767,47.33928],[-93.981704,47.338937],[-93.983188,47.339577],[-93.983832,47.339669],[-93.984673,47.339349],[-93.985465,47.338249],[-93.985756,47.338339],[-93.986079,47.338745],[-93.98637,47.338688],[-93.986841,47.338117],[-93.987068,47.337393],[-93.9876,47.33741],[-93.987978,47.3377],[-93.988341,47.338633],[-93.987938,47.338833],[-93.986502,47.339027],[-93.98672,47.339369],[-93.987521,47.339851],[-93.988547,47.340185],[-93.990333,47.340457],[-93.992294,47.340372],[-93.992836,47.340536],[-93.993795,47.342516],[-93.994321,47.342971],[-93.99513,47.343403],[-93.999567,47.34483],[-94.000033,47.345101],[-94.000253,47.345555],[-94.001118,47.346096],[-94.003342,47.346835],[-94.004063,47.347452],[-94.003933,47.348598],[-94.004455,47.349023],[-94.005615,47.34929],[-94.006635,47.349086],[-94.006815,47.348785],[-94.006577,47.348262],[-94.006636,47.347977],[-94.00708,47.347057],[-94.007802,47.346692],[-94.008747,47.346679],[-94.014475,47.347628],[-94.015184,47.347866],[-94.0167,47.349139],[-94.017421,47.349981],[-94.018105,47.350302],[-94.020534,47.350514],[-94.023372,47.351281],[-94.025682,47.351416],[-94.026673,47.351661],[-94.027066,47.352063],[-94.026658,47.353548],[-94.026314,47.354162],[-94.025003,47.355457],[-94.024765,47.355901],[-94.024823,47.35673],[-94.025006,47.357147],[-94.025777,47.357633],[-94.026583,47.357866],[-94.029909,47.358334],[-94.031554,47.358723],[-94.032077,47.358912],[-94.033074,47.359645],[-94.034802,47.359722],[-94.035318,47.359911],[-94.035587,47.360653],[-94.035731,47.361827],[-94.035168,47.363543],[-94.035407,47.364054],[-94.036259,47.364545],[-94.039001,47.365274],[-94.039948,47.366204],[-94.039865,47.366473],[-94.038956,47.36698],[-94.038401,47.367576],[-94.03782,47.368584],[-94.037792,47.368995],[-94.04006,47.371456],[-94.042078,47.372895],[-94.042567,47.373401],[-94.04286,47.374176],[-94.042926,47.374966],[-94.04344,47.375937],[-94.042979,47.377174],[-94.042997,47.378199],[-94.042589,47.379239],[-94.039606,47.384061],[-94.039182,47.385117],[-94.039363,47.385729],[-94.040464,47.386449],[-94.040754,47.386885],[-94.041674,47.391817],[-94.042392,47.394064],[-94.042226,47.398265],[-94.042516,47.400011],[-94.042328,47.400764],[-94.041444,47.402235],[-94.040897,47.402728],[-94.039725,47.403011],[-94.036448,47.403253],[-94.033429,47.404845],[-94.030781,47.405536],[-94.03009,47.406139],[-94.028294,47.408457],[-94.028249,47.40957],[-94.028392,47.409909],[-94.029266,47.410998],[-94.030944,47.412338],[-94.032922,47.41293],[-94.037294,47.414813],[-94.037602,47.415331],[-94.037618,47.416252],[-94.039489,47.417102],[-94.039791,47.417352],[-94.03999,47.41808],[-94.040407,47.4184],[-94.041851,47.418842],[-94.042268,47.419195],[-94.042356,47.419754],[-94.042099,47.420523],[-94.043441,47.422453],[-94.046807,47.425248],[-94.050205,47.428931],[-94.05263,47.430476],[-94.061516,47.43816],[-94.073866,47.460859],[-94.079868,47.468416],[-94.095089,47.477948],[-94.118015,47.480704],[-94.217753,47.450139],[-94.298898,47.425061],[-94.317522,47.417734],[-94.320634,47.417614],[-94.321867,47.417233],[-94.322148,47.416756],[-94.320979,47.414768],[-94.320881,47.414231],[-94.321,47.413946],[-94.321709,47.413693],[-94.322719,47.414031],[-94.32391,47.415575],[-94.324532,47.416067],[-94.326808,47.416382],[-94.32743,47.416633],[-94.327924,47.417131],[-94.328699,47.417365],[-94.331272,47.417509],[-94.332908,47.417172],[-94.334527,47.416594],[-94.335309,47.416521],[-94.335979,47.416662],[-94.33627,47.417007],[-94.336119,47.417391],[-94.335427,47.417962],[-94.335244,47.418483],[-94.335561,47.419321],[-94.335941,47.419551],[-94.336795,47.419193],[-94.337432,47.419165],[-94.337763,47.419323],[-94.338186,47.420068],[-94.338244,47.420649],[-94.338431,47.420917],[-94.339953,47.422389],[-94.340979,47.422738],[-94.341518,47.422359],[-94.341635,47.421443],[-94.341883,47.421059],[-94.342542,47.421087],[-94.345986,47.42234],[-94.347744,47.424326],[-94.348634,47.42479],[-94.352772,47.424909],[-94.355478,47.423983],[-94.35984,47.425307],[-94.361599,47.425534],[-94.364196,47.425321],[-94.365475,47.424688],[-94.366289,47.4245],[-94.366475,47.424647],[-94.366599,47.425266],[-94.365797,47.426238],[-94.365888,47.42677],[-94.366656,47.427108],[-94.369714,47.427453],[-94.370569,47.427281],[-94.370828,47.427079],[-94.371529,47.425662],[-94.372036,47.425234],[-94.37289,47.425106],[-94.37381,47.425269],[-94.374304,47.425596],[-94.374337,47.425788],[-94.372361,47.425902],[-94.372096,47.426094],[-94.372244,47.426719],[-94.372804,47.427441],[-94.374041,47.428003],[-94.374941,47.42912],[-94.375502,47.429373],[-94.376311,47.430931],[-94.378429,47.431959],[-94.380645,47.431712],[-94.382104,47.432098],[-94.382823,47.4318],[-94.383596,47.430947],[-94.38402,47.429947],[-94.384172,47.429369],[-94.383956,47.428338],[-94.384076,47.428079],[-94.38498,47.427577],[-94.385975,47.427476],[-94.387403,47.428022],[-94.388069,47.428641],[-94.388332,47.429403],[-94.389007,47.429923],[-94.389824,47.429768],[-94.390856,47.428974],[-94.391057,47.428765],[-94.39103,47.428134],[-94.391553,47.427682],[-94.393341,47.427518],[-94.395651,47.428133],[-94.396196,47.428555],[-94.395726,47.430033],[-94.396125,47.430466],[-94.396388,47.431355],[-94.396877,47.431788],[-94.398117,47.432235],[-94.398629,47.432618],[-94.39882,47.433518],[-94.400555,47.434008],[-94.404787,47.433673],[-94.407565,47.43393],[-94.408214,47.434131],[-94.41001,47.435456],[-94.410223,47.435812],[-94.410119,47.436038],[-94.408908,47.43681],[-94.404606,47.437557],[-94.403443,47.43812],[-94.403177,47.438412],[-94.403107,47.438851],[-94.403311,47.439191],[-94.405707,47.440657],[-94.405861,47.442189],[-94.406178,47.442523],[-94.407509,47.443074],[-94.409843,47.444891],[-94.41179,47.445595],[-94.412786,47.445713],[-94.415383,47.445289],[-94.416169,47.444787],[-94.415777,47.428609],[-94.415992,47.411819],[-94.458645,47.411714],[-94.50028,47.411877],[-94.54591,47.410882],[-94.585096,47.410951],[-94.595903,47.410385],[-94.60733,47.410117],[-94.670336,47.410139],[-94.671073,47.374977],[-94.671548,47.337347],[-94.671534,47.322774],[-94.663592,47.322789],[-94.663666,47.294274],[-94.663863,47.279958],[-94.663533,47.249971],[-94.663761,47.2221],[-94.663607,47.207699],[-94.66378,47.164454],[-94.664109,47.135286],[-94.663504,47.121242],[-94.663359,47.107035],[-94.663568,47.063614],[-94.663993,47.034712],[-94.663679,46.976929],[-94.658446,46.976932],[-94.65874,46.962919],[-94.658971,46.934048],[-94.659001,46.90515],[-94.659624,46.876283],[-94.659669,46.861637],[-94.660145,46.84776],[-94.660338,46.833313],[-94.659936,46.818169],[-94.660009,46.803728],[-94.723345,46.804087],[-94.787152,46.804046],[-94.786868,46.760288],[-94.786932,46.731322],[-94.786595,46.716284],[-94.786263,46.659049],[-94.785861,46.630128],[-94.780411,46.630179],[-94.780172,46.601064],[-94.779709,46.572037],[-94.779732,46.55753],[-94.779151,46.513451],[-94.778798,46.499068],[-94.778986,46.46995],[-94.778838,46.411973],[-94.778967,46.394158],[-94.774999,46.392222],[-94.773721,46.392035],[-94.772768,46.392073],[-94.771799,46.392534],[-94.771131,46.393594],[-94.771082,46.394957],[-94.771715,46.39644],[-94.771334,46.396759],[-94.769372,46.396868],[-94.767959,46.396685],[-94.766228,46.396228],[-94.764665,46.395513],[-94.762713,46.394017],[-94.762412,46.393517],[-94.762405,46.393182],[-94.762942,46.392437],[-94.765211,46.390711],[-94.765442,46.390288],[-94.76541,46.389898],[-94.764895,46.389518],[-94.762386,46.389621],[-94.761552,46.389351],[-94.760458,46.388455],[-94.759666,46.387229],[-94.760074,46.384553],[-94.759932,46.383751],[-94.759283,46.382838],[-94.758981,46.3827],[-94.75814,46.38276],[-94.755382,46.3845],[-94.754199,46.384461],[-94.753748,46.383763],[-94.752959,46.380113],[-94.752365,46.379338],[-94.751564,46.379052],[-94.751183,46.379013],[-94.750635,46.379205],[-94.749769,46.379962],[-94.748671,46.382459],[-94.747972,46.383563],[-94.746923,46.384388],[-94.74577,46.384724],[-94.744673,46.384922],[-94.744005,46.384845],[-94.743274,46.38462],[-94.742932,46.384296],[-94.742893,46.383559],[-94.74364,46.382075],[-94.743561,46.381278],[-94.743172,46.380668],[-94.741598,46.38008],[-94.740152,46.380311],[-94.734602,46.384303],[-94.733409,46.384677],[-94.732495,46.384567],[-94.732082,46.384358],[-94.730874,46.38316],[-94.728173,46.381396],[-94.727895,46.380879],[-94.729755,46.378775],[-94.731037,46.375987],[-94.73094,46.374144],[-94.731554,46.371525],[-94.73155,46.368457],[-94.732093,46.366524],[-94.731986,46.364523],[-94.731735,46.3639],[-94.729968,46.361647],[-94.72884,46.360681],[-94.728125,46.359833],[-94.726996,46.358115],[-94.726723,46.356856],[-94.726167,46.356011],[-94.723999,46.354092],[-94.722526,46.352278],[-94.721158,46.351551],[-94.719444,46.350949],[-94.718205,46.35072],[-94.717444,46.35098],[-94.716747,46.351651],[-94.716112,46.351927],[-94.714664,46.352254],[-94.709496,46.351407],[-94.707557,46.351251],[-94.705942,46.350817],[-94.703674,46.35055],[-94.701598,46.349994],[-94.698963,46.349911],[-94.696505,46.349272],[-94.687993,46.351003],[-94.685111,46.350834],[-94.681561,46.350101],[-94.677581,46.35041],[-94.676405,46.350893],[-94.676052,46.351402],[-94.67571,46.353178],[-94.674388,46.356127],[-94.674092,46.357513],[-94.673179,46.358844],[-94.671811,46.36001],[-94.670483,46.360764],[-94.669005,46.360488],[-94.666751,46.359352],[-94.665809,46.35817],[-94.665558,46.357498],[-94.665835,46.355629],[-94.665433,46.354552],[-94.665369,46.353746],[-94.664244,46.351347],[-94.66348,46.350373],[-94.66277,46.350072],[-94.662156,46.350215],[-94.660074,46.352008],[-94.659249,46.352274],[-94.658366,46.352063],[-94.656588,46.350972],[-94.654426,46.349281],[-94.651377,46.347504],[-94.645337,46.342585],[-94.644143,46.341795],[-94.642941,46.341406],[-94.64143,46.341371],[-94.639484,46.341708],[-94.63769,46.341786],[-94.637199,46.341754],[-94.636416,46.341315],[-94.63447,46.339736],[-94.633254,46.337437],[-94.631964,46.33661],[-94.629013,46.333757],[-94.626731,46.331951],[-94.624944,46.330274],[-94.624546,46.329789],[-94.623285,46.327422],[-94.622283,46.326487],[-94.621425,46.326391],[-94.619366,46.327646],[-94.618188,46.327839],[-94.617506,46.327406],[-94.617274,46.326106],[-94.616741,46.325232],[-94.614985,46.324617],[-94.612664,46.324727],[-94.611502,46.325276],[-94.610443,46.326231],[-94.61,46.326669],[-94.609035,46.328332],[-94.608342,46.328959],[-94.606245,46.329946],[-94.604806,46.330174],[-94.604155,46.330087],[-94.60278,46.329534],[-94.600514,46.32717],[-94.599619,46.326822],[-94.598854,46.326626],[-94.595344,46.326713],[-94.593193,46.326541],[-94.588774,46.325544],[-94.58575,46.324533],[-94.582265,46.322681],[-94.580203,46.320579],[-94.578645,46.319517],[-94.57613,46.31815],[-94.573878,46.316066],[-94.571276,46.315117],[-94.568098,46.314289],[-94.564491,46.312976],[-94.561242,46.312588],[-94.560109,46.312186],[-94.559282,46.311616],[-94.55837,46.310328],[-94.557759,46.309032],[-94.557691,46.307977],[-94.557438,46.307579],[-94.55686,46.307183],[-94.555412,46.306883],[-94.55424,46.30691],[-94.550862,46.307621],[-94.549917,46.30752],[-94.548258,46.306924],[-94.545744,46.305145],[-94.54232,46.303417],[-94.540295,46.303171],[-94.537949,46.303115],[-94.534883,46.302318],[-94.533094,46.3024],[-94.530657,46.30341],[-94.528769,46.304618],[-94.527135,46.30538],[-94.524423,46.306947],[-94.522015,46.307864],[-94.517141,46.308959],[-94.513305,46.308246],[-94.512735,46.308235],[-94.511962,46.308467],[-94.510302,46.309541],[-94.509616,46.310184],[-94.508206,46.312367],[-94.507316,46.313121],[-94.50621,46.313323],[-94.502338,46.313488],[-94.50117,46.31374],[-94.49836,46.315022],[-94.496448,46.315142],[-94.495243,46.315017],[-94.490912,46.313796],[-94.488808,46.31402],[-94.486158,46.315101],[-94.483733,46.315852],[-94.482672,46.316608],[-94.482359,46.317074],[-94.482112,46.318207],[-94.482229,46.319545],[-94.482113,46.320255],[-94.48108,46.321473],[-94.480443,46.321719],[-94.479697,46.321738],[-94.479024,46.321532],[-94.477571,46.320674],[-94.4764,46.320284],[-94.47571,46.32026],[-94.473946,46.320523],[-94.46814,46.322334],[-94.467558,46.322635],[-94.466774,46.323469],[-94.465332,46.326271],[-94.462663,46.32865],[-94.461171,46.330714],[-94.460429,46.331234],[-94.458823,46.331503],[-94.458054,46.33144],[-94.45693,46.331094],[-94.456385,46.330762],[-94.454697,46.328537],[-94.453709,46.327944],[-94.453059,46.327892],[-94.451946,46.328213],[-94.449356,46.330454],[-94.445561,46.331716],[-94.443679,46.331847],[-94.440712,46.331675],[-94.43504,46.330458],[-94.433392,46.33103],[-94.431487,46.332052],[-94.430222,46.332426],[-94.427706,46.332433],[-94.425329,46.332043],[-94.424309,46.331566],[-94.423869,46.331074],[-94.423708,46.33044],[-94.423689,46.329884],[-94.424009,46.32857],[-94.423539,46.327891],[-94.422867,46.327602],[-94.418373,46.327011],[-94.415843,46.325916],[-94.411613,46.32504],[-94.410055,46.324455],[-94.409282,46.323946],[-94.407141,46.322973],[-94.403958,46.322173],[-94.401043,46.320751],[-94.400043,46.319827],[-94.39993,46.319155],[-94.400081,46.317428],[-94.399425,46.315405],[-94.3989,46.314687],[-94.397812,46.313917],[-94.395424,46.313048],[-94.389677,46.312505],[-94.38876,46.312149],[-94.387547,46.311241],[-94.38692,46.310418],[-94.386841,46.309493],[-94.387309,46.308702],[-94.388291,46.308024],[-94.390397,46.306935],[-94.39093,46.306505],[-94.391357,46.305764],[-94.391458,46.30517],[-94.391266,46.304487],[-94.390693,46.303824],[-94.389999,46.303435],[-94.38873,46.303331],[-94.38749,46.303634],[-94.384718,46.304926],[-94.384005,46.305627],[-94.383641,46.306385],[-94.383007,46.30887],[-94.382575,46.30932],[-94.38185,46.30962],[-94.381004,46.309307],[-94.380109,46.308379],[-94.378518,46.305471],[-94.37742,46.304095],[-94.374519,46.301743],[-94.374201,46.301168],[-94.374099,46.300386],[-94.373378,46.29831],[-94.373073,46.29795],[-94.371923,46.297271],[-94.371202,46.297134],[-94.370089,46.297314],[-94.367821,46.29845],[-94.365061,46.299572],[-94.363778,46.299971],[-94.362418,46.300177],[-94.360692,46.299836],[-94.358442,46.298868],[-94.355191,46.297971],[-94.353367,46.296565],[-94.350311,46.295328],[-94.349959,46.294923],[-94.349078,46.29305],[-94.348127,46.292306],[-94.347007,46.291786],[-94.346157,46.291186],[-94.345097,46.289664],[-94.343704,46.288101],[-94.343614,46.287732],[-94.343615,46.287038],[-94.343954,46.285961],[-94.345167,46.284763],[-94.348611,46.282852],[-94.348951,46.282476],[-94.349602,46.281052],[-94.350429,46.280232],[-94.350577,46.279864],[-94.350521,46.279247],[-94.349724,46.278244],[-94.346736,46.276726],[-94.345549,46.276542],[-94.344015,46.276719],[-94.341646,46.277751],[-94.341928,46.27797],[-94.342513,46.279018],[-94.341902,46.281649],[-94.340233,46.284063],[-94.339333,46.284851],[-94.338816,46.28491],[-94.33757,46.284636],[-94.336356,46.28368],[-94.335975,46.282711],[-94.335683,46.28073],[-94.335356,46.280137],[-94.333453,46.279485],[-94.332234,46.279696],[-94.331924,46.280045],[-94.331629,46.281077],[-94.330161,46.283042],[-94.329596,46.285062],[-94.329247,46.287316],[-94.328968,46.288012],[-94.328297,46.288852],[-94.327293,46.289666],[-94.327248,46.325903],[-94.327421,46.340111],[-94.328287,46.374988],[-94.328052,46.412771],[-94.32781,46.419146],[-94.328313,46.427361],[-94.328358,46.437082],[-94.32978,46.514123],[-94.329153,46.528972],[-94.329787,46.544124],[-94.33006,46.558886],[-94.330112,46.573301],[-94.330711,46.588014],[-94.331134,46.617502],[-94.330889,46.6253],[-94.330995,46.631341],[-94.345402,46.631336],[-94.345459,46.660551],[-94.345948,46.674998],[-94.346013,46.689558],[-94.345632,46.704027],[-94.345732,46.718352],[-94.344457,46.732876],[-94.343875,46.747405],[-94.343571,46.761974],[-94.343592,46.776498],[-94.343332,46.791249],[-94.342606,46.805368],[-94.154441,46.804663],[-94.125262,46.803817],[-94.092646,46.80323],[-94.0299,46.803137],[-94.008879,46.803662],[-93.987789,46.803658],[-93.902672,46.803445],[-93.775995,46.802859],[-93.774921,46.918212],[-93.774941,46.92827],[-93.775281,46.947585],[-93.774777,46.999967],[-93.775356,47.030277]]]}},{"type":"Feature","properties":{"name":"Chippewa","gnisId":659457,"fipsCode":"023","countyCode":"27023"},"geometry":{"type":"Polygon","coordinates":[[[-95.246483,45.152384],[-95.349227,45.152773],[-95.369391,45.15273],[-95.430793,45.152374],[-95.512035,45.151554],[-95.593739,45.151204],[-95.613788,45.151396],[-95.85789,45.151721],[-95.878351,45.151867],[-95.93966,45.151732],[-96.036747,45.152157],[-96.037013,45.150791],[-96.036655,45.150175],[-96.035667,45.149502],[-96.035214,45.148503],[-96.034344,45.147603],[-96.032425,45.146053],[-96.030908,45.145348],[-96.028408,45.142943],[-96.028224,45.142457],[-96.028427,45.141636],[-96.028239,45.140985],[-96.027229,45.140339],[-96.027194,45.139631],[-96.025849,45.13921],[-96.025695,45.138976],[-96.025626,45.138131],[-96.025917,45.137127],[-96.025755,45.136586],[-96.024667,45.136221],[-96.023977,45.136522],[-96.022869,45.137421],[-96.022572,45.137332],[-96.022498,45.136322],[-96.020991,45.135057],[-96.020435,45.133126],[-96.020009,45.132285],[-96.019028,45.131546],[-96.017275,45.130965],[-96.016483,45.130059],[-96.015171,45.129132],[-96.014747,45.128368],[-96.013755,45.12546],[-96.012483,45.12399],[-96.011785,45.123693],[-96.010961,45.123626],[-96.007735,45.124027],[-96.005453,45.12337],[-96.003715,45.122615],[-96.003025,45.122114],[-96.002997,45.121405],[-96.00373,45.120572],[-96.003614,45.120269],[-96.003266,45.12],[-96.000492,45.119798],[-95.999992,45.119579],[-95.999411,45.11749],[-95.99936,45.116368],[-95.999723,45.116068],[-96.000348,45.11603],[-96.00212,45.116598],[-96.002851,45.116363],[-96.003078,45.116028],[-96.002491,45.115022],[-96.001462,45.113872],[-96.001264,45.112575],[-96.000901,45.112168],[-95.99907,45.111707],[-95.994864,45.111458],[-95.993942,45.111247],[-95.992847,45.110644],[-95.981108,45.098772],[-95.979383,45.097212],[-95.893895,45.035917],[-95.890633,45.034963],[-95.887512,45.034379],[-95.886809,45.034097],[-95.885543,45.033228],[-95.884829,45.033194],[-95.883026,45.033595],[-95.881998,45.033322],[-95.88177,45.033012],[-95.881769,45.032693],[-95.882781,45.031717],[-95.883928,45.031046],[-95.8841,45.030525],[-95.88363,45.029899],[-95.884382,45.029571],[-95.884544,45.029242],[-95.883806,45.028355],[-95.882804,45.027912],[-95.881893,45.027997],[-95.880444,45.028621],[-95.87981,45.028456],[-95.879044,45.027041],[-95.877604,45.026329],[-95.877636,45.025829],[-95.878277,45.025631],[-95.880218,45.026161],[-95.880774,45.02588],[-95.881068,45.025514],[-95.88101,45.024909],[-95.880244,45.023856],[-95.878631,45.023699],[-95.877571,45.023034],[-95.876441,45.023233],[-95.875937,45.023157],[-95.875638,45.022945],[-95.875334,45.022277],[-95.87484,45.022155],[-95.874567,45.022303],[-95.87452,45.022534],[-95.87527,45.024053],[-95.875238,45.024421],[-95.874879,45.024735],[-95.874505,45.024822],[-95.873906,45.024623],[-95.873021,45.023902],[-95.87237,45.023004],[-95.871989,45.022921],[-95.871615,45.023075],[-95.871302,45.023526],[-95.871371,45.023872],[-95.871696,45.024241],[-95.871693,45.025319],[-95.871148,45.025274],[-95.869936,45.024508],[-95.869317,45.023578],[-95.868998,45.020811],[-95.868389,45.019149],[-95.868095,45.018681],[-95.866442,45.017145],[-95.866576,45.016545],[-95.867287,45.015754],[-95.867545,45.015172],[-95.86699,45.013603],[-95.866549,45.012959],[-95.865966,45.012595],[-95.865468,45.012496],[-95.863608,45.012653],[-95.862027,45.010473],[-95.860375,45.008815],[-95.860392,45.008424],[-95.861647,45.007733],[-95.861469,45.007419],[-95.859565,45.006751],[-95.858204,45.006551],[-95.856293,45.005377],[-95.849584,45.003514],[-95.848707,45.002809],[-95.847876,45.002411],[-95.847075,45.002262],[-95.845798,45.002469],[-95.845302,45.001913],[-95.844809,45.000696],[-95.84289,44.999621],[-95.841681,44.999157],[-95.839784,44.999202],[-95.839321,44.999037],[-95.839021,44.998583],[-95.839025,44.997026],[-95.838685,44.99661],[-95.83783,44.99626],[-95.83701,44.996107],[-95.835707,44.996703],[-95.835245,44.997193],[-95.835295,44.997727],[-95.835115,44.998115],[-95.83484,44.998283],[-95.834013,44.998422],[-95.833419,44.998206],[-95.833283,44.997721],[-95.833755,44.99711],[-95.835714,44.995702],[-95.83619,44.994927],[-95.835996,44.994567],[-95.834575,44.993831],[-95.833792,44.993767],[-95.833095,44.99404],[-95.832902,44.994653],[-95.832577,44.994919],[-95.830956,44.995148],[-95.830548,44.994973],[-95.830451,44.994455],[-95.831047,44.993874],[-95.833858,44.993245],[-95.834104,44.993023],[-95.833801,44.992343],[-95.833361,44.991887],[-95.832002,44.991162],[-95.830759,44.990818],[-95.83013,44.990817],[-95.829694,44.99118],[-95.829422,44.992211],[-95.828745,44.992599],[-95.826511,44.99248],[-95.82558,44.992063],[-95.825351,44.991543],[-95.825363,44.991021],[-95.825559,44.990611],[-95.825977,44.990341],[-95.826807,44.990031],[-95.827485,44.989973],[-95.830442,44.990072],[-95.830974,44.989935],[-95.831212,44.989696],[-95.831119,44.98936],[-95.830678,44.988915],[-95.828769,44.989201],[-95.826472,44.988735],[-95.825479,44.987992],[-95.824593,44.986652],[-95.824055,44.983682],[-95.823182,44.982099],[-95.823432,44.981717],[-95.82418,44.981599],[-95.8251,44.98178],[-95.825272,44.981749],[-95.825371,44.981491],[-95.824228,44.979834],[-95.823156,44.979157],[-95.822915,44.978829],[-95.823099,44.978623],[-95.824109,44.978434],[-95.82446,44.978193],[-95.823715,44.977139],[-95.823069,44.975163],[-95.823129,44.974603],[-95.823778,44.973368],[-95.823732,44.972674],[-95.823243,44.971652],[-95.822489,44.970659],[-95.822741,44.97015],[-95.82381,44.969953],[-95.824032,44.969384],[-95.823856,44.968953],[-95.823407,44.968563],[-95.822783,44.96833],[-95.822302,44.968314],[-95.820872,44.969012],[-95.820455,44.968936],[-95.820209,44.968466],[-95.820769,44.967774],[-95.822539,44.967101],[-95.82288,44.966781],[-95.822767,44.966301],[-95.821793,44.965449],[-95.821786,44.965086],[-95.822091,44.964985],[-95.823159,44.965129],[-95.823263,44.965009],[-95.821855,44.962716],[-95.820656,44.961531],[-95.819504,44.960946],[-95.818538,44.960743],[-95.817916,44.960791],[-95.815843,44.961449],[-95.814314,44.961096],[-95.812625,44.961252],[-95.811267,44.961561],[-95.810898,44.961375],[-95.810781,44.961083],[-95.81095,44.960469],[-95.810807,44.959961],[-95.809911,44.958736],[-95.808162,44.957148],[-95.807774,44.955774],[-95.806636,44.954991],[-95.806971,44.954566],[-95.810256,44.954544],[-95.810671,44.9544],[-95.810822,44.954264],[-95.810775,44.953928],[-95.809986,44.952808],[-95.809388,44.952455],[-95.808708,44.952321],[-95.80606,44.95234],[-95.805041,44.952103],[-95.804347,44.951209],[-95.804177,44.950514],[-95.804365,44.949439],[-95.803391,44.948921],[-95.797122,44.947419],[-95.795475,44.947169],[-95.792876,44.947062],[-95.791574,44.946326],[-95.790779,44.946432],[-95.790611,44.946661],[-95.790844,44.947346],[-95.791851,44.948397],[-95.791786,44.948847],[-95.791194,44.949286],[-95.790476,44.949453],[-95.789289,44.949098],[-95.788541,44.948512],[-95.788011,44.947313],[-95.787698,44.947067],[-95.787063,44.947346],[-95.786989,44.948846],[-95.786391,44.948855],[-95.784876,44.947903],[-95.781792,44.946662],[-95.77975,44.946033],[-95.779034,44.945453],[-95.777312,44.942738],[-95.776656,44.942268],[-95.774206,44.942146],[-95.772619,44.94227],[-95.770585,44.943263],[-95.770179,44.943693],[-95.769965,44.944196],[-95.770079,44.946249],[-95.769948,44.947507],[-95.769542,44.947964],[-95.769136,44.948058],[-95.768632,44.948019],[-95.766164,44.946994],[-95.764126,44.945568],[-95.761672,44.944301],[-95.761072,44.943722],[-95.760896,44.943291],[-95.761009,44.942819],[-95.761581,44.942573],[-95.762776,44.942588],[-95.765476,44.942983],[-95.766326,44.942817],[-95.766416,44.94229],[-95.765824,44.942058],[-95.761261,44.942009],[-95.756574,44.941628],[-95.755448,44.941945],[-95.755229,44.942338],[-95.755308,44.942949],[-95.75792,44.945703],[-95.758312,44.946477],[-95.758091,44.946964],[-95.75724,44.946866],[-95.755021,44.946146],[-95.75125,44.944127],[-95.749301,44.941972],[-95.749204,44.941543],[-95.749875,44.940896],[-95.749799,44.940599],[-95.74698,44.941387],[-95.746722,44.941727],[-95.746601,44.942437],[-95.746848,44.944748],[-95.745946,44.94513],[-95.744793,44.944923],[-95.743951,44.944491],[-95.743012,44.943558],[-95.741505,44.940703],[-95.741248,44.939674],[-95.741398,44.939372],[-95.742081,44.939242],[-95.744721,44.939608],[-95.745119,44.939301],[-95.745067,44.938933],[-95.744535,44.938568],[-95.741263,44.937517],[-95.738918,44.937141],[-95.735731,44.935564],[-95.734013,44.935047],[-95.733497,44.934486],[-95.733692,44.933543],[-95.733224,44.932755],[-95.732717,44.932407],[-95.730447,44.931801],[-95.72804,44.930327],[-95.727405,44.929628],[-95.726393,44.927531],[-95.724803,44.926535],[-95.722219,44.923913],[-95.719416,44.921559],[-95.719372,44.921185],[-95.71952,44.921042],[-95.72108,44.920696],[-95.721314,44.920476],[-95.721387,44.920097],[-95.720943,44.918291],[-95.7209,44.915766],[-95.718867,44.911924],[-95.718818,44.911187],[-95.719177,44.910847],[-95.720086,44.910553],[-95.722286,44.910527],[-95.723233,44.910344],[-95.723637,44.910114],[-95.723802,44.909779],[-95.72265,44.908504],[-95.720985,44.907244],[-95.718353,44.905969],[-95.717284,44.905993],[-95.715033,44.905605],[-95.712763,44.905636],[-95.711819,44.905484],[-95.711078,44.905063],[-95.710251,44.903855],[-95.709525,44.903556],[-95.704597,44.903791],[-95.699826,44.903674],[-95.695903,44.904105],[-95.691662,44.902554],[-95.689506,44.902007],[-95.688445,44.901976],[-95.687591,44.902137],[-95.685966,44.902995],[-95.680855,44.906667],[-95.680517,44.907172],[-95.680523,44.907441],[-95.680928,44.908109],[-95.681739,44.908453],[-95.683598,44.908487],[-95.684154,44.908732],[-95.684368,44.909035],[-95.683704,44.90972],[-95.682316,44.909896],[-95.679929,44.909057],[-95.678687,44.908402],[-95.677424,44.907528],[-95.676387,44.906358],[-95.675239,44.905682],[-95.672905,44.904914],[-95.671807,44.903804],[-95.671349,44.902966],[-95.671078,44.90193],[-95.671175,44.900506],[-95.671546,44.899671],[-95.672281,44.89886],[-95.672787,44.898581],[-95.673593,44.898447],[-95.674279,44.897976],[-95.674307,44.897415],[-95.674061,44.897101],[-95.672988,44.896706],[-95.670158,44.896106],[-95.667865,44.89525],[-95.665499,44.89475],[-95.664727,44.894445],[-95.662946,44.8926],[-95.661745,44.891698],[-95.659549,44.890314],[-95.65674,44.889136],[-95.655478,44.889115],[-95.653453,44.890504],[-95.651316,44.891408],[-95.649895,44.890825],[-95.649326,44.890382],[-95.648593,44.889224],[-95.648171,44.887858],[-95.648463,44.887138],[-95.649204,44.886586],[-95.65019,44.886282],[-95.653201,44.886454],[-95.654224,44.886293],[-95.654599,44.885948],[-95.654703,44.885513],[-95.654691,44.885205],[-95.654346,44.884698],[-95.650092,44.881462],[-95.647751,44.879928],[-95.64232,44.874968],[-95.641273,44.874285],[-95.640103,44.873773],[-95.63774,44.873377],[-95.636423,44.873426],[-95.635927,44.873596],[-95.635113,44.87424],[-95.634717,44.874785],[-95.634415,44.877556],[-95.633636,44.878092],[-95.63311,44.878073],[-95.632817,44.877879],[-95.630754,44.875653],[-95.630412,44.874962],[-95.630194,44.8737],[-95.629691,44.872885],[-95.628058,44.871217],[-95.626697,44.869506],[-95.625032,44.868326],[-95.623025,44.86783],[-95.621534,44.867738],[-95.620647,44.867328],[-95.619878,44.866661],[-95.617957,44.864467],[-95.615896,44.862547],[-95.61517,44.861049],[-95.614608,44.859068],[-95.614912,44.857221],[-95.616019,44.855465],[-95.616331,44.8548],[-95.61642,44.854047],[-95.616409,44.8532],[-95.616053,44.851858],[-95.615331,44.851036],[-95.612395,44.849553],[-95.611068,44.849236],[-95.609669,44.849226],[-95.607999,44.849441],[-95.601586,44.850912],[-95.600373,44.850814],[-95.597558,44.849904],[-95.596597,44.848982],[-95.596498,44.848751],[-95.596641,44.848053],[-95.597854,44.846693],[-95.600073,44.844996],[-95.600882,44.84408],[-95.600646,44.843491],[-95.599567,44.843042],[-95.594541,44.842306],[-95.588738,44.841176],[-95.584121,44.840699],[-95.579409,44.839238],[-95.577618,44.838935],[-95.57676,44.839058],[-95.574969,44.840191],[-95.573616,44.840346],[-95.572961,44.840096],[-95.569322,44.837521],[-95.567699,44.835162],[-95.565976,44.833963],[-95.565756,44.833346],[-95.566108,44.832589],[-95.567362,44.830954],[-95.567488,44.830454],[-95.567172,44.829183],[-95.566636,44.828384],[-95.565738,44.827501],[-95.563379,44.825524],[-95.562594,44.825126],[-95.560857,44.823712],[-95.56008,44.823264],[-95.557405,44.822457],[-95.55393,44.822505],[-95.552457,44.822192],[-95.546391,44.819724],[-95.543917,44.819352],[-95.54327,44.819041],[-95.54158,44.817732],[-95.540809,44.817509],[-95.536238,44.815089],[-95.535517,44.814333],[-95.535251,44.813717],[-95.53518,44.81282],[-95.535627,44.811771],[-95.5404,44.80695],[-95.541028,44.806562],[-95.543303,44.80586],[-95.544932,44.804695],[-95.545306,44.80424],[-95.545223,44.8038],[-95.53962,44.802355],[-95.534198,44.802654],[-95.525209,44.802131],[-95.521733,44.802118],[-95.518995,44.801717],[-95.517356,44.800886],[-95.516415,44.800734],[-95.515693,44.800313],[-95.514021,44.798679],[-95.511638,44.797256],[-95.509381,44.795488],[-95.507926,44.794965],[-95.50527,44.794922],[-95.504054,44.794411],[-95.503356,44.793897],[-95.501801,44.792142],[-95.499966,44.790986],[-95.498327,44.789661],[-95.497556,44.788706],[-95.49803,44.788009],[-95.498313,44.787016],[-95.499023,44.786502],[-95.501044,44.785881],[-95.504828,44.785665],[-95.506506,44.785215],[-95.509038,44.784082],[-95.513103,44.78341],[-95.514036,44.783408],[-95.5154,44.783831],[-95.517421,44.783905],[-95.519645,44.783721],[-95.522594,44.783743],[-95.52427,44.783447],[-95.525199,44.783094],[-95.525827,44.782727],[-95.52603,44.782354],[-95.525678,44.781908],[-95.525006,44.778578],[-95.52464,44.777972],[-95.522526,44.776765],[-95.522361,44.776033],[-95.52255,44.775627],[-95.523301,44.775212],[-95.526238,44.774612],[-95.52745,44.774534],[-95.529832,44.774802],[-95.530662,44.774162],[-95.530828,44.77359],[-95.530778,44.773002],[-95.530346,44.771928],[-95.52958,44.771067],[-95.528904,44.77068],[-95.526903,44.769886],[-95.524652,44.769514],[-95.52378,44.769533],[-95.522443,44.76988],[-95.519941,44.771163],[-95.518518,44.771663],[-95.517274,44.7719],[-95.516125,44.771742],[-95.51535,44.771178],[-95.515016,44.770346],[-95.516026,44.767238],[-95.515544,44.766658],[-95.514944,44.766304],[-95.513337,44.765638],[-95.512081,44.765369],[-95.509311,44.765397],[-95.508528,44.765883],[-95.508168,44.766531],[-95.508124,44.767295],[-95.508913,44.769228],[-95.508842,44.770504],[-95.507156,44.772136],[-95.505808,44.772829],[-95.504781,44.772918],[-95.504173,44.772773],[-95.499696,44.77066],[-95.498325,44.7703],[-95.495823,44.769952],[-95.495113,44.769696],[-95.491676,44.765595],[-95.489751,44.764245],[-95.489417,44.76382],[-95.489622,44.763234],[-95.490667,44.762806],[-95.491292,44.762271],[-95.491904,44.760736],[-95.492013,44.759585],[-95.491892,44.758184],[-95.491115,44.754595],[-95.491276,44.752586],[-95.491043,44.752131],[-95.490612,44.751888],[-95.48891,44.751218],[-95.487758,44.750955],[-95.486545,44.751127],[-95.482945,44.752885],[-95.482941,44.788948],[-95.483232,44.818077],[-95.483227,44.861657],[-95.483417,44.89072],[-95.329963,44.891274],[-95.248624,44.89133],[-95.248812,44.934652],[-95.248448,44.963741],[-95.248424,44.978333],[-95.247956,45.007266],[-95.24727,45.036442],[-95.246898,45.065347],[-95.246906,45.108857],[-95.246483,45.152384]]]}},{"type":"Feature","properties":{"name":"Chisago","gnisId":659458,"fipsCode":"025","countyCode":"27025"},"geometry":{"type":"Polygon","coordinates":[[[-92.841008,45.730032],[-92.960352,45.730325],[-93.021897,45.730746],[-93.063229,45.730718],[-93.104533,45.731054],[-93.142056,45.730729],[-93.141524,45.673259],[-93.141655,45.666019],[-93.142012,45.65845],[-93.141922,45.629877],[-93.142267,45.601455],[-93.141814,45.586975],[-93.141744,45.572505],[-93.141963,45.558126],[-93.063211,45.557823],[-93.02197,45.557289],[-93.02199,45.54277],[-93.022637,45.513781],[-93.022549,45.505657],[-93.021781,45.484885],[-93.02169,45.470407],[-93.021017,45.440441],[-93.019663,45.418886],[-93.019591,45.411755],[-93.018516,45.382696],[-93.018938,45.368958],[-93.018968,45.361723],[-93.019294,45.3545],[-93.019098,45.347234],[-93.019673,45.339988],[-93.019946,45.325586],[-93.019642,45.311077],[-93.019553,45.296938],[-92.896842,45.296203],[-92.763475,45.296342],[-92.74439,45.296039],[-92.742928,45.297907],[-92.741534,45.298778],[-92.739091,45.299977],[-92.737065,45.300571],[-92.731549,45.305208],[-92.728062,45.309083],[-92.727234,45.309781],[-92.720758,45.313634],[-92.718087,45.315994],[-92.715672,45.31775],[-92.714081,45.318857],[-92.712329,45.319713],[-92.710329,45.32109],[-92.708084,45.323181],[-92.703116,45.329195],[-92.699404,45.335046],[-92.698905,45.337131],[-92.699475,45.342306],[-92.700171,45.344212],[-92.701969,45.347983],[-92.704071,45.353529],[-92.70411,45.355062],[-92.703864,45.356515],[-92.70328,45.357955],[-92.702518,45.35883],[-92.697227,45.36313],[-92.694277,45.364415],[-92.692059,45.365682],[-92.689018,45.368115],[-92.68759,45.369023],[-92.679442,45.372537],[-92.678336,45.373342],[-92.678065,45.37404],[-92.67859,45.375722],[-92.678515,45.376156],[-92.677185,45.379236],[-92.67536,45.38193],[-92.674581,45.382921],[-92.672637,45.384832],[-92.670654,45.387667],[-92.669819,45.388593],[-92.663952,45.393262],[-92.661117,45.394883],[-92.66039,45.395095],[-92.658237,45.39617],[-92.653695,45.397653],[-92.650804,45.398384],[-92.650325,45.398745],[-92.650197,45.401466],[-92.650535,45.402677],[-92.650489,45.403381],[-92.649904,45.404247],[-92.648731,45.405386],[-92.648159,45.406467],[-92.648079,45.407429],[-92.648351,45.410646],[-92.64808,45.411217],[-92.646933,45.41212],[-92.646608,45.413454],[-92.646736,45.413856],[-92.647245,45.41438],[-92.648806,45.415706],[-92.649635,45.417029],[-92.649921,45.418025],[-92.650067,45.420566],[-92.649781,45.422692],[-92.648812,45.425217],[-92.648452,45.426865],[-92.648543,45.427872],[-92.648966,45.429198],[-92.648912,45.430782],[-92.647398,45.436268],[-92.646647,45.438046],[-92.646459,45.439722],[-92.646562,45.441883],[-92.647001,45.443183],[-92.647821,45.444544],[-92.648245,45.445854],[-92.650877,45.450884],[-92.653114,45.454939],[-92.653817,45.455596],[-92.65589,45.456599],[-92.659421,45.457569],[-92.662226,45.458701],[-92.66891,45.460425],[-92.672851,45.461797],[-92.677317,45.463023],[-92.679344,45.463927],[-92.680065,45.464452],[-92.680881,45.465576],[-92.681139,45.467138],[-92.68251,45.469799],[-92.683897,45.470821],[-92.685887,45.471576],[-92.686732,45.472151],[-92.690124,45.474884],[-92.6915,45.476225],[-92.691978,45.476919],[-92.693145,45.479766],[-92.694265,45.48187],[-92.697262,45.486036],[-92.697721,45.487028],[-92.699078,45.488747],[-92.700854,45.491678],[-92.704069,45.495142],[-92.707188,45.49899],[-92.710536,45.501635],[-92.713231,45.505025],[-92.713924,45.505634],[-92.719041,45.508969],[-92.722414,45.510882],[-92.725039,45.512785],[-92.726418,45.514129],[-92.726792,45.514969],[-92.726879,45.516182],[-92.727698,45.519243],[-92.727756,45.525599],[-92.726263,45.530413],[-92.726194,45.531812],[-92.72653,45.533568],[-92.726421,45.534117],[-92.724996,45.536033],[-92.724693,45.536725],[-92.724678,45.537499],[-92.724717,45.538256],[-92.725021,45.539134],[-92.726261,45.540977],[-92.72708,45.541767],[-92.729223,45.543231],[-92.7334,45.54487],[-92.740183,45.549591],[-92.746413,45.553439],[-92.751179,45.555203],[-92.754732,45.556842],[-92.756249,45.557223],[-92.758114,45.558224],[-92.762153,45.561313],[-92.765136,45.563962],[-92.767491,45.565221],[-92.768913,45.566266],[-92.770981,45.567382],[-92.77382,45.568318],[-92.77635,45.56854],[-92.778958,45.568476],[-92.785055,45.568009],[-92.78712,45.567401],[-92.789542,45.567233],[-92.792268,45.56662],[-92.795961,45.564997],[-92.802248,45.562729],[-92.812815,45.560989],[-92.82211,45.56079],[-92.833682,45.562969],[-92.842553,45.565898],[-92.846071,45.566667],[-92.847737,45.566788],[-92.852058,45.566487],[-92.856994,45.566999],[-92.862443,45.567021],[-92.866086,45.567439],[-92.870633,45.567313],[-92.872314,45.56807],[-92.874454,45.569613],[-92.875245,45.570519],[-92.876681,45.571421],[-92.879136,45.57235],[-92.881414,45.573582],[-92.883606,45.575303],[-92.884083,45.57601],[-92.884688,45.577887],[-92.884896,45.580083],[-92.884314,45.583861],[-92.883282,45.588315],[-92.883183,45.589326],[-92.883764,45.590741],[-92.886196,45.59452],[-92.886517,45.598028],[-92.886434,45.598967],[-92.885092,45.604224],[-92.884396,45.606086],[-92.882822,45.609301],[-92.882591,45.610196],[-92.882602,45.611382],[-92.883092,45.613934],[-92.885321,45.617165],[-92.886544,45.619803],[-92.886892,45.621741],[-92.887977,45.62497],[-92.888136,45.627774],[-92.886778,45.632413],[-92.886862,45.636209],[-92.887719,45.638807],[-92.888971,45.640013],[-92.889347,45.641186],[-92.888957,45.642375],[-92.88709,45.644151],[-92.885997,45.645432],[-92.88544,45.646386],[-92.885014,45.648965],[-92.884083,45.652262],[-92.884023,45.65474],[-92.882666,45.657808],[-92.882647,45.658671],[-92.882396,45.659716],[-92.879034,45.665484],[-92.878296,45.669202],[-92.877481,45.671932],[-92.876927,45.674935],[-92.876702,45.677865],[-92.876675,45.68104],[-92.876115,45.683016],[-92.875931,45.686082],[-92.875443,45.688771],[-92.873381,45.692453],[-92.872286,45.694181],[-92.870346,45.696744],[-92.870102,45.697293],[-92.871662,45.699504],[-92.871911,45.700285],[-92.871404,45.703043],[-92.871016,45.704399],[-92.870553,45.705343],[-92.870156,45.707112],[-92.869923,45.709282],[-92.869016,45.711902],[-92.868841,45.712885],[-92.869588,45.714996],[-92.86957,45.715787],[-92.869254,45.716952],[-92.868646,45.718112],[-92.866948,45.719615],[-92.863688,45.721905],[-92.862309,45.722354],[-92.860467,45.722659],[-92.857177,45.722786],[-92.85503,45.723129],[-92.852508,45.723312],[-92.851309,45.723645],[-92.85061,45.724271],[-92.850482,45.725084],[-92.850628,45.726029],[-92.850562,45.727122],[-92.850114,45.727896],[-92.849368,45.728483],[-92.847393,45.728985],[-92.844706,45.728915],[-92.843444,45.729116],[-92.841008,45.730032]]]}},{"type":"Feature","properties":{"name":"Clay","gnisId":659459,"fipsCode":"027","countyCode":"27027"},"geometry":{"type":"Polygon","coordinates":[[[-96.194637,47.151153],[-96.364919,47.151324],[-96.436348,47.151112],[-96.564009,47.151472],[-96.606335,47.151343],[-96.66968,47.151444],[-96.732425,47.151256],[-96.817152,47.150564],[-96.840155,47.150586],[-96.837646,47.148958],[-96.836281,47.148555],[-96.833701,47.149582],[-96.832418,47.149889],[-96.831625,47.149417],[-96.830313,47.147859],[-96.828868,47.146696],[-96.82871,47.14566],[-96.828979,47.145377],[-96.833364,47.144958],[-96.834613,47.144177],[-96.834696,47.143683],[-96.834307,47.142673],[-96.834028,47.142419],[-96.832825,47.141928],[-96.830806,47.141725],[-96.830213,47.141436],[-96.829169,47.140489],[-96.828489,47.139308],[-96.827994,47.137402],[-96.826538,47.13511],[-96.826411,47.134185],[-96.826672,47.133526],[-96.82993,47.13187],[-96.830728,47.131076],[-96.831027,47.130157],[-96.830362,47.129131],[-96.829449,47.128681],[-96.826906,47.128591],[-96.825201,47.129215],[-96.823554,47.130378],[-96.82264,47.130776],[-96.821793,47.130925],[-96.821037,47.130839],[-96.820615,47.130435],[-96.820655,47.129747],[-96.820899,47.129457],[-96.823392,47.128286],[-96.824287,47.127394],[-96.824717,47.12634],[-96.824812,47.124365],[-96.825077,47.123842],[-96.825927,47.123217],[-96.827214,47.122963],[-96.828405,47.122929],[-96.830191,47.123064],[-96.833166,47.123738],[-96.835535,47.12379],[-96.836894,47.12335],[-96.837271,47.123015],[-96.837518,47.122298],[-96.837389,47.121977],[-96.836978,47.121626],[-96.83474,47.120849],[-96.833766,47.120668],[-96.831569,47.120599],[-96.829583,47.120946],[-96.828657,47.121011],[-96.828186,47.120883],[-96.827703,47.120495],[-96.827141,47.119088],[-96.826722,47.118748],[-96.823865,47.117956],[-96.821914,47.116583],[-96.820897,47.115272],[-96.820639,47.114751],[-96.820557,47.114097],[-96.820818,47.11342],[-96.82215,47.111721],[-96.822544,47.110495],[-96.822518,47.109786],[-96.822195,47.108963],[-96.821647,47.108497],[-96.820335,47.10799],[-96.818847,47.108098],[-96.817288,47.109055],[-96.816894,47.109061],[-96.816475,47.108841],[-96.816201,47.108452],[-96.815956,47.106336],[-96.815623,47.104961],[-96.815822,47.104417],[-96.816727,47.103756],[-96.818466,47.103081],[-96.819333,47.102537],[-96.820898,47.10101],[-96.821009,47.100384],[-96.820878,47.09987],[-96.820184,47.099308],[-96.817813,47.098657],[-96.817378,47.098355],[-96.817087,47.097867],[-96.817071,47.097456],[-96.817593,47.096157],[-96.817811,47.094973],[-96.817117,47.093019],[-96.817164,47.092487],[-96.817533,47.09196],[-96.818192,47.091575],[-96.819791,47.091041],[-96.825547,47.090526],[-96.826334,47.090251],[-96.826984,47.089553],[-96.827079,47.088932],[-96.826885,47.088455],[-96.826458,47.088219],[-96.825332,47.088165],[-96.822424,47.089392],[-96.821524,47.089618],[-96.820261,47.08966],[-96.819724,47.089623],[-96.8178,47.089006],[-96.816182,47.0882],[-96.81598,47.087772],[-96.816044,47.087289],[-96.816285,47.086923],[-96.816966,47.086273],[-96.820275,47.08419],[-96.820594,47.083141],[-96.820286,47.082378],[-96.819465,47.081626],[-96.818901,47.081231],[-96.81685,47.080525],[-96.816262,47.080031],[-96.815891,47.079477],[-96.81599,47.078947],[-96.816974,47.078537],[-96.820285,47.078107],[-96.825406,47.0768],[-96.828045,47.075635],[-96.829029,47.074872],[-96.829216,47.074542],[-96.829167,47.073965],[-96.828836,47.073444],[-96.827596,47.072803],[-96.826739,47.072783],[-96.826078,47.073172],[-96.825125,47.074787],[-96.823938,47.075831],[-96.823094,47.076139],[-96.821849,47.076277],[-96.821117,47.07613],[-96.819905,47.075522],[-96.819466,47.074879],[-96.81948,47.074344],[-96.81985,47.073719],[-96.820411,47.073243],[-96.821375,47.072863],[-96.823789,47.072572],[-96.824158,47.072336],[-96.824377,47.071659],[-96.824257,47.071087],[-96.823328,47.069117],[-96.823377,47.066103],[-96.82307,47.065319],[-96.822466,47.064627],[-96.820244,47.062856],[-96.819841,47.062296],[-96.819759,47.061868],[-96.81996,47.061379],[-96.82032,47.061132],[-96.821107,47.060917],[-96.82208,47.060933],[-96.827651,47.062185],[-96.82854,47.062117],[-96.829989,47.061333],[-96.830311,47.060824],[-96.829977,47.059982],[-96.829034,47.05951],[-96.827436,47.059128],[-96.826359,47.059156],[-96.824247,47.059614],[-96.823154,47.059691],[-96.821932,47.059374],[-96.821625,47.059111],[-96.821564,47.058592],[-96.822106,47.058067],[-96.82453,47.057039],[-96.825037,47.056538],[-96.825056,47.055935],[-96.824185,47.055149],[-96.823521,47.054827],[-96.82098,47.05417],[-96.818719,47.053315],[-96.817789,47.052522],[-96.817641,47.051911],[-96.817861,47.051103],[-96.818459,47.050341],[-96.819941,47.049291],[-96.823585,47.047591],[-96.82711,47.046825],[-96.827532,47.046218],[-96.827522,47.045738],[-96.827308,47.045513],[-96.826464,47.045267],[-96.825974,47.045393],[-96.824474,47.046246],[-96.820909,47.047506],[-96.819841,47.047721],[-96.818403,47.047623],[-96.81767,47.046937],[-96.817556,47.046262],[-96.817699,47.045543],[-96.82184,47.039869],[-96.822625,47.038578],[-96.82284,47.037727],[-96.822565,47.036975],[-96.821856,47.036278],[-96.8211,47.035878],[-96.820297,47.035758],[-96.819502,47.035863],[-96.81894,47.036171],[-96.818388,47.036879],[-96.817556,47.038472],[-96.816939,47.039128],[-96.815929,47.039695],[-96.814682,47.039819],[-96.813397,47.039606],[-96.812801,47.039173],[-96.812503,47.038492],[-96.812694,47.037844],[-96.813608,47.036812],[-96.816462,47.033766],[-96.817006,47.033437],[-96.817864,47.033214],[-96.819327,47.033184],[-96.822566,47.033758],[-96.824156,47.033817],[-96.825224,47.033574],[-96.826508,47.032914],[-96.826988,47.032376],[-96.827212,47.031684],[-96.826961,47.030844],[-96.826518,47.030389],[-96.825867,47.030121],[-96.825321,47.030083],[-96.823723,47.030512],[-96.821894,47.030728],[-96.819988,47.030142],[-96.819086,47.029413],[-96.817531,47.027053],[-96.814987,47.025214],[-96.814757,47.024634],[-96.814899,47.024047],[-96.815452,47.023722],[-96.815842,47.023678],[-96.819345,47.024577],[-96.82019,47.024574],[-96.823635,47.023611],[-96.826189,47.023318],[-96.828451,47.022328],[-96.829293,47.021735],[-96.829942,47.021026],[-96.830603,47.018961],[-96.831679,47.018271],[-96.834022,47.017898],[-96.834647,47.017552],[-96.834751,47.017222],[-96.834533,47.016921],[-96.832917,47.015967],[-96.832394,47.015539],[-96.832248,47.015117],[-96.832634,47.014358],[-96.833873,47.013034],[-96.834032,47.012392],[-96.833346,47.01096],[-96.833345,47.010356],[-96.833607,47.010034],[-96.834275,47.009757],[-96.836772,47.009247],[-96.838415,47.008315],[-96.839383,47.007163],[-96.839301,47.006672],[-96.839011,47.006403],[-96.838104,47.006195],[-96.83759,47.006284],[-96.835569,47.007219],[-96.834517,47.007165],[-96.833849,47.00632],[-96.833557,47.004539],[-96.832961,47.004275],[-96.832463,47.00429],[-96.831749,47.004565],[-96.830266,47.005423],[-96.829302,47.005336],[-96.828804,47.005084],[-96.828426,47.00464],[-96.828059,47.002169],[-96.827368,47.001813],[-96.826412,47.001863],[-96.825891,47.002083],[-96.823543,47.003705],[-96.822973,47.003936],[-96.821881,47.003986],[-96.82119,47.00352],[-96.821101,47.003081],[-96.821356,47.002576],[-96.822831,47.001652],[-96.82328,47.001224],[-96.823423,47.000653],[-96.823073,46.999983],[-96.822243,46.999401],[-96.819854,46.998611],[-96.819483,46.998337],[-96.81928,46.998014],[-96.81943,46.997552],[-96.819765,46.997287],[-96.820215,46.997226],[-96.821905,46.997768],[-96.823104,46.997867],[-96.823797,46.997606],[-96.824347,46.996918],[-96.824638,46.994548],[-96.824558,46.993331],[-96.824346,46.992876],[-96.822627,46.991381],[-96.822407,46.990821],[-96.822576,46.990265],[-96.823099,46.989721],[-96.823674,46.989318],[-96.825421,46.988978],[-96.826068,46.988674],[-96.826357,46.98846],[-96.82642,46.988],[-96.825957,46.987362],[-96.823866,46.986654],[-96.823054,46.986293],[-96.822682,46.985932],[-96.82218,46.985153],[-96.821552,46.982605],[-96.820687,46.981164],[-96.82023,46.979916],[-96.820033,46.978474],[-96.82008,46.976939],[-96.821169,46.975299],[-96.821493,46.97298],[-96.821869,46.972399],[-96.823192,46.971466],[-96.82325,46.971242],[-96.823172,46.970658],[-96.822617,46.970112],[-96.820068,46.967856],[-96.819416,46.967451],[-96.818548,46.96719],[-96.814461,46.966728],[-96.813738,46.966499],[-96.813173,46.966039],[-96.812058,46.964636],[-96.810561,46.96402],[-96.809452,46.963893],[-96.80863,46.963987],[-96.807893,46.964449],[-96.807578,46.965055],[-96.807122,46.967065],[-96.806644,46.967599],[-96.806211,46.967721],[-96.805537,46.967641],[-96.804788,46.967219],[-96.803257,46.964609],[-96.802302,46.964215],[-96.801403,46.964415],[-96.801138,46.964857],[-96.801174,46.965234],[-96.802055,46.966397],[-96.802208,46.967282],[-96.801894,46.968049],[-96.801377,46.968375],[-96.800828,46.968438],[-96.800141,46.968307],[-96.79599,46.966395],[-96.795386,46.96599],[-96.795114,46.965594],[-96.795486,46.964597],[-96.797678,46.962551],[-96.798206,46.961756],[-96.798814,46.960287],[-96.79996,46.958998],[-96.801241,46.95856],[-96.802785,46.958374],[-96.803604,46.958104],[-96.803967,46.957728],[-96.804064,46.957169],[-96.803391,46.956188],[-96.802257,46.955317],[-96.79955,46.953646],[-96.799197,46.953106],[-96.798973,46.952252],[-96.798943,46.950887],[-96.799145,46.949678],[-96.79955,46.949078],[-96.800254,46.948676],[-96.803457,46.947899],[-96.803912,46.94748],[-96.804021,46.946942],[-96.803673,46.946333],[-96.802507,46.945753],[-96.799128,46.944304],[-96.798325,46.944185],[-96.797203,46.944359],[-96.796375,46.94501],[-96.795827,46.945935],[-96.795213,46.946606],[-96.794509,46.946861],[-96.793536,46.946843],[-96.791849,46.945939],[-96.791364,46.94518],[-96.791214,46.944215],[-96.791959,46.941171],[-96.791865,46.940105],[-96.791444,46.939354],[-96.789992,46.937907],[-96.789844,46.937171],[-96.790169,46.936517],[-96.791285,46.93524],[-96.791344,46.93435],[-96.790812,46.932456],[-96.790782,46.931358],[-96.790819,46.930814],[-96.791546,46.928818],[-96.791558,46.928076],[-96.791339,46.927676],[-96.790318,46.927167],[-96.789589,46.927182],[-96.789213,46.927404],[-96.787862,46.929645],[-96.787262,46.93004],[-96.786661,46.930153],[-96.785908,46.929985],[-96.785264,46.929618],[-96.78483,46.929089],[-96.784856,46.928273],[-96.785563,46.925586],[-96.785596,46.925033],[-96.785217,46.924387],[-96.784714,46.924247],[-96.783753,46.924343],[-96.783148,46.924722],[-96.780481,46.927763],[-96.779946,46.928101],[-96.779011,46.92816],[-96.778543,46.927931],[-96.778039,46.926218],[-96.77766,46.925782],[-96.776858,46.925759],[-96.776203,46.926189],[-96.774857,46.92795],[-96.775255,46.929878],[-96.774799,46.930609],[-96.773911,46.930979],[-96.770404,46.931576],[-96.768289,46.932678],[-96.764485,46.933831],[-96.763025,46.934705],[-96.762537,46.934782],[-96.761926,46.934641],[-96.761555,46.93418],[-96.761364,46.932439],[-96.761028,46.931931],[-96.760243,46.931481],[-96.759007,46.931252],[-96.757859,46.930837],[-96.756453,46.9295],[-96.756412,46.928544],[-96.75701,46.9279],[-96.758571,46.927436],[-96.759398,46.927604],[-96.761585,46.928962],[-96.762709,46.929278],[-96.763688,46.929276],[-96.76432,46.929072],[-96.765047,46.928581],[-96.765405,46.928031],[-96.765329,46.927266],[-96.76475,46.926662],[-96.763383,46.926091],[-96.756192,46.925426],[-96.753475,46.924574],[-96.752898,46.924075],[-96.753147,46.923102],[-96.75419,46.922638],[-96.75595,46.922563],[-96.757562,46.922703],[-96.759594,46.923565],[-96.760582,46.923878],[-96.761255,46.923918],[-96.762394,46.923756],[-96.763044,46.923125],[-96.763116,46.921915],[-96.762591,46.920879],[-96.761821,46.920019],[-96.759524,46.918479],[-96.756356,46.91705],[-96.755133,46.91594],[-96.754543,46.915177],[-96.754501,46.914649],[-96.75472,46.914223],[-96.755433,46.91378],[-96.756836,46.913951],[-96.7579,46.91482],[-96.759062,46.916419],[-96.759747,46.91709],[-96.761137,46.917713],[-96.761962,46.917745],[-96.762698,46.917485],[-96.763145,46.917072],[-96.763136,46.916852],[-96.762809,46.916503],[-96.760462,46.91588],[-96.760012,46.915618],[-96.75993,46.915305],[-96.760188,46.914985],[-96.762338,46.914234],[-96.763402,46.91343],[-96.763908,46.91261],[-96.76388,46.911759],[-96.763467,46.910892],[-96.763326,46.910052],[-96.765075,46.905659],[-96.765355,46.905268],[-96.766197,46.904933],[-96.767384,46.905085],[-96.768058,46.905373],[-96.769318,46.906293],[-96.769936,46.906549],[-96.77073,46.906553],[-96.771539,46.906228],[-96.773364,46.904515],[-96.773641,46.903888],[-96.773357,46.903164],[-96.772697,46.90266],[-96.770553,46.901603],[-96.770421,46.900725],[-96.770995,46.900058],[-96.773387,46.899709],[-96.774763,46.89931],[-96.775426,46.89882],[-96.775863,46.898209],[-96.776438,46.89673],[-96.776588,46.896009],[-96.776424,46.895253],[-96.775997,46.89466],[-96.775362,46.894244],[-96.774591,46.894004],[-96.771338,46.893946],[-96.77052,46.893799],[-96.769885,46.89341],[-96.769505,46.892703],[-96.769573,46.891977],[-96.769979,46.891411],[-96.77093,46.891013],[-96.773499,46.890403],[-96.77405,46.890105],[-96.774464,46.889588],[-96.774548,46.888813],[-96.774263,46.88793],[-96.774036,46.885782],[-96.773606,46.884948],[-96.772843,46.884456],[-96.772057,46.884232],[-96.771168,46.8843],[-96.768848,46.884997],[-96.768143,46.884906],[-96.767474,46.88422],[-96.767286,46.883446],[-96.767481,46.882408],[-96.768533,46.879559],[-96.769297,46.878188],[-96.769948,46.877558],[-96.770812,46.877418],[-96.771461,46.87756],[-96.771977,46.878036],[-96.77138,46.880466],[-96.771745,46.881228],[-96.772339,46.88143],[-96.77384,46.880631],[-96.774429,46.879899],[-96.775779,46.879121],[-96.776779,46.878921],[-96.777581,46.879117],[-96.779589,46.880118],[-96.780759,46.880121],[-96.781316,46.879603],[-96.781256,46.878818],[-96.780593,46.87755],[-96.779456,46.876273],[-96.776358,46.875081],[-96.775995,46.874454],[-96.776086,46.874112],[-96.776862,46.873513],[-96.77794,46.873258],[-96.780968,46.872136],[-96.783911,46.871706],[-96.784437,46.87151],[-96.785156,46.870895],[-96.785168,46.870615],[-96.784606,46.870064],[-96.783583,46.869737],[-96.781439,46.869451],[-96.780923,46.869127],[-96.780492,46.868365],[-96.780684,46.867315],[-96.783974,46.863076],[-96.78415,46.862541],[-96.783998,46.861521],[-96.782729,46.860328],[-96.779369,46.858667],[-96.777619,46.857461],[-96.776714,46.856468],[-96.776093,46.855149],[-96.776069,46.854671],[-96.776568,46.854034],[-96.777691,46.853879],[-96.778977,46.854154],[-96.782765,46.855548],[-96.783593,46.855701],[-96.784329,46.855646],[-96.785165,46.855332],[-96.7856,46.854515],[-96.785535,46.853906],[-96.78482,46.852275],[-96.783775,46.851557],[-96.782439,46.851139],[-96.780334,46.851271],[-96.777124,46.852493],[-96.776357,46.852576],[-96.774823,46.852346],[-96.774138,46.852098],[-96.773515,46.851657],[-96.77334,46.850808],[-96.773866,46.850101],[-96.775028,46.849576],[-96.779314,46.848603],[-96.779895,46.84833],[-96.781059,46.847486],[-96.781719,46.846135],[-96.781607,46.845136],[-96.781296,46.844721],[-96.779344,46.843401],[-96.77697,46.842145],[-96.775574,46.841024],[-96.77494,46.839941],[-96.775028,46.839369],[-96.775715,46.838787],[-96.776989,46.838663],[-96.778524,46.839111],[-96.781382,46.84054],[-96.782847,46.841012],[-96.786002,46.841277],[-96.786695,46.841191],[-96.787411,46.840867],[-96.787876,46.840434],[-96.787999,46.839926],[-96.787805,46.839474],[-96.786888,46.838706],[-96.784003,46.837613],[-96.783003,46.836665],[-96.783036,46.835884],[-96.783401,46.835053],[-96.784979,46.833002],[-96.785716,46.832635],[-96.787015,46.832596],[-96.792289,46.834352],[-96.792936,46.834275],[-96.793651,46.833924],[-96.793981,46.833509],[-96.793762,46.832841],[-96.792945,46.832325],[-96.791534,46.831748],[-96.788203,46.83078],[-96.784506,46.828935],[-96.780611,46.826197],[-96.780345,46.825498],[-96.780442,46.825138],[-96.780814,46.824844],[-96.781646,46.824821],[-96.783282,46.826006],[-96.784105,46.826389],[-96.790323,46.827621],[-96.791102,46.827763],[-96.792413,46.827323],[-96.79277,46.826943],[-96.792984,46.826282],[-96.793001,46.825575],[-96.792444,46.824539],[-96.792338,46.823914],[-96.792472,46.823319],[-96.793583,46.822657],[-96.796926,46.822411],[-96.797668,46.82223],[-96.79858,46.821768],[-96.799519,46.820825],[-96.799978,46.82003],[-96.800133,46.819211],[-96.800086,46.818248],[-96.799422,46.815849],[-96.799689,46.814669],[-96.800151,46.813904],[-96.80235,46.812222],[-96.802622,46.811698],[-96.802492,46.811117],[-96.80214,46.810641],[-96.801411,46.810103],[-96.798212,46.809321],[-96.796827,46.808826],[-96.795885,46.807999],[-96.795789,46.807516],[-96.795949,46.807039],[-96.796868,46.806365],[-96.798535,46.806022],[-96.801797,46.805788],[-96.802776,46.805445],[-96.803154,46.805041],[-96.803108,46.80464],[-96.802846,46.804307],[-96.802443,46.804151],[-96.801212,46.80421],[-96.79893,46.804662],[-96.797645,46.804409],[-96.796916,46.803876],[-96.795861,46.802005],[-96.795625,46.801277],[-96.795872,46.800171],[-96.796377,46.799549],[-96.797654,46.798928],[-96.800851,46.798269],[-96.801692,46.797779],[-96.801967,46.797317],[-96.801803,46.796762],[-96.801461,46.796396],[-96.800193,46.796159],[-96.798317,46.796476],[-96.796837,46.796471],[-96.795422,46.796109],[-96.794847,46.795707],[-96.794367,46.795189],[-96.794198,46.794619],[-96.794404,46.794013],[-96.796696,46.792682],[-96.796965,46.792173],[-96.79674,46.790962],[-96.795981,46.789518],[-96.794629,46.788567],[-96.793225,46.788353],[-96.791766,46.788705],[-96.790212,46.789601],[-96.789772,46.789627],[-96.789457,46.789426],[-96.789412,46.78908],[-96.790145,46.788186],[-96.790215,46.787766],[-96.79,46.787351],[-96.789255,46.786818],[-96.787442,46.78597],[-96.78717,46.785477],[-96.787187,46.78506],[-96.787613,46.784212],[-96.788128,46.78364],[-96.790839,46.782295],[-96.792075,46.781511],[-96.793379,46.780023],[-96.794098,46.77943],[-96.797037,46.777605],[-96.797274,46.776994],[-96.797173,46.77656],[-96.79685,46.776165],[-96.795734,46.775681],[-96.793652,46.775544],[-96.791142,46.776179],[-96.788598,46.777671],[-96.787341,46.778164],[-96.7856,46.778353],[-96.78415,46.77826],[-96.783317,46.777662],[-96.783102,46.777252],[-96.783118,46.776208],[-96.783515,46.775051],[-96.784645,46.774103],[-96.78533,46.773944],[-96.78666,46.774071],[-96.78881,46.774917],[-96.789298,46.774946],[-96.789869,46.774606],[-96.790028,46.774028],[-96.789969,46.773353],[-96.789395,46.771512],[-96.789001,46.77085],[-96.788626,46.77043],[-96.787398,46.769648],[-96.785992,46.769253],[-96.783439,46.768707],[-96.778143,46.768149],[-96.776418,46.767821],[-96.775869,46.767507],[-96.775566,46.767075],[-96.775507,46.766356],[-96.776106,46.765258],[-96.776592,46.764872],[-96.777814,46.764553],[-96.779209,46.764718],[-96.782585,46.765747],[-96.786385,46.766344],[-96.787946,46.766392],[-96.788786,46.766112],[-96.789136,46.765762],[-96.789201,46.765344],[-96.788955,46.764972],[-96.788258,46.764401],[-96.786451,46.763437],[-96.784196,46.762927],[-96.779974,46.763042],[-96.779365,46.762937],[-96.778422,46.762499],[-96.777872,46.761619],[-96.77787,46.760487],[-96.778241,46.760149],[-96.779477,46.759892],[-96.781099,46.760309],[-96.782787,46.761378],[-96.783882,46.761825],[-96.785316,46.761963],[-96.786343,46.761674],[-96.787086,46.76104],[-96.787218,46.760371],[-96.786972,46.759934],[-96.786101,46.759495],[-96.78388,46.759177],[-96.783085,46.758458],[-96.782636,46.757363],[-96.782677,46.756901],[-96.782959,46.756553],[-96.783412,46.756352],[-96.784426,46.756278],[-96.785543,46.75661],[-96.787081,46.757757],[-96.787594,46.757847],[-96.788838,46.757584],[-96.789398,46.757113],[-96.789567,46.756667],[-96.789082,46.755846],[-96.788024,46.755223],[-96.786091,46.754831],[-96.783779,46.754816],[-96.783321,46.754666],[-96.782808,46.754099],[-96.782885,46.752895],[-96.783637,46.752422],[-96.785186,46.752267],[-96.78716,46.752697],[-96.788153,46.752761],[-96.788997,46.752414],[-96.789252,46.751983],[-96.788958,46.751573],[-96.788476,46.751462],[-96.785966,46.751531],[-96.783995,46.751271],[-96.783108,46.750833],[-96.782497,46.749564],[-96.782519,46.749256],[-96.783044,46.748738],[-96.784256,46.74867],[-96.786907,46.749382],[-96.787314,46.749293],[-96.787791,46.748868],[-96.787708,46.748297],[-96.787314,46.747754],[-96.786245,46.747111],[-96.784091,46.746356],[-96.781264,46.746062],[-96.780608,46.745783],[-96.78039,46.745449],[-96.780592,46.744502],[-96.781163,46.743951],[-96.782491,46.74391],[-96.784846,46.744555],[-96.785847,46.74467],[-96.786662,46.744456],[-96.787046,46.744156],[-96.787261,46.743892],[-96.787424,46.7431],[-96.787311,46.742803],[-96.78663,46.742459],[-96.784713,46.742624],[-96.78178,46.742461],[-96.780868,46.742173],[-96.780491,46.741827],[-96.780441,46.741503],[-96.780684,46.74126],[-96.781605,46.740989],[-96.782691,46.740937],[-96.782897,46.740711],[-96.782966,46.740423],[-96.782798,46.740068],[-96.781465,46.738858],[-96.780998,46.738178],[-96.78114,46.737776],[-96.781569,46.737352],[-96.782852,46.73675],[-96.783183,46.736319],[-96.782783,46.73575],[-96.781183,46.734887],[-96.780868,46.734229],[-96.780877,46.733818],[-96.781057,46.733491],[-96.781491,46.733204],[-96.782073,46.733037],[-96.784278,46.733026],[-96.784532,46.732789],[-96.784584,46.731998],[-96.784053,46.729958],[-96.783224,46.72894],[-96.782815,46.728724],[-96.781936,46.728763],[-96.780584,46.729966],[-96.779804,46.73001],[-96.779611,46.729831],[-96.779269,46.727957],[-96.779219,46.72659],[-96.780125,46.725724],[-96.78196,46.725307],[-96.781741,46.724872],[-96.780342,46.724481],[-96.779886,46.724241],[-96.7797,46.723912],[-96.779853,46.723101],[-96.780522,46.722333],[-96.781382,46.721819],[-96.786546,46.719745],[-96.788628,46.719828],[-96.79021,46.719548],[-96.790967,46.719139],[-96.79126,46.71843],[-96.791079,46.717905],[-96.790303,46.717434],[-96.789335,46.717386],[-96.78783,46.718046],[-96.784036,46.717757],[-96.7829,46.717491],[-96.782171,46.717037],[-96.782114,46.716773],[-96.782614,46.716294],[-96.783986,46.716037],[-96.785484,46.715369],[-96.787448,46.713907],[-96.787551,46.713638],[-96.787165,46.71315],[-96.784006,46.71222],[-96.783603,46.711806],[-96.783732,46.711471],[-96.785147,46.710639],[-96.786403,46.710297],[-96.78853,46.710118],[-96.788936,46.709969],[-96.789431,46.709457],[-96.789362,46.708833],[-96.789072,46.708567],[-96.788087,46.708109],[-96.785849,46.707576],[-96.783952,46.70648],[-96.783885,46.705963],[-96.784509,46.705627],[-96.786621,46.705623],[-96.78847,46.705102],[-96.790939,46.704024],[-96.791311,46.703347],[-96.790964,46.702848],[-96.789434,46.702139],[-96.785388,46.702127],[-96.784573,46.70186],[-96.784251,46.701547],[-96.784178,46.701251],[-96.784494,46.700886],[-96.785237,46.700781],[-96.787171,46.701061],[-96.787872,46.700862],[-96.788106,46.700566],[-96.787914,46.69984],[-96.786532,46.698268],[-96.785753,46.697058],[-96.784838,46.694881],[-96.784827,46.694266],[-96.785232,46.693787],[-96.786028,46.693515],[-96.786898,46.693491],[-96.787232,46.693188],[-96.786033,46.692158],[-96.785863,46.691664],[-96.786391,46.69125],[-96.788959,46.690765],[-96.789962,46.690367],[-96.790558,46.689842],[-96.790627,46.689279],[-96.790229,46.688721],[-96.789233,46.688176],[-96.788103,46.687905],[-96.785927,46.68793],[-96.785287,46.687758],[-96.78425,46.686817],[-96.78391,46.685608],[-96.784234,46.685025],[-96.785103,46.684551],[-96.785585,46.684471],[-96.787244,46.685237],[-96.787613,46.685133],[-96.787699,46.68489],[-96.787362,46.683407],[-96.787437,46.682615],[-96.78788,46.6819],[-96.788525,46.681601],[-96.789228,46.681671],[-96.79079,46.682771],[-96.791918,46.683312],[-96.793663,46.683603],[-96.794648,46.683354],[-96.794773,46.682823],[-96.793991,46.681509],[-96.793206,46.680951],[-96.791598,46.680324],[-96.787661,46.678329],[-96.787322,46.677643],[-96.787462,46.676989],[-96.787915,46.676663],[-96.789391,46.676461],[-96.792168,46.676558],[-96.793033,46.677232],[-96.793412,46.678464],[-96.793841,46.6792],[-96.794623,46.679517],[-96.795552,46.679356],[-96.797065,46.678647],[-96.798547,46.678639],[-96.79893,46.678506],[-96.799192,46.678286],[-96.799379,46.677598],[-96.799422,46.675263],[-96.799082,46.674357],[-96.798359,46.673645],[-96.797631,46.673306],[-96.796386,46.673178],[-96.794188,46.673888],[-96.793071,46.673973],[-96.792336,46.673755],[-96.791895,46.673399],[-96.791452,46.672708],[-96.791491,46.672401],[-96.791649,46.67212],[-96.792396,46.671673],[-96.793784,46.671575],[-96.794484,46.671277],[-96.79449,46.670876],[-96.793759,46.670015],[-96.79346,46.669302],[-96.793815,46.668493],[-96.794288,46.66796],[-96.795173,46.667357],[-96.795731,46.667323],[-96.796275,46.667524],[-96.797365,46.668571],[-96.798093,46.668942],[-96.798583,46.669009],[-96.801314,46.668428],[-96.801942,46.66803],[-96.802111,46.667636],[-96.801845,46.667127],[-96.800921,46.666658],[-96.799914,46.666564],[-96.797351,46.66704],[-96.796374,46.66689],[-96.795478,46.666373],[-96.795453,46.666191],[-96.795739,46.665916],[-96.797676,46.665669],[-96.798599,46.665188],[-96.798644,46.664666],[-96.797597,46.662867],[-96.797593,46.662303],[-96.798097,46.661748],[-96.799607,46.661421],[-96.800012,46.661162],[-96.800032,46.660853],[-96.799838,46.660637],[-96.797749,46.660119],[-96.797115,46.659615],[-96.797113,46.659165],[-96.797417,46.658664],[-96.798909,46.658028],[-96.799219,46.657736],[-96.79893,46.656126],[-96.799265,46.654538],[-96.799183,46.654164],[-96.798637,46.653622],[-96.796865,46.653346],[-96.794169,46.651859],[-96.792565,46.650458],[-96.79078,46.649237],[-96.790449,46.648502],[-96.790939,46.647772],[-96.791735,46.647339],[-96.793821,46.646767],[-96.794105,46.646512],[-96.794042,46.646327],[-96.791585,46.644778],[-96.791271,46.644285],[-96.790754,46.642576],[-96.790439,46.642194],[-96.789735,46.641811],[-96.786357,46.641073],[-96.785773,46.640618],[-96.78585,46.640217],[-96.7864,46.639926],[-96.787602,46.639657],[-96.788954,46.639055],[-96.790356,46.638881],[-96.791024,46.638521],[-96.791175,46.638279],[-96.791381,46.636713],[-96.792114,46.635002],[-96.792589,46.634446],[-96.79359,46.633877],[-96.796145,46.633177],[-96.79821,46.630188],[-96.798288,46.629677],[-96.798101,46.629249],[-96.797207,46.628637],[-96.796519,46.628645],[-96.796002,46.62887],[-96.795726,46.629437],[-96.796094,46.631117],[-96.795825,46.631414],[-96.795443,46.631509],[-96.794932,46.631472],[-96.794155,46.630892],[-96.790943,46.629609],[-96.789115,46.629191],[-96.788255,46.629336],[-96.787086,46.629878],[-96.784909,46.631296],[-96.783308,46.631636],[-96.782311,46.631479],[-96.782078,46.631161],[-96.782149,46.63099],[-96.782741,46.63062],[-96.784896,46.630296],[-96.588956,46.630633],[-96.500373,46.630547],[-96.420121,46.630768],[-96.344483,46.630654],[-96.25036,46.630739],[-96.214286,46.630906],[-96.172491,46.630694],[-96.173738,46.6816],[-96.17388,46.699734],[-96.174107,46.703495],[-96.174881,46.732341],[-96.175238,46.739585],[-96.175691,46.761346],[-96.176321,46.775977],[-96.177074,46.804859],[-96.176842,46.819316],[-96.176201,46.833849],[-96.175502,46.855657],[-96.175615,46.862818],[-96.174873,46.874977],[-96.1744,46.89168],[-96.174101,46.977392],[-96.193687,46.977381],[-96.19406,47.035044],[-96.194423,47.063878],[-96.194637,47.151153]]]}},{"type":"Feature","properties":{"name":"Clearwater","gnisId":659460,"fipsCode":"029","countyCode":"27029"},"geometry":{"type":"Polygon","coordinates":[[[-95.182991,47.412603],[-95.182819,47.441165],[-95.183193,47.484486],[-95.184246,47.542465],[-95.184185,47.556586],[-95.184882,47.600621],[-95.185006,47.629662],[-95.184752,47.658632],[-95.184919,47.673346],[-95.194174,47.673348],[-95.194521,47.687892],[-95.193398,47.872387],[-95.201247,47.872721],[-95.202069,47.873039],[-95.20924,47.874176],[-95.210899,47.874255],[-95.211925,47.874559],[-95.214173,47.874754],[-95.217364,47.875584],[-95.222812,47.876218],[-95.225214,47.876758],[-95.229106,47.877955],[-95.231039,47.878323],[-95.236805,47.880158],[-95.238604,47.880329],[-95.240418,47.881231],[-95.243966,47.882337],[-95.247906,47.883814],[-95.250302,47.8849],[-95.252839,47.88634],[-95.255105,47.887831],[-95.258041,47.890263],[-95.262552,47.894426],[-95.264431,47.896434],[-95.267091,47.899841],[-95.269085,47.902772],[-95.272796,47.909454],[-95.275172,47.914729],[-95.276522,47.919438],[-95.276466,47.920427],[-95.277425,47.923445],[-95.27813,47.927305],[-95.278149,47.934684],[-95.277609,47.938171],[-95.277893,47.938834],[-95.277729,47.944],[-95.276263,47.948974],[-95.275916,47.949514],[-95.276309,47.949627],[-95.275512,47.952708],[-95.275104,47.959012],[-95.27301,47.960615],[-95.27276,47.961028],[-95.272112,47.962553],[-95.272293,47.962712],[-95.270964,47.965739],[-95.270623,47.9669],[-95.269036,47.970473],[-95.267347,47.973492],[-95.266118,47.975107],[-95.260675,47.98451],[-95.259004,47.985204],[-95.25797,47.98751],[-95.25733,47.988304],[-95.256462,47.989957],[-95.256352,47.990534],[-95.255245,47.992011],[-95.254742,47.993447],[-95.253446,47.994881],[-95.253014,47.996059],[-95.250005,48.000391],[-95.249753,48.001269],[-95.248992,48.00248],[-95.248169,48.003142],[-95.248175,48.003362],[-95.247331,48.004672],[-95.245782,48.006133],[-95.245285,48.006966],[-95.244238,48.007962],[-95.243814,48.008883],[-95.242129,48.00991],[-95.241468,48.010748],[-95.241342,48.011209],[-95.241463,48.011418],[-95.240612,48.011409],[-95.23987,48.012225],[-95.238464,48.013055],[-95.237328,48.013951],[-95.237064,48.014247],[-95.237062,48.014566],[-95.236825,48.014504],[-95.235749,48.015055],[-95.234424,48.016061],[-95.233207,48.016738],[-95.230681,48.018513],[-95.229665,48.019712],[-95.229189,48.019996],[-95.290688,48.02005],[-95.398636,48.020548],[-95.430245,48.020481],[-95.538442,48.020918],[-95.582877,48.020741],[-95.582576,48.006296],[-95.582261,47.999977],[-95.582484,47.991716],[-95.58248,47.977113],[-95.581394,47.875983],[-95.579675,47.774916],[-95.579661,47.767678],[-95.580097,47.760559],[-95.579458,47.745913],[-95.578813,47.688182],[-95.578486,47.680968],[-95.578599,47.673695],[-95.553561,47.673682],[-95.553778,47.659201],[-95.553625,47.630221],[-95.55388,47.616071],[-95.553741,47.586811],[-95.554065,47.500079],[-95.551459,47.500075],[-95.55094,47.469348],[-95.550851,47.454491],[-95.550449,47.439974],[-95.55045,47.410994],[-95.550843,47.383252],[-95.550735,47.368832],[-95.551452,47.339831],[-95.551107,47.282044],[-95.551482,47.26768],[-95.551577,47.238368],[-95.551938,47.223943],[-95.551396,47.209517],[-95.5515,47.19498],[-95.550896,47.165889],[-95.55128,47.151519],[-95.530098,47.151592],[-95.5088,47.151397],[-95.487786,47.151581],[-95.445598,47.151505],[-95.403286,47.151187],[-95.382012,47.151603],[-95.297379,47.151702],[-95.276093,47.152135],[-95.169285,47.152626],[-95.169206,47.167203],[-95.169338,47.1816],[-95.169711,47.196174],[-95.169651,47.225174],[-95.169837,47.239822],[-95.169444,47.268385],[-95.169404,47.311033],[-95.169555,47.325434],[-95.182715,47.32554],[-95.182996,47.362328],[-95.182763,47.369105],[-95.183156,47.397956],[-95.182991,47.412603]]]}},{"type":"Feature","properties":{"name":"Cook","gnisId":659461,"fipsCode":"031","countyCode":"27031"},"geometry":{"type":"MultiPolygon","coordinates":[[[[-89.609885,48.01059],[-89.608969,48.01116],[-89.608545,48.011806],[-89.608559,48.012701],[-89.609794,48.015067],[-89.609262,48.016768],[-89.609496,48.01739],[-89.610703,48.017936],[-89.611627,48.01782],[-89.612219,48.016433],[-89.613664,48.015803],[-89.614937,48.01486],[-89.616058,48.012712],[-89.617135,48.012018],[-89.617731,48.011251],[-89.61844,48.010885],[-89.619796,48.010714],[-89.62285,48.011775],[-89.625548,48.011721],[-89.628173,48.011198],[-89.62934,48.01047],[-89.631937,48.010076],[-89.633051,48.009734],[-89.637176,48.009454],[-89.63804,48.009128],[-89.638313,48.008914],[-89.63846,48.008464],[-89.637643,48.007419],[-89.637535,48.006503],[-89.636664,48.004912],[-89.637064,48.004148],[-89.638756,48.003573],[-89.639893,48.003867],[-89.641435,48.005683],[-89.642936,48.006342],[-89.645882,48.00627],[-89.647026,48.005892],[-89.648348,48.004065],[-89.649115,48.003795],[-89.650878,48.003626],[-89.653037,48.004264],[-89.65436,48.006152],[-89.654845,48.006503],[-89.656115,48.008112],[-89.656814,48.009883],[-89.657685,48.01037],[-89.661959,48.010775],[-89.662659,48.010711],[-89.663141,48.010414],[-89.663782,48.008707],[-89.664681,48.008022],[-89.666801,48.007303],[-89.66903,48.008131],[-89.671549,48.010127],[-89.67221,48.011241],[-89.672915,48.011576],[-89.676133,48.011298],[-89.680115,48.0102],[-89.681978,48.010127],[-89.68409,48.009822],[-89.685763,48.009787],[-89.686302,48.010081],[-89.686393,48.01073],[-89.688119,48.010909],[-89.689667,48.010218],[-89.692048,48.009822],[-89.695009,48.008734],[-89.698777,48.007708],[-89.701035,48.006548],[-89.702416,48.006366],[-89.703296,48.006628],[-89.70559,48.007842],[-89.707223,48.009382],[-89.708038,48.010443],[-89.708613,48.010547],[-89.712746,48.010218],[-89.715358,48.009345],[-89.716133,48.009456],[-89.71659,48.009714],[-89.716739,48.010321],[-89.716136,48.012682],[-89.716218,48.013059],[-89.717028,48.01399],[-89.716618,48.014309],[-89.716172,48.016406],[-89.71625,48.016875],[-89.717012,48.017234],[-89.718539,48.017253],[-89.719249,48.016856],[-89.720016,48.015165],[-89.72078,48.014541],[-89.721744,48.01414],[-89.722611,48.013561],[-89.723702,48.013472],[-89.724184,48.01377],[-89.72393,48.015216],[-89.724559,48.016134],[-89.723956,48.017169],[-89.722657,48.017584],[-89.72063,48.017378],[-89.719813,48.017873],[-89.719507,48.018492],[-89.720124,48.019347],[-89.721087,48.020011],[-89.723711,48.0208],[-89.72433,48.020876],[-89.724252,48.0203],[-89.723541,48.019752],[-89.72362,48.019312],[-89.724398,48.019141],[-89.726381,48.019201],[-89.727305,48.018924],[-89.728632,48.019203],[-89.731737,48.018897],[-89.732547,48.018997],[-89.732989,48.019339],[-89.732882,48.019653],[-89.731784,48.02013],[-89.731737,48.020453],[-89.732536,48.020697],[-89.732964,48.021021],[-89.732975,48.021551],[-89.733164,48.021776],[-89.733997,48.022009],[-89.736292,48.021747],[-89.73798,48.020686],[-89.740877,48.020392],[-89.741962,48.019995],[-89.742677,48.020022],[-89.743114,48.020228],[-89.743289,48.020518],[-89.74341,48.021331],[-89.744256,48.021594],[-89.744418,48.022409],[-89.744813,48.022502],[-89.745943,48.022064],[-89.746361,48.022064],[-89.748156,48.023303],[-89.748933,48.023551],[-89.750072,48.023573],[-89.751444,48.022512],[-89.752956,48.022181],[-89.753938,48.022417],[-89.754702,48.023036],[-89.75568,48.023234],[-89.757892,48.023136],[-89.760148,48.022559],[-89.764354,48.023073],[-89.767603,48.022703],[-89.768848,48.02202],[-89.770092,48.021895],[-89.771089,48.021525],[-89.772348,48.020751],[-89.773714,48.020488],[-89.774371,48.02104],[-89.773792,48.021848],[-89.77422,48.022522],[-89.775363,48.022872],[-89.775723,48.022739],[-89.776315,48.02157],[-89.777988,48.019931],[-89.778673,48.018809],[-89.779102,48.018511],[-89.779679,48.018764],[-89.781299,48.018455],[-89.781741,48.017989],[-89.782305,48.017864],[-89.784388,48.017981],[-89.785554,48.017764],[-89.787777,48.017981],[-89.788783,48.018324],[-89.791745,48.018476],[-89.792415,48.018375],[-89.793393,48.017936],[-89.794976,48.017603],[-89.795376,48.017046],[-89.795847,48.016768],[-89.796368,48.016009],[-89.795979,48.015299],[-89.796854,48.014868],[-89.799694,48.014921],[-89.801587,48.014185],[-89.805422,48.014075],[-89.806162,48.014265],[-89.80656,48.014742],[-89.807433,48.016631],[-89.807499,48.017145],[-89.807139,48.017459],[-89.807382,48.017595],[-89.808719,48.017298],[-89.809336,48.016723],[-89.809967,48.016614],[-89.811121,48.016821],[-89.812074,48.016515],[-89.812983,48.016539],[-89.81521,48.016073],[-89.816494,48.016036],[-89.818203,48.015451],[-89.819607,48.015639],[-89.819943,48.015524],[-89.82076,48.014903],[-89.821231,48.013879],[-89.820774,48.013103],[-89.820973,48.012797],[-89.82387,48.011442],[-89.82391,48.011325],[-89.822208,48.011081],[-89.821819,48.010615],[-89.822391,48.010309],[-89.822366,48.009658],[-89.82278,48.009219],[-89.824671,48.008329],[-89.825595,48.006709],[-89.828035,48.005728],[-89.829091,48.005092],[-89.828647,48.004192],[-89.828638,48.003851],[-89.829051,48.002638],[-89.82964,48.00154],[-89.830685,48.000136],[-89.831327,47.999613],[-89.832622,47.999441],[-89.83382,47.999506],[-89.836245,48.000857],[-89.838136,48.002179],[-89.840143,48.002753],[-89.841875,48.003043],[-89.84344,48.003554],[-89.844364,48.003364],[-89.844821,48.003078],[-89.844019,48.002226],[-89.842099,48.001676],[-89.842556,48.000173],[-89.842366,47.998976],[-89.842594,47.998518],[-89.842477,47.997259],[-89.843625,47.997285],[-89.844043,47.997123],[-89.844242,47.996203],[-89.8445,47.995782],[-89.845745,47.994945],[-89.845965,47.994635],[-89.845866,47.994281],[-89.846012,47.994117],[-89.845798,47.993635],[-89.846105,47.993246],[-89.847217,47.992635],[-89.851024,47.992247],[-89.859196,47.990899],[-89.862063,47.990745],[-89.865641,47.990103],[-89.868213,47.990198],[-89.868883,47.98974],[-89.87005,47.987402],[-89.871358,47.985862],[-89.871897,47.985532],[-89.872675,47.98546],[-89.877939,47.986772],[-89.878902,47.986834],[-89.883822,47.986395],[-89.885441,47.986448],[-89.887492,47.986842],[-89.889554,47.987707],[-89.890812,47.987996],[-89.89229,47.988069],[-89.893481,47.987554],[-89.895503,47.987334],[-89.897204,47.987589],[-89.898821,47.988057],[-89.900838,47.989202],[-89.903011,47.991442],[-89.904332,47.992167],[-89.91174,47.993445],[-89.91505,47.994712],[-89.915868,47.995794],[-89.916067,47.996645],[-89.916781,47.99705],[-89.917355,47.997267],[-89.918079,47.997123],[-89.919951,47.997393],[-89.921216,47.997015],[-89.922139,47.997176],[-89.922809,47.998556],[-89.922809,47.998957],[-89.921759,47.999442],[-89.921574,47.999792],[-89.921856,48.000117],[-89.922901,48.000647],[-89.925611,48.001517],[-89.926679,48.002043],[-89.927578,48.001935],[-89.928073,48.002195],[-89.927739,48.002774],[-89.926533,48.003187],[-89.925808,48.003743],[-89.925673,48.005629],[-89.925863,48.006315],[-89.926878,48.007017],[-89.929709,48.00746],[-89.930661,48.008059],[-89.931521,48.008917],[-89.932509,48.01029],[-89.93282,48.011126],[-89.932684,48.012343],[-89.932849,48.012971],[-89.933194,48.013312],[-89.93379,48.01351],[-89.934165,48.014376],[-89.933805,48.015146],[-89.934583,48.015826],[-89.93903,48.015604],[-89.939808,48.01584],[-89.940585,48.015687],[-89.940908,48.015356],[-89.940725,48.014742],[-89.941098,48.01457],[-89.944127,48.014453],[-89.94879,48.016046],[-89.949889,48.016279],[-89.95062,48.016242],[-89.950979,48.015973],[-89.951116,48.015218],[-89.950751,48.014627],[-89.950022,48.014012],[-89.949889,48.013529],[-89.950062,48.012899],[-89.951276,48.011171],[-89.952298,48.010732],[-89.953114,48.010828],[-89.954794,48.011828],[-89.955847,48.012267],[-89.959988,48.013673],[-89.961262,48.013718],[-89.963995,48.015057],[-89.96503,48.015146],[-89.968268,48.014681],[-89.968815,48.0151],[-89.969161,48.015981],[-89.969524,48.016451],[-89.971683,48.017981],[-89.971854,48.018575],[-89.971791,48.019491],[-89.972068,48.01986],[-89.973028,48.020085],[-89.973507,48.02039],[-89.973736,48.020852],[-89.973639,48.021443],[-89.973774,48.021893],[-89.974713,48.023126],[-89.981136,48.024239],[-89.982274,48.024644],[-89.985236,48.026308],[-89.985654,48.026289],[-89.987113,48.025373],[-89.988921,48.025678],[-89.988858,48.026105],[-89.989675,48.026353],[-89.990088,48.02675],[-89.990088,48.027208],[-89.989875,48.02747],[-89.989135,48.027748],[-89.989097,48.027883],[-89.989203,48.028054],[-89.989942,48.027917],[-89.990452,48.028107],[-89.990492,48.028547],[-89.990735,48.028672],[-89.992651,48.028378],[-89.9932,48.028054],[-89.993832,48.0281],[-89.994017,48.028486],[-89.994475,48.028691],[-89.994917,48.029325],[-89.994771,48.02972],[-89.994893,48.030313],[-89.994567,48.031201],[-89.995131,48.031803],[-89.995131,48.032219],[-89.995613,48.032578],[-89.996016,48.033422],[-89.995963,48.033807],[-89.996352,48.033844],[-89.996528,48.0345],[-89.997105,48.035328],[-89.996769,48.03675],[-89.996464,48.039151],[-89.996489,48.040269],[-89.996121,48.042329],[-89.99385,48.049313],[-89.998106,48.057937],[-90.004545,48.064456],[-90.004439,48.06525],[-90.006438,48.065501],[-90.007252,48.067077],[-90.008735,48.068556],[-90.009856,48.069],[-90.010818,48.067939],[-90.014852,48.067145],[-90.018788,48.071958],[-90.023338,48.084757],[-90.029373,48.087521],[-90.037993,48.089329],[-90.039078,48.08997],[-90.041381,48.089348],[-90.043275,48.090401],[-90.045332,48.09092],[-90.045501,48.091347],[-90.045751,48.091511],[-90.048788,48.091853],[-90.057479,48.096373],[-90.066442,48.098467],[-90.074119,48.101229],[-90.091614,48.104614],[-90.115996,48.104173],[-90.122446,48.105712],[-90.123634,48.107268],[-90.125175,48.107517],[-90.125746,48.10805],[-90.126916,48.108145],[-90.127229,48.108035],[-90.128386,48.108514],[-90.129083,48.109144],[-90.129417,48.109221],[-90.129585,48.109556],[-90.12934,48.109747],[-90.129433,48.109872],[-90.130349,48.110083],[-90.130417,48.110322],[-90.131094,48.110594],[-90.132575,48.11168],[-90.135795,48.112218],[-90.13611,48.112107],[-90.13675,48.112251],[-90.137803,48.11216],[-90.140833,48.112564],[-90.143538,48.112509],[-90.144043,48.112644],[-90.144225,48.112613],[-90.144553,48.112006],[-90.144972,48.111652],[-90.145736,48.111557],[-90.146666,48.111129],[-90.15088,48.110381],[-90.164276,48.109716],[-90.176497,48.112402],[-90.188629,48.108035],[-90.195036,48.108341],[-90.210687,48.106356],[-90.216498,48.10652],[-90.225175,48.108232],[-90.233969,48.107247],[-90.253828,48.102252],[-90.260748,48.102735],[-90.264464,48.103405],[-90.274536,48.103189],[-90.289253,48.099079],[-90.292846,48.099008],[-90.298127,48.102553],[-90.303848,48.103956],[-90.305799,48.105158],[-90.310052,48.105564],[-90.313917,48.105137],[-90.31739,48.10376],[-90.322463,48.102938],[-90.325814,48.102885],[-90.330069,48.102293],[-90.336952,48.099583],[-90.338082,48.096161],[-90.343034,48.095518],[-90.343595,48.094598],[-90.344314,48.094316],[-90.345992,48.093976],[-90.353826,48.094987],[-90.357404,48.094433],[-90.358863,48.09486],[-90.367452,48.094708],[-90.368622,48.094312],[-90.368956,48.09396],[-90.370032,48.094033],[-90.371597,48.093586],[-90.372534,48.093983],[-90.373436,48.094029],[-90.373632,48.09378],[-90.373663,48.093086],[-90.37333,48.092207],[-90.372674,48.091573],[-90.372726,48.091267],[-90.373595,48.090971],[-90.374296,48.090924],[-90.374777,48.090963],[-90.376114,48.091474],[-90.378051,48.0924],[-90.378899,48.09224],[-90.37983,48.092335],[-90.381119,48.092842],[-90.381989,48.093002],[-90.383958,48.094449],[-90.384908,48.094854],[-90.385663,48.095952],[-90.386215,48.098156],[-90.38813,48.098569],[-90.388624,48.098808],[-90.390127,48.100052],[-90.391655,48.100327],[-90.393248,48.100229],[-90.394393,48.100934],[-90.396192,48.101327],[-90.396315,48.101415],[-90.396139,48.101621],[-90.396703,48.102058],[-90.397208,48.10228],[-90.398109,48.102349],[-90.403161,48.105104],[-90.410673,48.105061],[-90.438459,48.098686],[-90.443365,48.100632],[-90.447446,48.103463],[-90.452279,48.105077],[-90.461997,48.106515],[-90.46531,48.108578],[-90.467398,48.108753],[-90.471245,48.105922],[-90.477615,48.105252],[-90.480222,48.102002],[-90.483594,48.100099],[-90.486701,48.09906],[-90.489853,48.099003],[-90.493606,48.101367],[-90.495614,48.099602],[-90.496114,48.098606],[-90.502362,48.099144],[-90.502615,48.099374],[-90.504884,48.099793],[-90.506048,48.099419],[-90.507232,48.099339],[-90.507719,48.09911],[-90.509605,48.097614],[-90.510323,48.097297],[-90.516943,48.099323],[-90.556709,48.095939],[-90.564468,48.098823],[-90.567443,48.101602],[-90.569745,48.106839],[-90.555519,48.116933],[-90.55911,48.121739],[-90.565437,48.122486],[-90.571439,48.121105],[-90.575767,48.120633],[-90.576971,48.121158],[-90.579688,48.123806],[-90.58206,48.123627],[-90.585876,48.121986],[-90.586783,48.120869],[-90.590309,48.119556],[-90.59066,48.11908],[-90.591293,48.117458],[-90.606137,48.115846],[-90.612701,48.113274],[-90.615087,48.112702],[-90.616082,48.112183],[-90.617644,48.112344],[-90.620047,48.111542],[-90.620335,48.111805],[-90.627065,48.111778],[-90.641502,48.103524],[-90.686285,48.100437],[-90.702923,48.096036],[-90.741466,48.094572],[-90.751585,48.090996],[-90.761412,48.098393],[-90.761299,48.099984],[-90.767134,48.110597],[-90.766715,48.114437],[-90.768757,48.116595],[-90.769949,48.116653],[-90.772636,48.117616],[-90.77413,48.118648],[-90.77426,48.120088],[-90.775955,48.122408],[-90.776405,48.124002],[-90.781842,48.12577],[-90.783483,48.126828],[-90.782751,48.127709],[-90.783612,48.127908],[-90.783867,48.128125],[-90.78411,48.128162],[-90.784888,48.127527],[-90.785192,48.127567],[-90.785164,48.127831],[-90.785408,48.127908],[-90.785675,48.127709],[-90.787046,48.127709],[-90.787237,48.128144],[-90.788343,48.128831],[-90.789793,48.130154],[-90.787985,48.132714],[-90.786977,48.133008],[-90.784899,48.133239],[-90.783476,48.132658],[-90.78175,48.135225],[-90.782224,48.135869],[-90.782735,48.136006],[-90.7859,48.135258],[-90.788793,48.136369],[-90.790967,48.135823],[-90.792579,48.135784],[-90.794075,48.135553],[-90.794303,48.135292],[-90.795242,48.135503],[-90.798232,48.136898],[-90.796761,48.139386],[-90.792251,48.141278],[-90.789337,48.143864],[-90.784307,48.146169],[-90.78418,48.146371],[-90.78329,48.14635],[-90.780837,48.145883],[-90.778836,48.147088],[-90.777852,48.148297],[-90.779019,48.150541],[-90.777619,48.156453],[-90.776372,48.160564],[-90.776182,48.161897],[-90.777939,48.163846],[-90.779379,48.164411],[-90.781922,48.164514],[-90.783455,48.163842],[-90.785948,48.161],[-90.790357,48.159958],[-90.793096,48.161408],[-90.793921,48.160936],[-90.794502,48.160069],[-90.795845,48.15923],[-90.796438,48.159216],[-90.79762,48.160657],[-90.797537,48.16153],[-90.798744,48.162236],[-90.799339,48.162228],[-90.800749,48.163186],[-90.801153,48.164089],[-90.801903,48.167717],[-90.801736,48.170724],[-90.802993,48.172558],[-90.804091,48.177827],[-90.809859,48.179696],[-90.812661,48.179483],[-90.817536,48.17941],[-90.8188,48.181187],[-90.819251,48.18266],[-90.821028,48.184689],[-90.824281,48.183659],[-90.825781,48.183583],[-90.825386,48.181538],[-90.823966,48.179616],[-90.823455,48.178078],[-90.824708,48.17685],[-90.826149,48.177083],[-90.83255,48.173516],[-90.83641,48.177036],[-90.834211,48.186547],[-90.834846,48.201807],[-90.836502,48.217924],[-90.836259,48.218801],[-90.836968,48.22019],[-90.837256,48.225075],[-90.837593,48.226547],[-90.839675,48.227662],[-90.839819,48.228276],[-90.839761,48.228821],[-90.839372,48.229165],[-90.83918,48.230522],[-90.838469,48.231615],[-90.837714,48.234743],[-90.839303,48.239568],[-90.843131,48.241212],[-90.843848,48.243702],[-90.847686,48.244538],[-90.866945,48.238229],[-90.875098,48.237848],[-90.88153,48.240521],[-90.885764,48.245962],[-90.906861,48.2375],[-90.915099,48.23076],[-90.917326,48.231053],[-90.918434,48.230733],[-90.926416,48.229802],[-90.976988,48.219564],[-91.004111,48.203034],[-91.002823,48.200742],[-91.012305,48.198468],[-91.015205,48.196191],[-91.019768,48.19412],[-91.020125,48.193036],[-91.021303,48.193146],[-91.022102,48.192842],[-91.02304,48.191898],[-91.023703,48.190439],[-91.031084,48.188831],[-91.031996,48.180226],[-91.031759,48.165116],[-91.031172,48.150629],[-91.031623,48.093059],[-91.031518,48.064092],[-91.024375,48.064045],[-91.023741,48.047319],[-91.024381,48.032739],[-91.024024,48.018109],[-91.024861,47.9893],[-91.025569,47.975357],[-91.026766,47.931893],[-91.026702,47.888305],[-91.020941,47.888038],[-91.021509,47.874908],[-91.021502,47.832513],[-91.022064,47.80389],[-91.022024,47.774673],[-91.02174,47.749912],[-91.021802,47.730191],[-91.021633,47.71576],[-91.021858,47.715756],[-91.022642,47.673847],[-91.022231,47.65976],[-91.022286,47.645243],[-91.022098,47.630798],[-91.022328,47.616248],[-91.022831,47.601854],[-91.022645,47.587421],[-91.022606,47.529822],[-91.022647,47.515406],[-91.023086,47.486313],[-91.022866,47.465068],[-91.020315,47.46672],[-91.016768,47.467894],[-91.014944,47.468833],[-91.012964,47.469475],[-91.012049,47.469499],[-91.011476,47.469748],[-91.009944,47.470834],[-91.010075,47.471135],[-91.009958,47.471833],[-91.009508,47.472307],[-91.007989,47.472904],[-91.00662,47.473205],[-91.005877,47.473551],[-91.005482,47.473542],[-91.005429,47.474157],[-91.005188,47.474399],[-91.003252,47.475722],[-91.001428,47.476639],[-91.000711,47.477404],[-91.00004,47.478927],[-90.999798,47.479152],[-90.996163,47.480716],[-90.993722,47.481545],[-90.993288,47.482063],[-90.992074,47.482302],[-90.990598,47.483311],[-90.987914,47.484157],[-90.986162,47.485199],[-90.984787,47.485549],[-90.981758,47.485572],[-90.980295,47.486103],[-90.980021,47.486312],[-90.980046,47.486592],[-90.981996,47.486105],[-90.982871,47.486135],[-90.983432,47.486573],[-90.983711,47.487149],[-90.983292,47.487656],[-90.982606,47.488091],[-90.978383,47.490435],[-90.977779,47.491189],[-90.97613,47.49178],[-90.976042,47.492066],[-90.976408,47.492197],[-90.976539,47.492466],[-90.975901,47.492857],[-90.974382,47.49363],[-90.973442,47.493643],[-90.972224,47.494491],[-90.970929,47.494725],[-90.968972,47.495421],[-90.968554,47.496026],[-90.967827,47.496368],[-90.967617,47.49661],[-90.967611,47.496896],[-90.966997,47.497282],[-90.967101,47.498484],[-90.966107,47.499085],[-90.96466,47.499643],[-90.964027,47.500394],[-90.962887,47.500914],[-90.962285,47.501413],[-90.961601,47.502463],[-90.960991,47.50287],[-90.959553,47.503318],[-90.958927,47.504059],[-90.95833,47.504355],[-90.95751,47.504511],[-90.95711,47.504307],[-90.956526,47.504625],[-90.95555,47.504667],[-90.955403,47.505645],[-90.955224,47.50588],[-90.952805,47.50663],[-90.952496,47.507286],[-90.951179,47.507895],[-90.949658,47.508407],[-90.948197,47.508355],[-90.946536,47.50881],[-90.945926,47.509394],[-90.945523,47.510363],[-90.94493,47.510762],[-90.944975,47.511121],[-90.944603,47.511785],[-90.94425,47.512071],[-90.943144,47.512312],[-90.942124,47.513312],[-90.938813,47.514594],[-90.936744,47.514885],[-90.934901,47.515959],[-90.933906,47.516361],[-90.931231,47.516962],[-90.930215,47.51737],[-90.929827,47.517884],[-90.928385,47.518513],[-90.92825,47.518918],[-90.92677,47.519536],[-90.92641,47.520109],[-90.925568,47.52092],[-90.924931,47.52103],[-90.924617,47.52142],[-90.924083,47.521725],[-90.923275,47.521457],[-90.923197,47.521663],[-90.923545,47.522015],[-90.921083,47.524339],[-90.917067,47.526694],[-90.914374,47.528571],[-90.913954,47.52876],[-90.91275,47.528844],[-90.910479,47.53023],[-90.910242,47.530191],[-90.910037,47.529876],[-90.909702,47.530212],[-90.909673,47.530645],[-90.908844,47.531332],[-90.908374,47.531489],[-90.908401,47.532387],[-90.907777,47.533087],[-90.906392,47.533312],[-90.906036,47.53379],[-90.905279,47.534299],[-90.90399,47.534764],[-90.903149,47.536172],[-90.902807,47.536316],[-90.902067,47.536244],[-90.90153,47.536661],[-90.901386,47.537101],[-90.90076,47.537576],[-90.899752,47.537735],[-90.898559,47.539349],[-90.897795,47.539356],[-90.896336,47.540147],[-90.895571,47.540241],[-90.895525,47.540519],[-90.894894,47.540582],[-90.894639,47.540797],[-90.894559,47.541241],[-90.89364,47.541754],[-90.893478,47.542188],[-90.893072,47.542542],[-90.892105,47.543036],[-90.891574,47.542874],[-90.890684,47.543489],[-90.890586,47.543615],[-90.89104,47.543894],[-90.890123,47.544691],[-90.88887,47.544873],[-90.887377,47.545872],[-90.886348,47.545907],[-90.885891,47.546427],[-90.884975,47.546578],[-90.883725,47.547559],[-90.883342,47.548073],[-90.882771,47.548388],[-90.877696,47.550263],[-90.87723,47.550648],[-90.87631,47.550755],[-90.875508,47.551526],[-90.874201,47.552148],[-90.873897,47.55291],[-90.87355,47.553272],[-90.873529,47.553562],[-90.872363,47.553193],[-90.871385,47.553634],[-90.870342,47.553699],[-90.868993,47.554404],[-90.86855,47.554813],[-90.86815,47.554791],[-90.867919,47.555336],[-90.868433,47.556505],[-90.868165,47.557203],[-90.86784,47.557487],[-90.866917,47.557845],[-90.862486,47.560291],[-90.86017,47.561169],[-90.858491,47.562053],[-90.857057,47.562519],[-90.854958,47.562699],[-90.8541,47.562982],[-90.853399,47.563416],[-90.853518,47.563825],[-90.853379,47.564098],[-90.851617,47.564066],[-90.849676,47.564453],[-90.848847,47.564974],[-90.848115,47.56506],[-90.847842,47.565445],[-90.847021,47.565782],[-90.846194,47.56652],[-90.844826,47.56731],[-90.843193,47.567824],[-90.84235,47.568261],[-90.841648,47.568749],[-90.841267,47.569345],[-90.840045,47.570433],[-90.839434,47.570696],[-90.83778,47.571913],[-90.835694,47.572761],[-90.834918,47.573445],[-90.834749,47.574149],[-90.834293,47.574711],[-90.832944,47.575269],[-90.829691,47.575943],[-90.829457,47.576169],[-90.829356,47.576679],[-90.826913,47.576929],[-90.825535,47.577458],[-90.824604,47.578135],[-90.823498,47.578439],[-90.823635,47.579198],[-90.823118,47.579829],[-90.822466,47.580277],[-90.820603,47.581073],[-90.819875,47.581174],[-90.81917,47.581497],[-90.818546,47.58158],[-90.817987,47.581905],[-90.816883,47.582163],[-90.816206,47.582789],[-90.815756,47.582969],[-90.815657,47.583382],[-90.813609,47.584644],[-90.812425,47.584973],[-90.812149,47.585352],[-90.811664,47.585627],[-90.809904,47.585831],[-90.809681,47.586072],[-90.809267,47.586136],[-90.809258,47.586982],[-90.808074,47.587079],[-90.807901,47.587473],[-90.807419,47.587339],[-90.805909,47.587678],[-90.803608,47.58901],[-90.802786,47.58983],[-90.799618,47.591289],[-90.798168,47.591484],[-90.797014,47.591955],[-90.796162,47.592916],[-90.795756,47.593641],[-90.79444,47.594256],[-90.790609,47.595492],[-90.790804,47.595665],[-90.791425,47.595654],[-90.791524,47.595806],[-90.791407,47.59589],[-90.788395,47.596716],[-90.788853,47.597116],[-90.788722,47.597761],[-90.788126,47.59851],[-90.786537,47.599683],[-90.78536,47.600864],[-90.782696,47.602504],[-90.781035,47.602971],[-90.781087,47.603443],[-90.780628,47.603738],[-90.779876,47.604024],[-90.77898,47.604062],[-90.778029,47.605346],[-90.777118,47.606045],[-90.774664,47.607046],[-90.772891,47.607206],[-90.772045,47.607941],[-90.771299,47.607948],[-90.770474,47.608442],[-90.76877,47.608713],[-90.766059,47.609543],[-90.764854,47.61007],[-90.76328,47.610509],[-90.760614,47.611676],[-90.759723,47.611725],[-90.759461,47.612093],[-90.758732,47.612389],[-90.758224,47.612944],[-90.757484,47.613041],[-90.756478,47.614109],[-90.7549,47.614773],[-90.752264,47.616735],[-90.751389,47.616995],[-90.75104,47.61731],[-90.750177,47.617438],[-90.749378,47.617914],[-90.748736,47.617961],[-90.748579,47.618282],[-90.747789,47.618658],[-90.743955,47.619851],[-90.743729,47.620294],[-90.742832,47.620693],[-90.742467,47.621049],[-90.741875,47.621209],[-90.74124,47.621692],[-90.739866,47.621799],[-90.739933,47.621983],[-90.739321,47.622257],[-90.738767,47.62278],[-90.736767,47.623729],[-90.735402,47.624829],[-90.734502,47.625045],[-90.734039,47.625604],[-90.73274,47.62623],[-90.728031,47.628091],[-90.727207,47.628196],[-90.726668,47.628538],[-90.723728,47.629134],[-90.722885,47.629142],[-90.722199,47.629561],[-90.719992,47.630113],[-90.719389,47.630075],[-90.718474,47.630687],[-90.715572,47.631744],[-90.715206,47.632162],[-90.712427,47.63336],[-90.711715,47.633807],[-90.710586,47.633958],[-90.710254,47.634459],[-90.709518,47.634605],[-90.709172,47.635115],[-90.707804,47.635804],[-90.706869,47.635864],[-90.704627,47.636696],[-90.703253,47.636567],[-90.703072,47.636812],[-90.702564,47.636851],[-90.701413,47.637709],[-90.700245,47.638044],[-90.698943,47.638788],[-90.696488,47.639435],[-90.693113,47.640925],[-90.69129,47.641317],[-90.688683,47.642557],[-90.687163,47.64307],[-90.684818,47.643536],[-90.680157,47.644122],[-90.67675,47.645109],[-90.674743,47.645311],[-90.67337,47.645851],[-90.671379,47.646111],[-90.671316,47.646453],[-90.670027,47.647235],[-90.669622,47.647267],[-90.668358,47.646885],[-90.6674,47.647454],[-90.66717,47.647905],[-90.666448,47.647806],[-90.665557,47.648045],[-90.664612,47.648081],[-90.663794,47.648545],[-90.662294,47.648898],[-90.660283,47.650159],[-90.659024,47.650329],[-90.658854,47.650662],[-90.658958,47.65098],[-90.658137,47.651202],[-90.658103,47.651683],[-90.657725,47.65203],[-90.657202,47.652121],[-90.656626,47.651984],[-90.656083,47.652521],[-90.655063,47.652685],[-90.653383,47.653443],[-90.653185,47.653801],[-90.652844,47.654],[-90.650732,47.654683],[-90.649812,47.655262],[-90.648033,47.655719],[-90.647195,47.656451],[-90.645309,47.65749],[-90.643371,47.657846],[-90.637577,47.65965],[-90.636563,47.660638],[-90.634436,47.661306],[-90.633454,47.662043],[-90.631238,47.662749],[-90.630694,47.663358],[-90.630039,47.663576],[-90.62942,47.664056],[-90.623989,47.665667],[-90.621546,47.666937],[-90.619201,47.667399],[-90.618864,47.667757],[-90.618117,47.668033],[-90.616548,47.668212],[-90.616125,47.668154],[-90.615943,47.667902],[-90.615519,47.667925],[-90.615402,47.668134],[-90.615619,47.668447],[-90.615276,47.668807],[-90.613875,47.669277],[-90.613007,47.669318],[-90.612586,47.669718],[-90.610759,47.670584],[-90.605455,47.672173],[-90.604933,47.672199],[-90.603963,47.672509],[-90.603662,47.672848],[-90.603,47.672749],[-90.602896,47.672984],[-90.602296,47.673278],[-90.601864,47.673282],[-90.601297,47.673702],[-90.599851,47.674162],[-90.598718,47.674332],[-90.59441,47.676437],[-90.593299,47.676743],[-90.592539,47.677343],[-90.591341,47.677942],[-90.589596,47.678475],[-90.58935,47.678786],[-90.588625,47.678789],[-90.587047,47.679236],[-90.58664,47.67987],[-90.585123,47.68032],[-90.584823,47.680605],[-90.582586,47.681004],[-90.581932,47.681369],[-90.581922,47.681714],[-90.58106,47.681833],[-90.580535,47.68174],[-90.579685,47.682088],[-90.579789,47.682321],[-90.579639,47.682414],[-90.577956,47.682538],[-90.577535,47.682743],[-90.577464,47.683025],[-90.576929,47.683077],[-90.57657,47.683345],[-90.574481,47.683595],[-90.574091,47.683834],[-90.573457,47.683891],[-90.569321,47.685333],[-90.567756,47.68554],[-90.567265,47.686199],[-90.566851,47.686019],[-90.565597,47.686215],[-90.564802,47.686441],[-90.564739,47.686685],[-90.562326,47.687038],[-90.561933,47.687339],[-90.558696,47.687993],[-90.55827,47.68837],[-90.555458,47.688775],[-90.554949,47.68928],[-90.551429,47.690034],[-90.550874,47.690716],[-90.55001,47.691133],[-90.549501,47.691763],[-90.548953,47.692107],[-90.548668,47.692712],[-90.545766,47.695549],[-90.542269,47.699471],[-90.540745,47.699981],[-90.540525,47.700307],[-90.539857,47.700535],[-90.538535,47.701833],[-90.537258,47.702704],[-90.531442,47.704999],[-90.530107,47.705453],[-90.528571,47.70574],[-90.528121,47.706028],[-90.526282,47.706409],[-90.524791,47.706453],[-90.523846,47.706772],[-90.522062,47.706989],[-90.51997,47.707077],[-90.518363,47.707445],[-90.516513,47.707579],[-90.515409,47.707946],[-90.514924,47.707832],[-90.511517,47.708866],[-90.510153,47.709016],[-90.505185,47.710149],[-90.504538,47.710162],[-90.503994,47.710451],[-90.503044,47.710395],[-90.502527,47.710757],[-90.501508,47.711029],[-90.498187,47.71158],[-90.494059,47.713036],[-90.492507,47.713294],[-90.488736,47.714446],[-90.488144,47.71475],[-90.486809,47.715019],[-90.486525,47.715219],[-90.486736,47.715549],[-90.486495,47.715871],[-90.486504,47.716164],[-90.485288,47.71694],[-90.484433,47.716945],[-90.483711,47.716315],[-90.482663,47.717012],[-90.480435,47.717214],[-90.479321,47.717632],[-90.476946,47.718026],[-90.474115,47.718841],[-90.473421,47.719355],[-90.47131,47.719306],[-90.470052,47.719459],[-90.46785,47.719997],[-90.46647,47.720081],[-90.465496,47.72035],[-90.464679,47.720258],[-90.462198,47.720673],[-90.461554,47.720914],[-90.455149,47.721869],[-90.454173,47.722151],[-90.451401,47.722228],[-90.450641,47.722105],[-90.447363,47.722717],[-90.446209,47.723161],[-90.443565,47.723778],[-90.442955,47.724116],[-90.441545,47.72436],[-90.440935,47.724823],[-90.440224,47.725036],[-90.440246,47.725389],[-90.441786,47.726386],[-90.44189,47.727554],[-90.441524,47.728421],[-90.440664,47.729536],[-90.439387,47.730688],[-90.438293,47.731344],[-90.436981,47.731787],[-90.434071,47.731874],[-90.43269,47.732214],[-90.431473,47.732741],[-90.43029,47.732623],[-90.428899,47.732942],[-90.427857,47.732895],[-90.427171,47.733179],[-90.426552,47.733096],[-90.425831,47.733336],[-90.425053,47.733204],[-90.423867,47.733368],[-90.422413,47.734392],[-90.421035,47.734914],[-90.419969,47.734932],[-90.416589,47.73545],[-90.415877,47.73522],[-90.415079,47.735235],[-90.405125,47.73659],[-90.403328,47.736354],[-90.399658,47.737174],[-90.39833,47.737102],[-90.396883,47.737256],[-90.395678,47.737641],[-90.393735,47.737963],[-90.392376,47.73981],[-90.390678,47.740791],[-90.389613,47.740716],[-90.388334,47.740963],[-90.38095,47.741505],[-90.379861,47.741851],[-90.378998,47.741656],[-90.378368,47.741803],[-90.377173,47.741774],[-90.376007,47.741959],[-90.374848,47.742391],[-90.373908,47.742372],[-90.371972,47.74265],[-90.370654,47.742539],[-90.367879,47.742762],[-90.367134,47.742592],[-90.365822,47.743023],[-90.365235,47.742763],[-90.364476,47.742966],[-90.360386,47.743364],[-90.359948,47.743654],[-90.358475,47.743525],[-90.357654,47.743863],[-90.355113,47.743958],[-90.353942,47.744237],[-90.353473,47.744582],[-90.352423,47.74448],[-90.351347,47.744626],[-90.350752,47.745211],[-90.350173,47.745389],[-90.347439,47.745338],[-90.346668,47.745096],[-90.34595,47.744643],[-90.342828,47.744972],[-90.341741,47.744878],[-90.341398,47.744979],[-90.342533,47.745314],[-90.343512,47.745973],[-90.343533,47.746244],[-90.343112,47.747073],[-90.342522,47.747674],[-90.34195,47.747986],[-90.340971,47.748414],[-90.339536,47.748721],[-90.33923,47.749006],[-90.338645,47.749151],[-90.337264,47.749129],[-90.33583,47.748876],[-90.334589,47.74845],[-90.334128,47.748163],[-90.333599,47.74722],[-90.33342,47.746],[-90.333532,47.745572],[-90.335175,47.745548],[-90.336702,47.745034],[-90.336924,47.744771],[-90.335894,47.744974],[-90.335326,47.744778],[-90.334797,47.744803],[-90.333009,47.745051],[-90.33257,47.74529],[-90.331832,47.744988],[-90.331468,47.745122],[-90.330661,47.74491],[-90.329022,47.744985],[-90.328963,47.745204],[-90.329848,47.745787],[-90.332188,47.745619],[-90.332361,47.745778],[-90.332715,47.747092],[-90.331864,47.749347],[-90.330801,47.750471],[-90.329755,47.751072],[-90.328672,47.751522],[-90.327286,47.75158],[-90.326134,47.752415],[-90.323473,47.753603],[-90.322526,47.753541],[-90.321709,47.753277],[-90.320733,47.753446],[-90.319417,47.754557],[-90.318243,47.755226],[-90.316827,47.755443],[-90.315728,47.756011],[-90.313812,47.756618],[-90.311626,47.756949],[-90.310462,47.756898],[-90.309203,47.756246],[-90.308805,47.756326],[-90.3086,47.756663],[-90.308337,47.756772],[-90.307074,47.756671],[-90.306077,47.75642],[-90.305779,47.756219],[-90.305522,47.755749],[-90.305033,47.755669],[-90.304337,47.755967],[-90.302947,47.757305],[-90.301178,47.757396],[-90.299651,47.757913],[-90.295522,47.758859],[-90.2949,47.759132],[-90.293939,47.759989],[-90.293237,47.75977],[-90.290852,47.760581],[-90.288053,47.761891],[-90.284602,47.762827],[-90.28213,47.763232],[-90.279578,47.764255],[-90.278841,47.764308],[-90.276978,47.764021],[-90.275725,47.764217],[-90.27469,47.764706],[-90.271165,47.76552],[-90.270253,47.765896],[-90.269731,47.765856],[-90.269027,47.766168],[-90.266772,47.766601],[-90.260794,47.768776],[-90.260081,47.7694],[-90.257695,47.770479],[-90.252496,47.77195],[-90.246863,47.773029],[-90.243401,47.773392],[-90.239409,47.774379],[-90.231968,47.7759],[-90.229464,47.776234],[-90.222261,47.776628],[-90.220297,47.776959],[-90.217454,47.776882],[-90.215558,47.777109],[-90.213327,47.776996],[-90.211518,47.776587],[-90.207933,47.776234],[-90.204801,47.775795],[-90.203718,47.7755],[-90.200776,47.775186],[-90.199098,47.775382],[-90.198016,47.775682],[-90.195579,47.775858],[-90.193675,47.776327],[-90.188779,47.776438],[-90.187684,47.77686],[-90.187563,47.777135],[-90.18765,47.77749],[-90.188092,47.778053],[-90.187848,47.778532],[-90.18634,47.779629],[-90.184211,47.782439],[-90.181773,47.784437],[-90.178413,47.786539],[-90.175714,47.787553],[-90.170558,47.789103],[-90.168182,47.7902],[-90.165676,47.791651],[-90.163209,47.792329],[-90.159365,47.793195],[-90.155254,47.793383],[-90.147274,47.794659],[-90.138637,47.794747],[-90.136883,47.795046],[-90.129804,47.79572],[-90.121303,47.795399],[-90.119403,47.79476],[-90.117466,47.794366],[-90.117214,47.79443],[-90.117696,47.794618],[-90.117708,47.794819],[-90.11674,47.795571],[-90.114431,47.795675],[-90.111478,47.79695],[-90.108724,47.797097],[-90.105829,47.797995],[-90.104158,47.798229],[-90.103416,47.798196],[-90.103159,47.797868],[-90.102579,47.798124],[-90.102642,47.798625],[-90.102428,47.799028],[-90.100915,47.799936],[-90.099287,47.80027],[-90.09879,47.799937],[-90.098146,47.799903],[-90.097293,47.800339],[-90.095959,47.801353],[-90.092814,47.802202],[-90.090561,47.802247],[-90.088576,47.802749],[-90.086458,47.80291],[-90.082452,47.802561],[-90.082053,47.802339],[-90.079868,47.801943],[-90.080287,47.802392],[-90.080046,47.802851],[-90.080802,47.803542],[-90.080551,47.804684],[-90.08024,47.805139],[-90.07967,47.80566],[-90.078264,47.806426],[-90.076963,47.806726],[-90.076577,47.807848],[-90.075312,47.809341],[-90.072844,47.810827],[-90.071171,47.811462],[-90.066622,47.811797],[-90.063515,47.812301],[-90.062249,47.811969],[-90.061215,47.812267],[-90.059202,47.811807],[-90.058563,47.811807],[-90.057807,47.812207],[-90.055614,47.812776],[-90.054626,47.81326],[-90.052736,47.813415],[-90.051773,47.813853],[-90.051309,47.814502],[-90.050425,47.815221],[-90.047457,47.8165],[-90.045586,47.816664],[-90.043192,47.817267],[-90.042034,47.817333],[-90.040832,47.816716],[-90.039957,47.817298],[-90.039267,47.817179],[-90.03872,47.817381],[-90.037646,47.817369],[-90.037177,47.817218],[-90.036667,47.816753],[-90.035957,47.81689],[-90.034742,47.816669],[-90.034163,47.817171],[-90.033734,47.817205],[-90.033282,47.817009],[-90.032756,47.817548],[-90.032236,47.81763],[-90.027168,47.81731],[-90.026415,47.817555],[-90.025692,47.817385],[-90.02534,47.817645],[-90.024927,47.817711],[-90.02405,47.817268],[-90.023868,47.817358],[-90.023951,47.817642],[-90.023694,47.817873],[-90.022649,47.817773],[-90.02223,47.818162],[-90.021542,47.818323],[-90.022521,47.819334],[-90.022374,47.819753],[-90.021585,47.820243],[-90.020787,47.820449],[-90.02016,47.820352],[-90.019492,47.820562],[-90.018642,47.820318],[-90.018333,47.820735],[-90.018075,47.820828],[-90.016412,47.820565],[-90.015212,47.821193],[-90.01424,47.820865],[-90.013715,47.82126],[-90.013676,47.821843],[-90.013343,47.822162],[-90.01311,47.822276],[-90.012713,47.822075],[-90.012491,47.822139],[-90.012359,47.82236],[-90.01243,47.822677],[-90.012144,47.823011],[-90.010932,47.823237],[-90.010153,47.82301],[-90.00994,47.823243],[-90.007779,47.82338],[-90.006866,47.823679],[-90.005984,47.824484],[-90.004864,47.824738],[-90.003805,47.824544],[-90.003424,47.825106],[-90.002537,47.825488],[-90.001674,47.825597],[-89.999706,47.826473],[-89.997795,47.826506],[-89.993186,47.827368],[-89.988862,47.827822],[-89.985184,47.828761],[-89.983811,47.828858],[-89.983111,47.829165],[-89.981239,47.829463],[-89.979218,47.829484],[-89.977927,47.82996],[-89.976756,47.83],[-89.975748,47.830512],[-89.975007,47.83058],[-89.973867,47.830983],[-89.973771,47.831258],[-89.973385,47.831377],[-89.973522,47.831939],[-89.973296,47.832174],[-89.972714,47.832359],[-89.971873,47.832341],[-89.970854,47.832731],[-89.969805,47.832775],[-89.96885,47.833711],[-89.968787,47.834569],[-89.971527,47.836139],[-89.972504,47.837076],[-89.972503,47.837862],[-89.971324,47.838684],[-89.968828,47.83902],[-89.965731,47.839006],[-89.965086,47.838878],[-89.964953,47.839397],[-89.963727,47.840092],[-89.962112,47.840463],[-89.96032,47.84066],[-89.957981,47.840659],[-89.955989,47.840388],[-89.954766,47.83996],[-89.952361,47.840234],[-89.950899,47.841147],[-89.946298,47.842071],[-89.943037,47.843171],[-89.942666,47.843426],[-89.942107,47.844513],[-89.941535,47.844835],[-89.940816,47.844939],[-89.939483,47.844725],[-89.938954,47.84517],[-89.938122,47.8452],[-89.936679,47.845784],[-89.935485,47.846882],[-89.934477,47.846881],[-89.935393,47.847662],[-89.93663,47.848344],[-89.93756,47.849307],[-89.937845,47.850138],[-89.937139,47.850851],[-89.936099,47.850879],[-89.933893,47.849666],[-89.932528,47.850102],[-89.929333,47.850157],[-89.928091,47.850553],[-89.927823,47.850851],[-89.928261,47.851508],[-89.928609,47.853639],[-89.929323,47.855587],[-89.92975,47.856162],[-89.931113,47.856948],[-89.931319,47.857506],[-89.931211,47.85793],[-89.930962,47.858404],[-89.928882,47.860044],[-89.926872,47.860996],[-89.925132,47.861335],[-89.924944,47.861736],[-89.924255,47.86194],[-89.923159,47.86272],[-89.920209,47.863344],[-89.918393,47.863375],[-89.917883,47.86313],[-89.917257,47.862222],[-89.916502,47.861728],[-89.915446,47.861638],[-89.912712,47.861965],[-89.912171,47.86219],[-89.911668,47.862654],[-89.911684,47.863084],[-89.912145,47.863956],[-89.911532,47.864525],[-89.909155,47.865149],[-89.907137,47.865058],[-89.904421,47.865436],[-89.902426,47.865128],[-89.902041,47.865449],[-89.901872,47.866232],[-89.901646,47.866542],[-89.899862,47.867205],[-89.89936,47.867815],[-89.897391,47.868134],[-89.896436,47.868067],[-89.895888,47.867852],[-89.892551,47.86565],[-89.890076,47.864352],[-89.8895,47.864785],[-89.888882,47.864873],[-89.888722,47.865035],[-89.888625,47.865399],[-89.889014,47.865836],[-89.888692,47.866002],[-89.88899,47.866313],[-89.888639,47.86662],[-89.88726,47.866989],[-89.885689,47.866792],[-89.88425,47.86696],[-89.883119,47.867812],[-89.880297,47.870855],[-89.877344,47.872274],[-89.875805,47.872557],[-89.871951,47.874106],[-89.869117,47.874439],[-89.866047,47.874207],[-89.864209,47.873871],[-89.862019,47.874235],[-89.861086,47.874565],[-89.859494,47.874609],[-89.859238,47.874764],[-89.858958,47.874588],[-89.857446,47.874982],[-89.855831,47.874633],[-89.855159,47.873877],[-89.85435,47.873827],[-89.853242,47.874316],[-89.852509,47.874885],[-89.850224,47.875376],[-89.849011,47.875909],[-89.848582,47.876251],[-89.848273,47.876746],[-89.848287,47.877098],[-89.848632,47.877624],[-89.849435,47.878032],[-89.850053,47.878804],[-89.849893,47.879159],[-89.849318,47.879604],[-89.848137,47.879533],[-89.846803,47.878942],[-89.846449,47.878546],[-89.844894,47.878346],[-89.84465,47.878428],[-89.843945,47.879188],[-89.843197,47.879357],[-89.842791,47.879228],[-89.841969,47.878181],[-89.841295,47.878104],[-89.84088,47.878172],[-89.840468,47.878548],[-89.840344,47.878933],[-89.840514,47.879389],[-89.840419,47.879593],[-89.838894,47.88018],[-89.837716,47.881045],[-89.83754,47.881378],[-89.836284,47.881948],[-89.835291,47.882088],[-89.834323,47.881928],[-89.83366,47.882179],[-89.833168,47.881861],[-89.83241,47.881845],[-89.831534,47.881338],[-89.831223,47.881589],[-89.830698,47.881619],[-89.829567,47.882064],[-89.828411,47.883049],[-89.827644,47.883209],[-89.827337,47.883173],[-89.826892,47.882822],[-89.826592,47.883324],[-89.825506,47.883397],[-89.82482,47.883204],[-89.824544,47.882859],[-89.824094,47.882667],[-89.823194,47.882694],[-89.823398,47.883078],[-89.823354,47.883408],[-89.821985,47.883447],[-89.818914,47.884697],[-89.817579,47.884398],[-89.817558,47.883887],[-89.817421,47.883838],[-89.817001,47.884063],[-89.816318,47.884152],[-89.816265,47.884697],[-89.816537,47.885348],[-89.816253,47.885467],[-89.815961,47.885284],[-89.815492,47.88535],[-89.815596,47.885913],[-89.815338,47.886135],[-89.814689,47.88628],[-89.813431,47.885931],[-89.811579,47.886462],[-89.810256,47.886385],[-89.808905,47.887071],[-89.807685,47.887436],[-89.806087,47.88845],[-89.805151,47.888704],[-89.804916,47.889112],[-89.804453,47.889342],[-89.804175,47.889812],[-89.803556,47.890152],[-89.802575,47.890419],[-89.801074,47.890058],[-89.800821,47.890335],[-89.799816,47.89064],[-89.799509,47.89108],[-89.798204,47.891299],[-89.797918,47.891518],[-89.797407,47.89132],[-89.79668,47.891383],[-89.795772,47.890941],[-89.793757,47.891201],[-89.792687,47.892124],[-89.792277,47.89228],[-89.792267,47.892889],[-89.791836,47.893453],[-89.791233,47.893691],[-89.790194,47.8936],[-89.789327,47.893988],[-89.788953,47.894664],[-89.78889,47.895143],[-89.786227,47.89568],[-89.785438,47.896104],[-89.78475,47.896151],[-89.783268,47.897042],[-89.783121,47.897306],[-89.781811,47.89777],[-89.780627,47.897876],[-89.780339,47.897716],[-89.779464,47.898185],[-89.779071,47.898072],[-89.777552,47.898482],[-89.777468,47.898673],[-89.777711,47.899259],[-89.775631,47.899919],[-89.775355,47.900325],[-89.775404,47.900822],[-89.774848,47.901204],[-89.7744,47.901892],[-89.773897,47.902207],[-89.773222,47.902234],[-89.773337,47.901982],[-89.77275,47.901562],[-89.772603,47.901876],[-89.772707,47.902277],[-89.772381,47.902492],[-89.771363,47.902714],[-89.770034,47.902791],[-89.768616,47.902594],[-89.767774,47.902773],[-89.767226,47.902631],[-89.766944,47.902362],[-89.766409,47.90278],[-89.761991,47.903394],[-89.761783,47.903497],[-89.761676,47.903811],[-89.761359,47.90394],[-89.759617,47.903942],[-89.758737,47.903708],[-89.756792,47.904083],[-89.756665,47.904297],[-89.756757,47.904379],[-89.757212,47.904391],[-89.758409,47.904834],[-89.758491,47.905039],[-89.758175,47.9055],[-89.75887,47.905762],[-89.75909,47.90626],[-89.75886,47.906856],[-89.757388,47.907659],[-89.756321,47.907744],[-89.754103,47.909314],[-89.752418,47.910246],[-89.750789,47.910887],[-89.749724,47.911596],[-89.747473,47.911978],[-89.747397,47.912367],[-89.747727,47.912518],[-89.747699,47.912724],[-89.744416,47.912871],[-89.745898,47.913053],[-89.74494,47.913709],[-89.74486,47.913918],[-89.745041,47.914035],[-89.74476,47.914173],[-89.7448,47.91453],[-89.744509,47.91474],[-89.743155,47.915328],[-89.74253,47.915176],[-89.741746,47.915526],[-89.741122,47.915522],[-89.740392,47.915739],[-89.74006,47.916208],[-89.7391,47.916671],[-89.73784,47.916875],[-89.737462,47.917278],[-89.735893,47.917563],[-89.735877,47.918025],[-89.737383,47.918109],[-89.73806,47.918843],[-89.738002,47.919369],[-89.737401,47.920048],[-89.736833,47.920236],[-89.735683,47.920258],[-89.735448,47.920032],[-89.734587,47.920032],[-89.734449,47.920348],[-89.734171,47.920443],[-89.733835,47.920288],[-89.733259,47.920597],[-89.732953,47.921044],[-89.733111,47.921196],[-89.732916,47.921625],[-89.733143,47.92187],[-89.732815,47.922438],[-89.732054,47.92289],[-89.730209,47.923375],[-89.730238,47.924012],[-89.730412,47.924308],[-89.730018,47.924819],[-89.728599,47.925841],[-89.725903,47.927091],[-89.724782,47.927856],[-89.720849,47.929411],[-89.71617,47.930142],[-89.715336,47.930775],[-89.713559,47.931566],[-89.712946,47.931674],[-89.713279,47.932232],[-89.712911,47.933137],[-89.71296,47.933698],[-89.712607,47.934217],[-89.711916,47.934663],[-89.708049,47.936191],[-89.706547,47.936523],[-89.706553,47.936733],[-89.706974,47.937102],[-89.706085,47.937971],[-89.704381,47.938572],[-89.702341,47.939613],[-89.699498,47.940443],[-89.698179,47.941167],[-89.696919,47.941562],[-89.69263,47.942443],[-89.689237,47.942717],[-89.686671,47.943606],[-89.685239,47.943903],[-89.683336,47.94406],[-89.681335,47.944714],[-89.68115,47.945201],[-89.681778,47.945777],[-89.681815,47.946869],[-89.682445,47.947929],[-89.682334,47.948353],[-89.681851,47.948907],[-89.68192,47.949685],[-89.682634,47.950645],[-89.684101,47.951447],[-89.685642,47.951693],[-89.687343,47.951703],[-89.689388,47.952597],[-89.689813,47.953084],[-89.689974,47.954298],[-89.689787,47.955585],[-89.689122,47.957101],[-89.688139,47.958296],[-89.686247,47.959761],[-89.685452,47.961167],[-89.684425,47.961883],[-89.68316,47.962151],[-89.682139,47.963396],[-89.6793,47.96454],[-89.674778,47.965613],[-89.662901,47.967041],[-89.659271,47.967179],[-89.655688,47.966465],[-89.653942,47.965939],[-89.6531,47.964946],[-89.652563,47.964622],[-89.652162,47.963875],[-89.652296,47.963527],[-89.652097,47.963199],[-89.652454,47.962607],[-89.653033,47.962481],[-89.652538,47.962049],[-89.652605,47.961689],[-89.652969,47.961583],[-89.653057,47.961316],[-89.65231,47.961095],[-89.651863,47.960294],[-89.651197,47.959935],[-89.648784,47.959171],[-89.647632,47.958423],[-89.644269,47.956776],[-89.643546,47.956077],[-89.6428,47.955813],[-89.639632,47.953627],[-89.63924,47.953699],[-89.638939,47.954282],[-89.638432,47.954533],[-89.638457,47.954961],[-89.638787,47.95623],[-89.639319,47.956749],[-89.639462,47.958111],[-89.639959,47.959216],[-89.639889,47.959622],[-89.640364,47.961238],[-89.642876,47.965591],[-89.647468,47.971275],[-89.647948,47.9726],[-89.647722,47.973589],[-89.647916,47.974659],[-89.64819,47.975575],[-89.649431,47.978169],[-89.649391,47.979161],[-89.647626,47.9806],[-89.64686,47.981105],[-89.646261,47.981187],[-89.64181,47.984403],[-89.641498,47.985208],[-89.639823,47.986513],[-89.63661,47.987655],[-89.632956,47.988674],[-89.632298,47.989141],[-89.631407,47.989387],[-89.628877,47.99059],[-89.628314,47.991013],[-89.627323,47.991258],[-89.625963,47.991916],[-89.624617,47.992985],[-89.624443,47.993438],[-89.624578,47.994071],[-89.624174,47.994495],[-89.623649,47.994743],[-89.620282,47.995745],[-89.617114,47.996382],[-89.614405,47.995748],[-89.610953,47.994184],[-89.609658,47.993329],[-89.607762,47.991768],[-89.606315,47.989461],[-89.606297,47.988966],[-89.606762,47.988669],[-89.608152,47.988296],[-89.609293,47.987652],[-89.611633,47.986802],[-89.61216,47.986264],[-89.613076,47.985724],[-89.613993,47.985675],[-89.614985,47.985398],[-89.615706,47.984924],[-89.61434,47.984387],[-89.613031,47.984095],[-89.611304,47.982828],[-89.610786,47.982123],[-89.610782,47.981332],[-89.610311,47.980708],[-89.609589,47.980281],[-89.6097,47.979787],[-89.608296,47.979851],[-89.608238,47.980317],[-89.60796,47.980536],[-89.607217,47.980823],[-89.605741,47.980963],[-89.605,47.98124],[-89.603868,47.981035],[-89.602901,47.98056],[-89.602816,47.980376],[-89.602991,47.979961],[-89.602594,47.979646],[-89.60101,47.97958],[-89.599173,47.980135],[-89.598386,47.980621],[-89.598242,47.981015],[-89.596302,47.981859],[-89.595471,47.981771],[-89.59483,47.981317],[-89.594042,47.981122],[-89.591745,47.981569],[-89.590644,47.98129],[-89.589606,47.980686],[-89.588658,47.98079],[-89.586359,47.981432],[-89.58396,47.981304],[-89.583541,47.982628],[-89.582717,47.983179],[-89.580917,47.983229],[-89.578103,47.984098],[-89.574743,47.984526],[-89.572948,47.985008],[-89.572546,47.98533],[-89.571483,47.985663],[-89.570211,47.985833],[-89.57021,47.986084],[-89.570715,47.986227],[-89.571954,47.986455],[-89.572681,47.986345],[-89.573687,47.986743],[-89.573759,47.98696],[-89.573409,47.987219],[-89.573953,47.987624],[-89.573757,47.988551],[-89.57337,47.989165],[-89.572749,47.989547],[-89.569672,47.989826],[-89.567782,47.99032],[-89.564444,47.989635],[-89.562214,47.989811],[-89.561567,47.990018],[-89.561468,47.990103],[-89.562524,47.990117],[-89.562908,47.990545],[-89.564485,47.990992],[-89.565909,47.990854],[-89.566524,47.990504],[-89.567002,47.990784],[-89.566747,47.99117],[-89.566666,47.991962],[-89.565869,47.99254],[-89.562684,47.993367],[-89.558963,47.993915],[-89.557783,47.993875],[-89.557572,47.993557],[-89.557299,47.99348],[-89.554338,47.994447],[-89.552198,47.994565],[-89.550838,47.99446],[-89.550377,47.994721],[-89.548569,47.994861],[-89.547894,47.994663],[-89.547508,47.99415],[-89.546489,47.993995],[-89.546354,47.993805],[-89.546472,47.993532],[-89.546134,47.993475],[-89.545855,47.993766],[-89.544479,47.994135],[-89.540341,47.994651],[-89.53997,47.994809],[-89.540185,47.995282],[-89.540053,47.995543],[-89.538811,47.995954],[-89.53587,47.996171],[-89.534104,47.996621],[-89.532323,47.996759],[-89.531502,47.996624],[-89.531448,47.996408],[-89.532009,47.996066],[-89.531629,47.996057],[-89.529053,47.996522],[-89.528789,47.996716],[-89.528258,47.996712],[-89.527909,47.996964],[-89.52676,47.996832],[-89.526511,47.997151],[-89.524106,47.997698],[-89.52231,47.997824],[-89.520845,47.998198],[-89.520276,47.998517],[-89.519647,47.998588],[-89.519259,47.998827],[-89.518317,47.998965],[-89.51797,47.999134],[-89.51783,47.999397],[-89.517191,47.999418],[-89.515762,47.999903],[-89.515534,48.000032],[-89.515862,48.000408],[-89.515807,48.00069],[-89.515136,48.001152],[-89.514533,48.001327],[-89.513377,48.001324],[-89.512599,48.000681],[-89.51126,48.000887],[-89.510883,48.001232],[-89.510398,48.00131],[-89.510075,48.001137],[-89.509642,48.001283],[-89.508842,48.001164],[-89.508606,48.001314],[-89.507613,48.001168],[-89.506745,48.001498],[-89.505865,48.001387],[-89.504851,48.001614],[-89.502435,48.001061],[-89.50201,48.001337],[-89.50019,48.001788],[-89.498571,48.001809],[-89.498589,48.002088],[-89.498382,48.00225],[-89.497339,48.002423],[-89.497138,48.002289],[-89.496301,48.00258],[-89.495613,48.002621],[-89.495418,48.002864],[-89.495656,48.003008],[-89.49562,48.003154],[-89.49494,48.003429],[-89.494558,48.003859],[-89.493916,48.004198],[-89.492523,48.004446],[-89.492405,48.004566],[-89.49253,48.004813],[-89.491998,48.005179],[-89.49177,48.005585],[-89.492066,48.005803],[-89.492578,48.005348],[-89.493464,48.00512],[-89.495535,48.005799],[-89.496785,48.005654],[-89.497395,48.006143],[-89.498891,48.006286],[-89.502306,48.006125],[-89.503735,48.005862],[-89.504795,48.00593],[-89.505896,48.005671],[-89.505964,48.005474],[-89.505715,48.00477],[-89.50633,48.004269],[-89.506515,48.00393],[-89.506816,48.003859],[-89.507382,48.004141],[-89.508552,48.004363],[-89.50843,48.004523],[-89.507563,48.00474],[-89.507437,48.005013],[-89.507622,48.005253],[-89.509051,48.005449],[-89.512245,48.005295],[-89.512834,48.004988],[-89.512987,48.004722],[-89.512285,48.003692],[-89.513185,48.002647],[-89.516404,48.001572],[-89.517766,48.001373],[-89.518109,48.001119],[-89.518994,48.00137],[-89.520478,48.001205],[-89.521869,48.001546],[-89.522503,48.001413],[-89.522677,48.001607],[-89.524025,48.001738],[-89.524022,48.001566],[-89.523634,48.001307],[-89.523994,48.000945],[-89.526215,47.99983],[-89.52721,47.999582],[-89.528883,48.000034],[-89.529599,47.99992],[-89.532435,48.000008],[-89.534121,48.00017],[-89.535182,48.000488],[-89.538001,48.000151],[-89.53875,48.000707],[-89.541406,48.000876],[-89.542089,48.001076],[-89.543501,48.00076],[-89.544603,48.001002],[-89.546004,48.001015],[-89.548059,48.000594],[-89.55057,48.000547],[-89.552134,47.999618],[-89.552828,47.999444],[-89.560217,47.999271],[-89.560795,47.999172],[-89.56109,47.998938],[-89.561356,47.999019],[-89.563904,47.998706],[-89.565455,47.998369],[-89.567892,47.999414],[-89.56936,47.998861],[-89.569851,47.999019],[-89.571005,47.99806],[-89.572905,47.997488],[-89.577232,47.997192],[-89.58098,47.995948],[-89.581574,47.996089],[-89.581869,47.996642],[-89.582602,47.996904],[-89.583749,47.99769],[-89.584601,47.998823],[-89.585609,47.999548],[-89.585158,48.001337],[-89.585511,48.001773],[-89.588128,48.002459],[-89.591072,48.002637],[-89.59221,48.003115],[-89.592489,48.003729],[-89.592818,48.004031],[-89.593971,48.004248],[-89.594758,48.00459],[-89.595764,48.004743],[-89.597496,48.004336],[-89.598243,48.005121],[-89.601053,48.00511],[-89.603347,48.006117],[-89.607177,48.006387],[-89.608156,48.00694],[-89.608583,48.007795],[-89.609292,48.008437],[-89.609803,48.009337],[-89.610535,48.00973],[-89.610488,48.010084],[-89.609885,48.01059]]],[[[-89.533094,47.99571],[-89.532721,47.995823],[-89.532763,47.995978],[-89.533396,47.995732],[-89.533094,47.99571]]],[[[-89.535991,47.995036],[-89.535755,47.995581],[-89.535864,47.995724],[-89.536975,47.995357],[-89.536449,47.99499],[-89.535991,47.995036]]],[[[-89.55923,47.989496],[-89.559381,47.989613],[-89.560192,47.989564],[-89.560946,47.989105],[-89.560297,47.988599],[-89.559349,47.988609],[-89.558505,47.989026],[-89.55872,47.989387],[-89.559025,47.98931],[-89.55923,47.989496]]],[[[-89.55769,47.988357],[-89.557388,47.988526],[-89.55741,47.988786],[-89.558188,47.98856],[-89.55769,47.988357]]],[[[-89.614437,47.979538],[-89.613776,47.979673],[-89.61376,47.979859],[-89.613223,47.980266],[-89.613092,47.980677],[-89.614673,47.980393],[-89.615183,47.979695],[-89.614717,47.979488],[-89.614437,47.979538]]],[[[-89.575153,47.980108],[-89.57475,47.980588],[-89.577203,47.979983],[-89.577847,47.979606],[-89.578651,47.979554],[-89.579022,47.979858],[-89.58002,47.97925],[-89.582421,47.97855],[-89.582576,47.978159],[-89.581977,47.977389],[-89.581826,47.97709],[-89.581885,47.976816],[-89.582699,47.975487],[-89.582929,47.974469],[-89.584278,47.972271],[-89.585911,47.971677],[-89.58683,47.970596],[-89.588042,47.969943],[-89.588221,47.969777],[-89.588144,47.969671],[-89.586614,47.969521],[-89.586308,47.969366],[-89.585945,47.969084],[-89.585735,47.96862],[-89.586203,47.968332],[-89.586308,47.967965],[-89.586233,47.967816],[-89.585644,47.967848],[-89.582294,47.968804],[-89.580163,47.969902],[-89.579701,47.970836],[-89.578052,47.971366],[-89.577296,47.971247],[-89.576834,47.970985],[-89.575058,47.971654],[-89.575163,47.972046],[-89.573453,47.973304],[-89.571776,47.973525],[-89.570276,47.973225],[-89.568354,47.973074],[-89.567689,47.973324],[-89.567778,47.973749],[-89.56758,47.974388],[-89.567891,47.97457],[-89.5711,47.973856],[-89.575092,47.973616],[-89.575413,47.973747],[-89.575455,47.973919],[-89.573963,47.974642],[-89.573123,47.975769],[-89.571304,47.976096],[-89.569286,47.97687],[-89.567165,47.97835],[-89.567216,47.978499],[-89.56831,47.978334],[-89.569012,47.97855],[-89.569627,47.978503],[-89.57027,47.978173],[-89.570675,47.978247],[-89.571673,47.978074],[-89.572014,47.97812],[-89.572085,47.978554],[-89.572901,47.978812],[-89.573419,47.978536],[-89.573689,47.978558],[-89.573601,47.978683],[-89.573706,47.978701],[-89.574883,47.978536],[-89.576459,47.97859],[-89.576623,47.978741],[-89.576324,47.979064],[-89.573449,47.9798],[-89.572683,47.980153],[-89.572542,47.980387],[-89.573028,47.980528],[-89.57472,47.980088],[-89.575153,47.980108]]],[[[-89.559629,47.97933],[-89.562774,47.978957],[-89.563542,47.978203],[-89.563707,47.977778],[-89.562996,47.977753],[-89.560994,47.978122],[-89.559502,47.978631],[-89.558869,47.979102],[-89.558992,47.979284],[-89.559629,47.97933]]],[[[-89.587163,47.978532],[-89.587038,47.9788],[-89.587371,47.979026],[-89.592955,47.97804],[-89.591475,47.977639],[-89.589867,47.978173],[-89.5898,47.978034],[-89.590121,47.977574],[-89.588129,47.978294],[-89.587816,47.978155],[-89.587468,47.978258],[-89.587163,47.978532]]],[[[-89.587137,47.974923],[-89.586746,47.975274],[-89.586939,47.975366],[-89.590127,47.974763],[-89.590459,47.974286],[-89.59028,47.974013],[-89.589286,47.973768],[-89.588364,47.974114],[-89.587419,47.974227],[-89.587137,47.974923]]],[[[-89.594919,47.970933],[-89.59286,47.971332],[-89.590641,47.971993],[-89.590153,47.972302],[-89.589322,47.972473],[-89.588501,47.972973],[-89.587915,47.973104],[-89.587705,47.973217],[-89.587586,47.973544],[-89.58781,47.973636],[-89.588536,47.973473],[-89.589693,47.972782],[-89.591225,47.972515],[-89.592294,47.971949],[-89.595677,47.971179],[-89.595499,47.970945],[-89.594919,47.970933]]],[[[-89.552228,47.972439],[-89.552032,47.972852],[-89.552129,47.973068],[-89.55333,47.9733],[-89.555863,47.972876],[-89.556016,47.972781],[-89.556012,47.972451],[-89.556877,47.972116],[-89.558482,47.972213],[-89.560264,47.971402],[-89.561709,47.970293],[-89.561506,47.970059],[-89.561024,47.970225],[-89.560762,47.970027],[-89.562693,47.969406],[-89.56256,47.969243],[-89.562225,47.969275],[-89.559874,47.969791],[-89.559405,47.969485],[-89.557977,47.969803],[-89.554556,47.971094],[-89.554221,47.971521],[-89.552228,47.972439]]],[[[-89.565485,47.971683],[-89.565883,47.971906],[-89.566415,47.971729],[-89.566977,47.970789],[-89.566473,47.970527],[-89.56253,47.971588],[-89.56253,47.971747],[-89.563433,47.971896],[-89.565485,47.971683]]],[[[-89.579342,47.968606],[-89.578751,47.968886],[-89.57863,47.969025],[-89.578729,47.969219],[-89.579687,47.968997],[-89.579957,47.968777],[-89.579798,47.968477],[-89.579342,47.968606]]],[[[-89.587963,47.96709],[-89.586576,47.967624],[-89.586679,47.968088],[-89.589283,47.967824],[-89.591039,47.967271],[-89.592049,47.966719],[-89.591876,47.966568],[-89.5911,47.966543],[-89.587963,47.96709]]],[[[-89.568052,47.967866],[-89.569751,47.967701],[-89.573011,47.966567],[-89.574263,47.966519],[-89.577225,47.966049],[-89.579047,47.965463],[-89.580019,47.96486],[-89.580971,47.964769],[-89.581892,47.964243],[-89.583015,47.964166],[-89.584842,47.963257],[-89.585578,47.96266],[-89.586142,47.961458],[-89.586977,47.960831],[-89.587041,47.960265],[-89.586703,47.959743],[-89.586934,47.959319],[-89.586489,47.958783],[-89.586112,47.958797],[-89.584561,47.95919],[-89.582846,47.959932],[-89.582057,47.960049],[-89.581525,47.960654],[-89.579991,47.961202],[-89.579551,47.961577],[-89.578991,47.961456],[-89.577215,47.961928],[-89.574868,47.963118],[-89.574582,47.963327],[-89.574439,47.963836],[-89.573362,47.963398],[-89.57314,47.963438],[-89.572771,47.963843],[-89.572221,47.9637],[-89.570844,47.963817],[-89.570685,47.964087],[-89.568765,47.964886],[-89.568205,47.965561],[-89.568084,47.966136],[-89.566655,47.966692],[-89.56653,47.96733],[-89.566637,47.967674],[-89.568052,47.967866]]],[[[-89.588666,47.961104],[-89.587957,47.961255],[-89.587384,47.961674],[-89.587207,47.962005],[-89.58786,47.962039],[-89.589362,47.961273],[-89.589269,47.961132],[-89.588666,47.961104]]],[[[-89.58266,47.955938],[-89.582116,47.956049],[-89.581335,47.956551],[-89.582202,47.956523],[-89.583001,47.956],[-89.58294,47.955884],[-89.58266,47.955938]]],[[[-89.657887,47.95023],[-89.657078,47.950468],[-89.655867,47.951343],[-89.654429,47.952047],[-89.654103,47.952361],[-89.654135,47.952607],[-89.654897,47.953408],[-89.656044,47.95413],[-89.658196,47.954902],[-89.659889,47.95517],[-89.660929,47.955636],[-89.661863,47.956432],[-89.66223,47.956408],[-89.663244,47.955253],[-89.665818,47.953779],[-89.665955,47.95339],[-89.665831,47.952847],[-89.664915,47.95216],[-89.662322,47.951434],[-89.660232,47.950212],[-89.658687,47.950059],[-89.657887,47.95023]]],[[[-89.826881,47.881496],[-89.828102,47.881367],[-89.829038,47.880234],[-89.829076,47.879947],[-89.828764,47.879899],[-89.828385,47.880133],[-89.828266,47.880403],[-89.827167,47.881006],[-89.826881,47.881496]]],[[[-89.83936,47.876193],[-89.838987,47.876349],[-89.838104,47.877181],[-89.837947,47.877617],[-89.838221,47.877935],[-89.83926,47.878246],[-89.839463,47.878179],[-89.839663,47.877407],[-89.840042,47.877167],[-89.840149,47.876715],[-89.839955,47.876276],[-89.83936,47.876193]]],[[[-90.913647,47.522366],[-90.911853,47.523803],[-90.910331,47.524737],[-90.909736,47.525406],[-90.90969,47.525862],[-90.910047,47.525779],[-90.910389,47.525007],[-90.911597,47.524245],[-90.913188,47.523749],[-90.914579,47.522485],[-90.916385,47.52161],[-90.919597,47.520416],[-90.920105,47.520039],[-90.920949,47.520493],[-90.921199,47.520301],[-90.920669,47.519795],[-90.921256,47.519232],[-90.921351,47.518884],[-90.920695,47.518712],[-90.920006,47.518801],[-90.918839,47.519785],[-90.918641,47.520237],[-90.918163,47.520112],[-90.917093,47.520908],[-90.914409,47.522293],[-90.913647,47.522366]]]]}},{"type":"Feature","properties":{"name":"Jackson","gnisId":659477,"fipsCode":"063","countyCode":"27063"},"geometry":{"type":"Polygon","coordinates":[[[-94.854448,43.848121],[-94.914652,43.847735],[-95.100517,43.847967],[-95.180602,43.847734],[-95.26089,43.848113],[-95.452506,43.847944],[-95.452121,43.804504],[-95.452112,43.760967],[-95.452794,43.746494],[-95.453093,43.673919],[-95.453303,43.659405],[-95.453861,43.644917],[-95.454361,43.615908],[-95.454563,43.543526],[-95.454366,43.529028],[-95.454539,43.500078],[-95.234754,43.500613],[-95.214921,43.500875],[-95.154934,43.501077],[-95.114755,43.500882],[-94.854543,43.500928],[-94.854604,43.529839],[-94.854808,43.544292],[-94.854578,43.588034],[-94.854608,43.790501],[-94.854448,43.848121]]]}},{"type":"Feature","properties":{"name":"Kanabec","gnisId":659478,"fipsCode":"065","countyCode":"27065"},"geometry":{"type":"Polygon","coordinates":[[[-93.053999,46.158297],[-93.157625,46.158369],[-93.179109,46.158638],[-93.199809,46.158621],[-93.241882,46.158923],[-93.283263,46.159417],[-93.304958,46.158964],[-93.325761,46.158018],[-93.346765,46.157331],[-93.40947,46.154536],[-93.431869,46.154169],[-93.432475,46.096838],[-93.432434,46.068102],[-93.432792,46.053593],[-93.432803,46.010553],[-93.432527,45.981484],[-93.473612,45.982116],[-93.518133,45.981791],[-93.518939,45.965728],[-93.518979,45.951274],[-93.518242,45.922482],[-93.518199,45.874976],[-93.517334,45.850535],[-93.516824,45.821205],[-93.515701,45.793141],[-93.514734,45.778293],[-93.514213,45.763607],[-93.513636,45.734355],[-93.415529,45.731601],[-93.389119,45.730724],[-93.307132,45.730995],[-93.265984,45.730947],[-93.245073,45.730746],[-93.224542,45.730846],[-93.183276,45.730614],[-93.142056,45.730729],[-93.141933,45.749976],[-93.142237,45.802828],[-93.142415,45.904796],[-93.142523,45.933718],[-93.142899,45.962737],[-93.142879,45.981065],[-93.104419,45.981189],[-93.083592,45.981048],[-93.055184,45.981204],[-93.05544,45.999975],[-93.055024,46.085958],[-93.054229,46.124972],[-93.053999,46.158297]]]}},{"type":"Feature","properties":{"name":"Cottonwood","gnisId":659462,"fipsCode":"033","countyCode":"27033"},"geometry":{"type":"Polygon","coordinates":[[[-95.108813,44.195033],[-95.129001,44.195291],[-95.16934,44.195443],[-95.221316,44.195155],[-95.241483,44.19536],[-95.26149,44.195229],[-95.422238,44.19596],[-95.462542,44.195976],[-95.46262,44.181468],[-95.462393,44.137865],[-95.462522,44.123319],[-95.46221,44.079781],[-95.46226,44.036478],[-95.462433,44.021982],[-95.462316,43.978501],[-95.462529,43.876797],[-95.462458,43.847934],[-95.26089,43.848113],[-95.180602,43.847734],[-95.100517,43.847967],[-94.914652,43.847735],[-94.879382,43.847882],[-94.85938,43.848148],[-94.859218,43.891338],[-94.859307,43.920312],[-94.859078,43.934412],[-94.859268,43.948998],[-94.859115,44.03571],[-94.859337,44.093568],[-94.859853,44.108017],[-94.899739,44.107823],[-94.980202,44.1078],[-95.100295,44.108076],[-95.100847,44.151489],[-95.101027,44.195017],[-95.108813,44.195033]]]}},{"type":"Feature","properties":{"name":"Crow Wing","gnisId":659463,"fipsCode":"035","countyCode":"27035"},"geometry":{"type":"Polygon","coordinates":[[[-93.775995,46.802859],[-93.902672,46.803445],[-93.987789,46.803658],[-94.008879,46.803662],[-94.0299,46.803137],[-94.092646,46.80323],[-94.125262,46.803817],[-94.154441,46.804663],[-94.342606,46.805368],[-94.343332,46.791249],[-94.343592,46.776498],[-94.343571,46.761974],[-94.343875,46.747405],[-94.344457,46.732876],[-94.345732,46.718352],[-94.345632,46.704027],[-94.346013,46.689558],[-94.345948,46.674998],[-94.345459,46.660551],[-94.345402,46.631336],[-94.330995,46.631341],[-94.330889,46.6253],[-94.331134,46.617502],[-94.330711,46.588014],[-94.330112,46.573301],[-94.33006,46.558886],[-94.329787,46.544124],[-94.329153,46.528972],[-94.32978,46.514123],[-94.328358,46.437082],[-94.328313,46.427361],[-94.32781,46.419146],[-94.328052,46.412771],[-94.328287,46.374988],[-94.327421,46.340111],[-94.327248,46.325903],[-94.327293,46.289666],[-94.328297,46.288852],[-94.328968,46.288012],[-94.329247,46.287316],[-94.329596,46.285062],[-94.330161,46.283042],[-94.331629,46.281077],[-94.331924,46.280045],[-94.332234,46.279696],[-94.333453,46.279485],[-94.335356,46.280137],[-94.335683,46.28073],[-94.335975,46.282711],[-94.336356,46.28368],[-94.33757,46.284636],[-94.338816,46.28491],[-94.339333,46.284851],[-94.340233,46.284063],[-94.341902,46.281649],[-94.342513,46.279018],[-94.341928,46.27797],[-94.341523,46.277656],[-94.33906,46.276574],[-94.33856,46.276249],[-94.337922,46.275437],[-94.337712,46.274933],[-94.337753,46.274239],[-94.338596,46.271876],[-94.339585,46.270312],[-94.340049,46.269822],[-94.340999,46.26925],[-94.343055,46.268818],[-94.346448,46.268534],[-94.348785,46.267951],[-94.351254,46.266841],[-94.354653,46.264315],[-94.355078,46.263797],[-94.355538,46.262789],[-94.35488,46.261509],[-94.354296,46.261028],[-94.353445,46.259503],[-94.353355,46.25867],[-94.354102,46.25663],[-94.354794,46.25552],[-94.355502,46.254763],[-94.357232,46.254013],[-94.35999,46.25371],[-94.363431,46.252066],[-94.366382,46.249194],[-94.369018,46.246981],[-94.370242,46.245287],[-94.371123,46.244434],[-94.372555,46.243459],[-94.374902,46.242191],[-94.37971,46.240482],[-94.381217,46.240327],[-94.383351,46.240433],[-94.384495,46.240257],[-94.386354,46.239617],[-94.387729,46.238858],[-94.388693,46.238035],[-94.389516,46.236515],[-94.38957,46.23552],[-94.38907,46.234396],[-94.388977,46.233743],[-94.389011,46.233083],[-94.389267,46.232643],[-94.390193,46.23199],[-94.3933,46.230547],[-94.394081,46.229665],[-94.394344,46.229114],[-94.394519,46.22835],[-94.39466,46.224872],[-94.395017,46.221678],[-94.394941,46.217811],[-94.395823,46.213395],[-94.395708,46.211193],[-94.395239,46.210058],[-94.393464,46.207726],[-94.392033,46.206699],[-94.389241,46.205218],[-94.387623,46.203599],[-94.387149,46.202778],[-94.386543,46.200424],[-94.386487,46.198556],[-94.386244,46.197964],[-94.385271,46.196847],[-94.380703,46.194695],[-94.379593,46.194022],[-94.374258,46.189502],[-94.374029,46.189272],[-94.373733,46.18818],[-94.372592,46.186409],[-94.370732,46.184293],[-94.367175,46.181149],[-94.365767,46.17951],[-94.365567,46.178879],[-94.36566,46.17822],[-94.366483,46.177026],[-94.37081,46.175298],[-94.371775,46.174214],[-94.371986,46.173451],[-94.372138,46.169881],[-94.371935,46.168338],[-94.370978,46.164886],[-94.370935,46.164073],[-94.371687,46.162787],[-94.374706,46.159046],[-94.37494,46.158491],[-94.374587,46.157138],[-94.334934,46.157029],[-94.270925,46.157422],[-94.229699,46.157021],[-94.188472,46.156973],[-94.145433,46.155973],[-94.103818,46.156028],[-94.083173,46.156357],[-93.936602,46.156567],[-93.892887,46.156813],[-93.851656,46.156527],[-93.810264,46.15656],[-93.810448,46.185244],[-93.810317,46.199452],[-93.810856,46.243161],[-93.796327,46.243123],[-93.797126,46.247029],[-93.797592,46.24779],[-93.798316,46.248348],[-93.799176,46.248679],[-93.800053,46.248664],[-93.801658,46.248219],[-93.803826,46.247205],[-93.805209,46.247368],[-93.806905,46.247901],[-93.808312,46.248634],[-93.808754,46.248994],[-93.809378,46.250192],[-93.810762,46.251064],[-93.810147,46.31606],[-93.81064,46.37498],[-93.810299,46.388485],[-93.810253,46.417248],[-93.811269,46.475571],[-93.812055,46.495807],[-93.812217,46.504399],[-93.81124,46.518918],[-93.810831,46.533312],[-93.81153,46.584327],[-93.805785,46.584769],[-93.798876,46.585554],[-93.797003,46.585957],[-93.793103,46.587341],[-93.790827,46.587901],[-93.785713,46.589811],[-93.785127,46.589847],[-93.7841,46.589424],[-93.778027,46.589406],[-93.778464,46.658406],[-93.776999,46.745051],[-93.777534,46.749973],[-93.776454,46.783098],[-93.775995,46.802859]]]}},{"type":"Feature","properties":{"name":"Dakota","gnisId":659464,"fipsCode":"037","countyCode":"27037"},"geometry":{"type":"Polygon","coordinates":[[[-93.019669,44.890757],[-93.020748,44.892795],[-93.024594,44.894461],[-93.030907,44.896709],[-93.036508,44.900034],[-93.040013,44.902724],[-93.041658,44.905104],[-93.044762,44.911031],[-93.044455,44.915151],[-93.047254,44.91951],[-93.090918,44.919676],[-93.090942,44.923272],[-93.09604,44.923295],[-93.096,44.919687],[-93.128828,44.919661],[-93.131673,44.916483],[-93.131984,44.915675],[-93.13258,44.912442],[-93.134494,44.908877],[-93.135741,44.9073],[-93.13773,44.905511],[-93.14923,44.897252],[-93.152271,44.894104],[-93.153402,44.893257],[-93.15659,44.891931],[-93.163174,44.890786],[-93.165038,44.890198],[-93.1701,44.887849],[-93.172322,44.887529],[-93.17468,44.88751],[-93.175956,44.887635],[-93.177941,44.888287],[-93.17896,44.888353],[-93.181246,44.887895],[-93.183084,44.887061],[-93.183442,44.886446],[-93.183319,44.885787],[-93.182218,44.884564],[-93.180142,44.88317],[-93.179112,44.882185],[-93.178524,44.881212],[-93.178546,44.880674],[-93.178776,44.880161],[-93.179945,44.878974],[-93.181517,44.877953],[-93.182923,44.877354],[-93.186225,44.876354],[-93.188216,44.874667],[-93.189831,44.872084],[-93.191535,44.870389],[-93.193186,44.869296],[-93.198304,44.866629],[-93.200757,44.864873],[-93.197887,44.86192],[-93.197294,44.860104],[-93.198313,44.858153],[-93.20326,44.852636],[-93.205807,44.847991],[-93.207768,44.843618],[-93.209336,44.841758],[-93.211439,44.839848],[-93.215351,44.838987],[-93.220195,44.839035],[-93.221799,44.83826],[-93.222078,44.836235],[-93.219401,44.832042],[-93.220537,44.831046],[-93.227473,44.829079],[-93.230904,44.827473],[-93.234932,44.824604],[-93.239362,44.820194],[-93.248753,44.81478],[-93.251208,44.811994],[-93.251884,44.81147],[-93.268446,44.807636],[-93.27247,44.806869],[-93.280826,44.806348],[-93.281782,44.806117],[-93.282848,44.805639],[-93.283753,44.804932],[-93.284127,44.804466],[-93.28531,44.802059],[-93.286396,44.801347],[-93.288759,44.800463],[-93.294113,44.799015],[-93.298187,44.797418],[-93.304537,44.794509],[-93.314129,44.792466],[-93.320257,44.792838],[-93.325822,44.792767],[-93.327606,44.792304],[-93.329617,44.791233],[-93.329681,44.775792],[-93.328718,44.775792],[-93.328711,44.746425],[-93.328486,44.717558],[-93.318349,44.717548],[-93.318339,44.674133],[-93.318738,44.630577],[-93.278179,44.630759],[-93.277951,44.616269],[-93.277973,44.60039],[-93.278533,44.551187],[-93.278483,44.54396],[-93.28153,44.543964],[-93.281694,44.471952],[-93.231372,44.471538],[-93.140872,44.471244],[-93.079981,44.471814],[-93.039471,44.471965],[-93.039316,44.49364],[-93.039124,44.50088],[-93.03922,44.515357],[-93.03779,44.514728],[-93.036286,44.514659],[-93.034855,44.514384],[-93.033023,44.514431],[-93.030554,44.515404],[-93.029378,44.515417],[-93.026858,44.516227],[-93.024888,44.5174],[-93.024348,44.517373],[-93.023213,44.516192],[-93.018074,44.515122],[-93.01612,44.515166],[-93.009687,44.516236],[-93.00748,44.516282],[-93.005552,44.515796],[-93.003365,44.515866],[-93.00145,44.516343],[-92.999737,44.516267],[-92.997555,44.517162],[-92.984936,44.51883],[-92.981964,44.518654],[-92.979588,44.518129],[-92.976406,44.517055],[-92.973231,44.514698],[-92.96451,44.514621],[-92.962333,44.515794],[-92.959405,44.515396],[-92.956872,44.514558],[-92.956247,44.513527],[-92.955165,44.510882],[-92.956279,44.509302],[-92.956378,44.508564],[-92.95485,44.507033],[-92.952709,44.506986],[-92.951387,44.507709],[-92.948452,44.510899],[-92.946541,44.512576],[-92.945182,44.512797],[-92.939273,44.511473],[-92.937189,44.511497],[-92.935942,44.511686],[-92.933318,44.51243],[-92.925488,44.51517],[-92.924776,44.515527],[-92.922357,44.518638],[-92.920911,44.520162],[-92.920014,44.520741],[-92.919048,44.520917],[-92.919002,44.543256],[-92.79269,44.543244],[-92.792799,44.550404],[-92.792474,44.571788],[-92.792608,44.629722],[-92.752311,44.629455],[-92.732076,44.629486],[-92.73237,44.636635],[-92.732412,44.643733],[-92.731919,44.65821],[-92.732602,44.672696],[-92.732083,44.694475],[-92.732077,44.714342],[-92.736523,44.71641],[-92.739192,44.718036],[-92.749738,44.72173],[-92.751997,44.722152],[-92.755704,44.723238],[-92.761802,44.726262],[-92.77198,44.732075],[-92.792367,44.739359],[-92.803423,44.746527],[-92.805153,44.746627],[-92.813401,44.747712],[-92.824911,44.750402],[-92.826742,44.750612],[-92.828615,44.750517],[-92.830325,44.750101],[-92.831812,44.749505],[-92.835319,44.747691],[-92.836474,44.747394],[-92.845949,44.747179],[-92.850164,44.746668],[-92.851737,44.746778],[-92.854032,44.74725],[-92.855358,44.748157],[-92.857418,44.751428],[-92.858857,44.753034],[-92.860333,44.754168],[-92.861626,44.754532],[-92.862065,44.75482],[-92.862532,44.75601],[-92.863293,44.757036],[-92.865183,44.759003],[-92.867361,44.760918],[-92.868844,44.763237],[-92.869921,44.764489],[-92.871002,44.766113],[-92.872401,44.767591],[-92.873668,44.769327],[-92.875901,44.771734],[-92.878603,44.773951],[-92.881498,44.774926],[-92.88311,44.775164],[-92.885794,44.775155],[-92.89326,44.774201],[-92.897087,44.773945],[-92.903517,44.773955],[-92.906292,44.774214],[-92.915183,44.775719],[-92.918414,44.777036],[-92.923642,44.779825],[-92.925196,44.780482],[-92.928084,44.781116],[-92.930924,44.781141],[-92.932668,44.780793],[-92.934593,44.780009],[-92.936214,44.779017],[-92.937955,44.777669],[-92.939037,44.77659],[-92.9397,44.775634],[-92.940429,44.773306],[-92.941085,44.77214],[-92.942217,44.770955],[-92.944261,44.769428],[-92.946885,44.768313],[-92.949997,44.767415],[-92.956359,44.766954],[-92.958547,44.767107],[-92.960826,44.767535],[-92.978936,44.773406],[-92.983786,44.774727],[-92.988312,44.775299],[-92.992914,44.77518],[-92.99446,44.774812],[-92.999239,44.773109],[-93.003071,44.772066],[-93.004643,44.771955],[-93.006369,44.772061],[-93.00825,44.772441],[-93.012472,44.773717],[-93.014201,44.774479],[-93.016853,44.776359],[-93.018701,44.77865],[-93.01928,44.779714],[-93.020212,44.782377],[-93.020869,44.783578],[-93.021968,44.787559],[-93.022024,44.789394],[-93.02234,44.791615],[-93.022138,44.793223],[-93.021639,44.794414],[-93.020947,44.795419],[-93.013349,44.804563],[-93.006405,44.812496],[-93.005403,44.814406],[-93.00508,44.816432],[-93.005509,44.818594],[-93.008634,44.825311],[-93.009834,44.828585],[-93.011612,44.833877],[-93.01191,44.83658],[-93.009827,44.851204],[-93.008594,44.856531],[-93.009365,44.862625],[-93.010418,44.865864],[-93.012681,44.86825],[-93.01374,44.870632],[-93.015172,44.878441],[-93.017277,44.885586],[-93.018186,44.887934],[-93.019669,44.890757]]]}},{"type":"Feature","properties":{"name":"Dodge","gnisId":659465,"fipsCode":"039","countyCode":"27039"},"geometry":{"type":"Polygon","coordinates":[[[-92.678772,44.195564],[-92.751396,44.195948],[-92.799308,44.196467],[-92.811484,44.196768],[-92.852069,44.196928],[-92.960513,44.196985],[-93.045927,44.196712],[-93.045974,44.182427],[-93.045674,44.138798],[-93.04584,44.124984],[-93.045643,44.080988],[-93.045913,44.037287],[-93.045874,44.008249],[-93.045638,43.950149],[-93.045379,43.935641],[-93.045324,43.892074],[-93.045572,43.848405],[-92.985379,43.84839],[-92.879245,43.848804],[-92.678531,43.848503],[-92.678295,43.877558],[-92.678449,43.920836],[-92.678049,43.964211],[-92.678159,43.978654],[-92.677991,43.999985],[-92.678307,44.122739],[-92.678606,44.151443],[-92.678772,44.195564]]]}},{"type":"Feature","properties":{"name":"Douglas","gnisId":659466,"fipsCode":"041","countyCode":"27041"},"geometry":{"type":"Polygon","coordinates":[[[-95.145887,46.10677],[-95.166821,46.107018],[-95.230044,46.107153],[-95.334098,46.107783],[-95.365742,46.107679],[-95.396599,46.108001],[-95.480118,46.108267],[-95.645375,46.107428],[-95.769784,46.107497],[-95.769748,46.020611],[-95.769868,45.999974],[-95.769544,45.962603],[-95.769583,45.933673],[-95.758809,45.933678],[-95.758451,45.803459],[-95.758532,45.759897],[-95.696444,45.759815],[-95.509994,45.758954],[-95.418073,45.759852],[-95.385716,45.758923],[-95.222759,45.758748],[-95.139684,45.758949],[-95.139917,45.802491],[-95.140176,45.816911],[-95.140245,45.860477],[-95.140084,45.874975],[-95.138824,45.918525],[-95.138841,45.932887],[-95.146319,45.932881],[-95.146694,45.983541],[-95.146432,45.990853],[-95.146713,46.005297],[-95.146488,46.034377],[-95.14616,46.048759],[-95.146129,46.092276],[-95.145887,46.10677]]]}},{"type":"Feature","properties":{"name":"Lyon","gnisId":659487,"fipsCode":"083","countyCode":"27083"},"geometry":{"type":"Polygon","coordinates":[[[-95.594836,44.542391],[-95.604209,44.542594],[-95.604209,44.60084],[-95.604031,44.629989],[-95.644861,44.630623],[-95.685939,44.63008],[-95.808733,44.63073],[-95.875336,44.630853],[-95.951763,44.630752],[-96.000339,44.630401],[-96.012355,44.630177],[-96.092917,44.630522],[-96.093071,44.61597],[-96.093576,44.601458],[-96.093125,44.586906],[-96.093115,44.543783],[-96.080408,44.543616],[-96.080043,44.503017],[-96.079945,44.459168],[-96.079404,44.429982],[-96.079383,44.371545],[-96.079158,44.342352],[-96.079282,44.283955],[-96.078521,44.196673],[-96.043994,44.196324],[-96.003271,44.196586],[-95.9835,44.196391],[-95.916643,44.196265],[-95.876157,44.196351],[-95.754818,44.196132],[-95.703316,44.195775],[-95.642858,44.19505],[-95.593537,44.195591],[-95.593341,44.282966],[-95.59416,44.384865],[-95.593827,44.428489],[-95.594642,44.501089],[-95.594612,44.51574],[-95.594352,44.530175],[-95.594836,44.542391]]]}},{"type":"Feature","properties":{"name":"Mahnomen","gnisId":659488,"fipsCode":"087","countyCode":"27087"},"geometry":{"type":"Polygon","coordinates":[[[-95.55128,47.151519],[-95.550896,47.165889],[-95.5515,47.19498],[-95.551396,47.209517],[-95.551938,47.223943],[-95.551577,47.238368],[-95.551482,47.26768],[-95.551107,47.282044],[-95.551452,47.339831],[-95.550735,47.368832],[-95.550843,47.383252],[-95.550397,47.425525],[-95.550449,47.439974],[-95.550851,47.454491],[-95.55094,47.469348],[-95.551459,47.500075],[-95.594378,47.499865],[-95.625325,47.499503],[-95.703448,47.49967],[-95.721198,47.499416],[-95.724753,47.499519],[-95.83187,47.499433],[-95.939092,47.4991],[-96.067712,47.499237],[-96.06739,47.470602],[-96.067477,47.426956],[-96.066904,47.368743],[-96.066808,47.339648],[-96.066873,47.310778],[-96.067198,47.282023],[-96.067017,47.249984],[-96.066568,47.238739],[-96.066806,47.151837],[-96.039337,47.151887],[-96.000353,47.151598],[-95.933142,47.151462],[-95.910696,47.151146],[-95.86842,47.150223],[-95.826008,47.150197],[-95.762998,47.150542],[-95.721228,47.150542],[-95.700068,47.150387],[-95.6789,47.150688],[-95.636483,47.150978],[-95.614837,47.151455],[-95.572471,47.15132],[-95.55128,47.151519]]]}},{"type":"Feature","properties":{"name":"Marshall","gnisId":659489,"fipsCode":"089","countyCode":"27089"},"geometry":{"type":"Polygon","coordinates":[[[-95.60248,48.538895],[-95.611642,48.539099],[-95.623329,48.539054],[-95.644761,48.539318],[-95.710272,48.539501],[-95.750297,48.540256],[-95.775815,48.540539],[-95.797643,48.540491],[-95.819296,48.540234],[-95.841172,48.540535],[-95.862257,48.54146],[-95.875305,48.541834],[-95.927032,48.542122],[-95.949961,48.542426],[-96.000311,48.543527],[-96.059262,48.543779],[-96.081343,48.54356],[-96.235923,48.54514],[-96.366962,48.544136],[-96.388199,48.544235],[-96.431772,48.543727],[-96.497298,48.543374],[-96.540047,48.543394],[-96.62535,48.543806],[-96.67013,48.543623],[-96.824125,48.543505],[-96.846038,48.543292],[-96.91125,48.54316],[-96.976947,48.544],[-97.041705,48.544242],[-97.107144,48.543933],[-97.16333,48.543867],[-97.162161,48.542734],[-97.159847,48.541243],[-97.157041,48.540369],[-97.152167,48.539755],[-97.146998,48.538411],[-97.143916,48.537114],[-97.142584,48.536185],[-97.141523,48.535003],[-97.141315,48.533828],[-97.141796,48.532822],[-97.142824,48.532005],[-97.144178,48.531539],[-97.148415,48.531464],[-97.151162,48.531197],[-97.152614,48.530631],[-97.154117,48.529171],[-97.154816,48.527642],[-97.155125,48.525943],[-97.154846,48.523204],[-97.154117,48.521866],[-97.153088,48.520827],[-97.149953,48.51907],[-97.148121,48.51867],[-97.146681,48.518658],[-97.144771,48.518939],[-97.142742,48.519682],[-97.138949,48.521529],[-97.136737,48.522251],[-97.134366,48.522846],[-97.132115,48.522949],[-97.130342,48.522701],[-97.128957,48.522271],[-97.127992,48.521648],[-97.127017,48.520751],[-97.126886,48.519922],[-97.127167,48.518834],[-97.128136,48.517853],[-97.129304,48.516855],[-97.135536,48.512694],[-97.137418,48.512061],[-97.140277,48.511601],[-97.142595,48.511659],[-97.148732,48.512363],[-97.149733,48.51231],[-97.150352,48.512094],[-97.150588,48.511642],[-97.149604,48.508719],[-97.150136,48.503906],[-97.149735,48.501453],[-97.149158,48.500587],[-97.147343,48.498827],[-97.145509,48.497682],[-97.144275,48.497209],[-97.138804,48.495991],[-97.13452,48.493978],[-97.132376,48.492236],[-97.131714,48.491415],[-97.131309,48.490204],[-97.131367,48.489336],[-97.131529,48.489061],[-97.132542,48.488156],[-97.133553,48.487757],[-97.134582,48.487599],[-97.136078,48.487922],[-97.136882,48.488342],[-97.137539,48.48897],[-97.139184,48.491094],[-97.140259,48.492159],[-97.141169,48.492458],[-97.142232,48.492459],[-97.142963,48.492071],[-97.143166,48.491807],[-97.143202,48.491251],[-97.142534,48.49041],[-97.140224,48.488608],[-97.139548,48.487815],[-97.139186,48.487081],[-97.13914,48.486565],[-97.139384,48.485433],[-97.140135,48.484662],[-97.141899,48.483694],[-97.144325,48.483069],[-97.149282,48.482494],[-97.151603,48.482072],[-97.155615,48.481748],[-97.158733,48.48107],[-97.160424,48.480382],[-97.161382,48.479714],[-97.162117,48.47903],[-97.162502,48.477991],[-97.162446,48.477387],[-97.162146,48.47682],[-97.161411,48.476107],[-97.159738,48.475373],[-97.158053,48.475046],[-97.155891,48.474858],[-97.151787,48.474974],[-97.149178,48.475347],[-97.142245,48.477045],[-97.139776,48.477483],[-97.13572,48.477505],[-97.133996,48.477402],[-97.131097,48.476805],[-97.129664,48.476114],[-97.128869,48.47545],[-97.128315,48.474741],[-97.127983,48.47359],[-97.128067,48.472964],[-97.128415,48.472243],[-97.129052,48.471587],[-97.130218,48.471144],[-97.131998,48.471131],[-97.133064,48.471346],[-97.134661,48.471971],[-97.137064,48.473267],[-97.139381,48.474186],[-97.139968,48.474386],[-97.142304,48.474668],[-97.14456,48.47445],[-97.145193,48.4742],[-97.146495,48.473404],[-97.147279,48.472632],[-97.147774,48.471801],[-97.148098,48.470455],[-97.148004,48.469488],[-97.147593,48.468455],[-97.145719,48.465794],[-97.143093,48.463636],[-97.142289,48.4632],[-97.141397,48.462963],[-97.139442,48.462811],[-97.136906,48.463052],[-97.13434,48.463628],[-97.131934,48.463649],[-97.130297,48.463245],[-97.129294,48.462496],[-97.128841,48.461647],[-97.128581,48.460353],[-97.12917,48.456458],[-97.129123,48.454208],[-97.129787,48.452976],[-97.131346,48.45146],[-97.134915,48.448969],[-97.136734,48.44793],[-97.140139,48.446505],[-97.146537,48.444535],[-97.148121,48.443842],[-97.149771,48.442518],[-97.15032,48.441303],[-97.15042,48.440594],[-97.15018,48.439684],[-97.149472,48.438946],[-97.148743,48.438548],[-97.146926,48.438029],[-97.144256,48.437908],[-97.141795,48.438116],[-97.140669,48.438472],[-97.139244,48.439307],[-97.135411,48.442457],[-97.134076,48.443236],[-97.132631,48.443775],[-97.131216,48.443989],[-97.129057,48.44391],[-97.127347,48.443423],[-97.12588,48.442518],[-97.124542,48.441286],[-97.123885,48.440246],[-97.123357,48.438641],[-97.123183,48.437589],[-97.123606,48.435796],[-97.124522,48.433412],[-97.125127,48.432678],[-97.12637,48.43174],[-97.127937,48.431031],[-97.130143,48.430879],[-97.131288,48.430973],[-97.133047,48.43146],[-97.137967,48.433329],[-97.13993,48.433661],[-97.141528,48.43366],[-97.143148,48.433373],[-97.144853,48.432499],[-97.145626,48.431606],[-97.145661,48.430925],[-97.145321,48.429939],[-97.144163,48.428577],[-97.143027,48.427758],[-97.140958,48.426789],[-97.140091,48.426529],[-97.135698,48.42618],[-97.133618,48.425782],[-97.127453,48.42354],[-97.124203,48.421589],[-97.122724,48.420288],[-97.122064,48.419167],[-97.122144,48.418079],[-97.122535,48.417319],[-97.123821,48.416415],[-97.124862,48.416155],[-97.126148,48.416211],[-97.127229,48.416514],[-97.130705,48.419301],[-97.133473,48.420941],[-97.135453,48.421377],[-97.138997,48.421626],[-97.142477,48.421277],[-97.148188,48.420051],[-97.151447,48.41911],[-97.15389,48.417985],[-97.154714,48.417284],[-97.155087,48.416668],[-97.155261,48.415932],[-97.15515,48.414779],[-97.154797,48.414001],[-97.154513,48.413624],[-97.153436,48.413019],[-97.151828,48.412696],[-97.150197,48.412648],[-97.148528,48.412864],[-97.146824,48.413733],[-97.146025,48.414532],[-97.144346,48.417092],[-97.143039,48.418157],[-97.141643,48.418602],[-97.139824,48.418394],[-97.139291,48.418024],[-97.138765,48.417307],[-97.138476,48.416447],[-97.138219,48.414515],[-97.137656,48.413344],[-97.136784,48.412583],[-97.132929,48.410755],[-97.131742,48.409722],[-97.131175,48.409],[-97.130846,48.408233],[-97.130824,48.407596],[-97.131063,48.406804],[-97.131763,48.406],[-97.132597,48.405393],[-97.134744,48.404369],[-97.137099,48.403585],[-97.140327,48.401963],[-97.14164,48.400728],[-97.142419,48.399605],[-97.143373,48.398706],[-97.144877,48.397569],[-97.145974,48.39706],[-97.147099,48.396742],[-97.148349,48.396627],[-97.154721,48.396787],[-97.158329,48.39625],[-97.159667,48.395854],[-97.162098,48.394532],[-97.162985,48.393518],[-97.163255,48.392633],[-97.163087,48.392079],[-97.162677,48.391658],[-97.161726,48.391141],[-97.159922,48.390995],[-97.157956,48.391069],[-97.157139,48.390936],[-97.156437,48.39062],[-97.156169,48.390193],[-97.156156,48.38971],[-97.157478,48.387865],[-97.157755,48.386772],[-97.157184,48.385567],[-97.156032,48.384775],[-97.149574,48.381718],[-97.147809,48.381275],[-97.145224,48.381215],[-97.142427,48.38211],[-97.139739,48.383241],[-97.137176,48.383658],[-97.135644,48.383521],[-97.13453,48.383153],[-97.133776,48.382618],[-97.133325,48.381999],[-97.133435,48.381444],[-97.133679,48.381114],[-97.134439,48.380556],[-97.135349,48.380245],[-97.139614,48.379706],[-97.140605,48.379164],[-97.141223,48.378421],[-97.141266,48.3778],[-97.140796,48.376863],[-97.139755,48.375599],[-97.137732,48.373628],[-97.137276,48.372951],[-97.13744,48.371755],[-97.138342,48.370852],[-97.139299,48.370382],[-97.14148,48.370053],[-97.144176,48.370191],[-97.148867,48.370806],[-97.151284,48.370937],[-97.15223,48.370885],[-97.153655,48.370493],[-97.155001,48.369557],[-97.155623,48.368598],[-97.156013,48.36675],[-97.155931,48.36524],[-97.155559,48.364251],[-97.154434,48.363166],[-97.152407,48.362126],[-97.150488,48.361424],[-97.14875,48.36058],[-97.147423,48.359754],[-97.146369,48.358846],[-97.14499,48.35718],[-97.144508,48.35534],[-97.14415,48.354747],[-97.143464,48.35407],[-97.14216,48.353595],[-97.138194,48.352981],[-97.1368,48.352473],[-97.135892,48.351719],[-97.13565,48.350961],[-97.136457,48.349602],[-97.137002,48.34912],[-97.139923,48.347338],[-97.140636,48.346429],[-97.140803,48.345946],[-97.140748,48.345502],[-97.139849,48.344312],[-97.138902,48.343867],[-97.13758,48.343584],[-97.13246,48.34367],[-97.12934,48.34313],[-97.127496,48.342319],[-97.126418,48.341399],[-97.125889,48.340586],[-97.125698,48.339636],[-97.125853,48.338539],[-97.126381,48.33702],[-97.128077,48.334126],[-97.129278,48.33262],[-97.131289,48.331736],[-97.13263,48.331442],[-97.1373,48.330905],[-97.139284,48.330268],[-97.140166,48.32982],[-97.141355,48.328983],[-97.142069,48.327783],[-97.142312,48.32707],[-97.142135,48.326383],[-97.14181,48.325894],[-97.140969,48.325329],[-97.139046,48.32513],[-97.137828,48.325528],[-97.135681,48.327098],[-97.134866,48.32743],[-97.133212,48.327898],[-97.130935,48.328085],[-97.12226,48.327226],[-97.120105,48.326785],[-97.117313,48.325599],[-97.116463,48.324805],[-97.115825,48.323675],[-97.115822,48.322863],[-97.116279,48.32216],[-97.117853,48.321153],[-97.119232,48.320706],[-97.125369,48.319399],[-97.127765,48.319169],[-97.131262,48.319436],[-97.131978,48.319328],[-97.133197,48.318744],[-97.134132,48.317813],[-97.135292,48.314929],[-97.137294,48.3127],[-97.137809,48.311812],[-97.138111,48.310781],[-97.137903,48.309941],[-97.137193,48.309264],[-97.136153,48.308784],[-97.13544,48.308607],[-97.134273,48.308626],[-97.13285,48.309072],[-97.130385,48.310521],[-97.128326,48.311372],[-97.126262,48.311668],[-97.124427,48.31124],[-97.123439,48.310676],[-97.122573,48.30992],[-97.122126,48.309219],[-97.122116,48.30873],[-97.122704,48.308021],[-97.12537,48.306507],[-97.126409,48.305642],[-97.126752,48.304688],[-97.126667,48.303903],[-97.126423,48.303463],[-97.12537,48.302533],[-97.12424,48.301976],[-97.120711,48.30111],[-97.115584,48.299176],[-97.113112,48.297517],[-97.112542,48.296646],[-97.112374,48.295713],[-97.112503,48.295142],[-97.112936,48.294625],[-97.114092,48.294014],[-97.116662,48.293664],[-97.118248,48.293875],[-97.119278,48.294159],[-97.12075,48.294946],[-97.123456,48.297603],[-97.124767,48.298533],[-97.12588,48.298742],[-97.127638,48.298664],[-97.128362,48.298479],[-97.129754,48.297753],[-97.133572,48.29397],[-97.137531,48.291087],[-97.138162,48.290123],[-97.138296,48.289607],[-97.138226,48.28902],[-97.137652,48.287695],[-97.136395,48.287111],[-97.135333,48.286976],[-97.133862,48.287253],[-97.132981,48.287695],[-97.129622,48.290425],[-97.127941,48.291288],[-97.125813,48.291618],[-97.124457,48.291355],[-97.123592,48.290962],[-97.12243,48.290108],[-97.121729,48.289302],[-97.118158,48.284161],[-97.116783,48.28138],[-97.11654,48.280201],[-97.116579,48.279559],[-97.116936,48.278652],[-97.117516,48.277921],[-97.118155,48.277415],[-97.119474,48.276804],[-97.120738,48.276533],[-97.123794,48.276785],[-97.124984,48.276569],[-97.125505,48.276189],[-97.125654,48.275887],[-97.125617,48.275399],[-97.124074,48.273102],[-97.123674,48.271868],[-97.123894,48.27128],[-97.124392,48.270763],[-97.125371,48.270146],[-97.127706,48.269663],[-97.130464,48.269571],[-97.135824,48.270792],[-97.139031,48.271003],[-97.140665,48.270902],[-97.142284,48.270484],[-97.143889,48.269763],[-97.144499,48.269331],[-97.145139,48.268098],[-97.145038,48.267142],[-97.14447,48.266197],[-97.143335,48.265542],[-97.141653,48.265186],[-97.137925,48.265665],[-97.135676,48.265775],[-97.133692,48.265452],[-97.13225,48.26502],[-97.126603,48.264288],[-97.124921,48.263814],[-97.123793,48.263168],[-97.123223,48.262362],[-97.123088,48.261402],[-97.123462,48.260556],[-97.124403,48.259978],[-97.129256,48.25987],[-97.130079,48.259482],[-97.130651,48.258721],[-97.130655,48.257969],[-97.130266,48.257244],[-97.125055,48.253193],[-97.124609,48.252365],[-97.124408,48.251515],[-97.124658,48.250637],[-97.125197,48.249986],[-97.126654,48.249421],[-97.127792,48.249331],[-97.129109,48.249369],[-97.132178,48.249861],[-97.133353,48.249889],[-97.134854,48.249617],[-97.139524,48.247326],[-97.142351,48.246837],[-97.144855,48.245904],[-97.14601,48.245159],[-97.146854,48.244187],[-97.147136,48.242947],[-97.146785,48.241925],[-97.145908,48.241315],[-97.144774,48.241045],[-97.143485,48.240966],[-97.140671,48.241309],[-97.138882,48.241347],[-97.136198,48.24074],[-97.134755,48.240113],[-97.133976,48.23947],[-97.133634,48.238591],[-97.133964,48.237817],[-97.134729,48.237225],[-97.13578,48.23682],[-97.141075,48.236512],[-97.14266,48.236096],[-97.143663,48.235543],[-97.144412,48.234577],[-97.144529,48.233501],[-97.144252,48.232365],[-97.143155,48.231447],[-97.142187,48.230864],[-97.139481,48.23012],[-97.13729,48.229792],[-97.130231,48.229418],[-97.125372,48.22853],[-97.123225,48.227757],[-97.121892,48.22695],[-97.121175,48.226332],[-97.120793,48.225598],[-97.120739,48.224961],[-97.120922,48.224149],[-97.121295,48.223654],[-97.122257,48.223119],[-97.124373,48.222981],[-97.125743,48.223331],[-97.129897,48.225619],[-97.132161,48.226434],[-97.133617,48.226811],[-97.135647,48.226998],[-97.138351,48.22667],[-97.146392,48.224259],[-97.148021,48.223639],[-97.15005,48.222619],[-97.151324,48.221638],[-97.152303,48.220442],[-97.15242,48.219402],[-97.151858,48.218655],[-97.150806,48.218129],[-97.149679,48.218013],[-97.148747,48.218153],[-97.147857,48.218519],[-97.145024,48.220885],[-97.143775,48.221488],[-97.142464,48.221827],[-97.140197,48.221951],[-97.139015,48.221901],[-97.136989,48.221339],[-97.132997,48.219698],[-97.125373,48.217516],[-97.123001,48.216379],[-97.121398,48.215413],[-97.119063,48.212951],[-97.118209,48.211527],[-97.117898,48.210305],[-97.117884,48.20952],[-97.118409,48.208536],[-97.11918,48.207785],[-97.120053,48.207357],[-97.121255,48.207172],[-97.122557,48.207223],[-97.123771,48.207538],[-97.125054,48.208346],[-97.125958,48.209435],[-97.126325,48.210155],[-97.127172,48.212923],[-97.127858,48.214175],[-97.129838,48.216165],[-97.131445,48.216996],[-97.132855,48.217464],[-97.134233,48.217707],[-97.136563,48.217676],[-97.137928,48.217398],[-97.138687,48.217],[-97.139553,48.216158],[-97.139678,48.215269],[-97.139467,48.214363],[-97.13833,48.212803],[-97.137185,48.21195],[-97.136216,48.211582],[-97.132509,48.211155],[-97.13027,48.210565],[-97.129386,48.209785],[-97.129019,48.209038],[-97.129103,48.208379],[-97.129711,48.207787],[-97.130623,48.207321],[-97.132553,48.206866],[-97.136056,48.206443],[-97.13846,48.205951],[-97.140387,48.204954],[-97.141024,48.204213],[-97.141272,48.20334],[-97.141093,48.202637],[-97.140733,48.20211],[-97.137143,48.199551],[-97.135797,48.198052],[-97.1356,48.197404],[-97.136457,48.196088],[-97.137516,48.195617],[-97.139994,48.194923],[-97.140947,48.194265],[-97.1414,48.193579],[-97.141747,48.192509],[-97.142413,48.19157],[-97.144483,48.18975],[-97.14767,48.187764],[-97.149518,48.186059],[-97.150069,48.185044],[-97.150039,48.183951],[-97.149647,48.183182],[-97.148869,48.182567],[-97.147788,48.182116],[-97.146837,48.18201],[-97.141546,48.182867],[-97.139194,48.182602],[-97.137392,48.181546],[-97.136771,48.180699],[-97.136355,48.17965],[-97.135998,48.177182],[-97.13628,48.176291],[-97.137045,48.175413],[-97.137714,48.175027],[-97.13876,48.174728],[-97.143713,48.174398],[-97.145329,48.174048],[-97.146888,48.173124],[-97.107191,48.173379],[-96.977396,48.17307],[-96.912292,48.173454],[-96.847304,48.173299],[-96.825519,48.173455],[-96.695875,48.173461],[-96.652426,48.173776],[-96.625359,48.173633],[-96.587369,48.173749],[-96.565546,48.174002],[-96.544294,48.173761],[-96.522388,48.173831],[-96.500835,48.174109],[-96.500355,48.173985],[-96.479091,48.173952],[-96.468097,48.174059],[-96.43532,48.174887],[-96.390641,48.174846],[-96.380027,48.174546],[-96.368288,48.175016],[-96.347466,48.174265],[-96.303578,48.174695],[-96.282369,48.174629],[-96.261199,48.174915],[-96.239694,48.172679],[-96.217759,48.172172],[-96.182701,48.172012],[-96.182756,48.172123],[-96.173568,48.173612],[-96.151735,48.173511],[-96.125334,48.172674],[-96.108498,48.171822],[-96.04683,48.172112],[-95.981719,48.171602],[-95.960892,48.171812],[-95.87532,48.171898],[-95.830636,48.172134],[-95.74441,48.172645],[-95.722636,48.173033],[-95.6804,48.172861],[-95.637775,48.173007],[-95.59394,48.172944],[-95.59403,48.180215],[-95.593756,48.194551],[-95.594099,48.249975],[-95.593375,48.295955],[-95.593162,48.339539],[-95.59339,48.353948],[-95.593389,48.365438],[-95.601693,48.365428],[-95.602159,48.374976],[-95.602155,48.380671],[-95.602819,48.394191],[-95.602935,48.408764],[-95.602314,48.438451],[-95.601708,48.452902],[-95.601935,48.459497],[-95.601095,48.481758],[-95.600752,48.495519],[-95.600726,48.510013],[-95.601196,48.524425],[-95.601131,48.53193],[-95.60248,48.538895]]]}},{"type":"Feature","properties":{"name":"Faribault","gnisId":659467,"fipsCode":"043","countyCode":"27043"},"geometry":{"type":"Polygon","coordinates":[[[-93.767682,43.84793],[-93.948333,43.848204],[-94.247261,43.847896],[-94.247524,43.818514],[-94.247559,43.775022],[-94.247683,43.760439],[-94.248045,43.746096],[-94.248113,43.68813],[-94.247871,43.659243],[-94.248068,43.558053],[-94.247979,43.500155],[-94.128131,43.50008],[-94.108053,43.500236],[-93.868493,43.499693],[-93.648627,43.499703],[-93.648467,43.528543],[-93.648561,43.615463],[-93.648424,43.629949],[-93.648563,43.70247],[-93.648307,43.767922],[-93.648345,43.804197],[-93.648027,43.848041],[-93.707644,43.847864],[-93.767682,43.84793]]]}},{"type":"Feature","properties":{"name":"Fillmore","gnisId":659468,"fipsCode":"045","countyCode":"27045"},"geometry":{"type":"Polygon","coordinates":[[[-92.07933,43.847226],[-92.21871,43.847158],[-92.2486,43.847697],[-92.298573,43.848079],[-92.448904,43.848345],[-92.44905,43.834166],[-92.448974,43.761427],[-92.449546,43.703502],[-92.449703,43.659917],[-92.44939,43.601899],[-92.449451,43.558428],[-92.449059,43.500426],[-92.349341,43.500637],[-92.129307,43.500637],[-92.069516,43.500819],[-91.96972,43.500612],[-91.909733,43.500758],[-91.730518,43.500745],[-91.730709,43.673551],[-91.730368,43.731165],[-91.73043,43.846909],[-91.790122,43.847067],[-91.859273,43.846976],[-92.07933,43.847226]]]}},{"type":"Feature","properties":{"name":"Freeborn","gnisId":659469,"fipsCode":"047","countyCode":"27047"},"geometry":{"type":"Polygon","coordinates":[[[-93.049598,43.848426],[-93.449052,43.847992],[-93.5272,43.848142],[-93.648027,43.848041],[-93.648345,43.804197],[-93.648307,43.767922],[-93.648563,43.70247],[-93.648424,43.629949],[-93.648561,43.615463],[-93.648467,43.528543],[-93.648627,43.499703],[-93.309027,43.499445],[-93.250234,43.499493],[-93.229093,43.499662],[-93.049426,43.499709],[-93.049287,43.5578],[-93.049475,43.630149],[-93.049233,43.688324],[-93.049499,43.746484],[-93.049598,43.848426]]]}},{"type":"Feature","properties":{"name":"Goodhue","gnisId":659470,"fipsCode":"049","countyCode":"27049"},"geometry":{"type":"Polygon","coordinates":[[[-92.242077,44.454233],[-92.244331,44.456248],[-92.248558,44.459092],[-92.250207,44.459935],[-92.258926,44.463457],[-92.262884,44.46535],[-92.26676,44.467467],[-92.276434,44.473384],[-92.280625,44.476357],[-92.285421,44.480296],[-92.291249,44.485753],[-92.293188,44.487846],[-92.296786,44.492217],[-92.298852,44.49503],[-92.302549,44.500593],[-92.30283,44.501471],[-92.303055,44.50356],[-92.303009,44.509505],[-92.302699,44.511801],[-92.302638,44.516115],[-92.302888,44.517832],[-92.303504,44.519625],[-92.308422,44.524797],[-92.310275,44.527284],[-92.311662,44.529736],[-92.313878,44.537339],[-92.315439,44.540075],[-92.319892,44.544845],[-92.32144,44.546146],[-92.325002,44.548421],[-92.327283,44.549673],[-92.331825,44.552012],[-92.338571,44.554777],[-92.347057,44.557024],[-92.358809,44.558718],[-92.364449,44.55911],[-92.369776,44.559169],[-92.379132,44.558576],[-92.387597,44.557761],[-92.39177,44.557758],[-92.398093,44.558112],[-92.404223,44.558872],[-92.410535,44.560002],[-92.416557,44.560721],[-92.418749,44.561282],[-92.420956,44.562113],[-92.425982,44.564606],[-92.427367,44.565083],[-92.431564,44.565819],[-92.433287,44.565589],[-92.436949,44.564076],[-92.439599,44.563164],[-92.440823,44.562914],[-92.44615,44.562654],[-92.452293,44.561981],[-92.455014,44.561892],[-92.456181,44.56195],[-92.459226,44.562539],[-92.463007,44.563606],[-92.470253,44.565111],[-92.474737,44.566394],[-92.478666,44.567776],[-92.480923,44.568196],[-92.482648,44.568375],[-92.484134,44.568227],[-92.485839,44.567842],[-92.489287,44.566428],[-92.492122,44.565936],[-92.492732,44.565998],[-92.496852,44.566775],[-92.502155,44.568516],[-92.508437,44.570225],[-92.512224,44.571675],[-92.515964,44.57402],[-92.518666,44.575105],[-92.519973,44.575299],[-92.522341,44.574953],[-92.525005,44.574277],[-92.527584,44.573414],[-92.533808,44.57046],[-92.537634,44.568455],[-92.540827,44.567235],[-92.542844,44.566871],[-92.545375,44.567005],[-92.547552,44.567632],[-92.549553,44.568668],[-92.551457,44.571057],[-92.551247,44.57336],[-92.549566,44.576789],[-92.549318,44.579119],[-92.549691,44.581079],[-92.550118,44.581906],[-92.551676,44.583667],[-92.555918,44.587766],[-92.557316,44.589388],[-92.559848,44.593795],[-92.566242,44.600503],[-92.567663,44.602309],[-92.570503,44.603948],[-92.572951,44.604582],[-92.577104,44.604999],[-92.57902,44.603678],[-92.581202,44.601188],[-92.582202,44.60054],[-92.583608,44.599918],[-92.584998,44.599842],[-92.585858,44.599962],[-92.58732,44.600366],[-92.588503,44.60125],[-92.589053,44.6025],[-92.589241,44.603718],[-92.58978,44.604759],[-92.590464,44.605557],[-92.590438,44.60588],[-92.595065,44.607746],[-92.599832,44.611288],[-92.601313,44.612],[-92.602891,44.612403],[-92.604773,44.612542],[-92.610993,44.611853],[-92.614654,44.611716],[-92.615969,44.611998],[-92.617636,44.612706],[-92.619133,44.613445],[-92.621482,44.614921],[-92.622196,44.615735],[-92.623038,44.617724],[-92.623282,44.619324],[-92.623275,44.62048],[-92.622862,44.622421],[-92.622311,44.624072],[-92.620359,44.628753],[-92.620177,44.629683],[-92.620163,44.634604],[-92.6206,44.635863],[-92.622468,44.639474],[-92.628427,44.645874],[-92.632142,44.649237],[-92.639101,44.652204],[-92.641318,44.652384],[-92.643554,44.65308],[-92.647521,44.655023],[-92.656334,44.658288],[-92.660129,44.660201],[-92.66455,44.663165],[-92.666752,44.665586],[-92.667665,44.666385],[-92.67328,44.670486],[-92.678225,44.674571],[-92.685426,44.681935],[-92.688521,44.684396],[-92.691929,44.687404],[-92.700521,44.692216],[-92.701498,44.693332],[-92.703357,44.694907],[-92.708958,44.699015],[-92.711819,44.700849],[-92.718679,44.704315],[-92.721374,44.706566],[-92.727746,44.710603],[-92.730099,44.712373],[-92.732077,44.714342],[-92.732083,44.694475],[-92.732602,44.672696],[-92.731919,44.65821],[-92.732412,44.643733],[-92.73237,44.636635],[-92.732076,44.629486],[-92.752311,44.629455],[-92.792608,44.629722],[-92.792474,44.571788],[-92.792799,44.550404],[-92.79269,44.543244],[-92.919002,44.543256],[-92.919048,44.520917],[-92.920014,44.520741],[-92.920911,44.520162],[-92.922357,44.518638],[-92.924776,44.515527],[-92.925488,44.51517],[-92.933318,44.51243],[-92.935942,44.511686],[-92.937189,44.511497],[-92.939273,44.511473],[-92.945182,44.512797],[-92.946541,44.512576],[-92.948452,44.510899],[-92.951387,44.507709],[-92.952709,44.506986],[-92.95485,44.507033],[-92.956378,44.508564],[-92.956279,44.509302],[-92.955165,44.510882],[-92.956247,44.513527],[-92.956872,44.514558],[-92.959405,44.515396],[-92.962333,44.515794],[-92.96451,44.514621],[-92.973231,44.514698],[-92.976406,44.517055],[-92.979588,44.518129],[-92.981964,44.518654],[-92.984936,44.51883],[-92.997555,44.517162],[-92.999737,44.516267],[-93.00145,44.516343],[-93.003365,44.515866],[-93.005552,44.515796],[-93.00748,44.516282],[-93.009687,44.516236],[-93.01612,44.515166],[-93.018074,44.515122],[-93.023213,44.516192],[-93.024348,44.517373],[-93.024888,44.5174],[-93.026858,44.516227],[-93.029378,44.515417],[-93.030554,44.515404],[-93.033023,44.514431],[-93.034855,44.514384],[-93.036286,44.514659],[-93.03779,44.514728],[-93.03922,44.515357],[-93.039124,44.50088],[-93.039316,44.49364],[-93.039452,44.457495],[-93.039989,44.414191],[-93.039957,44.399798],[-93.040258,44.374985],[-93.040594,44.298272],[-93.040914,44.254748],[-93.041156,44.240234],[-93.041213,44.196716],[-92.960513,44.196985],[-92.852069,44.196928],[-92.811484,44.196768],[-92.799308,44.196467],[-92.73928,44.195856],[-92.651218,44.195537],[-92.550909,44.194887],[-92.550768,44.368521],[-92.500216,44.368273],[-92.430588,44.368291],[-92.430303,44.455413],[-92.309388,44.454775],[-92.242077,44.454233]]]}},{"type":"Feature","properties":{"name":"Grant","gnisId":659471,"fipsCode":"051","countyCode":"27051"},"geometry":{"type":"Polygon","coordinates":[[[-95.769784,46.107497],[-95.915449,46.108385],[-96.060206,46.108488],[-96.141891,46.108376],[-96.224796,46.108666],[-96.265451,46.108649],[-96.265423,46.094139],[-96.265738,46.065146],[-96.266132,46.050649],[-96.266027,46.035834],[-96.266503,45.992653],[-96.266245,45.934658],[-96.254209,45.93468],[-96.253979,45.912471],[-96.254139,45.905214],[-96.254219,45.874967],[-96.253883,45.846939],[-96.254224,45.817884],[-96.25402,45.759862],[-96.00036,45.75948],[-95.758532,45.759897],[-95.758451,45.803459],[-95.758809,45.933678],[-95.769583,45.933673],[-95.769544,45.962603],[-95.769868,45.999974],[-95.769748,46.020611],[-95.769784,46.107497]]]}},{"type":"Feature","properties":{"name":"Hennepin","gnisId":659472,"fipsCode":"053","countyCode":"27053"},"geometry":{"type":"Polygon","coordinates":[[[-93.512703,45.245357],[-93.515209,45.245879],[-93.518759,45.245729],[-93.520868,45.246041],[-93.521463,45.245866],[-93.521921,45.245383],[-93.522191,45.244798],[-93.522215,45.244139],[-93.521977,45.243524],[-93.521479,45.242984],[-93.520178,45.242378],[-93.517614,45.242242],[-93.516499,45.241855],[-93.515023,45.240622],[-93.514739,45.240017],[-93.514758,45.239339],[-93.515067,45.238767],[-93.515697,45.23843],[-93.519272,45.238559],[-93.520001,45.238323],[-93.52049,45.237826],[-93.520986,45.237013],[-93.521436,45.235658],[-93.521537,45.234594],[-93.521416,45.233383],[-93.521612,45.23286],[-93.522183,45.232384],[-93.524542,45.231392],[-93.525682,45.230622],[-93.526293,45.229874],[-93.52645,45.228726],[-93.525507,45.227118],[-93.525366,45.226262],[-93.525486,45.225404],[-93.527224,45.223173],[-93.528361,45.222538],[-93.529612,45.222391],[-93.531062,45.222775],[-93.531647,45.223202],[-93.533226,45.225101],[-93.533594,45.225838],[-93.533736,45.227431],[-93.534543,45.228539],[-93.534024,45.230412],[-93.534371,45.231032],[-93.534954,45.231252],[-93.536224,45.231375],[-93.539619,45.231092],[-93.540554,45.231423],[-93.541436,45.232233],[-93.542617,45.23239],[-93.543247,45.232147],[-93.543719,45.23114],[-93.544987,45.229948],[-93.545774,45.228744],[-93.546935,45.227748],[-93.547553,45.22689],[-93.548145,45.226672],[-93.549433,45.226535],[-93.554065,45.227119],[-93.555446,45.226556],[-93.556428,45.225314],[-93.557351,45.2251],[-93.558789,45.225797],[-93.559977,45.227056],[-93.560721,45.227148],[-93.561204,45.226612],[-93.561151,45.22563],[-93.561391,45.224656],[-93.562334,45.223353],[-93.563685,45.222447],[-93.565673,45.221722],[-93.566699,45.221173],[-93.567547,45.220489],[-93.56857,45.219304],[-93.569665,45.218731],[-93.570781,45.218543],[-93.574432,45.21867],[-93.576277,45.218448],[-93.580116,45.217153],[-93.58332,45.216516],[-93.585421,45.215222],[-93.587494,45.214782],[-93.588839,45.214975],[-93.589851,45.215628],[-93.590476,45.21688],[-93.590413,45.218109],[-93.590564,45.218321],[-93.592021,45.218589],[-93.593786,45.218],[-93.594089,45.217625],[-93.59362,45.216512],[-93.594142,45.214846],[-93.592797,45.21216],[-93.59279,45.21081],[-93.593114,45.209812],[-93.593537,45.209279],[-93.595329,45.208533],[-93.596383,45.207731],[-93.597022,45.20748],[-93.600496,45.207687],[-93.601389,45.208049],[-93.601839,45.208705],[-93.601729,45.209839],[-93.601996,45.210612],[-93.603005,45.211504],[-93.603946,45.212922],[-93.604379,45.213166],[-93.604696,45.213047],[-93.604952,45.212495],[-93.605386,45.212256],[-93.606945,45.212372],[-93.607823,45.212072],[-93.60816,45.211756],[-93.608346,45.21095],[-93.608816,45.21021],[-93.611277,45.208302],[-93.611902,45.208383],[-93.612324,45.20882],[-93.612373,45.209542],[-93.611758,45.210306],[-93.611701,45.210779],[-93.612139,45.211341],[-93.612794,45.211515],[-93.614037,45.21132],[-93.614956,45.210406],[-93.615726,45.209888],[-93.616641,45.209507],[-93.618051,45.209196],[-93.619828,45.209153],[-93.623272,45.209713],[-93.624545,45.209738],[-93.625174,45.209588],[-93.626097,45.208779],[-93.626276,45.208413],[-93.626269,45.20791],[-93.625892,45.207352],[-93.623126,45.20535],[-93.622992,45.204739],[-93.623173,45.203953],[-93.623749,45.203244],[-93.624871,45.202647],[-93.626394,45.202399],[-93.628295,45.202352],[-93.63092,45.202768],[-93.631863,45.203651],[-93.63333,45.205716],[-93.63389,45.207206],[-93.634161,45.208696],[-93.634541,45.209266],[-93.634999,45.209612],[-93.63602,45.20997],[-93.637567,45.210071],[-93.638619,45.209847],[-93.639655,45.209286],[-93.641692,45.207608],[-93.64222,45.206412],[-93.642427,45.205187],[-93.64273,45.204762],[-93.643474,45.204322],[-93.645018,45.203993],[-93.645887,45.203272],[-93.646049,45.202512],[-93.645428,45.201547],[-93.64545,45.200777],[-93.647475,45.199358],[-93.648456,45.19899],[-93.649933,45.19879],[-93.652821,45.198936],[-93.655258,45.198404],[-93.656541,45.197453],[-93.65733,45.196494],[-93.65844,45.194401],[-93.658736,45.192969],[-93.658449,45.191569],[-93.657358,45.189705],[-93.655314,45.187494],[-93.652472,45.185367],[-93.652065,45.184606],[-93.651851,45.183225],[-93.651175,45.182319],[-93.647073,45.179521],[-93.644548,45.178717],[-93.643089,45.177958],[-93.640609,45.176301],[-93.638757,45.174748],[-93.638337,45.173875],[-93.638268,45.173139],[-93.638806,45.17146],[-93.638905,45.170271],[-93.638759,45.169435],[-93.638251,45.168103],[-93.638123,45.167134],[-93.63841,45.165789],[-93.638926,45.165191],[-93.640287,45.164163],[-93.643008,45.163027],[-93.644564,45.162092],[-93.645636,45.161148],[-93.645842,45.160293],[-93.646383,45.15969],[-93.64844,45.158219],[-93.651661,45.156878],[-93.656007,45.155841],[-93.66015,45.153878],[-93.661634,45.15348],[-93.662789,45.153439],[-93.665948,45.154501],[-93.667609,45.154485],[-93.669865,45.153912],[-93.672343,45.15243],[-93.675,45.151615],[-93.677748,45.150545],[-93.678946,45.150575],[-93.680672,45.151431],[-93.682338,45.151151],[-93.683605,45.150476],[-93.684484,45.149733],[-93.686373,45.146438],[-93.688895,45.143842],[-93.689449,45.143458],[-93.693661,45.141683],[-93.695528,45.140201],[-93.697472,45.13893],[-93.698029,45.138129],[-93.698594,45.137636],[-93.701042,45.136333],[-93.701262,45.136072],[-93.70097,45.135176],[-93.701557,45.134028],[-93.701739,45.132324],[-93.701955,45.131817],[-93.702477,45.13138],[-93.704638,45.130238],[-93.705402,45.12941],[-93.706797,45.127359],[-93.707478,45.125933],[-93.712269,45.122789],[-93.714315,45.120892],[-93.715626,45.119082],[-93.720661,45.11443],[-93.721013,45.113094],[-93.721758,45.111886],[-93.722304,45.110423],[-93.723812,45.10833],[-93.724115,45.107047],[-93.725748,45.103593],[-93.726221,45.101273],[-93.726151,45.099808],[-93.726467,45.098796],[-93.72684,45.098297],[-93.7273,45.098034],[-93.727729,45.098],[-93.728524,45.098245],[-93.729102,45.09811],[-93.72959,45.097459],[-93.72964,45.096293],[-93.728683,45.09366],[-93.728617,45.091437],[-93.729042,45.08986],[-93.730036,45.08909],[-93.732372,45.088278],[-93.734534,45.086649],[-93.73604,45.084649],[-93.737436,45.083525],[-93.738303,45.0817],[-93.73878,45.081121],[-93.740184,45.080443],[-93.742699,45.080168],[-93.744223,45.080363],[-93.745286,45.080289],[-93.747045,45.079772],[-93.748366,45.079167],[-93.749129,45.079057],[-93.754886,45.079994],[-93.756059,45.080371],[-93.756506,45.080637],[-93.75686,45.081103],[-93.757218,45.082439],[-93.757911,45.082837],[-93.758778,45.082832],[-93.759716,45.082587],[-93.761859,45.08149],[-93.761834,45.081169],[-93.760968,45.079733],[-93.76031,45.079253],[-93.759737,45.078551],[-93.758476,45.077619],[-93.758653,45.077423],[-93.759581,45.077678],[-93.760152,45.077452],[-93.7602,45.076884],[-93.759656,45.076229],[-93.760462,45.075383],[-93.76038,45.075172],[-93.759411,45.075028],[-93.758784,45.074555],[-93.75851,45.074176],[-93.758292,45.072872],[-93.758738,45.07267],[-93.760062,45.073123],[-93.761448,45.073009],[-93.762147,45.072693],[-93.764736,45.070956],[-93.764785,45.070564],[-93.764358,45.07022],[-93.763018,45.069813],[-93.761697,45.069844],[-93.760802,45.069406],[-93.760719,45.069137],[-93.761758,45.067683],[-93.763082,45.066877],[-93.763759,45.066752],[-93.764625,45.067153],[-93.765269,45.06686],[-93.76574,45.065942],[-93.765821,45.065386],[-93.765671,45.062648],[-93.765003,45.06145],[-93.765008,45.060326],[-93.765232,45.059948],[-93.765906,45.059756],[-93.766337,45.059863],[-93.766783,45.060345],[-93.766902,45.021087],[-93.767808,44.934212],[-93.76799,44.890848],[-93.706739,44.890909],[-93.67638,44.89136],[-93.637241,44.891206],[-93.604924,44.891551],[-93.553529,44.891128],[-93.520722,44.891509],[-93.520934,44.847702],[-93.520793,44.81933],[-93.520061,44.802415],[-93.515237,44.804116],[-93.511637,44.80497],[-93.508774,44.805082],[-93.505206,44.804733],[-93.503182,44.804787],[-93.502712,44.805074],[-93.501946,44.805973],[-93.501782,44.807568],[-93.501539,44.808368],[-93.501121,44.809069],[-93.500531,44.809707],[-93.499865,44.810057],[-93.498388,44.810395],[-93.497507,44.810266],[-93.496121,44.80955],[-93.494822,44.808225],[-93.492383,44.805055],[-93.491875,44.804651],[-93.491524,44.804568],[-93.489995,44.80462],[-93.484947,44.807282],[-93.483227,44.807859],[-93.482855,44.807771],[-93.482305,44.807249],[-93.481442,44.804976],[-93.481006,44.804619],[-93.480391,44.804453],[-93.476405,44.80423],[-93.471555,44.805387],[-93.464837,44.806497],[-93.462687,44.806662],[-93.461554,44.806532],[-93.459941,44.805795],[-93.458056,44.803862],[-93.456738,44.803168],[-93.454784,44.803096],[-93.450735,44.803465],[-93.446178,44.804551],[-93.443954,44.805596],[-93.442434,44.807089],[-93.440997,44.811809],[-93.440312,44.812509],[-93.439025,44.812965],[-93.438164,44.813082],[-93.436854,44.812727],[-93.434537,44.811304],[-93.433093,44.810749],[-93.429989,44.809668],[-93.421544,44.807187],[-93.419647,44.806829],[-93.418753,44.806834],[-93.415054,44.807641],[-93.413949,44.807647],[-93.41279,44.807415],[-93.408856,44.805972],[-93.405809,44.804689],[-93.403643,44.803491],[-93.397831,44.797764],[-93.396332,44.797087],[-93.395306,44.796971],[-93.394234,44.797156],[-93.391093,44.798284],[-93.388958,44.798732],[-93.387548,44.798612],[-93.386256,44.798143],[-93.384865,44.797325],[-93.384067,44.795926],[-93.384021,44.794565],[-93.383638,44.792805],[-93.382246,44.789065],[-93.381613,44.786794],[-93.380693,44.785542],[-93.380325,44.785316],[-93.379353,44.78512],[-93.378252,44.785198],[-93.376505,44.785656],[-93.371795,44.787388],[-93.367166,44.788773],[-93.365081,44.789165],[-93.364019,44.789147],[-93.363027,44.788896],[-93.358804,44.786007],[-93.356714,44.785454],[-93.355569,44.785529],[-93.354517,44.786113],[-93.352196,44.789983],[-93.350937,44.790858],[-93.349198,44.791345],[-93.34807,44.791316],[-93.346905,44.790949],[-93.345974,44.790371],[-93.343663,44.788488],[-93.341725,44.787487],[-93.338782,44.786556],[-93.336607,44.786385],[-93.334926,44.786904],[-93.333205,44.788189],[-93.330213,44.790857],[-93.328049,44.792111],[-93.326617,44.792616],[-93.325006,44.79284],[-93.321457,44.792865],[-93.314129,44.792466],[-93.304537,44.794509],[-93.298187,44.797418],[-93.294113,44.799015],[-93.288759,44.800463],[-93.286396,44.801347],[-93.28531,44.802059],[-93.284127,44.804466],[-93.283753,44.804932],[-93.282848,44.805639],[-93.281782,44.806117],[-93.280826,44.806348],[-93.27247,44.806869],[-93.268446,44.807636],[-93.251884,44.81147],[-93.251208,44.811994],[-93.248753,44.81478],[-93.239362,44.820194],[-93.234932,44.824604],[-93.230904,44.827473],[-93.227473,44.829079],[-93.220537,44.831046],[-93.219401,44.832042],[-93.222078,44.836235],[-93.221799,44.83826],[-93.220195,44.839035],[-93.215351,44.838987],[-93.211439,44.839848],[-93.209336,44.841758],[-93.207768,44.843618],[-93.205807,44.847991],[-93.20326,44.852636],[-93.198313,44.858153],[-93.197294,44.860104],[-93.197887,44.86192],[-93.200757,44.864873],[-93.198304,44.866629],[-93.193186,44.869296],[-93.191535,44.870389],[-93.189831,44.872084],[-93.188216,44.874667],[-93.186225,44.876354],[-93.182923,44.877354],[-93.181517,44.877953],[-93.179945,44.878974],[-93.178776,44.880161],[-93.178515,44.881145],[-93.178982,44.882019],[-93.180052,44.8831],[-93.182563,44.884879],[-93.183319,44.885787],[-93.183452,44.886379],[-93.183025,44.887113],[-93.182053,44.887608],[-93.180258,44.888153],[-93.178541,44.88836],[-93.177717,44.88988],[-93.177845,44.891861],[-93.177002,44.893269],[-93.176909,44.893676],[-93.185642,44.894431],[-93.187225,44.895021],[-93.188426,44.895708],[-93.18994,44.897333],[-93.191174,44.89947],[-93.191449,44.900923],[-93.191259,44.902691],[-93.191675,44.903639],[-93.192413,44.904311],[-93.197352,44.907225],[-93.198943,44.908463],[-93.200402,44.910292],[-93.201172,44.912279],[-93.201504,44.916729],[-93.201401,44.920683],[-93.20094,44.924623],[-93.200099,44.928637],[-93.200683,44.932324],[-93.201013,44.935962],[-93.201101,44.939737],[-93.200915,44.944045],[-93.201076,44.945928],[-93.201807,44.948388],[-93.203061,44.95023],[-93.204915,44.951748],[-93.20773,44.953033],[-93.207565,44.991587],[-93.207808,45.020593],[-93.208095,45.035756],[-93.283485,45.03547],[-93.28308,45.037015],[-93.281062,45.041603],[-93.280777,45.042937],[-93.280635,45.044792],[-93.28151,45.051149],[-93.282175,45.052837],[-93.283812,45.056009],[-93.284735,45.059042],[-93.28487,45.060216],[-93.283973,45.064334],[-93.28239,45.06727],[-93.281735,45.068891],[-93.281405,45.071335],[-93.281492,45.072679],[-93.280773,45.072937],[-93.280495,45.073269],[-93.279596,45.077016],[-93.279554,45.081073],[-93.279964,45.0836],[-93.280042,45.090764],[-93.279463,45.09435],[-93.27942,45.096392],[-93.278567,45.100937],[-93.278757,45.102887],[-93.279695,45.105079],[-93.280452,45.105984],[-93.281396,45.106765],[-93.286631,45.109712],[-93.28875,45.11145],[-93.29064,45.111926],[-93.292187,45.112763],[-93.293259,45.113508],[-93.294145,45.114367],[-93.294819,45.115317],[-93.295554,45.117051],[-93.295971,45.119466],[-93.295935,45.121348],[-93.296658,45.123496],[-93.296746,45.125415],[-93.297212,45.12683],[-93.297814,45.127701],[-93.300168,45.129986],[-93.300755,45.130904],[-93.301443,45.132533],[-93.302957,45.13441],[-93.303447,45.13459],[-93.304418,45.134503],[-93.304939,45.134721],[-93.308692,45.138586],[-93.309718,45.140394],[-93.310566,45.142353],[-93.311539,45.143458],[-93.312428,45.144058],[-93.314154,45.144763],[-93.315973,45.145272],[-93.320453,45.146136],[-93.322358,45.146828],[-93.324018,45.147818],[-93.326493,45.150178],[-93.328415,45.151534],[-93.340591,45.157294],[-93.3457,45.159911],[-93.347612,45.161669],[-93.350076,45.165745],[-93.354016,45.170827],[-93.355635,45.172657],[-93.357456,45.17439],[-93.360277,45.175478],[-93.363335,45.176319],[-93.365651,45.176753],[-93.369782,45.177134],[-93.370683,45.177352],[-93.374281,45.17844],[-93.376907,45.179481],[-93.384033,45.184449],[-93.386075,45.185443],[-93.388707,45.18627],[-93.390382,45.187648],[-93.392224,45.189885],[-93.394467,45.191441],[-93.396244,45.192205],[-93.400401,45.19345],[-93.405489,45.195382],[-93.409378,45.197146],[-93.413984,45.199609],[-93.415093,45.200623],[-93.415925,45.201673],[-93.418877,45.206778],[-93.419542,45.208479],[-93.420408,45.209756],[-93.422523,45.211671],[-93.424552,45.213807],[-93.42606,45.214925],[-93.427758,45.215897],[-93.431771,45.217439],[-93.434076,45.217803],[-93.436425,45.217624],[-93.439412,45.21666],[-93.441256,45.21631],[-93.443114,45.216269],[-93.444937,45.216527],[-93.451554,45.219401],[-93.453279,45.219775],[-93.45638,45.219985],[-93.458347,45.22053],[-93.461539,45.222087],[-93.462814,45.223054],[-93.464326,45.224542],[-93.466158,45.225323],[-93.468124,45.225808],[-93.469906,45.225993],[-93.471651,45.225958],[-93.476427,45.225029],[-93.479426,45.224774],[-93.482439,45.224923],[-93.484955,45.225437],[-93.48708,45.226318],[-93.489284,45.227682],[-93.496775,45.234204],[-93.49799,45.236586],[-93.498699,45.23906],[-93.499691,45.240164],[-93.500831,45.241131],[-93.502709,45.242302],[-93.504793,45.243197],[-93.512703,45.245357]]]}},{"type":"Feature","properties":{"name":"Houston","gnisId":659473,"fipsCode":"055","countyCode":"27055"},"geometry":{"type":"Polygon","coordinates":[[[-91.283867,43.847098],[-91.341577,43.847285],[-91.381027,43.847238],[-91.392969,43.847393],[-91.412979,43.847211],[-91.441123,43.847262],[-91.471562,43.847001],[-91.551268,43.847265],[-91.620052,43.846995],[-91.73043,43.846909],[-91.730368,43.731165],[-91.730709,43.673551],[-91.730518,43.500745],[-91.630886,43.500732],[-91.610781,43.500602],[-91.500172,43.500801],[-91.431875,43.500595],[-91.392002,43.500797],[-91.311841,43.500713],[-91.252821,43.500943],[-91.23301,43.50053],[-91.217793,43.500486],[-91.21795,43.507962],[-91.217365,43.511245],[-91.217442,43.51277],[-91.218669,43.514838],[-91.222327,43.517586],[-91.225594,43.519697],[-91.226952,43.520386],[-91.228931,43.521044],[-91.230327,43.521789],[-91.231384,43.522429],[-91.232547,43.523435],[-91.233266,43.52433],[-91.233903,43.525498],[-91.235655,43.530934],[-91.23673,43.532455],[-91.240212,43.536599],[-91.241611,43.537903],[-91.242639,43.539165],[-91.243468,43.541414],[-91.24394,43.543599],[-91.244382,43.546641],[-91.244303,43.547767],[-91.243956,43.549298],[-91.243403,43.550638],[-91.242567,43.552161],[-91.24066,43.554745],[-91.234752,43.561417],[-91.233726,43.563033],[-91.232993,43.564576],[-91.232661,43.566033],[-91.231382,43.577261],[-91.231401,43.579599],[-91.231744,43.581715],[-91.232674,43.583328],[-91.233629,43.584501],[-91.237932,43.588699],[-91.246349,43.59516],[-91.252987,43.600512],[-91.255423,43.602082],[-91.257227,43.6029],[-91.259945,43.604654],[-91.265077,43.610084],[-91.267527,43.613344],[-91.268944,43.615774],[-91.26912,43.616693],[-91.268878,43.618848],[-91.268113,43.621073],[-91.267957,43.6222],[-91.267991,43.623333],[-91.268554,43.626304],[-91.268532,43.627294],[-91.268234,43.628534],[-91.266804,43.631392],[-91.265067,43.634276],[-91.263087,43.638251],[-91.262567,43.639991],[-91.2624,43.642055],[-91.262947,43.644935],[-91.264107,43.647995],[-91.265128,43.648966],[-91.269359,43.651848],[-91.270691,43.65296],[-91.271519,43.654129],[-91.272201,43.655492],[-91.272481,43.657278],[-91.272074,43.659291],[-91.272002,43.661007],[-91.273158,43.665311],[-91.273269,43.667824],[-91.272379,43.670368],[-91.271722,43.67156],[-91.271208,43.673196],[-91.272588,43.675207],[-91.272591,43.677616],[-91.272086,43.679353],[-91.270948,43.681658],[-91.270697,43.685993],[-91.269905,43.687566],[-91.26793,43.693832],[-91.267821,43.695942],[-91.267942,43.702781],[-91.268844,43.709484],[-91.267603,43.712595],[-91.266658,43.71407],[-91.264518,43.716308],[-91.262868,43.717778],[-91.260122,43.720829],[-91.259091,43.72273],[-91.256959,43.727977],[-91.255286,43.731463],[-91.255031,43.734669],[-91.255648,43.739685],[-91.255428,43.744742],[-91.253228,43.749975],[-91.252021,43.754863],[-91.247749,43.766366],[-91.245091,43.770586],[-91.24421,43.772329],[-91.244007,43.773354],[-91.244149,43.774269],[-91.245218,43.776358],[-91.245861,43.777022],[-91.248637,43.779229],[-91.250168,43.780212],[-91.258248,43.787092],[-91.261007,43.789791],[-91.262036,43.791399],[-91.262815,43.793111],[-91.263225,43.796701],[-91.263596,43.797573],[-91.265275,43.800103],[-91.266448,43.80227],[-91.267409,43.804454],[-91.267706,43.808269],[-91.267993,43.80912],[-91.268515,43.809783],[-91.271034,43.811906],[-91.271413,43.812499],[-91.272163,43.814491],[-91.273418,43.819081],[-91.275783,43.824863],[-91.277072,43.82905],[-91.277255,43.831153],[-91.277166,43.834797],[-91.277318,43.836142],[-91.27828,43.837838],[-91.281256,43.841338],[-91.281884,43.842276],[-91.2829,43.844309],[-91.283867,43.847098]]]}},{"type":"Feature","properties":{"name":"Hubbard","gnisId":659474,"fipsCode":"057","countyCode":"27057"},"geometry":{"type":"Polygon","coordinates":[[[-94.670336,47.410139],[-94.712929,47.409484],[-94.73444,47.409762],[-94.756267,47.410492],[-94.79996,47.409809],[-94.906327,47.410621],[-94.927431,47.411747],[-94.94883,47.411483],[-95.000313,47.411339],[-95.119497,47.412595],[-95.140573,47.412391],[-95.161937,47.412696],[-95.182991,47.412603],[-95.183156,47.397956],[-95.182763,47.369105],[-95.182996,47.362328],[-95.182715,47.32554],[-95.169555,47.325434],[-95.169404,47.311033],[-95.169444,47.268385],[-95.169837,47.239822],[-95.169651,47.225174],[-95.169711,47.196174],[-95.169338,47.1816],[-95.169206,47.167203],[-95.169203,47.13808],[-95.16976,47.123354],[-95.17009,47.108968],[-95.170661,47.065535],[-95.169405,47.036459],[-95.16967,47.007392],[-95.169559,46.996506],[-95.170309,46.978183],[-95.162181,46.97824],[-95.162664,46.94953],[-95.162371,46.905835],[-95.162701,46.862705],[-95.162597,46.848232],[-95.162748,46.833592],[-95.163176,46.819061],[-95.163134,46.804698],[-95.12533,46.805211],[-95.079435,46.805257],[-95.037699,46.805507],[-94.932708,46.804956],[-94.872128,46.80499],[-94.850424,46.804081],[-94.829496,46.804214],[-94.765629,46.803984],[-94.723345,46.804087],[-94.660009,46.803728],[-94.659936,46.818169],[-94.660338,46.833313],[-94.660145,46.84776],[-94.659669,46.861637],[-94.659624,46.876283],[-94.659001,46.90515],[-94.658971,46.934048],[-94.65874,46.962919],[-94.658446,46.976932],[-94.663679,46.976929],[-94.663993,47.034712],[-94.663568,47.063614],[-94.663359,47.107035],[-94.663504,47.121242],[-94.664109,47.135286],[-94.66378,47.164454],[-94.663607,47.207699],[-94.663761,47.2221],[-94.663533,47.249971],[-94.663863,47.279958],[-94.663666,47.294274],[-94.663592,47.322789],[-94.671534,47.322774],[-94.671548,47.337347],[-94.671073,47.374977],[-94.670336,47.410139]]]}},{"type":"Feature","properties":{"name":"Isanti","gnisId":659475,"fipsCode":"059","countyCode":"27059"},"geometry":{"type":"Polygon","coordinates":[[[-93.142056,45.730729],[-93.183276,45.730614],[-93.224542,45.730846],[-93.245073,45.730746],[-93.265984,45.730947],[-93.307132,45.730995],[-93.389119,45.730724],[-93.415529,45.731601],[-93.513636,45.734355],[-93.512279,45.717398],[-93.51199,45.702884],[-93.512109,45.688431],[-93.512612,45.67411],[-93.512787,45.64516],[-93.511708,45.588028],[-93.51134,45.57327],[-93.510718,45.558745],[-93.510674,45.471803],[-93.510106,45.414559],[-93.490437,45.414116],[-93.470311,45.414039],[-93.439479,45.413665],[-93.419374,45.41379],[-93.352391,45.413646],[-93.265386,45.413708],[-93.224841,45.413848],[-93.204228,45.414335],[-93.183492,45.41412],[-93.162894,45.414314],[-93.142176,45.413742],[-93.102502,45.413783],[-93.082772,45.412951],[-93.019591,45.411755],[-93.019663,45.418886],[-93.021017,45.440441],[-93.02169,45.470407],[-93.021781,45.484885],[-93.022549,45.505657],[-93.022637,45.513781],[-93.02199,45.54277],[-93.02197,45.557289],[-93.063211,45.557823],[-93.141963,45.558126],[-93.141744,45.572505],[-93.141814,45.586975],[-93.142267,45.601455],[-93.141922,45.629877],[-93.142012,45.65845],[-93.141655,45.666019],[-93.141524,45.673259],[-93.142056,45.730729]]]}},{"type":"Feature","properties":{"name":"Itasca","gnisId":659476,"fipsCode":"061","countyCode":"27061"},"geometry":{"type":"Polygon","coordinates":[[[-93.080895,47.89217],[-93.102408,47.892674],[-93.123306,47.89289],[-93.144864,47.892823],[-93.167217,47.893143],[-93.189375,47.893096],[-93.233184,47.8936],[-93.253269,47.893563],[-93.274384,47.893801],[-93.44433,47.894553],[-93.532039,47.896669],[-93.551659,47.897258],[-93.572945,47.898137],[-93.597048,47.897704],[-93.681922,47.897576],[-93.703956,47.897675],[-93.724916,47.89744],[-93.725,47.898825],[-93.775807,47.89894],[-93.776288,47.869668],[-93.776204,47.846352],[-93.882414,47.847075],[-93.906833,47.847092],[-93.928871,47.847417],[-94.000143,47.847451],[-94.037692,47.847638],[-94.080894,47.84703],[-94.102427,47.84702],[-94.125245,47.84646],[-94.16589,47.846021],[-94.288749,47.846189],[-94.310418,47.845746],[-94.360591,47.846334],[-94.418705,47.845926],[-94.419229,47.759026],[-94.419409,47.749987],[-94.419132,47.730144],[-94.41916,47.715544],[-94.418483,47.672119],[-94.417266,47.672112],[-94.416715,47.629192],[-94.416045,47.600737],[-94.415751,47.593688],[-94.413773,47.58654],[-94.414647,47.572301],[-94.414168,47.557807],[-94.414855,47.54308],[-94.414764,47.528479],[-94.416169,47.444787],[-94.415383,47.445289],[-94.414227,47.445545],[-94.412786,47.445713],[-94.41179,47.445595],[-94.409843,47.444891],[-94.407509,47.443074],[-94.406178,47.442523],[-94.405861,47.442189],[-94.405707,47.440657],[-94.403311,47.439191],[-94.403107,47.438851],[-94.403177,47.438412],[-94.403709,47.437927],[-94.404606,47.437557],[-94.408908,47.43681],[-94.410119,47.436038],[-94.410181,47.435659],[-94.40875,47.434476],[-94.407565,47.43393],[-94.404787,47.433673],[-94.400555,47.434008],[-94.39882,47.433518],[-94.398629,47.432618],[-94.398117,47.432235],[-94.396877,47.431788],[-94.396388,47.431355],[-94.396125,47.430466],[-94.395726,47.430033],[-94.396196,47.428555],[-94.395651,47.428133],[-94.393341,47.427518],[-94.391553,47.427682],[-94.39103,47.428134],[-94.391057,47.428765],[-94.390856,47.428974],[-94.389824,47.429768],[-94.389007,47.429923],[-94.388332,47.429403],[-94.388069,47.428641],[-94.387403,47.428022],[-94.385975,47.427476],[-94.38498,47.427577],[-94.384076,47.428079],[-94.383956,47.428338],[-94.384172,47.429369],[-94.38402,47.429947],[-94.383596,47.430947],[-94.382823,47.4318],[-94.382104,47.432098],[-94.380645,47.431712],[-94.378429,47.431959],[-94.376311,47.430931],[-94.375502,47.429373],[-94.374941,47.42912],[-94.374041,47.428003],[-94.372804,47.427441],[-94.372244,47.426719],[-94.372096,47.426094],[-94.372361,47.425902],[-94.374337,47.425788],[-94.374304,47.425596],[-94.37381,47.425269],[-94.37289,47.425106],[-94.372036,47.425234],[-94.371529,47.425662],[-94.370828,47.427079],[-94.370569,47.427281],[-94.369714,47.427453],[-94.366656,47.427108],[-94.365888,47.42677],[-94.365797,47.426238],[-94.366599,47.425266],[-94.366475,47.424647],[-94.366289,47.4245],[-94.365475,47.424688],[-94.364196,47.425321],[-94.361599,47.425534],[-94.35984,47.425307],[-94.355478,47.423983],[-94.352772,47.424909],[-94.348634,47.42479],[-94.347744,47.424326],[-94.345986,47.42234],[-94.342542,47.421087],[-94.341883,47.421059],[-94.341635,47.421443],[-94.341518,47.422359],[-94.340979,47.422738],[-94.339953,47.422389],[-94.338431,47.420917],[-94.338244,47.420649],[-94.338186,47.420068],[-94.337763,47.419323],[-94.337432,47.419165],[-94.336795,47.419193],[-94.335941,47.419551],[-94.335561,47.419321],[-94.335244,47.418483],[-94.335427,47.417962],[-94.336119,47.417391],[-94.33627,47.417007],[-94.335979,47.416662],[-94.335309,47.416521],[-94.334527,47.416594],[-94.332908,47.417172],[-94.331272,47.417509],[-94.328699,47.417365],[-94.327924,47.417131],[-94.32743,47.416633],[-94.326808,47.416382],[-94.324532,47.416067],[-94.32391,47.415575],[-94.322719,47.414031],[-94.321709,47.413693],[-94.321,47.413946],[-94.320881,47.414231],[-94.320979,47.414768],[-94.322148,47.416756],[-94.321867,47.417233],[-94.320634,47.417614],[-94.317522,47.417734],[-94.298898,47.425061],[-94.217753,47.450139],[-94.118015,47.480704],[-94.095089,47.477948],[-94.079868,47.468416],[-94.073866,47.460859],[-94.061516,47.43816],[-94.05263,47.430476],[-94.050205,47.428931],[-94.046807,47.425248],[-94.043441,47.422453],[-94.042099,47.420523],[-94.042356,47.419754],[-94.042268,47.419195],[-94.041851,47.418842],[-94.040407,47.4184],[-94.03999,47.41808],[-94.039791,47.417352],[-94.039489,47.417102],[-94.037618,47.416252],[-94.037602,47.415331],[-94.037294,47.414813],[-94.032922,47.41293],[-94.030944,47.412338],[-94.029266,47.410998],[-94.028392,47.409909],[-94.028249,47.40957],[-94.028294,47.408457],[-94.03009,47.406139],[-94.030781,47.405536],[-94.033429,47.404845],[-94.036448,47.403253],[-94.039725,47.403011],[-94.040897,47.402728],[-94.041444,47.402235],[-94.042328,47.400764],[-94.042516,47.400011],[-94.042226,47.398265],[-94.042392,47.394064],[-94.041674,47.391817],[-94.040754,47.386885],[-94.040464,47.386449],[-94.039363,47.385729],[-94.039182,47.385117],[-94.039606,47.384061],[-94.042589,47.379239],[-94.042997,47.378199],[-94.042979,47.377174],[-94.04344,47.375937],[-94.042926,47.374966],[-94.04286,47.374176],[-94.042567,47.373401],[-94.042078,47.372895],[-94.04006,47.371456],[-94.037792,47.368995],[-94.03782,47.368584],[-94.038401,47.367576],[-94.038956,47.36698],[-94.039865,47.366473],[-94.039948,47.366204],[-94.039001,47.365274],[-94.036259,47.364545],[-94.035407,47.364054],[-94.035168,47.363543],[-94.035731,47.361827],[-94.035587,47.360653],[-94.035318,47.359911],[-94.034802,47.359722],[-94.033074,47.359645],[-94.032077,47.358912],[-94.031554,47.358723],[-94.029909,47.358334],[-94.026583,47.357866],[-94.025777,47.357633],[-94.025006,47.357147],[-94.024823,47.35673],[-94.024765,47.355901],[-94.025003,47.355457],[-94.026314,47.354162],[-94.026658,47.353548],[-94.027066,47.352063],[-94.026673,47.351661],[-94.025682,47.351416],[-94.023372,47.351281],[-94.020534,47.350514],[-94.018105,47.350302],[-94.017421,47.349981],[-94.0167,47.349139],[-94.015184,47.347866],[-94.014475,47.347628],[-94.008747,47.346679],[-94.007802,47.346692],[-94.00708,47.347057],[-94.006636,47.347977],[-94.006577,47.348262],[-94.006815,47.348785],[-94.006635,47.349086],[-94.005615,47.34929],[-94.004455,47.349023],[-94.003933,47.348598],[-94.004063,47.347452],[-94.003342,47.346835],[-94.001118,47.346096],[-94.000253,47.345555],[-94.000033,47.345101],[-93.999567,47.34483],[-93.99513,47.343403],[-93.994321,47.342971],[-93.993795,47.342516],[-93.992836,47.340536],[-93.992294,47.340372],[-93.990333,47.340457],[-93.988547,47.340185],[-93.987521,47.339851],[-93.98672,47.339369],[-93.986502,47.339027],[-93.987938,47.338833],[-93.988341,47.338633],[-93.987978,47.3377],[-93.9876,47.33741],[-93.987068,47.337393],[-93.986841,47.338117],[-93.98637,47.338688],[-93.986079,47.338745],[-93.985756,47.338339],[-93.985465,47.338249],[-93.984673,47.339349],[-93.983832,47.339669],[-93.983188,47.339577],[-93.981704,47.338937],[-93.978767,47.33928],[-93.977902,47.339029],[-93.977125,47.338338],[-93.976527,47.338037],[-93.974598,47.338182],[-93.973984,47.338057],[-93.973571,47.337794],[-93.972542,47.336291],[-93.972102,47.335364],[-93.971775,47.335097],[-93.974136,47.334226],[-93.974534,47.333946],[-93.974468,47.333691],[-93.973881,47.333326],[-93.973437,47.333252],[-93.972042,47.333496],[-93.970447,47.333524],[-93.969585,47.332491],[-93.969301,47.331866],[-93.969452,47.331015],[-93.969796,47.330837],[-93.970205,47.330864],[-93.970672,47.33108],[-93.971206,47.33205],[-93.971626,47.33211],[-93.972499,47.331199],[-93.97229,47.330283],[-93.968609,47.328685],[-93.968081,47.328141],[-93.966925,47.327626],[-93.966029,47.327633],[-93.963852,47.328793],[-93.962859,47.3288],[-93.962649,47.328558],[-93.962729,47.328267],[-93.963752,47.327328],[-93.963839,47.326878],[-93.961601,47.326018],[-93.95921,47.325434],[-93.959105,47.325126],[-93.959692,47.324369],[-93.959683,47.324094],[-93.95923,47.323343],[-93.955315,47.321988],[-93.955216,47.32217],[-93.955493,47.322675],[-93.955467,47.323138],[-93.955077,47.323526],[-93.954698,47.323454],[-93.95355,47.322289],[-93.953159,47.321587],[-93.953365,47.321449],[-93.954898,47.321586],[-93.955551,47.320537],[-93.953761,47.317959],[-93.953332,47.317564],[-93.95286,47.317324],[-93.952168,47.318676],[-93.95178,47.318827],[-93.951405,47.318741],[-93.951156,47.318448],[-93.951194,47.317985],[-93.951586,47.317332],[-93.951533,47.316734],[-93.951312,47.31654],[-93.950594,47.316595],[-93.95028,47.317166],[-93.949225,47.317985],[-93.948403,47.318348],[-93.947676,47.318464],[-93.945344,47.318384],[-93.943381,47.317551],[-93.943073,47.317173],[-93.943659,47.315801],[-93.943419,47.315335],[-93.944779,47.313761],[-93.944622,47.31342],[-93.944362,47.313299],[-93.943003,47.313427],[-93.942352,47.313207],[-93.942462,47.312758],[-93.94319,47.311678],[-93.943189,47.311249],[-93.942735,47.311015],[-93.941688,47.310951],[-93.940909,47.311061],[-93.940743,47.311213],[-93.941957,47.312903],[-93.941873,47.313578],[-93.942363,47.314121],[-93.942324,47.31479],[-93.942129,47.315033],[-93.9401,47.314477],[-93.939742,47.314048],[-93.939158,47.312698],[-93.939189,47.310234],[-93.940447,47.309597],[-93.94219,47.309665],[-93.942443,47.309456],[-93.942316,47.309111],[-93.940016,47.308213],[-93.939188,47.308455],[-93.938511,47.308409],[-93.938291,47.308208],[-93.938293,47.307817],[-93.938154,47.307776],[-93.937352,47.308238],[-93.936458,47.309076],[-93.935894,47.309269],[-93.935536,47.309223],[-93.935289,47.308995],[-93.935304,47.308655],[-93.935705,47.30797],[-93.936602,47.307039],[-93.936617,47.306167],[-93.93569,47.305814],[-93.932945,47.30568],[-93.932816,47.30541],[-93.933343,47.304777],[-93.93304,47.30461],[-93.930533,47.304857],[-93.930513,47.305187],[-93.931618,47.306226],[-93.930367,47.3068],[-93.929178,47.307011],[-93.928935,47.307691],[-93.929166,47.30871],[-93.928781,47.309055],[-93.928296,47.309042],[-93.927078,47.308596],[-93.92731,47.306536],[-93.926298,47.305892],[-93.925855,47.306013],[-93.925154,47.307034],[-93.924381,47.307639],[-93.923881,47.307853],[-93.923373,47.307771],[-93.922726,47.307338],[-93.922256,47.306186],[-93.922312,47.305621],[-93.922924,47.304973],[-93.923285,47.304226],[-93.923017,47.302777],[-93.922337,47.301856],[-93.922156,47.30171],[-93.921538,47.301703],[-93.919341,47.302348],[-93.919152,47.303807],[-93.918526,47.30416],[-93.917962,47.303862],[-93.917819,47.302687],[-93.9165,47.302447],[-93.916471,47.303713],[-93.915628,47.304361],[-93.914974,47.30445],[-93.914624,47.304057],[-93.915602,47.301878],[-93.915099,47.301175],[-93.915155,47.300686],[-93.914976,47.299995],[-93.914604,47.299424],[-93.913715,47.298761],[-93.912068,47.297928],[-93.911415,47.298054],[-93.910352,47.299756],[-93.909815,47.301496],[-93.909146,47.302166],[-93.908267,47.302485],[-93.905911,47.30281],[-93.905233,47.302684],[-93.903061,47.301626],[-93.902045,47.30166],[-93.899441,47.303532],[-93.896983,47.305806],[-93.89616,47.306179],[-93.89341,47.306938],[-93.892749,47.307427],[-93.892507,47.307882],[-93.892476,47.308777],[-93.893543,47.310445],[-93.893802,47.311087],[-93.893746,47.311575],[-93.892811,47.312476],[-93.891496,47.313261],[-93.890287,47.314255],[-93.889474,47.315874],[-93.889556,47.316961],[-93.890508,47.319057],[-93.890908,47.321559],[-93.890929,47.324151],[-93.890644,47.325723],[-93.890338,47.326178],[-93.889621,47.326462],[-93.889186,47.326266],[-93.888143,47.32527],[-93.88593,47.323831],[-93.885573,47.323238],[-93.886969,47.320609],[-93.887435,47.320044],[-93.888067,47.319796],[-93.888314,47.318873],[-93.886499,47.319014],[-93.884175,47.319811],[-93.882989,47.319855],[-93.882585,47.319592],[-93.883553,47.318565],[-93.883681,47.318203],[-93.883342,47.317578],[-93.882688,47.317397],[-93.878056,47.317396],[-93.877811,47.316453],[-93.877606,47.316298],[-93.876906,47.316391],[-93.876544,47.3168],[-93.876336,47.317488],[-93.876501,47.31989],[-93.876312,47.320354],[-93.875684,47.320653],[-93.875007,47.320279],[-93.874203,47.318726],[-93.873794,47.317332],[-93.873904,47.31636],[-93.873596,47.315938],[-93.872708,47.315944],[-93.871756,47.316237],[-93.870469,47.317995],[-93.87001,47.318435],[-93.869687,47.318512],[-93.869064,47.318112],[-93.868066,47.316823],[-93.867094,47.316478],[-93.865222,47.31642],[-93.864502,47.315932],[-93.864494,47.315823],[-93.86601,47.315244],[-93.865985,47.314937],[-93.865783,47.314811],[-93.864725,47.314762],[-93.863183,47.315083],[-93.862149,47.314958],[-93.861934,47.315103],[-93.862036,47.315452],[-93.861835,47.316182],[-93.862907,47.317572],[-93.864091,47.318104],[-93.865862,47.318108],[-93.866868,47.318416],[-93.867794,47.319345],[-93.868387,47.320295],[-93.868443,47.320657],[-93.868064,47.320975],[-93.866149,47.321035],[-93.864942,47.320474],[-93.862614,47.320001],[-93.861163,47.319401],[-93.860756,47.319392],[-93.860516,47.319538],[-93.860445,47.319817],[-93.860846,47.320861],[-93.861521,47.321211],[-93.862722,47.321495],[-93.863078,47.321841],[-93.862727,47.322257],[-93.861203,47.32257],[-93.860253,47.322371],[-93.859337,47.320062],[-93.858981,47.319621],[-93.858154,47.319167],[-93.857356,47.319017],[-93.855658,47.319422],[-93.854801,47.319455],[-93.8542,47.319357],[-93.853769,47.31903],[-93.85385,47.318324],[-93.855323,47.316922],[-93.855809,47.315594],[-93.855598,47.314601],[-93.854911,47.314065],[-93.853761,47.313966],[-93.849996,47.314302],[-93.84974,47.314432],[-93.849683,47.314643],[-93.850034,47.315757],[-93.849509,47.316721],[-93.84619,47.317158],[-93.845358,47.31707],[-93.844993,47.316645],[-93.844968,47.315861],[-93.8477,47.312122],[-93.848005,47.31063],[-93.847751,47.310319],[-93.847375,47.310189],[-93.844264,47.310345],[-93.843329,47.310216],[-93.842761,47.309952],[-93.84233,47.309342],[-93.842223,47.308513],[-93.843048,47.307276],[-93.84306,47.30695],[-93.840497,47.306291],[-93.839197,47.306265],[-93.8388,47.306483],[-93.838229,47.307552],[-93.837239,47.308251],[-93.836122,47.30867],[-93.834323,47.308615],[-93.832791,47.308303],[-93.831752,47.307844],[-93.831903,47.307049],[-93.83258,47.305964],[-93.832469,47.305612],[-93.831549,47.30556],[-93.829367,47.306014],[-93.827615,47.305926],[-93.827164,47.305787],[-93.826813,47.305254],[-93.826746,47.304425],[-93.82632,47.304039],[-93.82574,47.303869],[-93.825377,47.304095],[-93.825377,47.304325],[-93.827697,47.308617],[-93.827917,47.309688],[-93.827046,47.310128],[-93.825972,47.309991],[-93.824863,47.309053],[-93.824345,47.308175],[-93.824901,47.304287],[-93.824512,47.303667],[-93.823726,47.303207],[-93.823148,47.301559],[-93.822828,47.301141],[-93.821928,47.300611],[-93.820701,47.30059],[-93.82007,47.300736],[-93.819705,47.30101],[-93.819099,47.302402],[-93.817609,47.303969],[-93.81786,47.304359],[-93.818644,47.304781],[-93.818725,47.305011],[-93.818532,47.305429],[-93.81817,47.305682],[-93.816237,47.304343],[-93.812794,47.302502],[-93.812209,47.301814],[-93.810829,47.29941],[-93.809885,47.29944],[-93.808984,47.300057],[-93.808933,47.300491],[-93.809572,47.303781],[-93.809772,47.304018],[-93.812616,47.304916],[-93.813379,47.305397],[-93.815062,47.307219],[-93.815617,47.307252],[-93.816509,47.306418],[-93.817041,47.306507],[-93.817607,47.306961],[-93.817395,47.307347],[-93.816935,47.307591],[-93.81432,47.308254],[-93.809671,47.308173],[-93.807921,47.307848],[-93.807697,47.307644],[-93.807642,47.307326],[-93.807907,47.306492],[-93.808021,47.305154],[-93.807646,47.304559],[-93.80717,47.304486],[-93.805642,47.304833],[-93.805293,47.305111],[-93.804322,47.306585],[-93.803599,47.307191],[-93.802214,47.307856],[-93.801243,47.308127],[-93.799979,47.308169],[-93.799629,47.308045],[-93.798494,47.306482],[-93.797873,47.306354],[-93.795294,47.308058],[-93.794387,47.30846],[-93.792656,47.308893],[-93.79126,47.308806],[-93.788661,47.307699],[-93.786832,47.307155],[-93.786113,47.3073],[-93.785355,47.308258],[-93.783931,47.308698],[-93.782923,47.308464],[-93.78106,47.306102],[-93.779928,47.305209],[-93.778798,47.305194],[-93.775743,47.30571],[-93.774711,47.305558],[-93.77249,47.303568],[-93.773085,47.301781],[-93.773445,47.299032],[-93.773801,47.298427],[-93.774828,47.297544],[-93.775458,47.297469],[-93.777533,47.29846],[-93.779394,47.298905],[-93.783789,47.299531],[-93.785193,47.299607],[-93.786098,47.299424],[-93.787186,47.297385],[-93.787312,47.296722],[-93.787284,47.296206],[-93.786044,47.294681],[-93.786172,47.293699],[-93.786711,47.292916],[-93.788511,47.291687],[-93.788846,47.291222],[-93.788832,47.290876],[-93.788608,47.290655],[-93.787785,47.290515],[-93.784068,47.291265],[-93.783141,47.291009],[-93.782741,47.290602],[-93.781668,47.287266],[-93.780968,47.285929],[-93.780161,47.284807],[-93.778831,47.283556],[-93.777904,47.282317],[-93.776647,47.280018],[-93.776134,47.278558],[-93.776204,47.277706],[-93.776634,47.277422],[-93.777758,47.277119],[-93.780113,47.276952],[-93.780977,47.27672],[-93.779455,47.275275],[-93.779365,47.275011],[-93.77951,47.274616],[-93.780212,47.274549],[-93.783394,47.275811],[-93.78386,47.275681],[-93.784299,47.275166],[-93.784645,47.274311],[-93.784304,47.273366],[-93.783672,47.272988],[-93.783413,47.272489],[-93.782734,47.271803],[-93.780546,47.271189],[-93.779956,47.270459],[-93.78006,47.269943],[-93.780253,47.269778],[-93.781391,47.269398],[-93.782746,47.26942],[-93.784813,47.270028],[-93.785353,47.269863],[-93.785513,47.269154],[-93.78494,47.268208],[-93.783587,47.266771],[-93.783269,47.266155],[-93.783948,47.265872],[-93.784795,47.265924],[-93.785818,47.266147],[-93.789002,47.267597],[-93.790009,47.26771],[-93.790762,47.267422],[-93.790861,47.267011],[-93.790704,47.266434],[-93.790232,47.265966],[-93.788603,47.264807],[-93.786915,47.263868],[-93.783609,47.262742],[-93.782664,47.261745],[-93.782645,47.261048],[-93.783213,47.260572],[-93.785031,47.26015],[-93.788772,47.260328],[-93.790113,47.260042],[-93.790672,47.259687],[-93.791959,47.257935],[-93.792364,47.257816],[-93.793556,47.25793],[-93.796787,47.259561],[-93.797561,47.25958],[-93.797869,47.259433],[-93.798497,47.258359],[-93.798401,47.256092],[-93.798662,47.255626],[-93.803933,47.252049],[-93.805171,47.249969],[-93.805522,47.249063],[-93.805497,47.248717],[-93.804755,47.246433],[-93.804417,47.24433],[-93.804543,47.243649],[-93.804904,47.243],[-93.806777,47.241381],[-93.807791,47.240896],[-93.808332,47.240862],[-93.808881,47.241048],[-93.811378,47.242575],[-93.812281,47.242447],[-93.812488,47.241848],[-93.811303,47.239659],[-93.80825,47.238347],[-93.807894,47.238051],[-93.807342,47.236871],[-93.807614,47.23648],[-93.809871,47.236234],[-93.810524,47.236068],[-93.810789,47.235798],[-93.810868,47.23537],[-93.810631,47.234607],[-93.809465,47.233203],[-93.808471,47.232661],[-93.807923,47.232646],[-93.803354,47.23343],[-93.802668,47.233162],[-93.802498,47.232882],[-93.801844,47.230368],[-93.80176,47.229374],[-93.801959,47.228626],[-93.802904,47.226916],[-93.802951,47.226554],[-93.802336,47.225852],[-93.800033,47.224346],[-93.799556,47.223759],[-93.799409,47.223408],[-93.7996,47.222655],[-93.800627,47.221291],[-93.800667,47.221044],[-93.800375,47.220632],[-93.797177,47.218771],[-93.796942,47.21859],[-93.796747,47.217986],[-93.796028,47.217532],[-93.791786,47.216969],[-93.787229,47.215879],[-93.785212,47.215146],[-93.784678,47.214752],[-93.783189,47.212799],[-93.781985,47.211824],[-93.781742,47.211357],[-93.781933,47.210643],[-93.782906,47.209817],[-93.782896,47.209263],[-93.782662,47.209175],[-93.777657,47.209091],[-93.777069,47.209201],[-93.776772,47.209444],[-93.776724,47.209834],[-93.777309,47.211365],[-93.777319,47.211909],[-93.776894,47.212486],[-93.776201,47.212801],[-93.77542,47.212775],[-93.774879,47.21255],[-93.774036,47.211047],[-93.774393,47.124962],[-93.774036,47.10908],[-93.775356,47.030277],[-93.763611,47.029878],[-93.721239,47.029695],[-93.69982,47.02949],[-93.721179,47.029693],[-93.700048,47.029496],[-93.67592,47.029021],[-93.654843,47.02888],[-93.591811,47.029651],[-93.549868,47.029372],[-93.528877,47.028935],[-93.486393,47.02892],[-93.444816,47.028154],[-93.316754,47.028387],[-93.295271,47.027348],[-93.274095,47.026744],[-93.191145,47.025189],[-93.125204,47.026136],[-93.077238,47.02623],[-93.056056,47.026493],[-93.055836,47.040631],[-93.055936,47.069707],[-93.055725,47.083987],[-93.05618,47.10936],[-93.066365,47.109361],[-93.0659,47.152539],[-93.065278,47.18148],[-93.065866,47.249969],[-93.065768,47.268344],[-93.065913,47.297487],[-93.064741,47.32645],[-93.064457,47.355577],[-93.064532,47.371484],[-93.06669,47.371477],[-93.069025,47.385934],[-93.069286,47.400274],[-93.069241,47.429027],[-93.069042,47.450825],[-93.068838,47.457772],[-93.067322,47.472088],[-93.066969,47.485953],[-93.065289,47.500369],[-93.064804,47.514778],[-93.064095,47.528897],[-93.064521,47.534839],[-93.063837,47.544525],[-93.063883,47.573347],[-93.062869,47.580586],[-93.062946,47.602649],[-93.064379,47.617251],[-93.063881,47.633136],[-93.063754,47.642511],[-93.063939,47.647542],[-93.06314,47.675737],[-93.062748,47.678283],[-93.061424,47.705462],[-93.0616,47.720374],[-93.082331,47.720472],[-93.082486,47.735452],[-93.082421,47.749948],[-93.083804,47.806341],[-93.083834,47.822198],[-93.083245,47.83478],[-93.081337,47.86561],[-93.080879,47.877868],[-93.080895,47.89217]]]}},{"type":"Feature","properties":{"name":"Kandiyohi","gnisId":659479,"fipsCode":"067","countyCode":"27067"},"geometry":{"type":"Polygon","coordinates":[[[-94.763181,45.326097],[-94.763199,45.405611],[-94.762958,45.412852],[-94.886355,45.413015],[-94.968411,45.412672],[-95.008911,45.41226],[-95.029387,45.412411],[-95.091061,45.412356],[-95.193745,45.412807],[-95.255089,45.412696],[-95.254835,45.405522],[-95.255401,45.374965],[-95.255257,45.310997],[-95.254876,45.281768],[-95.25518,45.238743],[-95.246629,45.238644],[-95.246496,45.224771],[-95.246867,45.195897],[-95.246483,45.152384],[-95.246906,45.108857],[-95.246898,45.065347],[-95.24727,45.036442],[-95.247956,45.007266],[-95.248424,44.978333],[-95.248448,44.963741],[-95.248812,44.934652],[-95.248624,44.89133],[-95.179363,44.89127],[-95.117942,44.891532],[-95.077109,44.891453],[-94.880231,44.892245],[-94.758094,44.892118],[-94.757615,44.993806],[-94.757006,45.066333],[-94.757226,45.138909],[-94.757076,45.153373],[-94.75745,45.182324],[-94.757579,45.239032],[-94.763453,45.239029],[-94.763552,45.249972],[-94.763181,45.326097]]]}},{"type":"Feature","properties":{"name":"Kittson","gnisId":659480,"fipsCode":"069","countyCode":"27069"},"geometry":{"type":"Polygon","coordinates":[[[-96.405434,49.000082],[-97.22891,49.000462],[-97.232624,48.998751],[-97.233512,48.998208],[-97.234217,48.997405],[-97.234328,48.996824],[-97.233973,48.9958],[-97.233096,48.995214],[-97.231985,48.99496],[-97.229077,48.994966],[-97.227625,48.994698],[-97.226643,48.994138],[-97.226442,48.993874],[-97.22642,48.993398],[-97.226861,48.992709],[-97.227948,48.99192],[-97.232089,48.990181],[-97.234828,48.988266],[-97.236472,48.986597],[-97.237205,48.98562],[-97.237954,48.983853],[-97.23828,48.981053],[-97.237793,48.975276],[-97.237792,48.972909],[-97.238049,48.971767],[-97.239072,48.969208],[-97.239074,48.967835],[-97.23889,48.967043],[-97.238227,48.966081],[-97.236088,48.964987],[-97.234513,48.964679],[-97.23018,48.964347],[-97.22874,48.963858],[-97.227792,48.96289],[-97.227507,48.96235],[-97.227507,48.961763],[-97.227801,48.96116],[-97.230195,48.958717],[-97.231628,48.956289],[-97.232784,48.951746],[-97.234113,48.94907],[-97.234188,48.948276],[-97.233939,48.947397],[-97.23327,48.946854],[-97.232423,48.946479],[-97.231253,48.946422],[-97.229489,48.946781],[-97.228133,48.946803],[-97.227395,48.946509],[-97.226669,48.945953],[-97.22644,48.945207],[-97.226459,48.943826],[-97.226961,48.942433],[-97.226975,48.939204],[-97.225934,48.935838],[-97.225459,48.934985],[-97.224339,48.933688],[-97.223274,48.93307],[-97.222051,48.932642],[-97.220466,48.932433],[-97.217523,48.932763],[-97.215827,48.932671],[-97.214894,48.932318],[-97.214431,48.931797],[-97.21429,48.931048],[-97.21458,48.930261],[-97.215595,48.929127],[-97.216997,48.928089],[-97.219369,48.924456],[-97.219761,48.923345],[-97.219801,48.922095],[-97.219475,48.921176],[-97.21818,48.919779],[-97.215601,48.918736],[-97.214624,48.918689],[-97.212922,48.918219],[-97.211606,48.917437],[-97.210701,48.916062],[-97.210443,48.915511],[-97.210435,48.914932],[-97.210969,48.913045],[-97.212292,48.910238],[-97.212629,48.908748],[-97.212598,48.908025],[-97.212273,48.907029],[-97.211374,48.905594],[-97.209517,48.903776],[-97.207815,48.902835],[-97.203908,48.901605],[-97.199622,48.900721],[-97.193426,48.898536],[-97.192545,48.898046],[-97.190089,48.895822],[-97.189809,48.894999],[-97.189829,48.893957],[-97.190047,48.893086],[-97.191008,48.892143],[-97.192276,48.891661],[-97.1939,48.891365],[-97.195432,48.891452],[-97.198761,48.892553],[-97.199623,48.892661],[-97.200712,48.892523],[-97.201608,48.892013],[-97.201678,48.891607],[-97.201366,48.891135],[-97.200634,48.890395],[-97.197923,48.88851],[-97.197311,48.887533],[-97.197366,48.886853],[-97.197721,48.886006],[-97.199656,48.883877],[-97.199948,48.883134],[-97.200002,48.882571],[-97.199839,48.882036],[-97.198991,48.880793],[-97.197798,48.879751],[-97.196438,48.879076],[-97.19356,48.877863],[-97.190539,48.876827],[-97.188557,48.876492],[-97.186776,48.876442],[-97.183029,48.877193],[-97.181007,48.877257],[-97.179006,48.876781],[-97.17819,48.876259],[-97.177804,48.875644],[-97.177951,48.874732],[-97.178718,48.873696],[-97.179552,48.872919],[-97.186024,48.868709],[-97.187367,48.868173],[-97.189148,48.86711],[-97.190138,48.866067],[-97.190578,48.865108],[-97.190684,48.86437],[-97.19012,48.863527],[-97.189717,48.863293],[-97.18866,48.863065],[-97.187185,48.863116],[-97.185585,48.863553],[-97.18297,48.863937],[-97.180555,48.8636],[-97.179848,48.863317],[-97.179553,48.863024],[-97.178936,48.861584],[-97.17949,48.858488],[-97.179069,48.856781],[-97.178622,48.856081],[-97.177961,48.855492],[-97.176802,48.85472],[-97.175429,48.854187],[-97.174689,48.853674],[-97.173436,48.851838],[-97.173148,48.85103],[-97.173207,48.850497],[-97.173636,48.849676],[-97.174792,48.848881],[-97.1782,48.848219],[-97.180459,48.848287],[-97.181482,48.848171],[-97.182901,48.84762],[-97.183418,48.846977],[-97.183241,48.846556],[-97.182278,48.846033],[-97.178032,48.845733],[-97.1771,48.845417],[-97.17581,48.844686],[-97.175263,48.844081],[-97.174444,48.842581],[-97.174006,48.839939],[-97.173966,48.838085],[-97.174616,48.836955],[-97.176185,48.835736],[-97.178958,48.834999],[-97.18094,48.835156],[-97.182807,48.8349],[-97.183771,48.83439],[-97.184802,48.832805],[-97.184873,48.832189],[-97.184643,48.831305],[-97.184364,48.83063],[-97.183794,48.829887],[-97.182153,48.828618],[-97.179446,48.826852],[-97.178115,48.825508],[-97.177819,48.823689],[-97.178293,48.822051],[-97.178835,48.820863],[-97.180546,48.819299],[-97.182423,48.818388],[-97.184852,48.817739],[-97.187144,48.817638],[-97.189245,48.816893],[-97.190272,48.816186],[-97.190501,48.815472],[-97.190405,48.815131],[-97.18963,48.814436],[-97.187935,48.814246],[-97.183419,48.815285],[-97.180571,48.815077],[-97.178525,48.81446],[-97.174361,48.812139],[-97.172708,48.81158],[-97.1701,48.811375],[-97.165318,48.812009],[-97.16365,48.811919],[-97.161693,48.811676],[-97.15905,48.811016],[-97.158617,48.810809],[-97.158135,48.810268],[-97.157487,48.808617],[-97.157688,48.807517],[-97.158289,48.806823],[-97.159151,48.806254],[-97.162018,48.805539],[-97.1675,48.804697],[-97.170546,48.803747],[-97.173665,48.802502],[-97.178417,48.801447],[-97.179851,48.800904],[-97.181224,48.800009],[-97.181815,48.799341],[-97.181942,48.798965],[-97.181812,48.79868],[-97.181148,48.797798],[-97.180376,48.797367],[-97.179197,48.797081],[-97.1771,48.797032],[-97.176052,48.797472],[-97.173858,48.799388],[-97.172188,48.800522],[-97.169694,48.801311],[-97.167375,48.801474],[-97.165844,48.801344],[-97.164077,48.800905],[-97.163327,48.800597],[-97.162115,48.799638],[-97.161801,48.799151],[-97.161766,48.797406],[-97.16198,48.79707],[-97.163252,48.796347],[-97.164684,48.796056],[-97.166218,48.796152],[-97.169647,48.796801],[-97.171712,48.796695],[-97.17317,48.796078],[-97.173679,48.795671],[-97.174371,48.794806],[-97.174342,48.794243],[-97.17396,48.793664],[-97.172119,48.79219],[-97.169464,48.791594],[-97.165386,48.790892],[-97.161164,48.791548],[-97.15906,48.791504],[-97.15825,48.7912],[-97.157301,48.790477],[-97.156919,48.789796],[-97.157004,48.78909],[-97.157778,48.787686],[-97.15973,48.785778],[-97.159847,48.785453],[-97.160013,48.784648],[-97.15917,48.783434],[-97.157436,48.782645],[-97.155851,48.782291],[-97.151849,48.782378],[-97.150719,48.782599],[-97.14965,48.7825],[-97.148105,48.781944],[-97.147447,48.781234],[-97.147453,48.780417],[-97.147925,48.779687],[-97.148332,48.779384],[-97.150877,48.778559],[-97.156909,48.777347],[-97.158751,48.776428],[-97.159265,48.775407],[-97.159253,48.774998],[-97.158564,48.773952],[-97.157699,48.773304],[-97.153521,48.772708],[-97.152652,48.772484],[-97.151969,48.772096],[-97.151501,48.771645],[-97.15046,48.769735],[-97.149733,48.768822],[-97.146057,48.765733],[-97.145573,48.764953],[-97.145528,48.763953],[-97.145708,48.763366],[-97.146404,48.762259],[-97.146923,48.761807],[-97.152386,48.759922],[-97.153667,48.759237],[-97.154622,48.758252],[-97.154912,48.757344],[-97.154773,48.755965],[-97.153343,48.753362],[-97.152357,48.752054],[-97.151016,48.75099],[-97.14913,48.750281],[-97.14676,48.750184],[-97.143172,48.7509],[-97.141915,48.75101],[-97.13975,48.750774],[-97.13794,48.749991],[-97.137401,48.749522],[-97.136857,48.748331],[-97.136461,48.746843],[-97.136394,48.745088],[-97.136667,48.743402],[-97.137188,48.742025],[-97.138083,48.740616],[-97.140019,48.739217],[-97.141947,48.738192],[-97.142471,48.736842],[-97.142279,48.736226],[-97.141558,48.735531],[-97.140456,48.734965],[-97.138219,48.734388],[-97.132984,48.734689],[-97.131069,48.734519],[-97.129851,48.734206],[-97.128927,48.733387],[-97.128419,48.73234],[-97.128518,48.73157],[-97.129008,48.730643],[-97.129948,48.72995],[-97.131084,48.729395],[-97.135063,48.728894],[-97.136865,48.728326],[-97.137558,48.727842],[-97.137736,48.727459],[-97.137708,48.727012],[-97.137369,48.726465],[-97.135311,48.725212],[-97.127366,48.721709],[-97.125366,48.720351],[-97.12491,48.71996],[-97.123327,48.717804],[-97.121622,48.71413],[-97.120491,48.712667],[-97.119385,48.711788],[-97.117802,48.71086],[-97.116999,48.71056],[-97.111958,48.70936],[-97.110966,48.708862],[-97.110073,48.708147],[-97.109744,48.707225],[-97.110073,48.706489],[-97.110762,48.705924],[-97.112108,48.705486],[-97.116087,48.705165],[-97.11873,48.704775],[-97.120207,48.704155],[-97.120629,48.703698],[-97.120774,48.703213],[-97.120629,48.702233],[-97.120191,48.701524],[-97.119074,48.7005],[-97.116443,48.698823],[-97.114334,48.696938],[-97.113398,48.696004],[-97.111728,48.693537],[-97.110648,48.692461],[-97.109219,48.691452],[-97.107097,48.690309],[-97.102551,48.688938],[-97.095969,48.687498],[-97.092118,48.686202],[-97.091386,48.685822],[-97.090736,48.685239],[-97.090303,48.684199],[-97.090399,48.683586],[-97.091002,48.682796],[-97.091954,48.682207],[-97.09289,48.682015],[-97.094152,48.682018],[-97.09668,48.683105],[-97.098524,48.683437],[-97.099912,48.683282],[-97.100966,48.682721],[-97.10138,48.68221],[-97.101611,48.681603],[-97.101775,48.680395],[-97.100823,48.677173],[-97.100356,48.672443],[-97.100011,48.671073],[-97.100081,48.669765],[-97.100582,48.668349],[-97.101249,48.667468],[-97.102071,48.666907],[-97.104851,48.665912],[-97.108206,48.665101],[-97.108598,48.664935],[-97.109143,48.664218],[-97.108912,48.663338],[-97.107421,48.662592],[-97.106045,48.662548],[-97.103278,48.662806],[-97.100748,48.662761],[-97.099131,48.662081],[-97.09876,48.661624],[-97.09859,48.660909],[-97.098909,48.659617],[-97.099667,48.658633],[-97.100451,48.657859],[-97.105234,48.654168],[-97.105802,48.653527],[-97.106258,48.652789],[-97.10677,48.651394],[-97.106774,48.650325],[-97.106991,48.649151],[-97.107192,48.648657],[-97.108132,48.64761],[-97.11011,48.646349],[-97.111675,48.64593],[-97.114514,48.645492],[-97.115287,48.645078],[-97.11571,48.644648],[-97.115695,48.644058],[-97.114982,48.642956],[-97.111009,48.640336],[-97.109758,48.638622],[-97.109231,48.636913],[-97.108886,48.634229],[-97.108909,48.633411],[-97.109361,48.632277],[-97.110628,48.631235],[-97.112299,48.630521],[-97.11346,48.630285],[-97.114942,48.630317],[-97.115844,48.630446],[-97.117838,48.631114],[-97.122308,48.633451],[-97.125298,48.634084],[-97.126792,48.634122],[-97.128829,48.633663],[-97.13009,48.63306],[-97.130708,48.632523],[-97.131046,48.631825],[-97.131199,48.630653],[-97.130934,48.629551],[-97.130177,48.628404],[-97.129021,48.62739],[-97.126342,48.625783],[-97.12465,48.624984],[-97.12128,48.62388],[-97.120211,48.623244],[-97.119455,48.622474],[-97.119169,48.621228],[-97.119321,48.61969],[-97.119773,48.619],[-97.12064,48.618294],[-97.121762,48.617886],[-97.122917,48.617876],[-97.12381,48.618058],[-97.124682,48.618548],[-97.128318,48.621634],[-97.129776,48.622425],[-97.131355,48.622909],[-97.133072,48.622908],[-97.134669,48.62253],[-97.135476,48.621764],[-97.135429,48.621066],[-97.134517,48.620048],[-97.130637,48.617991],[-97.129184,48.616699],[-97.128634,48.615274],[-97.128982,48.614234],[-97.130072,48.613599],[-97.131702,48.613248],[-97.133204,48.613303],[-97.137891,48.614682],[-97.141633,48.615016],[-97.143531,48.614894],[-97.146694,48.614334],[-97.148066,48.613868],[-97.149329,48.6131],[-97.150341,48.612223],[-97.150952,48.610898],[-97.150578,48.609702],[-97.149401,48.608816],[-97.147847,48.608278],[-97.146261,48.608014],[-97.14452,48.608004],[-97.140554,48.608677],[-97.1385,48.608876],[-97.136783,48.608761],[-97.135503,48.608403],[-97.13462,48.607906],[-97.134342,48.607308],[-97.134569,48.606588],[-97.138238,48.604137],[-97.139399,48.603134],[-97.142297,48.599631],[-97.143368,48.598716],[-97.144491,48.598196],[-97.146063,48.597889],[-97.149904,48.598221],[-97.151104,48.598063],[-97.15197,48.597478],[-97.153357,48.59582],[-97.153705,48.594792],[-97.15277,48.594054],[-97.151302,48.593884],[-97.146903,48.594151],[-97.144689,48.593956],[-97.143041,48.593193],[-97.14208,48.592213],[-97.141831,48.591011],[-97.142386,48.585908],[-97.142834,48.583918],[-97.143561,48.582614],[-97.144458,48.581809],[-97.145837,48.581189],[-97.147509,48.580926],[-97.149043,48.581156],[-97.1526,48.582336],[-97.154035,48.582594],[-97.155784,48.58267],[-97.157135,48.582671],[-97.158492,48.582375],[-97.159788,48.581816],[-97.160734,48.581044],[-97.160774,48.579824],[-97.159854,48.578823],[-97.158698,48.578338],[-97.157172,48.578118],[-97.153285,48.578055],[-97.149948,48.577287],[-97.148521,48.575958],[-97.147797,48.574565],[-97.147806,48.573485],[-97.148058,48.572049],[-97.148922,48.570278],[-97.150332,48.568527],[-97.152013,48.567422],[-97.154402,48.566744],[-97.171428,48.565134],[-97.173056,48.5647],[-97.174342,48.563959],[-97.175024,48.563286],[-97.175542,48.561912],[-97.175515,48.561601],[-97.174918,48.560645],[-97.173885,48.559935],[-97.170841,48.558546],[-97.167486,48.557482],[-97.165405,48.557204],[-97.162845,48.55712],[-97.152802,48.55754],[-97.145048,48.557336],[-97.141147,48.556323],[-97.139318,48.555456],[-97.138272,48.55413],[-97.138295,48.552873],[-97.138861,48.552119],[-97.140074,48.551565],[-97.143352,48.5514],[-97.147114,48.551684],[-97.155623,48.551171],[-97.156925,48.551419],[-97.158056,48.551958],[-97.160265,48.553675],[-97.161221,48.554105],[-97.162357,48.554233],[-97.164515,48.553857],[-97.165595,48.553288],[-97.166077,48.552418],[-97.166336,48.551116],[-97.166222,48.549864],[-97.16597,48.548585],[-97.164896,48.545975],[-97.163981,48.544567],[-97.16333,48.543867],[-97.107144,48.543933],[-97.041705,48.544242],[-96.976947,48.544],[-96.91125,48.54316],[-96.846038,48.543292],[-96.824125,48.543505],[-96.67013,48.543623],[-96.62535,48.543806],[-96.540047,48.543394],[-96.497298,48.543374],[-96.431772,48.543727],[-96.388199,48.544235],[-96.388083,48.558577],[-96.388365,48.58774],[-96.389248,48.602282],[-96.389005,48.616527],[-96.387987,48.63123],[-96.387939,48.645331],[-96.38726,48.674174],[-96.38755,48.688733],[-96.386639,48.702939],[-96.387321,48.717188],[-96.404879,48.717148],[-96.404905,48.749991],[-96.404502,48.804864],[-96.404598,48.83428],[-96.405205,48.877992],[-96.405414,48.90683],[-96.405357,48.936026],[-96.405567,48.950126],[-96.405372,48.951532],[-96.405434,49.000082]]]}},{"type":"Feature","properties":{"name":"Koochiching","gnisId":659481,"fipsCode":"071","countyCode":"27071"},"geometry":{"type":"Polygon","coordinates":[[[-93.088458,48.627715],[-93.090346,48.627784],[-93.178385,48.623267],[-93.184014,48.628191],[-93.207537,48.642514],[-93.254663,48.642823],[-93.348673,48.626462],[-93.353362,48.614946],[-93.3527,48.613492],[-93.355088,48.611406],[-93.361999,48.614034],[-93.367288,48.608121],[-93.371463,48.605863],[-93.383735,48.605962],[-93.395386,48.603804],[-93.398644,48.604413],[-93.401369,48.607811],[-93.402961,48.607668],[-93.403498,48.609979],[-93.405672,48.609834],[-93.41442,48.606328],[-93.415293,48.605267],[-93.419313,48.603569],[-93.422677,48.603184],[-93.429848,48.599664],[-93.434792,48.59538],[-93.439849,48.593693],[-93.454743,48.592625],[-93.462715,48.592698],[-93.465477,48.591643],[-93.465636,48.58997],[-93.467179,48.588413],[-93.461928,48.573098],[-93.457544,48.567139],[-93.457688,48.559731],[-93.459695,48.553681],[-93.462584,48.549743],[-93.467386,48.546459],[-93.485489,48.543238],[-93.4953,48.542521],[-93.501105,48.541335],[-93.517166,48.534797],[-93.526924,48.534022],[-93.536623,48.5319],[-93.542512,48.529989],[-93.547706,48.529349],[-93.560271,48.52965],[-93.576208,48.526999],[-93.581047,48.527094],[-93.59014,48.530405],[-93.596281,48.528628],[-93.605185,48.523089],[-93.612266,48.522406],[-93.616682,48.523706],[-93.621193,48.526361],[-93.625686,48.531442],[-93.628469,48.531881],[-93.631186,48.53127],[-93.635772,48.528421],[-93.63954,48.521786],[-93.643369,48.518964],[-93.647323,48.517674],[-93.659322,48.516422],[-93.677854,48.516808],[-93.686614,48.5154],[-93.693046,48.515201],[-93.706113,48.518116],[-93.710859,48.518556],[-93.720616,48.517605],[-93.731032,48.51843],[-93.739072,48.518484],[-93.753501,48.515742],[-93.761751,48.516568],[-93.788,48.515857],[-93.793377,48.516319],[-93.803031,48.521973],[-93.811132,48.524657],[-93.816167,48.528502],[-93.818497,48.531422],[-93.818016,48.534915],[-93.810996,48.540932],[-93.810257,48.54443],[-93.812003,48.550298],[-93.808057,48.556855],[-93.805176,48.564378],[-93.804167,48.570221],[-93.806358,48.579516],[-93.813095,48.587976],[-93.817525,48.596979],[-93.821435,48.609171],[-93.824517,48.613002],[-93.829307,48.617615],[-93.833452,48.625602],[-93.836517,48.62757],[-93.84436,48.63023],[-93.848054,48.630761],[-93.86989,48.631095],[-93.875738,48.631836],[-93.884421,48.631727],[-93.894903,48.632366],[-93.905738,48.634562],[-93.913496,48.635235],[-93.916968,48.632863],[-93.934073,48.632636],[-93.953025,48.634136],[-93.959699,48.63718],[-93.968018,48.638439],[-93.977776,48.638483],[-93.984093,48.640112],[-93.989708,48.64051],[-94.000768,48.642828],[-94.006965,48.643292],[-94.029558,48.640886],[-94.035624,48.641049],[-94.043251,48.643467],[-94.052527,48.644006],[-94.060304,48.643102],[-94.064288,48.643726],[-94.065887,48.646153],[-94.071459,48.645893],[-94.076746,48.644178],[-94.084999,48.644074],[-94.091272,48.643659],[-94.099947,48.645866],[-94.110026,48.644275],[-94.126078,48.644347],[-94.139168,48.645998],[-94.152222,48.6455],[-94.157495,48.645733],[-94.167834,48.648153],[-94.188652,48.650386],[-94.19967,48.650946],[-94.214495,48.649344],[-94.224213,48.649465],[-94.233558,48.65231],[-94.244524,48.65347],[-94.246803,48.654182],[-94.250956,48.656907],[-94.254677,48.661449],[-94.254846,48.663976],[-94.253069,48.669258],[-94.250749,48.678128],[-94.251444,48.683621],[-94.252977,48.686352],[-94.258094,48.691717],[-94.2611,48.696605],[-94.264504,48.698998],[-94.274577,48.699877],[-94.282938,48.705625],[-94.291202,48.70782],[-94.308825,48.710281],[-94.328759,48.704465],[-94.343148,48.703412],[-94.35335,48.704121],[-94.3688,48.706481],[-94.380191,48.71101],[-94.384081,48.711829],[-94.388972,48.711951],[-94.406036,48.71049],[-94.415841,48.71098],[-94.418923,48.710255],[-94.421386,48.708588],[-94.424172,48.705281],[-94.42999,48.701138],[-94.430207,48.670734],[-94.429847,48.641965],[-94.428941,48.5987],[-94.4289,48.584242],[-94.429149,48.569585],[-94.430199,48.533668],[-94.430317,48.499985],[-94.429881,48.483148],[-94.429914,48.468826],[-94.429456,48.461629],[-94.429045,48.447099],[-94.429345,48.40343],[-94.428683,48.36755],[-94.425396,48.367513],[-94.425353,48.35205],[-94.42442,48.279211],[-94.42372,48.250432],[-94.423832,48.221118],[-94.423485,48.213846],[-94.42346,48.192162],[-94.423614,48.178095],[-94.423401,48.148913],[-94.423532,48.124982],[-94.423226,48.091368],[-94.423476,48.077519],[-94.424683,48.063112],[-94.424603,48.048745],[-94.423617,48.019777],[-94.41784,48.019846],[-94.417299,47.962212],[-94.417536,47.947609],[-94.417518,47.917505],[-94.417712,47.902964],[-94.418796,47.86],[-94.418705,47.845926],[-94.360591,47.846334],[-94.310418,47.845746],[-94.288749,47.846189],[-94.16589,47.846021],[-94.125245,47.84646],[-94.102427,47.84702],[-94.080894,47.84703],[-94.037692,47.847638],[-94.000143,47.847451],[-93.928871,47.847417],[-93.906833,47.847092],[-93.882414,47.847075],[-93.776204,47.846352],[-93.776288,47.869668],[-93.775807,47.89894],[-93.725,47.898825],[-93.724916,47.89744],[-93.703956,47.897675],[-93.681922,47.897576],[-93.597048,47.897704],[-93.572945,47.898137],[-93.551659,47.897258],[-93.532039,47.896669],[-93.44433,47.894553],[-93.274384,47.893801],[-93.253269,47.893563],[-93.233184,47.8936],[-93.189375,47.893096],[-93.167217,47.893143],[-93.144864,47.892823],[-93.123306,47.89289],[-93.102408,47.892674],[-93.080895,47.89217],[-93.080931,47.978555],[-93.088056,47.978561],[-93.087976,47.985857],[-93.087345,47.993013],[-93.087854,47.999943],[-93.088742,48.007425],[-93.088714,48.021912],[-93.089099,48.050972],[-93.089132,48.067792],[-93.096494,48.067768],[-93.097173,48.105685],[-93.096978,48.142478],[-93.097113,48.169115],[-93.097848,48.198064],[-93.09772,48.242564],[-93.094889,48.242562],[-93.095396,48.257396],[-93.095124,48.286065],[-93.095335,48.315252],[-93.094824,48.329673],[-93.09493,48.344162],[-93.09421,48.373307],[-93.093968,48.402299],[-93.093651,48.414599],[-93.092422,48.4146],[-93.0924,48.430288],[-93.091937,48.459413],[-93.090635,48.499937],[-93.090357,48.543945],[-93.08979,48.587169],[-93.08945,48.601682],[-93.088778,48.616304],[-93.088458,48.627715]]]}},{"type":"Feature","properties":{"name":"Lac qui Parle","gnisId":659482,"fipsCode":"073","countyCode":"27073"},"geometry":{"type":"Polygon","coordinates":[[[-96.103674,45.176605],[-96.104814,45.177058],[-96.105569,45.177964],[-96.105854,45.178998],[-96.106127,45.182625],[-96.106782,45.183555],[-96.10811,45.184398],[-96.113671,45.186407],[-96.11553,45.187611],[-96.119443,45.187044],[-96.120689,45.187186],[-96.123237,45.188594],[-96.124958,45.189327],[-96.136433,45.193409],[-96.137084,45.193774],[-96.137593,45.194765],[-96.139603,45.195611],[-96.140427,45.195591],[-96.141229,45.195334],[-96.143209,45.194188],[-96.147749,45.190917],[-96.149004,45.190276],[-96.150016,45.18997],[-96.150747,45.189971],[-96.151173,45.190181],[-96.151179,45.190517],[-96.150461,45.191132],[-96.150631,45.191451],[-96.153718,45.191429],[-96.154035,45.191782],[-96.154141,45.192536],[-96.154668,45.192735],[-96.155338,45.192428],[-96.156486,45.19138],[-96.157435,45.19115],[-96.158204,45.191289],[-96.158777,45.191973],[-96.159337,45.191919],[-96.160396,45.191442],[-96.161166,45.191465],[-96.162987,45.192943],[-96.16335,45.193527],[-96.163528,45.193577],[-96.164104,45.193374],[-96.165376,45.19243],[-96.166223,45.192454],[-96.167823,45.192831],[-96.169294,45.192404],[-96.1714,45.192738],[-96.172854,45.192702],[-96.173357,45.193182],[-96.173635,45.193765],[-96.174356,45.194361],[-96.175923,45.195052],[-96.178565,45.195573],[-96.179053,45.195915],[-96.179509,45.196609],[-96.179835,45.196742],[-96.181484,45.196811],[-96.183627,45.197557],[-96.185314,45.197604],[-96.185825,45.198034],[-96.18566,45.198518],[-96.185907,45.19892],[-96.187246,45.198636],[-96.18824,45.198951],[-96.19014,45.200253],[-96.19188,45.200855],[-96.192741,45.201363],[-96.193872,45.202652],[-96.194671,45.203138],[-96.195859,45.20347],[-96.197159,45.203147],[-96.197874,45.203253],[-96.198705,45.203617],[-96.199822,45.204395],[-96.201628,45.205971],[-96.202414,45.205945],[-96.202882,45.205615],[-96.203187,45.205154],[-96.203568,45.205132],[-96.20509,45.205624],[-96.206401,45.2066],[-96.207589,45.206981],[-96.207401,45.207399],[-96.206646,45.20769],[-96.206653,45.20797],[-96.208912,45.208981],[-96.209828,45.209648],[-96.211047,45.212582],[-96.212069,45.213761],[-96.215958,45.216122],[-96.217028,45.217097],[-96.218205,45.218739],[-96.218935,45.219229],[-96.220022,45.219693],[-96.22188,45.220053],[-96.223947,45.220837],[-96.224336,45.220865],[-96.224873,45.220613],[-96.225583,45.219953],[-96.22658,45.219443],[-96.228956,45.218494],[-96.230528,45.218088],[-96.231485,45.218002],[-96.233157,45.218202],[-96.23635,45.219455],[-96.237516,45.219753],[-96.239087,45.219903],[-96.239756,45.219772],[-96.241036,45.218156],[-96.242912,45.217696],[-96.24372,45.217988],[-96.244621,45.218688],[-96.245445,45.218728],[-96.246924,45.21835],[-96.247266,45.218416],[-96.247653,45.21895],[-96.248376,45.219149],[-96.250353,45.219124],[-96.251528,45.218414],[-96.252474,45.218449],[-96.252697,45.21861],[-96.252715,45.218934],[-96.251962,45.219384],[-96.252018,45.219791],[-96.25287,45.219929],[-96.253746,45.220925],[-96.254648,45.221327],[-96.255229,45.221381],[-96.256251,45.22112],[-96.256778,45.221157],[-96.258126,45.22326],[-96.259036,45.223591],[-96.259582,45.223447],[-96.259726,45.222717],[-96.260102,45.222512],[-96.260691,45.222587],[-96.261626,45.223341],[-96.261874,45.223365],[-96.262984,45.222879],[-96.263172,45.222755],[-96.263144,45.222123],[-96.262887,45.22167],[-96.263001,45.221364],[-96.263235,45.221288],[-96.263846,45.221397],[-96.265276,45.222298],[-96.26574,45.222389],[-96.267209,45.221802],[-96.26859,45.221889],[-96.269021,45.222129],[-96.269417,45.223049],[-96.271868,45.223699],[-96.272412,45.223654],[-96.272764,45.22303],[-96.273412,45.222771],[-96.275106,45.222724],[-96.27525,45.222906],[-96.274756,45.223682],[-96.274924,45.223909],[-96.275272,45.223944],[-96.276365,45.223618],[-96.276728,45.223681],[-96.276927,45.223902],[-96.276714,45.224565],[-96.275401,45.226109],[-96.275339,45.226587],[-96.275809,45.226843],[-96.277091,45.226259],[-96.277589,45.226225],[-96.277997,45.226436],[-96.278704,45.227875],[-96.2791,45.229328],[-96.279566,45.229804],[-96.28049,45.230278],[-96.281242,45.230904],[-96.281235,45.231833],[-96.28067,45.232691],[-96.280554,45.23314],[-96.281953,45.233552],[-96.282516,45.23427],[-96.282565,45.234633],[-96.280534,45.235403],[-96.280313,45.235605],[-96.280506,45.236177],[-96.282644,45.237023],[-96.284598,45.236708],[-96.285585,45.237154],[-96.287482,45.23696],[-96.288379,45.237257],[-96.288523,45.237462],[-96.289009,45.239146],[-96.288761,45.239622],[-96.287837,45.240093],[-96.287724,45.240313],[-96.288032,45.241539],[-96.286332,45.242455],[-96.28427,45.242747],[-96.285423,45.243453],[-96.285348,45.243832],[-96.285068,45.244335],[-96.283689,45.245066],[-96.283406,45.245789],[-96.283307,45.246673],[-96.284051,45.247255],[-96.285248,45.24717],[-96.286325,45.24686],[-96.28678,45.247072],[-96.28723,45.247619],[-96.287941,45.247817],[-96.288661,45.247509],[-96.289524,45.247438],[-96.290245,45.247987],[-96.290922,45.248888],[-96.291916,45.249433],[-96.292522,45.249383],[-96.293555,45.248435],[-96.294015,45.248284],[-96.295926,45.248754],[-96.297261,45.248824],[-96.299266,45.249245],[-96.30038,45.249089],[-96.30153,45.248515],[-96.302223,45.248421],[-96.30328,45.249406],[-96.303835,45.249674],[-96.304331,45.249738],[-96.305883,45.249282],[-96.307158,45.250116],[-96.30743,45.250056],[-96.307662,45.249762],[-96.30777,45.247824],[-96.308095,45.247387],[-96.308688,45.247221],[-96.309378,45.24727],[-96.311392,45.24768],[-96.312045,45.248124],[-96.312669,45.247974],[-96.313018,45.247494],[-96.313345,45.247408],[-96.31363,45.247602],[-96.313149,45.248544],[-96.313463,45.249842],[-96.312879,45.250272],[-96.311463,45.25052],[-96.31112,45.250889],[-96.311767,45.251999],[-96.312546,45.251883],[-96.313144,45.251058],[-96.314786,45.25071],[-96.315292,45.250941],[-96.315955,45.25204],[-96.316422,45.25249],[-96.316928,45.252457],[-96.317177,45.252275],[-96.317098,45.251214],[-96.317238,45.250895],[-96.317775,45.250615],[-96.318865,45.250757],[-96.319289,45.249807],[-96.319079,45.249349],[-96.319453,45.249231],[-96.320102,45.249483],[-96.320025,45.25069],[-96.320235,45.2513],[-96.320952,45.251882],[-96.322206,45.252381],[-96.322665,45.252287],[-96.322735,45.252084],[-96.322173,45.250963],[-96.322476,45.250638],[-96.325278,45.250812],[-96.327107,45.250195],[-96.327776,45.250194],[-96.328174,45.250447],[-96.327925,45.251206],[-96.328276,45.251953],[-96.330488,45.252484],[-96.333065,45.253345],[-96.33442,45.254124],[-96.335722,45.255305],[-96.337976,45.256126],[-96.339306,45.256143],[-96.341863,45.255883],[-96.344434,45.256247],[-96.345991,45.256949],[-96.347276,45.257173],[-96.348124,45.257085],[-96.347991,45.256458],[-96.348248,45.256161],[-96.349711,45.256171],[-96.350178,45.25584],[-96.350364,45.255417],[-96.350574,45.255356],[-96.351415,45.255932],[-96.354443,45.25572],[-96.356148,45.25607],[-96.356577,45.256312],[-96.356772,45.256713],[-96.356135,45.257208],[-96.356065,45.257472],[-96.357148,45.25807],[-96.357538,45.258449],[-96.357943,45.258525],[-96.358471,45.258036],[-96.35861,45.257381],[-96.358883,45.257211],[-96.359155,45.257243],[-96.359826,45.257985],[-96.361739,45.25702],[-96.362549,45.257151],[-96.362628,45.257674],[-96.362838,45.257833],[-96.364581,45.257446],[-96.365316,45.256981],[-96.36574,45.257043],[-96.36613,45.257433],[-96.366574,45.257515],[-96.367242,45.256965],[-96.367476,45.256937],[-96.368691,45.257441],[-96.368793,45.257617],[-96.368444,45.258585],[-96.368515,45.25892],[-96.369107,45.25909],[-96.370834,45.258857],[-96.370928,45.258977],[-96.370634,45.259687],[-96.37142,45.259631],[-96.371755,45.259894],[-96.37206,45.260471],[-96.37322,45.260514],[-96.374108,45.260914],[-96.374738,45.260726],[-96.375197,45.260346],[-96.376339,45.260972],[-96.37736,45.260947],[-96.377568,45.260716],[-96.37712,45.26014],[-96.377429,45.259831],[-96.378339,45.259564],[-96.379962,45.25996],[-96.380569,45.259821],[-96.381563,45.259411],[-96.381833,45.259124],[-96.381517,45.258465],[-96.381717,45.258173],[-96.382293,45.258138],[-96.383161,45.258476],[-96.38349,45.258456],[-96.383728,45.258271],[-96.383802,45.257787],[-96.38412,45.257583],[-96.385016,45.257668],[-96.386134,45.258683],[-96.386974,45.258948],[-96.387623,45.258346],[-96.389089,45.258451],[-96.391422,45.257982],[-96.394026,45.25827],[-96.394568,45.257785],[-96.395572,45.257666],[-96.397328,45.258034],[-96.397475,45.257973],[-96.39744,45.257423],[-96.397672,45.257224],[-96.398171,45.257239],[-96.398999,45.257572],[-96.399864,45.257591],[-96.400517,45.257424],[-96.400878,45.256812],[-96.40108,45.256734],[-96.40294,45.256481],[-96.404289,45.256652],[-96.405932,45.25752],[-96.406279,45.257129],[-96.406235,45.256491],[-96.406476,45.256375],[-96.406835,45.256456],[-96.40722,45.256878],[-96.407878,45.258349],[-96.408595,45.258363],[-96.409082,45.2579],[-96.409675,45.258041],[-96.409669,45.259245],[-96.410369,45.260078],[-96.41252,45.261077],[-96.413943,45.260797],[-96.414443,45.26096],[-96.414718,45.26125],[-96.41468,45.261415],[-96.413912,45.26271],[-96.41413,45.262748],[-96.415115,45.2622],[-96.415405,45.262402],[-96.416512,45.262487],[-96.416586,45.262921],[-96.415247,45.263024],[-96.415225,45.263288],[-96.415586,45.263529],[-96.415894,45.26405],[-96.417141,45.264161],[-96.417848,45.264829],[-96.418878,45.265051],[-96.418732,45.265277],[-96.41773,45.26537],[-96.418168,45.265878],[-96.417943,45.266044],[-96.417344,45.266085],[-96.417637,45.266644],[-96.419072,45.267821],[-96.419376,45.267804],[-96.419768,45.267143],[-96.420322,45.267245],[-96.420716,45.267832],[-96.420935,45.267908],[-96.421572,45.267741],[-96.42219,45.267975],[-96.422998,45.267686],[-96.423009,45.267202],[-96.423843,45.267172],[-96.425793,45.26838],[-96.426932,45.268568],[-96.427227,45.268413],[-96.426926,45.267815],[-96.427921,45.267542],[-96.428773,45.267935],[-96.429103,45.268253],[-96.430032,45.268431],[-96.43058,45.268758],[-96.430841,45.269153],[-96.452936,45.269045],[-96.452755,45.254597],[-96.452815,45.240058],[-96.45249,45.211293],[-96.452366,45.167883],[-96.452538,45.124455],[-96.452355,45.095267],[-96.452384,45.051961],[-96.452142,45.037385],[-96.452027,45.006448],[-96.452163,44.979486],[-96.451674,44.849315],[-96.451652,44.805559],[-96.338655,44.805045],[-96.215535,44.805594],[-96.072203,44.804793],[-95.990728,44.805149],[-95.848947,44.805494],[-95.847753,44.863577],[-95.847715,44.884889],[-95.847444,44.891798],[-95.807608,44.891862],[-95.737126,44.891478],[-95.736703,44.936047],[-95.738918,44.937141],[-95.741263,44.937517],[-95.744535,44.938568],[-95.745067,44.938933],[-95.745119,44.939301],[-95.744721,44.939608],[-95.742081,44.939242],[-95.741398,44.939372],[-95.741248,44.939674],[-95.741505,44.940703],[-95.742498,44.942676],[-95.743012,44.943558],[-95.743743,44.944331],[-95.744793,44.944923],[-95.745628,44.945146],[-95.746731,44.944874],[-95.746873,44.944473],[-95.746614,44.942734],[-95.746722,44.941727],[-95.747377,44.941179],[-95.749799,44.940599],[-95.749875,44.940896],[-95.749204,44.941543],[-95.749301,44.941972],[-95.75125,44.944127],[-95.755021,44.946146],[-95.75724,44.946866],[-95.758091,44.946964],[-95.758312,44.946477],[-95.75792,44.945703],[-95.755308,44.942949],[-95.755229,44.942338],[-95.755448,44.941945],[-95.756574,44.941628],[-95.761261,44.942009],[-95.765824,44.942058],[-95.766416,44.94229],[-95.766326,44.942817],[-95.765476,44.942983],[-95.762776,44.942588],[-95.761581,44.942573],[-95.761009,44.942819],[-95.760896,44.943291],[-95.761072,44.943722],[-95.761672,44.944301],[-95.764126,44.945568],[-95.766164,44.946994],[-95.768632,44.948019],[-95.769136,44.948058],[-95.769542,44.947964],[-95.769948,44.947507],[-95.770079,44.946249],[-95.769965,44.944196],[-95.770179,44.943693],[-95.770585,44.943263],[-95.772619,44.94227],[-95.774206,44.942146],[-95.776656,44.942268],[-95.777312,44.942738],[-95.779034,44.945453],[-95.77975,44.946033],[-95.781792,44.946662],[-95.784876,44.947903],[-95.786391,44.948855],[-95.786989,44.948846],[-95.787063,44.947346],[-95.787698,44.947067],[-95.788011,44.947313],[-95.788541,44.948512],[-95.789289,44.949098],[-95.790476,44.949453],[-95.791194,44.949286],[-95.791786,44.948847],[-95.791851,44.948397],[-95.790844,44.947346],[-95.790611,44.946661],[-95.790779,44.946432],[-95.791574,44.946326],[-95.792876,44.947062],[-95.795475,44.947169],[-95.797122,44.947419],[-95.803391,44.948921],[-95.804365,44.949439],[-95.804177,44.950514],[-95.804347,44.951209],[-95.805041,44.952103],[-95.80606,44.95234],[-95.808708,44.952321],[-95.809388,44.952455],[-95.809986,44.952808],[-95.810775,44.953928],[-95.810822,44.954264],[-95.810671,44.9544],[-95.810256,44.954544],[-95.806971,44.954566],[-95.806636,44.954991],[-95.807774,44.955774],[-95.808162,44.957148],[-95.809911,44.958736],[-95.810807,44.959961],[-95.81095,44.960469],[-95.810781,44.961083],[-95.810898,44.961375],[-95.811267,44.961561],[-95.812625,44.961252],[-95.814314,44.961096],[-95.815843,44.961449],[-95.817916,44.960791],[-95.819203,44.960866],[-95.82009,44.96114],[-95.820907,44.961743],[-95.822082,44.962977],[-95.822564,44.963978],[-95.823078,44.9646],[-95.823245,44.965091],[-95.822091,44.964985],[-95.821786,44.965086],[-95.821726,44.965294],[-95.822767,44.966301],[-95.8229,44.966627],[-95.822807,44.966928],[-95.820769,44.967774],[-95.820209,44.968466],[-95.820455,44.968936],[-95.820872,44.969012],[-95.822302,44.968314],[-95.822783,44.96833],[-95.823407,44.968563],[-95.823856,44.968953],[-95.824032,44.969384],[-95.82381,44.969953],[-95.822741,44.97015],[-95.822489,44.970659],[-95.823243,44.971652],[-95.823732,44.972674],[-95.823778,44.973368],[-95.823129,44.974603],[-95.823069,44.975163],[-95.823715,44.977139],[-95.82446,44.978193],[-95.824109,44.978434],[-95.823099,44.978623],[-95.822915,44.978829],[-95.823156,44.979157],[-95.824228,44.979834],[-95.825371,44.981491],[-95.825272,44.981749],[-95.8251,44.98178],[-95.82418,44.981599],[-95.823432,44.981717],[-95.823182,44.982099],[-95.824055,44.983682],[-95.824593,44.986652],[-95.825479,44.987992],[-95.826472,44.988735],[-95.828769,44.989201],[-95.830678,44.988915],[-95.831119,44.98936],[-95.831212,44.989696],[-95.830974,44.989935],[-95.830442,44.990072],[-95.827485,44.989973],[-95.826581,44.990095],[-95.825559,44.990611],[-95.825363,44.991021],[-95.825393,44.991731],[-95.82558,44.992063],[-95.826116,44.992399],[-95.828745,44.992599],[-95.829527,44.992064],[-95.829807,44.991033],[-95.830418,44.990803],[-95.832002,44.991162],[-95.833361,44.991887],[-95.833959,44.992598],[-95.834024,44.993137],[-95.831047,44.993874],[-95.830393,44.994608],[-95.830548,44.994973],[-95.830956,44.995148],[-95.832577,44.994919],[-95.832902,44.994653],[-95.833095,44.99404],[-95.833792,44.993767],[-95.834575,44.993831],[-95.835996,44.994567],[-95.83619,44.994927],[-95.836049,44.995321],[-95.833755,44.99711],[-95.833283,44.997721],[-95.833419,44.998206],[-95.834013,44.998422],[-95.83484,44.998283],[-95.835115,44.998115],[-95.835295,44.997727],[-95.835245,44.997193],[-95.835707,44.996703],[-95.83701,44.996107],[-95.83783,44.99626],[-95.838685,44.99661],[-95.839025,44.997026],[-95.839021,44.998583],[-95.839321,44.999037],[-95.839784,44.999202],[-95.841681,44.999157],[-95.84289,44.999621],[-95.844809,45.000696],[-95.845302,45.001913],[-95.845798,45.002469],[-95.847075,45.002262],[-95.847876,45.002411],[-95.848707,45.002809],[-95.849584,45.003514],[-95.856293,45.005377],[-95.858204,45.006551],[-95.859565,45.006751],[-95.861469,45.007419],[-95.861647,45.007733],[-95.860392,45.008424],[-95.860375,45.008815],[-95.862027,45.010473],[-95.863608,45.012653],[-95.865468,45.012496],[-95.865966,45.012595],[-95.866549,45.012959],[-95.86699,45.013603],[-95.867545,45.015172],[-95.867287,45.015754],[-95.866576,45.016545],[-95.866442,45.017145],[-95.868095,45.018681],[-95.868389,45.019149],[-95.868998,45.020811],[-95.869317,45.023578],[-95.869936,45.024508],[-95.871148,45.025274],[-95.871693,45.025319],[-95.871696,45.024241],[-95.871371,45.023872],[-95.871302,45.023526],[-95.871615,45.023075],[-95.871989,45.022921],[-95.87237,45.023004],[-95.873021,45.023902],[-95.873906,45.024623],[-95.874505,45.024822],[-95.874879,45.024735],[-95.875238,45.024421],[-95.87527,45.024053],[-95.87452,45.022534],[-95.874567,45.022303],[-95.87484,45.022155],[-95.875334,45.022277],[-95.875638,45.022945],[-95.875937,45.023157],[-95.876441,45.023233],[-95.877571,45.023034],[-95.878631,45.023699],[-95.880244,45.023856],[-95.88101,45.024909],[-95.881068,45.025514],[-95.880774,45.02588],[-95.880218,45.026161],[-95.878277,45.025631],[-95.877636,45.025829],[-95.877604,45.026329],[-95.879044,45.027041],[-95.87981,45.028456],[-95.880444,45.028621],[-95.881893,45.027997],[-95.882804,45.027912],[-95.883806,45.028355],[-95.884544,45.029242],[-95.884382,45.029571],[-95.88363,45.029899],[-95.8841,45.030525],[-95.883928,45.031046],[-95.882781,45.031717],[-95.881769,45.032693],[-95.88177,45.033012],[-95.881998,45.033322],[-95.883026,45.033595],[-95.884829,45.033194],[-95.885543,45.033228],[-95.886809,45.034097],[-95.887512,45.034379],[-95.890633,45.034963],[-95.893895,45.035917],[-95.979383,45.097212],[-95.981108,45.098772],[-95.992847,45.110644],[-95.993942,45.111247],[-95.994864,45.111458],[-95.99907,45.111707],[-96.000668,45.112031],[-96.001133,45.112345],[-96.001462,45.113872],[-96.002491,45.115022],[-96.003078,45.116028],[-96.002851,45.116363],[-96.00212,45.116598],[-96.000348,45.11603],[-95.999723,45.116068],[-95.99936,45.116368],[-95.999411,45.11749],[-95.999992,45.119579],[-96.000492,45.119798],[-96.003266,45.12],[-96.003614,45.120269],[-96.00373,45.120572],[-96.002997,45.121405],[-96.003025,45.122114],[-96.003715,45.122615],[-96.005453,45.12337],[-96.007735,45.124027],[-96.010961,45.123626],[-96.011785,45.123693],[-96.012483,45.12399],[-96.013755,45.12546],[-96.014747,45.128368],[-96.015171,45.129132],[-96.016483,45.130059],[-96.017275,45.130965],[-96.019028,45.131546],[-96.020009,45.132285],[-96.020435,45.133126],[-96.020991,45.135057],[-96.022498,45.136322],[-96.022572,45.137332],[-96.022869,45.137421],[-96.023977,45.136522],[-96.024667,45.136221],[-96.025755,45.136586],[-96.025917,45.137127],[-96.025626,45.138131],[-96.025695,45.138976],[-96.025849,45.13921],[-96.027194,45.139631],[-96.027229,45.140339],[-96.028239,45.140985],[-96.028427,45.141636],[-96.028224,45.142457],[-96.028408,45.142943],[-96.030908,45.145348],[-96.032425,45.146053],[-96.034344,45.147603],[-96.035214,45.148503],[-96.03586,45.14973],[-96.036655,45.150175],[-96.037013,45.150791],[-96.036688,45.152526],[-96.036986,45.152933],[-96.038344,45.153245],[-96.039422,45.154065],[-96.040663,45.15463],[-96.041418,45.15557],[-96.042479,45.156352],[-96.047493,45.15814],[-96.049168,45.158354],[-96.050953,45.157797],[-96.052842,45.15765],[-96.053017,45.157516],[-96.053098,45.156768],[-96.053282,45.156688],[-96.055905,45.156405],[-96.057557,45.157256],[-96.058163,45.157819],[-96.057967,45.158063],[-96.056831,45.15821],[-96.056765,45.158371],[-96.057061,45.158669],[-96.059126,45.158701],[-96.060681,45.159113],[-96.063496,45.160179],[-96.063766,45.160389],[-96.063993,45.161023],[-96.064686,45.161404],[-96.066039,45.16178],[-96.067578,45.161875],[-96.068189,45.162086],[-96.068395,45.162775],[-96.068778,45.163182],[-96.070511,45.163273],[-96.07399,45.164192],[-96.074543,45.164519],[-96.075,45.165617],[-96.075886,45.16595],[-96.078209,45.166028],[-96.079334,45.165469],[-96.080145,45.165331],[-96.081719,45.16582],[-96.084802,45.165881],[-96.085223,45.166254],[-96.085585,45.167535],[-96.085839,45.167729],[-96.08833,45.167178],[-96.088955,45.167317],[-96.091286,45.16852],[-96.093113,45.169187],[-96.093487,45.169506],[-96.093696,45.169755],[-96.093797,45.170874],[-96.095452,45.172054],[-96.096407,45.174023],[-96.096892,45.174412],[-96.101402,45.176084],[-96.103674,45.176605]]]}},{"type":"Feature","properties":{"name":"Lake","gnisId":659484,"fipsCode":"075","countyCode":"27075"},"geometry":{"type":"MultiPolygon","coordinates":[[[[-91.031084,48.188831],[-91.03472,48.189253],[-91.035438,48.189801],[-91.0364,48.190129],[-91.045608,48.189462],[-91.048682,48.188764],[-91.049904,48.18879],[-91.051988,48.188065],[-91.055433,48.188321],[-91.056054,48.188084],[-91.057518,48.187067],[-91.059225,48.185339],[-91.062799,48.185537],[-91.065492,48.181412],[-91.075906,48.179371],[-91.078865,48.179532],[-91.079696,48.179898],[-91.080636,48.180059],[-91.081352,48.180859],[-91.08248,48.18116],[-91.088013,48.178315],[-91.091966,48.173665],[-91.097147,48.171606],[-91.108856,48.168705],[-91.114744,48.166498],[-91.118036,48.162102],[-91.119867,48.160691],[-91.132536,48.157296],[-91.135796,48.156621],[-91.142608,48.154615],[-91.140466,48.152852],[-91.140433,48.152249],[-91.140137,48.151707],[-91.138075,48.15196],[-91.137337,48.149259],[-91.156309,48.140519],[-91.176613,48.125547],[-91.181274,48.123536],[-91.18289,48.122202],[-91.183343,48.122171],[-91.184699,48.122541],[-91.190062,48.125115],[-91.214911,48.102867],[-91.228051,48.099232],[-91.234895,48.09615],[-91.249703,48.0841],[-91.266783,48.078839],[-91.275925,48.078793],[-91.289735,48.074185],[-91.306878,48.072834],[-91.310869,48.072839],[-91.311277,48.073154],[-91.314757,48.073575],[-91.317972,48.073082],[-91.319206,48.073243],[-91.324477,48.072949],[-91.328492,48.071102],[-91.329376,48.069988],[-91.331282,48.069626],[-91.332009,48.07012],[-91.333434,48.069932],[-91.334661,48.069501],[-91.336363,48.069699],[-91.336394,48.071079],[-91.339988,48.073564],[-91.348571,48.07219],[-91.349715,48.071653],[-91.35035,48.071976],[-91.36499,48.067128],[-91.370834,48.06974],[-91.378402,48.065912],[-91.390893,48.057172],[-91.41359,48.053689],[-91.422181,48.050991],[-91.424408,48.050743],[-91.426675,48.049876],[-91.427161,48.05002],[-91.429579,48.048662],[-91.437254,48.049477],[-91.437675,48.049876],[-91.438599,48.050343],[-91.43859,48.050515],[-91.43801,48.050858],[-91.438116,48.051182],[-91.437788,48.052473],[-91.446647,48.063049],[-91.446226,48.067757],[-91.45001,48.069078],[-91.464743,48.06686],[-91.488191,48.068387],[-91.541666,48.053865],[-91.567518,48.043798],[-91.575468,48.048948],[-91.572729,48.057396],[-91.575392,48.066719],[-91.569452,48.093698],[-91.552842,48.103246],[-91.55912,48.108602],[-91.575586,48.106923],[-91.588828,48.102483],[-91.614866,48.102277],[-91.639928,48.097119],[-91.646978,48.103844],[-91.648026,48.105839],[-91.648002,48.106332],[-91.648688,48.106484],[-91.649611,48.107332],[-91.653105,48.109807],[-91.651482,48.112202],[-91.651154,48.113019],[-91.651815,48.113964],[-91.653245,48.1144],[-91.655129,48.113721],[-91.661865,48.111932],[-91.662245,48.111653],[-91.662642,48.109161],[-91.66464,48.107335],[-91.66509,48.107155],[-91.667372,48.1087],[-91.671073,48.108671],[-91.676793,48.107506],[-91.680901,48.108315],[-91.681816,48.109814],[-91.687582,48.111909],[-91.683577,48.117714],[-91.682119,48.122511],[-91.690681,48.120297],[-91.692124,48.119749],[-91.691193,48.118131],[-91.692185,48.116895],[-91.69302,48.116594],[-91.696723,48.115903],[-91.703359,48.113728],[-91.709966,48.114419],[-91.710312,48.114701],[-91.711759,48.114659],[-91.712583,48.115522],[-91.71177,48.117502],[-91.709378,48.119404],[-91.707854,48.123409],[-91.703804,48.124849],[-91.700553,48.130674],[-91.699525,48.13197],[-91.699478,48.137483],[-91.697784,48.141606],[-91.698133,48.14409],[-91.699174,48.145051],[-91.700583,48.144781],[-91.702301,48.144808],[-91.703233,48.145208],[-91.7069,48.150361],[-91.707014,48.151011],[-91.708122,48.153009],[-91.706925,48.153767],[-91.705079,48.15799],[-91.704674,48.160051],[-91.704955,48.161046],[-91.705141,48.164011],[-91.704834,48.17072],[-91.709402,48.172911],[-91.717042,48.171873],[-91.723044,48.168981],[-91.724365,48.170542],[-91.722983,48.17352],[-91.722328,48.178514],[-91.72135,48.180273],[-91.712266,48.187528],[-91.710382,48.192551],[-91.710352,48.193895],[-91.713142,48.198023],[-91.715371,48.199513],[-91.725349,48.201345],[-91.737176,48.20419],[-91.742088,48.204624],[-91.741546,48.199342],[-91.743859,48.198743],[-91.748411,48.19869],[-91.753531,48.200868],[-91.755922,48.206007],[-91.76075,48.204816],[-91.762756,48.201722],[-91.764221,48.200628],[-91.780678,48.200746],[-91.786157,48.196184],[-91.788657,48.196352],[-91.791083,48.202516],[-91.797286,48.202691],[-91.798423,48.203027],[-91.798312,48.14943],[-91.797996,48.124915],[-91.799179,48.097139],[-91.800142,48.068714],[-91.800148,48.005901],[-91.798,47.948018],[-91.797887,47.91897],[-91.796771,47.911915],[-91.797981,47.904295],[-91.797583,47.896947],[-91.798101,47.889828],[-91.799329,47.846391],[-91.800132,47.831811],[-91.800102,47.803036],[-91.799288,47.759708],[-91.799304,47.734733],[-91.798569,47.720068],[-91.79679,47.702385],[-91.795695,47.687947],[-91.795459,47.673257],[-91.795882,47.666526],[-91.794695,47.658542],[-91.794009,47.644046],[-91.792543,47.624938],[-91.791322,47.604809],[-91.790629,47.586393],[-91.789218,47.579079],[-91.788864,47.557342],[-91.787947,47.546816],[-91.78861,47.532122],[-91.789537,47.48858],[-91.789464,47.430258],[-91.789681,47.401692],[-91.790491,47.387261],[-91.790825,47.3726],[-91.792157,47.372604],[-91.792154,47.343105],[-91.791862,47.32871],[-91.792337,47.242136],[-91.792243,47.169828],[-91.792451,47.126393],[-91.792246,47.111789],[-91.794419,47.111796],[-91.79467,47.083027],[-91.794368,47.025375],[-91.794502,46.999956],[-91.794408,46.952882],[-91.794563,46.939694],[-91.79311,46.940604],[-91.792291,46.940814],[-91.792026,46.940672],[-91.790766,46.940948],[-91.788879,46.940917],[-91.786217,46.941926],[-91.784932,46.94184],[-91.781451,46.943047],[-91.781266,46.942893],[-91.780664,46.943146],[-91.779427,46.943142],[-91.77881,46.943445],[-91.779052,46.943626],[-91.779734,46.943604],[-91.780491,46.944125],[-91.782238,46.944793],[-91.783163,46.944234],[-91.783355,46.944377],[-91.782487,46.945388],[-91.782133,46.945377],[-91.781859,46.944976],[-91.779969,46.944236],[-91.779496,46.944247],[-91.779376,46.944407],[-91.779986,46.94456],[-91.780333,46.944906],[-91.780648,46.945577],[-91.780653,46.946798],[-91.780445,46.947122],[-91.778274,46.948526],[-91.777207,46.948896],[-91.778267,46.949076],[-91.778679,46.94967],[-91.779023,46.949185],[-91.779729,46.949042],[-91.781407,46.948996],[-91.781681,46.949156],[-91.779619,46.949768],[-91.778655,46.949862],[-91.778705,46.950357],[-91.778161,46.95077],[-91.77765,46.951755],[-91.775446,46.953142],[-91.773369,46.953953],[-91.771157,46.955703],[-91.770459,46.955786],[-91.769737,46.956199],[-91.769063,46.956304],[-91.767716,46.956987],[-91.767084,46.957747],[-91.76573,46.958804],[-91.76509,46.959645],[-91.763488,46.961214],[-91.761691,46.96204],[-91.761644,46.962326],[-91.761186,46.962343],[-91.760145,46.963289],[-91.759759,46.963416],[-91.759512,46.963785],[-91.759513,46.964318],[-91.75929,46.964907],[-91.758315,46.966409],[-91.756936,46.967355],[-91.756271,46.968054],[-91.75486,46.968957],[-91.753659,46.970492],[-91.749902,46.97299],[-91.746767,46.974788],[-91.745417,46.975981],[-91.744191,46.976137],[-91.743809,46.976477],[-91.743387,46.976493],[-91.7432,46.976827],[-91.74254,46.97729],[-91.741977,46.977464],[-91.741605,46.97813],[-91.741631,46.9784],[-91.740866,46.9789],[-91.740183,46.979628],[-91.739625,46.980937],[-91.739167,46.981233],[-91.738436,46.982108],[-91.737435,46.982624],[-91.735813,46.983952],[-91.735257,46.984035],[-91.734894,46.98456],[-91.732511,46.985945],[-91.731203,46.987164],[-91.730107,46.987545],[-91.729093,46.988356],[-91.727836,46.9889],[-91.726491,46.990165],[-91.725204,46.990601],[-91.723836,46.99189],[-91.723211,46.992274],[-91.722963,46.992665],[-91.721853,46.993014],[-91.721223,46.993466],[-91.721097,46.99381],[-91.72046,46.994211],[-91.719489,46.994429],[-91.718135,46.995643],[-91.717548,46.995836],[-91.716713,46.99676],[-91.715799,46.997087],[-91.712972,46.999427],[-91.711717,46.999685],[-91.711541,47.000092],[-91.71088,47.000383],[-91.709314,47.00182],[-91.708267,47.002152],[-91.708035,47.002577],[-91.706639,47.003882],[-91.704837,47.005185],[-91.700232,47.007076],[-91.698625,47.007471],[-91.69579,47.00721],[-91.693427,47.006687],[-91.691986,47.006609],[-91.689883,47.006112],[-91.688994,47.006242],[-91.688302,47.006009],[-91.687678,47.006153],[-91.687227,47.005967],[-91.686013,47.006494],[-91.685011,47.00655],[-91.681127,47.009598],[-91.679991,47.010206],[-91.679267,47.010848],[-91.678977,47.012807],[-91.678366,47.013637],[-91.678694,47.014466],[-91.678315,47.014552],[-91.674293,47.013291],[-91.674154,47.013504],[-91.678281,47.014798],[-91.677209,47.01655],[-91.67694,47.016681],[-91.671865,47.014827],[-91.671726,47.015035],[-91.676844,47.016921],[-91.676293,47.01727],[-91.67124,47.015455],[-91.671085,47.01563],[-91.67609,47.017439],[-91.675752,47.017564],[-91.674193,47.01749],[-91.673624,47.017229],[-91.670032,47.017145],[-91.669599,47.016298],[-91.669397,47.016346],[-91.669822,47.017188],[-91.669693,47.017259],[-91.669428,47.017186],[-91.668585,47.015612],[-91.668384,47.01566],[-91.668744,47.016405],[-91.668485,47.016567],[-91.667626,47.016612],[-91.666928,47.016444],[-91.665833,47.015661],[-91.665947,47.014299],[-91.665532,47.013645],[-91.664729,47.013489],[-91.663994,47.012898],[-91.663126,47.013115],[-91.662207,47.01398],[-91.66117,47.014595],[-91.661119,47.014942],[-91.660499,47.015201],[-91.660418,47.016345],[-91.661095,47.017375],[-91.66078,47.017916],[-91.659939,47.018222],[-91.659492,47.01879],[-91.660169,47.019388],[-91.660169,47.019816],[-91.659826,47.020273],[-91.660203,47.020843],[-91.659793,47.021885],[-91.659918,47.023321],[-91.659781,47.023589],[-91.659443,47.023764],[-91.661002,47.02414],[-91.661309,47.024338],[-91.661388,47.024683],[-91.660549,47.025903],[-91.659399,47.027007],[-91.658546,47.0272],[-91.657398,47.028065],[-91.654879,47.029034],[-91.652244,47.029587],[-91.650314,47.029387],[-91.649092,47.028872],[-91.647489,47.027329],[-91.646909,47.027117],[-91.646124,47.025967],[-91.645799,47.025857],[-91.64513,47.025922],[-91.643904,47.026409],[-91.643131,47.026309],[-91.64245,47.0259],[-91.641928,47.025875],[-91.640632,47.026614],[-91.639897,47.026829],[-91.639245,47.026833],[-91.639032,47.026609],[-91.638668,47.02656],[-91.637887,47.026698],[-91.637119,47.027044],[-91.637,47.027304],[-91.636428,47.027684],[-91.637076,47.027983],[-91.637134,47.028234],[-91.636999,47.028872],[-91.636461,47.029266],[-91.635911,47.030089],[-91.636037,47.030976],[-91.63628,47.031397],[-91.637338,47.031325],[-91.637894,47.031552],[-91.638851,47.031609],[-91.638929,47.031991],[-91.638634,47.032677],[-91.638704,47.032923],[-91.638478,47.033151],[-91.637535,47.033468],[-91.637511,47.033889],[-91.638151,47.033958],[-91.638592,47.034369],[-91.640703,47.034245],[-91.641308,47.034417],[-91.641681,47.034333],[-91.642194,47.034605],[-91.64255,47.035486],[-91.64269,47.03646],[-91.642511,47.037158],[-91.641748,47.0386],[-91.64031,47.039773],[-91.639432,47.040251],[-91.638505,47.040384],[-91.637467,47.040292],[-91.63586,47.040664],[-91.635952,47.041443],[-91.635549,47.042672],[-91.634784,47.043269],[-91.633323,47.043636],[-91.631956,47.044939],[-91.631673,47.045962],[-91.630547,47.04737],[-91.63064,47.047844],[-91.629728,47.047731],[-91.627411,47.049665],[-91.626777,47.049838],[-91.625888,47.049803],[-91.624812,47.050424],[-91.622395,47.050853],[-91.622073,47.051034],[-91.621229,47.052084],[-91.619718,47.05308],[-91.618714,47.055015],[-91.617725,47.056044],[-91.617435,47.056286],[-91.616124,47.056622],[-91.614379,47.05848],[-91.611331,47.060246],[-91.60858,47.061616],[-91.606456,47.062211],[-91.603777,47.063718],[-91.603021,47.063955],[-91.600655,47.063539],[-91.599053,47.062389],[-91.598264,47.062144],[-91.595593,47.062278],[-91.594426,47.062608],[-91.594249,47.063152],[-91.594668,47.063685],[-91.594693,47.065136],[-91.592858,47.066516],[-91.591636,47.068434],[-91.590888,47.069325],[-91.590542,47.070177],[-91.589431,47.071062],[-91.588345,47.071618],[-91.586647,47.071987],[-91.586462,47.072245],[-91.584836,47.073141],[-91.5847,47.073768],[-91.585118,47.074284],[-91.584386,47.075433],[-91.584491,47.075719],[-91.58487,47.075865],[-91.584974,47.076488],[-91.584628,47.078027],[-91.583751,47.079357],[-91.582809,47.080006],[-91.582326,47.080814],[-91.580338,47.082007],[-91.57967,47.083288],[-91.578785,47.084299],[-91.578093,47.084613],[-91.577231,47.084575],[-91.575645,47.088059],[-91.573778,47.089884],[-91.573005,47.090379],[-91.571105,47.091072],[-91.569027,47.092292],[-91.56538,47.092552],[-91.562143,47.093827],[-91.559953,47.094405],[-91.557175,47.094482],[-91.555033,47.09423],[-91.554204,47.094032],[-91.553165,47.093455],[-91.552384,47.09323],[-91.549856,47.093582],[-91.549702,47.094143],[-91.550161,47.09539],[-91.55008,47.095753],[-91.549412,47.096138],[-91.548558,47.096176],[-91.548228,47.096363],[-91.547188,47.09816],[-91.546407,47.098869],[-91.545803,47.099298],[-91.54507,47.099556],[-91.544031,47.099007],[-91.54321,47.099072],[-91.541382,47.098644],[-91.540963,47.098748],[-91.540642,47.099664],[-91.540117,47.100084],[-91.53979,47.100585],[-91.539996,47.10121],[-91.539907,47.101491],[-91.537651,47.102513],[-91.536395,47.102782],[-91.535404,47.102804],[-91.533641,47.102749],[-91.532441,47.102463],[-91.529493,47.102496],[-91.527842,47.103111],[-91.527012,47.103782],[-91.526206,47.103936],[-91.52421,47.103452],[-91.523146,47.103963],[-91.521463,47.104039],[-91.520391,47.104578],[-91.519722,47.105342],[-91.518733,47.105909],[-91.518182,47.107006],[-91.518132,47.108353],[-91.517568,47.109243],[-91.515463,47.111243],[-91.513932,47.112347],[-91.51352,47.11349],[-91.51327,47.113715],[-91.512827,47.11377],[-91.511439,47.115314],[-91.510335,47.115808],[-91.508888,47.116155],[-91.508127,47.116665],[-91.507425,47.1175],[-91.507118,47.118352],[-91.506481,47.118884],[-91.50574,47.119143],[-91.504,47.119027],[-91.502735,47.119279],[-91.501291,47.120438],[-91.500201,47.121578],[-91.499417,47.121883],[-91.498309,47.122625],[-91.497328,47.122746],[-91.496493,47.122515],[-91.494572,47.123218],[-91.493305,47.122963],[-91.492186,47.123312],[-91.490691,47.123273],[-91.48849,47.123938],[-91.486827,47.125228],[-91.486104,47.12536],[-91.483757,47.124696],[-91.48256,47.124701],[-91.481732,47.12447],[-91.481017,47.124531],[-91.479852,47.125124],[-91.478036,47.125486],[-91.477321,47.125854],[-91.475689,47.127348],[-91.475151,47.128309],[-91.474331,47.12866],[-91.473086,47.129512],[-91.471735,47.129638],[-91.470538,47.130489],[-91.468987,47.130983],[-91.468014,47.131697],[-91.467082,47.131658],[-91.466279,47.131207],[-91.465541,47.1313],[-91.465129,47.131795],[-91.465089,47.132976],[-91.464759,47.133498],[-91.462468,47.134442],[-91.461407,47.134623],[-91.461102,47.134842],[-91.460474,47.136512],[-91.460032,47.13711],[-91.459654,47.137231],[-91.458923,47.137934],[-91.455201,47.139713],[-91.454614,47.140267],[-91.455795,47.140987],[-91.455851,47.141454],[-91.456277,47.142003],[-91.457836,47.142624],[-91.458769,47.142586],[-91.461888,47.14167],[-91.463584,47.141593],[-91.464283,47.141154],[-91.464589,47.140588],[-91.465168,47.140149],[-91.465232,47.14044],[-91.464588,47.141802],[-91.459548,47.143031],[-91.458061,47.143218],[-91.457273,47.143014],[-91.456903,47.143124],[-91.455842,47.143459],[-91.454789,47.144672],[-91.454539,47.145249],[-91.453928,47.145545],[-91.452925,47.145845],[-91.450651,47.146036],[-91.449273,47.146626],[-91.44867,47.147114],[-91.4483,47.147784],[-91.447874,47.148185],[-91.447311,47.148481],[-91.446684,47.148536],[-91.44596,47.148821],[-91.445003,47.149788],[-91.44444,47.149947],[-91.443829,47.150364],[-91.443338,47.15088],[-91.443008,47.15183],[-91.441978,47.152637],[-91.441592,47.153236],[-91.441061,47.153691],[-91.439604,47.155893],[-91.43896,47.156327],[-91.437223,47.156826],[-91.436942,47.157056],[-91.436789,47.157468],[-91.437191,47.157699],[-91.43719,47.158325],[-91.437101,47.159067],[-91.436884,47.159336],[-91.436369,47.159583],[-91.434351,47.159472],[-91.433379,47.159713],[-91.433128,47.160048],[-91.432902,47.160998],[-91.432532,47.161481],[-91.429813,47.162617],[-91.42731,47.164895],[-91.426159,47.165498],[-91.425227,47.165531],[-91.422782,47.165106],[-91.422323,47.165483],[-91.42246,47.165727],[-91.422355,47.166001],[-91.421438,47.166589],[-91.421413,47.167599],[-91.420678,47.169801],[-91.420275,47.170597],[-91.419154,47.171759],[-91.417933,47.172502],[-91.414771,47.173703],[-91.412734,47.175305],[-91.411302,47.17582],[-91.409958,47.17594],[-91.409821,47.176446],[-91.409818,47.178027],[-91.409035,47.180548],[-91.408565,47.181282],[-91.407706,47.181959],[-91.406226,47.18199],[-91.404865,47.181336],[-91.403564,47.181846],[-91.402992,47.181834],[-91.402405,47.18174],[-91.401515,47.181107],[-91.401037,47.181081],[-91.398984,47.183199],[-91.398453,47.183358],[-91.398211,47.183643],[-91.399682,47.184583],[-91.39925,47.185571],[-91.398675,47.185928],[-91.396204,47.186195],[-91.392864,47.187137],[-91.390667,47.187503],[-91.388576,47.187447],[-91.387201,47.187187],[-91.384465,47.187251],[-91.383394,47.188041],[-91.383168,47.188375],[-91.38398,47.188849],[-91.386279,47.189669],[-91.386584,47.189977],[-91.38586,47.190322],[-91.384321,47.191617],[-91.383604,47.191935],[-91.382293,47.191725],[-91.381449,47.191356],[-91.380676,47.191597],[-91.380634,47.192429],[-91.380085,47.193777],[-91.379206,47.194748],[-91.377193,47.195554],[-91.377176,47.1959],[-91.377578,47.196076],[-91.377754,47.196395],[-91.377714,47.196708],[-91.377229,47.197674],[-91.37681,47.198009],[-91.375201,47.198057],[-91.374873,47.197897],[-91.373543,47.197825],[-91.373196,47.197979],[-91.372325,47.199005],[-91.369099,47.199872],[-91.367309,47.199733],[-91.366389,47.199826],[-91.3658,47.200254],[-91.365736,47.200869],[-91.365575,47.201039],[-91.364864,47.201429],[-91.364896,47.202363],[-91.36521,47.203611],[-91.364862,47.204171],[-91.36491,47.205061],[-91.364499,47.205555],[-91.361748,47.206366],[-91.358772,47.20693],[-91.357926,47.206829],[-91.357506,47.206352],[-91.357119,47.206237],[-91.355667,47.206917],[-91.355344,47.207158],[-91.35511,47.207708],[-91.355335,47.208318],[-91.355947,47.208736],[-91.356044,47.209016],[-91.355931,47.20934],[-91.355374,47.209774],[-91.355414,47.210076],[-91.355204,47.210361],[-91.354405,47.210504],[-91.353543,47.210316],[-91.3533,47.210563],[-91.353381,47.211785],[-91.353781,47.213216],[-91.353701,47.213898],[-91.352949,47.215996],[-91.352375,47.216804],[-91.350745,47.217769],[-91.349252,47.218927],[-91.348759,47.219438],[-91.348514,47.2203],[-91.347943,47.221108],[-91.346321,47.221304],[-91.34511,47.221681],[-91.344457,47.222099],[-91.344271,47.222654],[-91.344293,47.224084],[-91.344099,47.224357],[-91.342833,47.224449],[-91.338388,47.226239],[-91.337513,47.226884],[-91.337786,47.228104],[-91.337681,47.228373],[-91.337342,47.228592],[-91.335227,47.22908],[-91.333959,47.229028],[-91.33371,47.229281],[-91.334202,47.229771],[-91.333855,47.229979],[-91.331874,47.230625],[-91.330682,47.23152],[-91.33023,47.231569],[-91.328333,47.232359],[-91.327799,47.233177],[-91.327895,47.233484],[-91.328548,47.233908],[-91.328394,47.234468],[-91.327037,47.235637],[-91.325802,47.236004],[-91.325735,47.237575],[-91.325581,47.237844],[-91.325612,47.239004],[-91.324893,47.239327],[-91.322787,47.239633],[-91.321776,47.240686],[-91.319871,47.241454],[-91.319038,47.242189],[-91.318746,47.243315],[-91.315134,47.245959],[-91.312439,47.24566],[-91.312076,47.245802],[-91.311946,47.246071],[-91.313706,47.246177],[-91.313834,47.246507],[-91.313574,47.24672],[-91.312389,47.246989],[-91.311266,47.247658],[-91.310562,47.248437],[-91.309456,47.248837],[-91.309337,47.250216],[-91.308158,47.251235],[-91.306665,47.251576],[-91.305976,47.253028],[-91.304812,47.254194],[-91.304005,47.254565],[-91.302735,47.254655],[-91.302169,47.255275],[-91.301305,47.255776],[-91.300846,47.255808],[-91.300061,47.255476],[-91.29898,47.25592],[-91.297545,47.255869],[-91.296619,47.256079],[-91.296329,47.256298],[-91.295862,47.257161],[-91.294925,47.257555],[-91.294099,47.257611],[-91.293059,47.257121],[-91.292542,47.257141],[-91.290409,47.257659],[-91.289958,47.258158],[-91.28907,47.258267],[-91.288772,47.258464],[-91.289563,47.259125],[-91.291356,47.259031],[-91.292577,47.259193],[-91.29349,47.259634],[-91.293714,47.260333],[-91.293222,47.26151],[-91.29166,47.26268],[-91.291089,47.263804],[-91.289345,47.265472],[-91.287755,47.266494],[-91.285748,47.267273],[-91.281365,47.267294],[-91.279713,47.266724],[-91.278379,47.266643],[-91.277518,47.266795],[-91.276468,47.267423],[-91.275877,47.267986],[-91.275185,47.269084],[-91.275305,47.269334],[-91.275954,47.269671],[-91.275757,47.270296],[-91.276349,47.270698],[-91.276388,47.271022],[-91.276239,47.271603],[-91.275528,47.272089],[-91.274708,47.272021],[-91.268973,47.26998],[-91.268174,47.269248],[-91.267789,47.26911],[-91.267482,47.26929],[-91.267303,47.269597],[-91.267366,47.269893],[-91.268201,47.269983],[-91.269758,47.270482],[-91.274417,47.272278],[-91.274617,47.272538],[-91.274443,47.273172],[-91.273738,47.273949],[-91.273645,47.274651],[-91.273442,47.274936],[-91.271966,47.275629],[-91.2716,47.276198],[-91.270726,47.276964],[-91.268672,47.277441],[-91.265574,47.280066],[-91.265132,47.279998],[-91.259291,47.285473],[-91.258041,47.283176],[-91.257742,47.282248],[-91.257857,47.281925],[-91.259006,47.280886],[-91.260104,47.280241],[-91.262237,47.279821],[-91.262522,47.279596],[-91.262556,47.279311],[-91.26226,47.279063],[-91.260089,47.278958],[-91.255594,47.281243],[-91.255379,47.280957],[-91.254953,47.280874],[-91.253255,47.281022],[-91.252182,47.281436],[-91.249853,47.281871],[-91.248456,47.282438],[-91.248217,47.282752],[-91.248095,47.283322],[-91.247952,47.285952],[-91.248897,47.28945],[-91.249116,47.290635],[-91.249032,47.291183],[-91.248393,47.291925],[-91.247593,47.292062],[-91.246989,47.292521],[-91.247228,47.293412],[-91.247103,47.293975],[-91.246203,47.295378],[-91.245067,47.29583],[-91.245109,47.296647],[-91.24478,47.296912],[-91.242426,47.297655],[-91.241799,47.298097],[-91.241824,47.298411],[-91.242252,47.298894],[-91.242278,47.299526],[-91.241027,47.299833],[-91.240205,47.300952],[-91.240213,47.301282],[-91.240791,47.30168],[-91.240893,47.301961],[-91.2393,47.302619],[-91.239241,47.303805],[-91.238979,47.304382],[-91.237618,47.305136],[-91.234674,47.305806],[-91.233634,47.306342],[-91.232737,47.306212],[-91.230979,47.30626],[-91.230219,47.306483],[-91.229351,47.307232],[-91.229432,47.307828],[-91.229229,47.30807],[-91.229663,47.308922],[-91.229688,47.309522],[-91.22892,47.311697],[-91.228436,47.312192],[-91.227894,47.312366],[-91.225178,47.312259],[-91.224299,47.312387],[-91.224198,47.312973],[-91.223129,47.314653],[-91.222828,47.315525],[-91.222044,47.316348],[-91.221583,47.317178],[-91.220806,47.317853],[-91.219596,47.31816],[-91.217206,47.317495],[-91.215438,47.317646],[-91.2147,47.31735],[-91.214287,47.317394],[-91.212662,47.318395],[-91.211988,47.319121],[-91.210584,47.320078],[-91.210295,47.320687],[-91.209986,47.3209],[-91.209592,47.32215],[-91.208456,47.323239],[-91.208265,47.323823],[-91.208316,47.324742],[-91.206101,47.327857],[-91.206049,47.328428],[-91.206289,47.32961],[-91.206042,47.330181],[-91.205378,47.330545],[-91.204059,47.330734],[-91.203222,47.332127],[-91.200767,47.332856],[-91.200312,47.333343],[-91.200002,47.334163],[-91.199683,47.33442],[-91.198546,47.334844],[-91.19759,47.334969],[-91.19738,47.335223],[-91.197259,47.336353],[-91.197083,47.336646],[-91.19578,47.337808],[-91.195045,47.338132],[-91.194544,47.338137],[-91.192892,47.337614],[-91.192644,47.337839],[-91.192744,47.338419],[-91.191604,47.33876],[-91.190317,47.33961],[-91.189199,47.339996],[-91.188286,47.339985],[-91.185342,47.339251],[-91.1842,47.339296],[-91.184261,47.339858],[-91.185318,47.340366],[-91.185477,47.340728],[-91.18428,47.3427],[-91.184322,47.342987],[-91.184698,47.343211],[-91.184558,47.34349],[-91.184107,47.343565],[-91.184059,47.343877],[-91.185106,47.34587],[-91.185147,47.346498],[-91.184932,47.347081],[-91.184653,47.347322],[-91.182996,47.347816],[-91.181078,47.34754],[-91.180879,47.34781],[-91.181212,47.348412],[-91.181332,47.349723],[-91.180902,47.349768],[-91.1802,47.350543],[-91.179541,47.350956],[-91.178291,47.350745],[-91.178243,47.351046],[-91.178676,47.352239],[-91.178496,47.35282],[-91.177898,47.353727],[-91.178039,47.354296],[-91.177787,47.355165],[-91.177347,47.355682],[-91.176107,47.355592],[-91.17578,47.356196],[-91.175224,47.356639],[-91.175215,47.356929],[-91.175625,47.357444],[-91.175684,47.359012],[-91.174905,47.35923],[-91.174512,47.359804],[-91.173726,47.36],[-91.173997,47.360561],[-91.173541,47.3611],[-91.173609,47.361674],[-91.172885,47.362096],[-91.172014,47.362202],[-91.170993,47.363217],[-91.170722,47.363788],[-91.170627,47.365188],[-91.170403,47.365782],[-91.169914,47.366325],[-91.169184,47.366709],[-91.167537,47.366978],[-91.166552,47.367587],[-91.166183,47.368128],[-91.165784,47.368234],[-91.165473,47.368803],[-91.164884,47.369241],[-91.164293,47.370057],[-91.16477,47.370541],[-91.164202,47.371688],[-91.163464,47.37189],[-91.163143,47.371679],[-91.162723,47.371686],[-91.162639,47.372058],[-91.162953,47.372246],[-91.163019,47.372512],[-91.162828,47.373112],[-91.161671,47.373612],[-91.161154,47.374403],[-91.159803,47.374574],[-91.158525,47.374404],[-91.157677,47.374573],[-91.157382,47.374792],[-91.157127,47.375235],[-91.158181,47.375709],[-91.158316,47.375993],[-91.158141,47.376857],[-91.157315,47.378271],[-91.156734,47.378678],[-91.156423,47.379247],[-91.155694,47.379951],[-91.154859,47.380256],[-91.153077,47.380157],[-91.151138,47.379522],[-91.150677,47.37951],[-91.148732,47.380474],[-91.148314,47.380972],[-91.146758,47.381585],[-91.146259,47.382436],[-91.144797,47.383274],[-91.142433,47.385812],[-91.142203,47.38638],[-91.142802,47.387512],[-91.142536,47.387748],[-91.141541,47.387925],[-91.14127,47.388498],[-91.140598,47.388856],[-91.138033,47.389232],[-91.138032,47.389534],[-91.138288,47.389795],[-91.138246,47.39007],[-91.138525,47.390617],[-91.138329,47.390899],[-91.136407,47.391478],[-91.136275,47.392068],[-91.134369,47.39337],[-91.132869,47.393961],[-91.132002,47.39393],[-91.131523,47.393411],[-91.131127,47.393499],[-91.130938,47.393754],[-91.130961,47.394039],[-91.130635,47.394333],[-91.130388,47.39489],[-91.130321,47.395494],[-91.130115,47.395739],[-91.129691,47.395805],[-91.128905,47.396842],[-91.128008,47.397461],[-91.128632,47.397878],[-91.128911,47.39842],[-91.128844,47.3987],[-91.128197,47.399465],[-91.126764,47.400209],[-91.126576,47.400496],[-91.125748,47.400751],[-91.12507,47.401439],[-91.122324,47.403352],[-91.121195,47.403801],[-91.120738,47.404319],[-91.120416,47.404496],[-91.119584,47.404532],[-91.117989,47.40534],[-91.116269,47.405675],[-91.115366,47.40603],[-91.114571,47.406741],[-91.112921,47.407714],[-91.111717,47.4088],[-91.109904,47.409657],[-91.106079,47.411829],[-91.101783,47.412667],[-91.100377,47.413897],[-91.099265,47.414444],[-91.098036,47.414476],[-91.097141,47.41388],[-91.096115,47.414027],[-91.095585,47.41451],[-91.094601,47.415888],[-91.091969,47.417605],[-91.090887,47.418904],[-91.090699,47.419795],[-91.090371,47.420328],[-91.088977,47.421042],[-91.087004,47.423206],[-91.083804,47.424776],[-91.082396,47.425918],[-91.078112,47.428606],[-91.076909,47.429022],[-91.075101,47.429077],[-91.074646,47.429243],[-91.074359,47.42981],[-91.074369,47.430123],[-91.074696,47.430644],[-91.074539,47.431226],[-91.072952,47.432192],[-91.072561,47.433012],[-91.071267,47.433104],[-91.070954,47.433385],[-91.070602,47.434007],[-91.070272,47.435298],[-91.068349,47.436919],[-91.068586,47.437204],[-91.068684,47.437782],[-91.068165,47.438325],[-91.067398,47.438586],[-91.066961,47.438549],[-91.066205,47.439232],[-91.065769,47.439316],[-91.065496,47.439586],[-91.065068,47.440469],[-91.065039,47.441367],[-91.063925,47.44181],[-91.063668,47.442057],[-91.063909,47.442908],[-91.060613,47.443764],[-91.060201,47.44382],[-91.059438,47.443586],[-91.059116,47.443752],[-91.058885,47.444362],[-91.058154,47.445133],[-91.056274,47.445985],[-91.055592,47.446761],[-91.054519,47.447242],[-91.053971,47.447667],[-91.053443,47.448525],[-91.05279,47.448944],[-91.051571,47.450535],[-91.050045,47.451144],[-91.048809,47.451422],[-91.048527,47.451648],[-91.04878,47.451927],[-91.048834,47.452762],[-91.048407,47.454273],[-91.047378,47.455314],[-91.045774,47.456428],[-91.044734,47.456992],[-91.043988,47.457181],[-91.041164,47.457029],[-91.038036,47.45655],[-91.033972,47.457731],[-91.032174,47.458655],[-91.031175,47.459568],[-91.030151,47.460202],[-91.028365,47.461904],[-91.027475,47.462055],[-91.02654,47.462694],[-91.026112,47.462816],[-91.024646,47.463995],[-91.022866,47.465068],[-91.023086,47.486313],[-91.022647,47.515406],[-91.022606,47.529822],[-91.022645,47.587421],[-91.022831,47.601854],[-91.022328,47.616248],[-91.022098,47.630798],[-91.022286,47.645243],[-91.022231,47.65976],[-91.022642,47.673847],[-91.021858,47.715756],[-91.021633,47.71576],[-91.021802,47.730191],[-91.02174,47.749912],[-91.022024,47.774673],[-91.022064,47.80389],[-91.021502,47.832513],[-91.021509,47.874908],[-91.020941,47.888038],[-91.026702,47.888305],[-91.026766,47.931893],[-91.025569,47.975357],[-91.024861,47.9893],[-91.024024,48.018109],[-91.024381,48.032739],[-91.023741,48.047319],[-91.024375,48.064045],[-91.031518,48.064092],[-91.031623,48.093059],[-91.031172,48.150629],[-91.031759,48.165116],[-91.031996,48.180226],[-91.031084,48.188831]]],[[[-91.238096,47.297137],[-91.238378,47.297236],[-91.239227,47.297117],[-91.239566,47.296831],[-91.238509,47.29678],[-91.238291,47.296972],[-91.238007,47.296922],[-91.238096,47.297137]]],[[[-91.244745,47.293409],[-91.245689,47.293294],[-91.245697,47.292189],[-91.244931,47.292325],[-91.244915,47.292754],[-91.244592,47.293194],[-91.244745,47.293409]]],[[[-91.244003,47.293056],[-91.24384,47.293325],[-91.244066,47.293407],[-91.244163,47.293089],[-91.244003,47.293056]]],[[[-91.266627,47.270091],[-91.26666,47.270253],[-91.267099,47.27021],[-91.266627,47.270091]]],[[[-91.282627,47.265337],[-91.281883,47.265843],[-91.282581,47.265724],[-91.28283,47.265426],[-91.282627,47.265337]]],[[[-91.552025,47.090226],[-91.551963,47.090391],[-91.551421,47.090593],[-91.552759,47.090783],[-91.552649,47.090599],[-91.552882,47.090541],[-91.552925,47.090256],[-91.553927,47.09002],[-91.553644,47.089676],[-91.553622,47.088863],[-91.553362,47.087976],[-91.553116,47.087649],[-91.552435,47.087764],[-91.551747,47.087464],[-91.551451,47.087603],[-91.551318,47.088198],[-91.551485,47.088488],[-91.552223,47.088898],[-91.552503,47.089254],[-91.552025,47.090226]]],[[[-91.771946,46.946646],[-91.773212,46.946569],[-91.774377,46.945898],[-91.773081,46.945839],[-91.772396,46.946124],[-91.771946,46.946646]]]]}},{"type":"Feature","properties":{"name":"Lake of the Woods","gnisId":659483,"fipsCode":"077","countyCode":"27077"},"geometry":{"type":"Polygon","coordinates":[[[-94.42999,48.701138],[-94.438838,48.694836],[-94.446596,48.692925],[-94.452387,48.692409],[-94.456881,48.693271],[-94.463182,48.695207],[-94.470673,48.696591],[-94.486396,48.697926],[-94.499614,48.697972],[-94.509325,48.700512],[-94.517403,48.700707],[-94.524773,48.701565],[-94.532959,48.701225],[-94.538524,48.70271],[-94.545748,48.712402],[-94.549044,48.714752],[-94.555848,48.716244],[-94.568553,48.715531],[-94.587661,48.717587],[-94.591392,48.719615],[-94.596301,48.724759],[-94.601204,48.728221],[-94.61065,48.731804],[-94.619171,48.737271],[-94.630181,48.738996],[-94.641297,48.741226],[-94.645374,48.744026],[-94.645386,48.749074],[-94.652032,48.756153],[-94.660326,48.760418],[-94.667207,48.766179],[-94.676865,48.77166],[-94.68709,48.775147],[-94.690911,48.778008],[-94.694411,48.789452],[-94.695992,48.799653],[-94.69513,48.809162],[-94.7043,48.824225],[-94.702018,48.831832],[-94.697517,48.835497],[-94.685592,48.840057],[-94.69307,48.853424],[-94.690222,48.863562],[-94.692405,48.869023],[-94.684304,48.87236],[-94.683465,48.884129],[-94.749659,49.098749],[-94.772793,49.120515],[-94.797985,49.197869],[-94.797336,49.214353],[-94.825543,49.294362],[-94.824361,49.30896],[-94.816273,49.321408],[-94.83641,49.324285],[-94.854063,49.324349],[-94.878286,49.333376],[-94.906529,49.348383],[-94.90911,49.350152],[-94.952077,49.368741],[-94.957403,49.370207],[-94.974303,49.367715],[-94.989009,49.36895],[-95.014209,49.356485],[-95.04953,49.35312],[-95.058311,49.353262],[-95.089779,49.361192],[-95.103147,49.363534],[-95.103207,49.365124],[-95.109815,49.366394],[-95.115945,49.366607],[-95.128722,49.37046],[-95.132744,49.373585],[-95.139792,49.376129],[-95.141911,49.378323],[-95.145071,49.378312],[-95.146719,49.380135],[-95.149817,49.380658],[-95.150319,49.382999],[-95.153404,49.384487],[-95.1532,48.998878],[-95.322951,48.998936],[-95.322969,48.998462],[-95.321783,48.997969],[-95.320505,48.996911],[-95.320362,48.99668],[-95.320912,48.996163],[-95.320628,48.995702],[-95.319985,48.995455],[-95.319258,48.994896],[-95.3187,48.995732],[-95.318442,48.995924],[-95.318141,48.995897],[-95.318291,48.995408],[-95.318966,48.994819],[-95.319432,48.993989],[-95.320989,48.992119],[-95.322403,48.989431],[-95.324283,48.986495],[-95.325438,48.983686],[-95.326159,48.980889],[-95.326198,48.979785],[-95.326056,48.979214],[-95.326155,48.978758],[-95.325979,48.978214],[-95.325537,48.973644],[-95.324555,48.969838],[-95.323359,48.968307],[-95.321297,48.966662],[-95.320887,48.965915],[-95.320476,48.964377],[-95.319641,48.963813],[-95.320021,48.961571],[-95.320968,48.959669],[-95.32095,48.958746],[-95.320381,48.957538],[-95.319562,48.95633],[-95.318519,48.955799],[-95.318076,48.955338],[-95.318,48.954783],[-95.318449,48.953651],[-95.318356,48.953041],[-95.318013,48.952355],[-95.315902,48.951275],[-95.31335,48.95041],[-95.312291,48.950313],[-95.311966,48.950385],[-95.311733,48.950753],[-95.311859,48.951148],[-95.312861,48.952213],[-95.312836,48.952455],[-95.312452,48.952356],[-95.311016,48.951067],[-95.309282,48.950976],[-95.307456,48.950396],[-95.306004,48.949507],[-95.305236,48.948657],[-95.304893,48.947943],[-95.304791,48.946712],[-95.304974,48.945954],[-95.30654,48.945375],[-95.307315,48.945457],[-95.306858,48.945897],[-95.3068,48.946315],[-95.307368,48.947105],[-95.308127,48.947703],[-95.310112,48.947986],[-95.310404,48.948129],[-95.310471,48.948348],[-95.310712,48.948211],[-95.310495,48.947804],[-95.308319,48.947472],[-95.307317,48.94666],[-95.307216,48.946149],[-95.307733,48.945797],[-95.307459,48.946407],[-95.308051,48.946588],[-95.307993,48.946862],[-95.308577,48.947158],[-95.308417,48.946697],[-95.308534,48.946461],[-95.309601,48.946553],[-95.311418,48.946045],[-95.312551,48.946093],[-95.314168,48.945833],[-95.315517,48.945035],[-95.316899,48.943561],[-95.318797,48.942251],[-95.319772,48.941904],[-95.320389,48.941941],[-95.323329,48.940696],[-95.323619,48.939652],[-95.3237,48.938569],[-95.322761,48.935302],[-95.32316,48.934675],[-95.322164,48.932061],[-95.320266,48.928515],[-95.318546,48.926336],[-95.317342,48.923843],[-95.316441,48.922982],[-95.313666,48.919301],[-95.310051,48.915115],[-95.308301,48.913981],[-95.307786,48.913346],[-95.306986,48.912718],[-95.305069,48.911799],[-95.302853,48.909808],[-95.300342,48.908543],[-95.299288,48.907631],[-95.299205,48.907016],[-95.299775,48.905459],[-95.301264,48.904357],[-95.30121,48.904033],[-95.300696,48.903989],[-95.298619,48.902846],[-95.298202,48.902742],[-95.295854,48.902942],[-95.294721,48.902823],[-95.294179,48.902554],[-95.293921,48.902088],[-95.293437,48.901846],[-95.292271,48.901886],[-95.291371,48.901511],[-95.290963,48.901074],[-95.291729,48.900629],[-95.290971,48.900525],[-95.290087,48.899911],[-95.288628,48.898275],[-95.287811,48.89771],[-95.286895,48.897711],[-95.286595,48.897568],[-95.285904,48.897827],[-95.285246,48.89769],[-95.282139,48.896518],[-95.281598,48.896557],[-95.280173,48.896196],[-95.279632,48.895806],[-95.279473,48.895466],[-95.277774,48.895506],[-95.277,48.896111],[-95.276326,48.896139],[-95.275593,48.89576],[-95.275142,48.895107],[-95.275167,48.894876],[-95.275691,48.894293],[-95.275608,48.893947],[-95.274625,48.892992],[-95.273383,48.892164],[-95.268277,48.889943],[-95.266828,48.889121],[-95.263496,48.887645],[-95.261764,48.887015],[-95.259291,48.886369],[-95.257742,48.885491],[-95.25745,48.885139],[-95.255668,48.884273],[-95.254353,48.884241],[-95.252146,48.883638],[-95.249112,48.883291],[-95.247886,48.883478],[-95.243844,48.882322],[-95.235212,48.881423],[-95.232057,48.881369],[-95.227809,48.881539],[-95.215073,48.884137],[-95.211713,48.88452],[-95.205022,48.88493],[-95.201718,48.885456],[-95.199336,48.885537],[-95.194181,48.886251],[-95.18869,48.887215],[-95.18726,48.887718],[-95.183527,48.888576],[-95.172578,48.889823],[-95.16858,48.890525],[-95.163192,48.891879],[-95.154247,48.891905],[-95.148713,48.892253],[-95.14467,48.893212],[-95.142977,48.894026],[-95.138896,48.894678],[-95.136603,48.895477],[-95.133193,48.897032],[-95.131255,48.897493],[-95.129043,48.898441],[-95.127831,48.898747],[-95.122944,48.900552],[-95.118515,48.902906],[-95.115834,48.904108],[-95.114255,48.905759],[-95.114307,48.906314],[-95.114124,48.906551],[-95.110393,48.908079],[-95.10916,48.908729],[-95.106556,48.910607],[-95.103958,48.912067],[-95.100679,48.914644],[-95.099745,48.914876],[-95.097955,48.915824],[-95.097141,48.916979],[-95.097068,48.917612],[-95.096542,48.91764],[-95.095818,48.918289],[-95.0914,48.920881],[-95.091074,48.886904],[-95.091107,48.857984],[-95.090556,48.814502],[-95.09058,48.771003],[-95.089869,48.713041],[-95.104469,48.712917],[-95.125253,48.713117],[-95.147946,48.712939],[-95.211331,48.713142],[-95.342703,48.713039],[-95.342741,48.684809],[-95.342514,48.67039],[-95.342644,48.641342],[-95.342492,48.612691],[-95.342627,48.59788],[-95.342459,48.583455],[-95.342444,48.554592],[-95.342647,48.540165],[-95.253751,48.539826],[-95.21207,48.539975],[-95.211248,48.510824],[-95.211055,48.467241],[-95.211325,48.424373],[-95.211018,48.379773],[-95.211281,48.374975],[-95.210733,48.365944],[-95.101925,48.366236],[-95.055575,48.366577],[-94.926488,48.366617],[-94.906623,48.366504],[-94.819905,48.366905],[-94.711613,48.366833],[-94.689643,48.367088],[-94.596952,48.367453],[-94.533676,48.367273],[-94.428683,48.36755],[-94.429345,48.40343],[-94.429045,48.447099],[-94.429456,48.461629],[-94.429914,48.468826],[-94.429881,48.483148],[-94.430317,48.499985],[-94.430199,48.533668],[-94.429149,48.569585],[-94.4289,48.584242],[-94.428941,48.5987],[-94.429847,48.641965],[-94.430207,48.670734],[-94.42999,48.701138]]]}},{"type":"Feature","properties":{"name":"Le Sueur","gnisId":659485,"fipsCode":"079","countyCode":"27079"},"geometry":{"type":"Polygon","coordinates":[[[-93.524172,44.543638],[-93.573405,44.543584],[-93.645793,44.5439],[-93.686602,44.543777],[-93.72708,44.543296],[-93.869568,44.543057],[-93.910562,44.543224],[-93.910456,44.542346],[-93.910696,44.541394],[-93.912065,44.53875],[-93.911761,44.53793],[-93.910793,44.537546],[-93.909579,44.537554],[-93.905129,44.538537],[-93.903294,44.538685],[-93.902233,44.538355],[-93.901253,44.53752],[-93.900727,44.536508],[-93.90044,44.535281],[-93.901668,44.531974],[-93.901694,44.530985],[-93.901378,44.530076],[-93.900361,44.529405],[-93.897996,44.528299],[-93.89598,44.526903],[-93.894925,44.526418],[-93.893457,44.526244],[-93.889202,44.527],[-93.888295,44.52664],[-93.887639,44.52579],[-93.885447,44.519803],[-93.885333,44.518855],[-93.885447,44.517977],[-93.887338,44.515719],[-93.887772,44.514507],[-93.88795,44.510617],[-93.887781,44.509513],[-93.88745,44.508626],[-93.887347,44.507392],[-93.887529,44.504514],[-93.888165,44.503989],[-93.889662,44.503812],[-93.892608,44.503853],[-93.893535,44.503729],[-93.894493,44.503305],[-93.894749,44.502974],[-93.894693,44.502478],[-93.894228,44.502204],[-93.891992,44.501694],[-93.891407,44.501352],[-93.89094,44.500781],[-93.890452,44.499975],[-93.89013,44.498885],[-93.890113,44.497995],[-93.89037,44.49733],[-93.891263,44.495848],[-93.891625,44.495601],[-93.893179,44.495325],[-93.894719,44.494647],[-93.895114,44.494076],[-93.895179,44.492235],[-93.895515,44.491427],[-93.896002,44.490906],[-93.896696,44.49049],[-93.899442,44.489875],[-93.902643,44.488772],[-93.90356,44.488324],[-93.904093,44.487737],[-93.904498,44.486962],[-93.904633,44.486177],[-93.90418,44.483537],[-93.904193,44.482718],[-93.904813,44.48035],[-93.904848,44.47969],[-93.905555,44.478284],[-93.906205,44.476169],[-93.907615,44.472731],[-93.908194,44.472193],[-93.909889,44.471334],[-93.910926,44.471128],[-93.913552,44.471194],[-93.915123,44.471731],[-93.919817,44.473946],[-93.921152,44.474174],[-93.922459,44.473869],[-93.923538,44.473168],[-93.926068,44.471068],[-93.927599,44.46929],[-93.928443,44.468021],[-93.928391,44.467692],[-93.926696,44.467276],[-93.924229,44.467749],[-93.922894,44.467641],[-93.921422,44.467165],[-93.920443,44.466624],[-93.918373,44.464773],[-93.91716,44.463341],[-93.916819,44.462609],[-93.917321,44.462087],[-93.91806,44.461754],[-93.919127,44.46175],[-93.922393,44.46256],[-93.923358,44.463019],[-93.923865,44.462965],[-93.924005,44.462619],[-93.923647,44.462035],[-93.922188,44.460828],[-93.922092,44.460014],[-93.922812,44.458993],[-93.923759,44.458424],[-93.92505,44.458228],[-93.927267,44.458552],[-93.928451,44.458313],[-93.930144,44.458943],[-93.93085,44.458988],[-93.931611,44.458748],[-93.932113,44.458287],[-93.932078,44.457628],[-93.931505,44.457027],[-93.930671,44.456736],[-93.929197,44.456566],[-93.928876,44.45634],[-93.928106,44.455327],[-93.927598,44.454276],[-93.927892,44.453283],[-93.929034,44.452756],[-93.932436,44.452549],[-93.93343,44.45188],[-93.93394,44.451249],[-93.93402,44.450633],[-93.933051,44.44951],[-93.930065,44.448228],[-93.929026,44.447363],[-93.928054,44.445348],[-93.928028,44.444656],[-93.929926,44.441444],[-93.930722,44.438955],[-93.931617,44.436791],[-93.93303,44.435073],[-93.933279,44.434529],[-93.933533,44.432908],[-93.933547,44.428982],[-93.933922,44.42773],[-93.934747,44.425598],[-93.936033,44.42338],[-93.938088,44.420668],[-93.938416,44.419696],[-93.938393,44.418217],[-93.938621,44.417178],[-93.94001,44.41269],[-93.940642,44.412257],[-93.941731,44.412275],[-93.944405,44.412726],[-93.946067,44.413257],[-93.947295,44.413226],[-93.948954,44.412751],[-93.954424,44.409573],[-93.954527,44.408908],[-93.9543,44.408347],[-93.953266,44.407993],[-93.952163,44.407837],[-93.951329,44.407357],[-93.950363,44.4058],[-93.949821,44.402297],[-93.949231,44.400811],[-93.949117,44.399084],[-93.949093,44.396418],[-93.950181,44.393567],[-93.951074,44.392821],[-93.951866,44.392537],[-93.953914,44.392304],[-93.955504,44.391856],[-93.956585,44.391842],[-93.963605,44.392685],[-93.964826,44.392225],[-93.96549,44.391248],[-93.965903,44.390039],[-93.965699,44.389467],[-93.96511,44.389076],[-93.962259,44.390417],[-93.959841,44.390968],[-93.958882,44.390961],[-93.956178,44.390445],[-93.955183,44.390003],[-93.954069,44.389072],[-93.953444,44.388246],[-93.952397,44.386177],[-93.952479,44.385127],[-93.952813,44.384176],[-93.953145,44.383781],[-93.953574,44.383793],[-93.954523,44.384235],[-93.956709,44.385531],[-93.957582,44.385703],[-93.958564,44.385666],[-93.962775,44.383805],[-93.963361,44.383064],[-93.963404,44.382091],[-93.96291,44.381298],[-93.962246,44.380665],[-93.961404,44.380289],[-93.958654,44.379872],[-93.957232,44.379237],[-93.956446,44.378383],[-93.955712,44.376623],[-93.955066,44.375522],[-93.955204,44.374437],[-93.955555,44.373861],[-93.95649,44.373134],[-93.962296,44.370587],[-93.962684,44.370149],[-93.96178,44.367967],[-93.961817,44.366735],[-93.962087,44.365867],[-93.962102,44.36513],[-93.96151,44.363961],[-93.960935,44.36326],[-93.96034,44.362998],[-93.959059,44.363174],[-93.957611,44.363101],[-93.955656,44.366045],[-93.954785,44.366492],[-93.953436,44.366585],[-93.952614,44.366014],[-93.95237,44.365188],[-93.952856,44.364239],[-93.956492,44.361797],[-93.956804,44.361293],[-93.956729,44.360418],[-93.956122,44.359166],[-93.954576,44.35763],[-93.953049,44.356445],[-93.952156,44.356128],[-93.948247,44.355619],[-93.945391,44.355457],[-93.94403,44.35517],[-93.942749,44.354657],[-93.938854,44.35219],[-93.936812,44.350547],[-93.935411,44.348444],[-93.932761,44.345004],[-93.932692,44.344371],[-93.933898,44.343392],[-93.934918,44.341929],[-93.936965,44.341746],[-93.938541,44.341925],[-93.93887,44.342652],[-93.938145,44.343705],[-93.938099,44.345085],[-93.940246,44.346289],[-93.94187,44.346292],[-93.943705,44.34585],[-93.94504,44.345015],[-93.946399,44.343355],[-93.947357,44.341918],[-93.947259,44.341032],[-93.945515,44.339313],[-93.945392,44.338806],[-93.9455,44.338092],[-93.945161,44.33688],[-93.943144,44.334389],[-93.942695,44.333501],[-93.942938,44.332518],[-93.944031,44.331027],[-93.944671,44.330662],[-93.947712,44.330618],[-93.949131,44.330263],[-93.949719,44.329872],[-93.951046,44.328229],[-93.95158,44.326306],[-93.952944,44.325156],[-93.952968,44.324613],[-93.952592,44.324127],[-93.951006,44.322849],[-93.95045,44.321889],[-93.950467,44.321042],[-93.950794,44.320565],[-93.953422,44.318162],[-93.954734,44.316385],[-93.957724,44.310653],[-93.959951,44.307198],[-93.96162,44.307116],[-93.964426,44.307285],[-93.966565,44.306913],[-93.968873,44.305542],[-93.970755,44.304138],[-93.97304,44.300863],[-93.974486,44.299799],[-93.975512,44.299339],[-93.976807,44.299224],[-93.98021,44.299644],[-93.981419,44.299503],[-93.982643,44.29889],[-93.983493,44.298061],[-93.98501,44.297177],[-93.987942,44.296349],[-93.990608,44.296102],[-93.991394,44.295633],[-93.991246,44.295131],[-93.990558,44.294281],[-93.990063,44.2933],[-93.990057,44.292475],[-93.990399,44.291915],[-93.99267,44.290578],[-93.993805,44.28962],[-93.99445,44.288721],[-93.995993,44.28524],[-93.996774,44.282219],[-93.997627,44.280358],[-93.997897,44.279336],[-93.998338,44.278837],[-94.000261,44.278625],[-94.003138,44.278921],[-94.004583,44.278879],[-94.005993,44.278635],[-94.008584,44.277675],[-94.01038,44.276805],[-94.012996,44.274306],[-94.013414,44.273323],[-94.013439,44.272603],[-94.013096,44.271809],[-94.011627,44.269702],[-94.009965,44.269141],[-94.009217,44.268385],[-94.009047,44.266985],[-94.00875,44.266246],[-94.00871,44.26573],[-94.008941,44.265397],[-94.009444,44.265329],[-94.009995,44.265744],[-94.010619,44.266837],[-94.011426,44.267049],[-94.01238,44.266941],[-94.013206,44.266548],[-94.01394,44.264897],[-94.014694,44.264296],[-94.016128,44.263694],[-94.018959,44.262962],[-94.020392,44.262299],[-94.024123,44.259409],[-94.025279,44.258265],[-94.025502,44.257488],[-94.025304,44.256715],[-94.024811,44.25611],[-94.023903,44.255756],[-94.02276,44.255982],[-94.018524,44.258036],[-94.017361,44.257976],[-94.015837,44.257392],[-94.014877,44.256742],[-94.013453,44.255382],[-94.011048,44.253471],[-94.0092,44.251467],[-94.008625,44.249975],[-94.008381,44.248049],[-94.008487,44.247543],[-94.009385,44.246364],[-94.009805,44.246127],[-94.010332,44.246159],[-94.01142,44.246801],[-94.013559,44.248425],[-94.014577,44.248616],[-94.01502,44.248494],[-94.015706,44.247975],[-94.016984,44.246164],[-94.018188,44.244897],[-94.022183,44.241672],[-94.022395,44.24127],[-94.022079,44.240435],[-94.021068,44.239892],[-94.019362,44.239527],[-94.018177,44.239628],[-94.016597,44.240274],[-94.015091,44.240404],[-94.012392,44.240161],[-94.012016,44.239947],[-94.011778,44.239497],[-93.989344,44.239712],[-93.949146,44.239377],[-93.929015,44.239816],[-93.848602,44.239295],[-93.76803,44.239324],[-93.768047,44.210431],[-93.767697,44.195918],[-93.73439,44.196157],[-93.673309,44.196012],[-93.627225,44.196266],[-93.607264,44.195913],[-93.572225,44.196122],[-93.525554,44.196133],[-93.52505,44.236496],[-93.525324,44.282838],[-93.525298,44.311935],[-93.525001,44.326511],[-93.524926,44.3411],[-93.524583,44.355709],[-93.524667,44.442701],[-93.524298,44.515153],[-93.524453,44.529687],[-93.524172,44.543638]]]}},{"type":"Feature","properties":{"name":"Lincoln","gnisId":659486,"fipsCode":"081","countyCode":"27081"},"geometry":{"type":"Polygon","coordinates":[[[-96.092917,44.630522],[-96.125343,44.630872],[-96.195864,44.631254],[-96.235791,44.631246],[-96.316944,44.630707],[-96.375349,44.630987],[-96.409118,44.630968],[-96.451682,44.631258],[-96.451642,44.558549],[-96.45197,44.527945],[-96.451984,44.429779],[-96.452217,44.415357],[-96.452222,44.369375],[-96.452483,44.325865],[-96.452386,44.29856],[-96.452579,44.268615],[-96.452535,44.240019],[-96.452824,44.19695],[-96.308163,44.197459],[-96.250341,44.197515],[-96.179791,44.19705],[-96.078521,44.196673],[-96.079282,44.283955],[-96.079158,44.342352],[-96.079383,44.371545],[-96.079404,44.429982],[-96.079945,44.459168],[-96.080043,44.503017],[-96.080408,44.543616],[-96.093115,44.543783],[-96.093125,44.586906],[-96.093576,44.601458],[-96.093071,44.61597],[-96.092917,44.630522]]]}},{"type":"Feature","properties":{"name":"Martin","gnisId":659490,"fipsCode":"091","countyCode":"27091"},"geometry":{"type":"Polygon","coordinates":[[[-94.369037,43.848011],[-94.469175,43.847954],[-94.512593,43.848148],[-94.625281,43.848213],[-94.819419,43.848236],[-94.854448,43.848121],[-94.854608,43.790501],[-94.854578,43.588034],[-94.854808,43.544292],[-94.854604,43.529839],[-94.854543,43.500928],[-94.750288,43.501051],[-94.542565,43.50047],[-94.247979,43.500155],[-94.248068,43.558053],[-94.247871,43.659243],[-94.248113,43.68813],[-94.248045,43.746096],[-94.247683,43.760439],[-94.247559,43.775022],[-94.247524,43.818514],[-94.247261,43.847896],[-94.369037,43.848011]]]}},{"type":"Feature","properties":{"name":"McLeod","gnisId":659491,"fipsCode":"085","countyCode":"27085"},"geometry":{"type":"Polygon","coordinates":[[[-94.25604,44.979426],[-94.297045,44.979503],[-94.37882,44.978748],[-94.4399,44.979134],[-94.501879,44.979815],[-94.50185,44.965209],[-94.502211,44.936068],[-94.502381,44.892315],[-94.497733,44.892333],[-94.498128,44.874966],[-94.497962,44.863395],[-94.497839,44.819703],[-94.498115,44.761104],[-94.49782,44.673471],[-94.497918,44.629915],[-94.457529,44.629963],[-94.336121,44.630683],[-94.315882,44.630406],[-94.275232,44.630444],[-94.254807,44.630237],[-94.253808,44.688474],[-94.254033,44.703124],[-94.25389,44.717737],[-94.213484,44.717957],[-94.173019,44.717805],[-94.15263,44.717905],[-94.125281,44.717391],[-94.010498,44.717533],[-94.010011,44.796802],[-94.009991,44.89167],[-94.012565,44.89171],[-94.012282,44.898824],[-94.012364,44.978536],[-94.195456,44.978953],[-94.25604,44.979426]]]}},{"type":"Feature","properties":{"name":"Meeker","gnisId":659492,"fipsCode":"093","countyCode":"27093"},"geometry":{"type":"Polygon","coordinates":[[[-94.261169,45.283963],[-94.281849,45.283293],[-94.322914,45.283034],[-94.364042,45.282337],[-94.383473,45.282763],[-94.383376,45.311909],[-94.383647,45.326626],[-94.424145,45.32611],[-94.494712,45.325889],[-94.526078,45.326159],[-94.591085,45.325572],[-94.608898,45.325676],[-94.640161,45.32555],[-94.696239,45.326053],[-94.722376,45.326087],[-94.742792,45.325856],[-94.763181,45.326097],[-94.763552,45.249972],[-94.763453,45.239029],[-94.757579,45.239032],[-94.75745,45.182324],[-94.757076,45.153373],[-94.757226,45.138909],[-94.757006,45.066333],[-94.757615,44.993806],[-94.758094,44.892118],[-94.630232,44.891888],[-94.502381,44.892315],[-94.502211,44.936068],[-94.50185,44.965209],[-94.501879,44.979815],[-94.4399,44.979134],[-94.37882,44.978748],[-94.297045,44.979503],[-94.25604,44.979426],[-94.25622,45.049686],[-94.255978,45.08078],[-94.256089,45.094998],[-94.255719,45.181529],[-94.255828,45.210384],[-94.256434,45.22403],[-94.256814,45.239297],[-94.260423,45.239276],[-94.261169,45.283963]]]}},{"type":"Feature","properties":{"name":"Mille Lacs","gnisId":659493,"fipsCode":"095","countyCode":"27095"},"geometry":{"type":"Polygon","coordinates":[[[-93.431869,46.154169],[-93.430369,46.160979],[-93.429697,46.182579],[-93.430749,46.246162],[-93.440721,46.246136],[-93.451705,46.246885],[-93.493306,46.246815],[-93.528871,46.247162],[-93.796327,46.243123],[-93.810856,46.243161],[-93.810317,46.199452],[-93.810448,46.185244],[-93.810264,46.15656],[-93.810413,46.142193],[-93.809962,46.05495],[-93.810427,46.02614],[-93.810347,45.983038],[-93.78996,45.982629],[-93.768898,45.982587],[-93.767928,45.95304],[-93.768502,45.938518],[-93.76862,45.924135],[-93.768264,45.909649],[-93.766696,45.874976],[-93.763593,45.822151],[-93.762525,45.793232],[-93.76182,45.764171],[-93.762287,45.735303],[-93.761805,45.706625],[-93.760748,45.663216],[-93.759335,45.559635],[-93.717651,45.559592],[-93.697007,45.559818],[-93.655435,45.559753],[-93.614254,45.559277],[-93.541803,45.558795],[-93.531518,45.558915],[-93.510718,45.558745],[-93.51134,45.57327],[-93.511708,45.588028],[-93.512787,45.64516],[-93.512612,45.67411],[-93.512109,45.688431],[-93.51199,45.702884],[-93.512279,45.717398],[-93.513636,45.734355],[-93.514213,45.763607],[-93.514734,45.778293],[-93.515701,45.793141],[-93.516824,45.821205],[-93.517334,45.850535],[-93.518199,45.874976],[-93.518242,45.922482],[-93.518979,45.951274],[-93.518939,45.965728],[-93.518133,45.981791],[-93.473612,45.982116],[-93.432527,45.981484],[-93.432803,46.010553],[-93.432792,46.053593],[-93.432434,46.068102],[-93.432475,46.096838],[-93.431869,46.154169]]]}},{"type":"Feature","properties":{"name":"Morrison","gnisId":659494,"fipsCode":"097","countyCode":"27097"},"geometry":{"type":"Polygon","coordinates":[[[-94.341646,46.277751],[-94.344015,46.276719],[-94.34604,46.276573],[-94.347328,46.276989],[-94.349724,46.278244],[-94.350521,46.279247],[-94.350577,46.279864],[-94.350429,46.280232],[-94.349602,46.281052],[-94.348951,46.282476],[-94.348611,46.282852],[-94.347435,46.283577],[-94.345167,46.284763],[-94.343954,46.285961],[-94.343615,46.287038],[-94.343704,46.288101],[-94.345097,46.289664],[-94.346157,46.291186],[-94.347007,46.291786],[-94.348127,46.292306],[-94.349078,46.29305],[-94.349959,46.294923],[-94.350311,46.295328],[-94.353367,46.296565],[-94.355191,46.297971],[-94.358442,46.298868],[-94.360692,46.299836],[-94.362418,46.300177],[-94.363778,46.299971],[-94.365061,46.299572],[-94.367821,46.29845],[-94.370089,46.297314],[-94.371202,46.297134],[-94.371923,46.297271],[-94.373073,46.29795],[-94.373378,46.29831],[-94.374099,46.300386],[-94.374201,46.301168],[-94.374519,46.301743],[-94.37742,46.304095],[-94.378518,46.305471],[-94.380109,46.308379],[-94.381004,46.309307],[-94.38185,46.30962],[-94.382575,46.30932],[-94.383007,46.30887],[-94.383641,46.306385],[-94.384005,46.305627],[-94.384718,46.304926],[-94.38749,46.303634],[-94.38873,46.303331],[-94.389999,46.303435],[-94.390693,46.303824],[-94.391266,46.304487],[-94.391458,46.30517],[-94.391357,46.305764],[-94.39093,46.306505],[-94.390397,46.306935],[-94.388291,46.308024],[-94.387309,46.308702],[-94.386841,46.309493],[-94.38692,46.310418],[-94.387547,46.311241],[-94.38876,46.312149],[-94.389677,46.312505],[-94.395424,46.313048],[-94.397812,46.313917],[-94.3989,46.314687],[-94.399736,46.316077],[-94.400081,46.317428],[-94.39993,46.319155],[-94.400043,46.319827],[-94.401043,46.320751],[-94.402946,46.321761],[-94.404899,46.322496],[-94.407141,46.322973],[-94.409282,46.323946],[-94.410055,46.324455],[-94.411613,46.32504],[-94.415843,46.325916],[-94.418373,46.327011],[-94.422867,46.327602],[-94.423539,46.327891],[-94.424009,46.32857],[-94.423689,46.329884],[-94.423869,46.331074],[-94.424309,46.331566],[-94.425329,46.332043],[-94.427706,46.332433],[-94.430222,46.332426],[-94.431487,46.332052],[-94.433392,46.33103],[-94.43504,46.330458],[-94.440712,46.331675],[-94.443679,46.331847],[-94.445561,46.331716],[-94.449356,46.330454],[-94.451946,46.328213],[-94.453059,46.327892],[-94.453709,46.327944],[-94.454697,46.328537],[-94.456385,46.330762],[-94.45693,46.331094],[-94.458054,46.33144],[-94.458823,46.331503],[-94.460429,46.331234],[-94.461171,46.330714],[-94.462663,46.32865],[-94.465332,46.326271],[-94.466774,46.323469],[-94.467558,46.322635],[-94.46814,46.322334],[-94.473946,46.320523],[-94.47571,46.32026],[-94.4764,46.320284],[-94.477571,46.320674],[-94.479024,46.321532],[-94.479697,46.321738],[-94.480443,46.321719],[-94.48108,46.321473],[-94.482113,46.320255],[-94.482229,46.319545],[-94.482112,46.318207],[-94.482359,46.317074],[-94.482672,46.316608],[-94.483733,46.315852],[-94.484473,46.315541],[-94.485482,46.31533],[-94.488148,46.314255],[-94.489587,46.313852],[-94.491237,46.313858],[-94.495243,46.315017],[-94.497677,46.315119],[-94.499195,46.314739],[-94.50117,46.31374],[-94.502338,46.313488],[-94.50621,46.313323],[-94.507316,46.313121],[-94.508206,46.312367],[-94.509616,46.310184],[-94.510302,46.309541],[-94.511962,46.308467],[-94.512735,46.308235],[-94.513305,46.308246],[-94.517141,46.308959],[-94.522015,46.307864],[-94.524423,46.306947],[-94.527135,46.30538],[-94.528769,46.304618],[-94.530657,46.30341],[-94.53215,46.302765],[-94.533094,46.3024],[-94.534883,46.302318],[-94.537949,46.303115],[-94.540295,46.303171],[-94.54232,46.303417],[-94.545744,46.305145],[-94.548258,46.306924],[-94.549917,46.30752],[-94.550862,46.307621],[-94.55424,46.30691],[-94.555412,46.306883],[-94.55686,46.307183],[-94.557438,46.307579],[-94.557691,46.307977],[-94.557759,46.309032],[-94.55837,46.310328],[-94.559282,46.311616],[-94.560109,46.312186],[-94.561242,46.312588],[-94.564491,46.312976],[-94.568098,46.314289],[-94.571276,46.315117],[-94.573878,46.316066],[-94.57613,46.31815],[-94.578645,46.319517],[-94.580203,46.320579],[-94.582265,46.322681],[-94.58575,46.324533],[-94.588774,46.325544],[-94.593193,46.326541],[-94.595344,46.326713],[-94.598854,46.326626],[-94.599619,46.326822],[-94.600514,46.32717],[-94.60278,46.329534],[-94.604155,46.330087],[-94.604806,46.330174],[-94.606245,46.329946],[-94.608342,46.328959],[-94.609035,46.328332],[-94.61,46.326669],[-94.610443,46.326231],[-94.611502,46.325276],[-94.612664,46.324727],[-94.614985,46.324617],[-94.616741,46.325232],[-94.617274,46.326106],[-94.617506,46.327406],[-94.618188,46.327839],[-94.619366,46.327646],[-94.621425,46.326391],[-94.622283,46.326487],[-94.623285,46.327422],[-94.624546,46.329789],[-94.624944,46.330274],[-94.626731,46.331951],[-94.629013,46.333757],[-94.631964,46.33661],[-94.633254,46.337437],[-94.63447,46.339736],[-94.636416,46.341315],[-94.637199,46.341754],[-94.63769,46.341786],[-94.639484,46.341708],[-94.64143,46.341371],[-94.642941,46.341406],[-94.644143,46.341795],[-94.645337,46.342585],[-94.651377,46.347504],[-94.653384,46.348723],[-94.653408,46.326059],[-94.65312,46.311494],[-94.65235,46.296877],[-94.652947,46.28243],[-94.647654,46.282477],[-94.647709,46.249979],[-94.647472,46.195161],[-94.647701,46.180624],[-94.647685,46.166095],[-94.64747,46.151463],[-94.647752,46.136865],[-94.647957,46.093308],[-94.647851,46.049645],[-94.64817,46.020473],[-94.648034,45.991311],[-94.648315,45.96204],[-94.64883,45.932923],[-94.643624,45.932866],[-94.643535,45.911174],[-94.643736,45.874839],[-94.643669,45.860253],[-94.643864,45.845758],[-94.643829,45.816892],[-94.644024,45.803244],[-94.643955,45.773971],[-94.575389,45.774305],[-94.554772,45.773974],[-94.534035,45.774515],[-94.513352,45.77445],[-94.471299,45.775277],[-94.45038,45.775397],[-94.408923,45.775246],[-94.305339,45.775238],[-94.271717,45.775065],[-94.273334,45.776324],[-94.277182,45.777284],[-94.28292,45.779963],[-94.285239,45.780383],[-94.287608,45.780407],[-94.289299,45.780771],[-94.294621,45.783363],[-94.299093,45.784638],[-94.305246,45.785457],[-94.307363,45.786493],[-94.312267,45.791113],[-94.31305,45.792124],[-94.313521,45.793252],[-94.313752,45.794591],[-94.313335,45.796724],[-94.312838,45.798193],[-94.312866,45.799049],[-94.313126,45.79969],[-94.313763,45.800378],[-94.314879,45.801074],[-94.315619,45.801223],[-94.316668,45.801096],[-94.318625,45.800232],[-94.321429,45.798266],[-94.322287,45.797887],[-94.323281,45.797738],[-94.325231,45.798022],[-94.327358,45.798657],[-94.328196,45.799074],[-94.3294,45.799901],[-94.330823,45.801205],[-94.334218,45.802676],[-94.335201,45.803324],[-94.344577,45.811329],[-94.350787,45.8179],[-94.352272,45.820153],[-94.35286,45.822035],[-94.325243,45.822412],[-94.219582,45.823058],[-94.177443,45.823493],[-94.115454,45.82332],[-94.094393,45.823568],[-94.052327,45.823576],[-94.010623,45.823943],[-93.990521,45.824279],[-93.948509,45.824001],[-93.885969,45.823117],[-93.866968,45.822517],[-93.846242,45.822491],[-93.804775,45.821944],[-93.783941,45.822176],[-93.763593,45.822151],[-93.766696,45.874976],[-93.768264,45.909649],[-93.76862,45.924135],[-93.768502,45.938518],[-93.767928,45.95304],[-93.768898,45.982587],[-93.78996,45.982629],[-93.810347,45.983038],[-93.810427,46.02614],[-93.809962,46.05495],[-93.810413,46.142193],[-93.810264,46.15656],[-93.851656,46.156527],[-93.892887,46.156813],[-93.936602,46.156567],[-94.083173,46.156357],[-94.103818,46.156028],[-94.145433,46.155973],[-94.188472,46.156973],[-94.229699,46.157021],[-94.270925,46.157422],[-94.334934,46.157029],[-94.374587,46.157138],[-94.37494,46.158491],[-94.374706,46.159046],[-94.371687,46.162787],[-94.370935,46.164073],[-94.370978,46.164886],[-94.371935,46.168338],[-94.372138,46.169881],[-94.371986,46.173451],[-94.371775,46.174214],[-94.37081,46.175298],[-94.366483,46.177026],[-94.36566,46.17822],[-94.365567,46.178879],[-94.365767,46.17951],[-94.367175,46.181149],[-94.370732,46.184293],[-94.372592,46.186409],[-94.373733,46.18818],[-94.374029,46.189272],[-94.374258,46.189502],[-94.379593,46.194022],[-94.380703,46.194695],[-94.385271,46.196847],[-94.386244,46.197964],[-94.386487,46.198556],[-94.386543,46.200424],[-94.387149,46.202778],[-94.387623,46.203599],[-94.389241,46.205218],[-94.392033,46.206699],[-94.393464,46.207726],[-94.395239,46.210058],[-94.395708,46.211193],[-94.395823,46.213395],[-94.394941,46.217811],[-94.395017,46.221678],[-94.39466,46.224872],[-94.394519,46.22835],[-94.394344,46.229114],[-94.394081,46.229665],[-94.3933,46.230547],[-94.390193,46.23199],[-94.389267,46.232643],[-94.389011,46.233083],[-94.388977,46.233743],[-94.38907,46.234396],[-94.38957,46.23552],[-94.389516,46.236515],[-94.388693,46.238035],[-94.387729,46.238858],[-94.386354,46.239617],[-94.384495,46.240257],[-94.383351,46.240433],[-94.381217,46.240327],[-94.37971,46.240482],[-94.374902,46.242191],[-94.372555,46.243459],[-94.371123,46.244434],[-94.370242,46.245287],[-94.369018,46.246981],[-94.366382,46.249194],[-94.363431,46.252066],[-94.35999,46.25371],[-94.357232,46.254013],[-94.355502,46.254763],[-94.354794,46.25552],[-94.354102,46.25663],[-94.353355,46.25867],[-94.353445,46.259503],[-94.354296,46.261028],[-94.35488,46.261509],[-94.355538,46.262789],[-94.355078,46.263797],[-94.354653,46.264315],[-94.35045,46.267299],[-94.347555,46.268311],[-94.342045,46.268954],[-94.340999,46.26925],[-94.340049,46.269822],[-94.339127,46.270902],[-94.338242,46.272703],[-94.337753,46.274239],[-94.337712,46.274933],[-94.33856,46.276249],[-94.341646,46.277751]]]}},{"type":"Feature","properties":{"name":"Mower","gnisId":659495,"fipsCode":"099","countyCode":"27099"},"geometry":{"type":"Polygon","coordinates":[[[-92.689519,43.848578],[-92.879245,43.848804],[-92.985379,43.84839],[-93.049598,43.848426],[-93.049499,43.746484],[-93.049233,43.688324],[-93.049475,43.630149],[-93.049287,43.5578],[-93.049426,43.499709],[-92.908362,43.499769],[-92.808747,43.500049],[-92.688762,43.500083],[-92.568914,43.500331],[-92.508954,43.500225],[-92.449059,43.500426],[-92.449451,43.558428],[-92.44939,43.601899],[-92.449703,43.659917],[-92.449546,43.703502],[-92.448974,43.761427],[-92.44905,43.834166],[-92.489183,43.834119],[-92.509314,43.83392],[-92.549586,43.834159],[-92.589549,43.833889],[-92.629727,43.834034],[-92.689315,43.833844],[-92.689519,43.848578]]]}},{"type":"Feature","properties":{"name":"Murray","gnisId":659496,"fipsCode":"101","countyCode":"27101"},"geometry":{"type":"Polygon","coordinates":[[[-95.593537,44.195591],[-95.642858,44.19505],[-95.703316,44.195775],[-95.754818,44.196132],[-95.876157,44.196351],[-95.916643,44.196265],[-95.9835,44.196391],[-96.003271,44.196586],[-96.037973,44.19632],[-96.063825,44.196488],[-96.063797,44.167815],[-96.064389,44.022734],[-96.064074,43.921465],[-96.064295,43.877929],[-96.064609,43.849069],[-96.01286,43.849065],[-95.952744,43.848753],[-95.924233,43.848999],[-95.904154,43.848563],[-95.892579,43.848488],[-95.803844,43.848371],[-95.792615,43.848218],[-95.763849,43.848196],[-95.750314,43.848],[-95.732659,43.848216],[-95.712533,43.848242],[-95.69236,43.848039],[-95.462458,43.847934],[-95.462529,43.876797],[-95.462316,43.978501],[-95.462433,44.021982],[-95.46226,44.036478],[-95.46221,44.079781],[-95.462522,44.123319],[-95.462393,44.137865],[-95.46262,44.181468],[-95.462542,44.195976],[-95.512801,44.195541],[-95.563474,44.195446],[-95.593537,44.195591]]]}},{"type":"Feature","properties":{"name":"Nicollet","gnisId":659497,"fipsCode":"103","countyCode":"27103"},"geometry":{"type":"Polygon","coordinates":[[[-93.930671,44.456736],[-94.029323,44.456636],[-94.110194,44.456842],[-94.150258,44.456468],[-94.170601,44.456644],[-94.250277,44.456574],[-94.351678,44.456718],[-94.452146,44.456327],[-94.500287,44.456456],[-94.552868,44.455918],[-94.624255,44.455949],[-94.725435,44.456321],[-94.765123,44.45624],[-94.780335,44.456055],[-94.779829,44.454645],[-94.780007,44.454246],[-94.780531,44.453829],[-94.781672,44.453578],[-94.783986,44.454045],[-94.78518,44.453839],[-94.785925,44.453447],[-94.786412,44.452953],[-94.786707,44.452489],[-94.786795,44.45199],[-94.786646,44.451499],[-94.785982,44.451008],[-94.783628,44.450639],[-94.779877,44.449309],[-94.776422,44.446461],[-94.775326,44.446393],[-94.772126,44.44713],[-94.769605,44.446979],[-94.767871,44.446678],[-94.767526,44.446366],[-94.767281,44.445369],[-94.767329,44.444957],[-94.76794,44.443766],[-94.767911,44.443332],[-94.767169,44.442949],[-94.765894,44.442676],[-94.762854,44.443123],[-94.762404,44.443354],[-94.76054,44.445294],[-94.758266,44.446745],[-94.754421,44.447759],[-94.752242,44.448755],[-94.749614,44.449679],[-94.748975,44.449729],[-94.747646,44.449202],[-94.746184,44.447925],[-94.745429,44.447523],[-94.739254,44.445441],[-94.737918,44.444424],[-94.737521,44.443816],[-94.736939,44.442227],[-94.736509,44.441761],[-94.736066,44.44161],[-94.732581,44.441852],[-94.731569,44.441746],[-94.73102,44.44145],[-94.730804,44.441046],[-94.730806,44.439517],[-94.730331,44.438463],[-94.729687,44.437902],[-94.727768,44.437376],[-94.72738,44.437103],[-94.727218,44.436695],[-94.727419,44.435679],[-94.727365,44.434732],[-94.727068,44.43413],[-94.726726,44.433891],[-94.722199,44.433542],[-94.721235,44.433743],[-94.717459,44.433532],[-94.713638,44.433695],[-94.709381,44.434657],[-94.706464,44.434062],[-94.705246,44.43337],[-94.703295,44.431946],[-94.701433,44.430309],[-94.699476,44.429253],[-94.698101,44.42883],[-94.695404,44.428417],[-94.694957,44.428012],[-94.694225,44.425883],[-94.694205,44.425278],[-94.694638,44.424214],[-94.695145,44.423316],[-94.696432,44.421665],[-94.697409,44.421161],[-94.699933,44.420444],[-94.700239,44.420006],[-94.700145,44.419213],[-94.699493,44.418289],[-94.699476,44.417909],[-94.699727,44.41762],[-94.702566,44.416856],[-94.702857,44.416479],[-94.702749,44.41606],[-94.702311,44.415561],[-94.698866,44.414015],[-94.698634,44.413667],[-94.698669,44.413419],[-94.698941,44.413196],[-94.700562,44.412697],[-94.701047,44.412228],[-94.701083,44.411904],[-94.700732,44.411763],[-94.700124,44.411852],[-94.698261,44.412541],[-94.697024,44.412587],[-94.696191,44.412349],[-94.695025,44.411349],[-94.694506,44.41118],[-94.693821,44.411246],[-94.693454,44.411579],[-94.693378,44.411996],[-94.693634,44.412763],[-94.695888,44.414828],[-94.696395,44.415679],[-94.696326,44.416619],[-94.695625,44.417191],[-94.694457,44.417655],[-94.693496,44.417724],[-94.689943,44.417541],[-94.688617,44.417343],[-94.688229,44.417148],[-94.68795,44.416832],[-94.687301,44.415248],[-94.685229,44.412497],[-94.684852,44.411163],[-94.684944,44.410289],[-94.685624,44.409573],[-94.687224,44.408541],[-94.688485,44.408034],[-94.691199,44.407798],[-94.69281,44.407904],[-94.693851,44.408088],[-94.696505,44.409199],[-94.696889,44.40918],[-94.697162,44.408968],[-94.697266,44.408264],[-94.696992,44.407195],[-94.695259,44.404782],[-94.694729,44.403012],[-94.694147,44.40243],[-94.693314,44.402203],[-94.692737,44.402292],[-94.691352,44.403783],[-94.689505,44.405385],[-94.688605,44.406803],[-94.688187,44.407042],[-94.687175,44.406896],[-94.685772,44.405883],[-94.685215,44.405653],[-94.684944,44.405794],[-94.684917,44.406047],[-94.68525,44.406787],[-94.684934,44.407263],[-94.683288,44.408306],[-94.681864,44.408954],[-94.679718,44.409157],[-94.676567,44.408427],[-94.674768,44.407647],[-94.673887,44.406166],[-94.673032,44.405444],[-94.670177,44.403616],[-94.669869,44.403173],[-94.669829,44.402831],[-94.670035,44.402487],[-94.673112,44.399948],[-94.674245,44.399253],[-94.677055,44.397956],[-94.677285,44.397545],[-94.677141,44.396934],[-94.676098,44.396446],[-94.672469,44.395839],[-94.668863,44.394395],[-94.666133,44.394208],[-94.665108,44.394392],[-94.663043,44.39482],[-94.662224,44.395578],[-94.661911,44.396313],[-94.661845,44.397049],[-94.66243,44.398265],[-94.66249,44.39881],[-94.662314,44.399166],[-94.661859,44.399322],[-94.659322,44.399053],[-94.658492,44.398677],[-94.657516,44.397827],[-94.656827,44.397723],[-94.656257,44.397839],[-94.655865,44.398265],[-94.655757,44.398748],[-94.65574,44.400552],[-94.655422,44.400737],[-94.655,44.400722],[-94.654438,44.400382],[-94.654088,44.399741],[-94.654044,44.399201],[-94.65447,44.395546],[-94.655511,44.393943],[-94.655558,44.393481],[-94.655218,44.393182],[-94.654529,44.393071],[-94.65341,44.393375],[-94.649944,44.395723],[-94.647117,44.397129],[-94.645913,44.397482],[-94.644322,44.39754],[-94.642146,44.397307],[-94.639602,44.396609],[-94.638209,44.395893],[-94.637604,44.394941],[-94.637726,44.394601],[-94.638083,44.394357],[-94.639986,44.393994],[-94.640618,44.393427],[-94.641588,44.39113],[-94.641659,44.390597],[-94.641382,44.390243],[-94.640991,44.390151],[-94.640321,44.390294],[-94.639445,44.390749],[-94.637322,44.391413],[-94.633795,44.392043],[-94.633042,44.392042],[-94.631248,44.391493],[-94.628165,44.391285],[-94.62721,44.390633],[-94.626462,44.38952],[-94.626218,44.387307],[-94.626851,44.385425],[-94.626962,44.384799],[-94.62681,44.384319],[-94.625286,44.383277],[-94.623203,44.382265],[-94.621506,44.382201],[-94.62088,44.382415],[-94.61976,44.383606],[-94.618992,44.384118],[-94.617171,44.385045],[-94.615856,44.385419],[-94.613616,44.385441],[-94.609696,44.384954],[-94.607669,44.384859],[-94.60674,44.384866],[-94.602135,44.385935],[-94.599533,44.385851],[-94.597256,44.385428],[-94.59637,44.385154],[-94.595417,44.38449],[-94.594011,44.382553],[-94.593734,44.381938],[-94.593618,44.380668],[-94.59321,44.379346],[-94.593526,44.378348],[-94.593483,44.377963],[-94.593331,44.377485],[-94.592912,44.377114],[-94.592125,44.376768],[-94.591402,44.376658],[-94.589185,44.377219],[-94.587979,44.377123],[-94.587476,44.376786],[-94.587107,44.376145],[-94.587173,44.375363],[-94.587547,44.374512],[-94.587433,44.374032],[-94.587099,44.373831],[-94.58656,44.373925],[-94.585969,44.374299],[-94.585381,44.37498],[-94.584278,44.377503],[-94.583611,44.378124],[-94.582845,44.378267],[-94.582075,44.378003],[-94.580953,44.377263],[-94.579978,44.375994],[-94.578541,44.371685],[-94.578009,44.371388],[-94.577439,44.371477],[-94.576661,44.372042],[-94.574725,44.374191],[-94.572805,44.375436],[-94.571186,44.37602],[-94.568744,44.3765],[-94.564867,44.37688],[-94.563597,44.376543],[-94.562991,44.375964],[-94.561987,44.373165],[-94.561151,44.371887],[-94.560239,44.371405],[-94.559289,44.371292],[-94.558195,44.371491],[-94.55726,44.372235],[-94.556993,44.372953],[-94.557072,44.374982],[-94.556833,44.375535],[-94.5565,44.375917],[-94.555365,44.375953],[-94.55498,44.375812],[-94.554374,44.375211],[-94.553108,44.372636],[-94.552529,44.371971],[-94.549661,44.370635],[-94.549186,44.37018],[-94.548189,44.366073],[-94.547598,44.365303],[-94.546552,44.364616],[-94.545918,44.364451],[-94.538563,44.365338],[-94.536468,44.365318],[-94.532914,44.364943],[-94.52916,44.364984],[-94.526119,44.365059],[-94.522625,44.365542],[-94.521417,44.366119],[-94.520761,44.366696],[-94.520362,44.368644],[-94.519468,44.370038],[-94.518808,44.370373],[-94.518287,44.37034],[-94.517832,44.370066],[-94.517561,44.369382],[-94.517478,44.368165],[-94.517786,44.366936],[-94.519493,44.363994],[-94.520168,44.362076],[-94.520427,44.360197],[-94.520207,44.359695],[-94.517448,44.35793],[-94.515097,44.35728],[-94.513537,44.356583],[-94.509748,44.35533],[-94.507935,44.355059],[-94.506374,44.355182],[-94.505384,44.355584],[-94.503024,44.357349],[-94.502251,44.357611],[-94.501891,44.357574],[-94.501544,44.357301],[-94.501362,44.356815],[-94.501673,44.355806],[-94.502812,44.3537],[-94.502572,44.353065],[-94.502045,44.352554],[-94.501352,44.352294],[-94.500281,44.35219],[-94.498814,44.352456],[-94.496609,44.353801],[-94.496249,44.354394],[-94.496284,44.355148],[-94.496702,44.355673],[-94.499162,44.357709],[-94.499899,44.35857],[-94.500036,44.359238],[-94.499743,44.360118],[-94.498913,44.360988],[-94.498109,44.361561],[-94.497363,44.361806],[-94.496321,44.361759],[-94.494061,44.360986],[-94.491586,44.359801],[-94.490913,44.359305],[-94.490527,44.358726],[-94.491552,44.355643],[-94.491529,44.352469],[-94.491296,44.351271],[-94.49066,44.35066],[-94.490164,44.350436],[-94.486603,44.349996],[-94.48494,44.349252],[-94.483826,44.348146],[-94.483569,44.347476],[-94.483315,44.345847],[-94.483105,44.345383],[-94.482576,44.344944],[-94.481528,44.344446],[-94.479661,44.344013],[-94.476672,44.344217],[-94.475643,44.344075],[-94.474845,44.34376],[-94.474429,44.343373],[-94.473469,44.341463],[-94.472726,44.340659],[-94.468457,44.337766],[-94.46693,44.336462],[-94.464687,44.334024],[-94.463844,44.333417],[-94.462703,44.332881],[-94.461446,44.332507],[-94.460268,44.332364],[-94.459606,44.332403],[-94.455375,44.333749],[-94.453563,44.33395],[-94.452693,44.333839],[-94.451732,44.333453],[-94.451278,44.332878],[-94.451078,44.331835],[-94.451261,44.32999],[-94.451613,44.328787],[-94.453485,44.325306],[-94.453648,44.324093],[-94.45327,44.323172],[-94.452967,44.322932],[-94.452097,44.322514],[-94.450845,44.32236],[-94.447328,44.323068],[-94.445217,44.323914],[-94.443949,44.32417],[-94.442603,44.323859],[-94.441869,44.322656],[-94.440931,44.319923],[-94.440799,44.318908],[-94.441247,44.317607],[-94.442123,44.316374],[-94.442867,44.315683],[-94.443757,44.315059],[-94.444896,44.314808],[-94.445951,44.314946],[-94.44695,44.315642],[-94.44783,44.317048],[-94.448538,44.320628],[-94.449087,44.321349],[-94.449809,44.321741],[-94.450908,44.321757],[-94.45199,44.321378],[-94.452842,44.320772],[-94.453148,44.319829],[-94.452734,44.318416],[-94.451927,44.316787],[-94.451009,44.315626],[-94.447769,44.31299],[-94.44445,44.309605],[-94.443421,44.30881],[-94.442412,44.308436],[-94.441441,44.308461],[-94.440592,44.308809],[-94.439441,44.309807],[-94.437854,44.311669],[-94.436756,44.312522],[-94.435889,44.312809],[-94.433333,44.312522],[-94.432444,44.312121],[-94.43178,44.311432],[-94.431545,44.310544],[-94.431613,44.309899],[-94.432202,44.308824],[-94.43284,44.308263],[-94.43426,44.307966],[-94.438761,44.308208],[-94.440194,44.308133],[-94.441381,44.307492],[-94.441583,44.307168],[-94.441529,44.306464],[-94.440423,44.305052],[-94.439438,44.30412],[-94.437566,44.30288],[-94.437028,44.302159],[-94.436532,44.30083],[-94.435492,44.299051],[-94.43377,44.297207],[-94.432431,44.296274],[-94.431549,44.295995],[-94.430521,44.295992],[-94.429719,44.296312],[-94.428677,44.297111],[-94.426386,44.299339],[-94.42552,44.299515],[-94.424999,44.299296],[-94.424761,44.298692],[-94.425134,44.296307],[-94.425558,44.295429],[-94.42593,44.295112],[-94.427409,44.294728],[-94.431204,44.294531],[-94.43196,44.29409],[-94.432092,44.29345],[-94.431376,44.292609],[-94.429961,44.291686],[-94.427762,44.290615],[-94.426461,44.290343],[-94.425619,44.290497],[-94.424956,44.290996],[-94.424093,44.2923],[-94.423673,44.292675],[-94.4226,44.292758],[-94.422175,44.292581],[-94.421836,44.292097],[-94.421565,44.290891],[-94.421245,44.290286],[-94.419961,44.289279],[-94.41857,44.288528],[-94.416684,44.288488],[-94.415663,44.288052],[-94.414316,44.287089],[-94.414,44.286522],[-94.414031,44.286092],[-94.414706,44.285409],[-94.414964,44.284864],[-94.414571,44.283921],[-94.41339,44.2827],[-94.411969,44.281748],[-94.411475,44.281205],[-94.411468,44.280781],[-94.411887,44.280234],[-94.412061,44.2795],[-94.411825,44.279034],[-94.411355,44.278689],[-94.411013,44.277995],[-94.411667,44.276699],[-94.413766,44.275524],[-94.413964,44.275148],[-94.413699,44.274665],[-94.413053,44.274102],[-94.410874,44.272911],[-94.409695,44.272464],[-94.404183,44.271252],[-94.400427,44.270844],[-94.40001,44.270517],[-94.399989,44.269048],[-94.399654,44.26858],[-94.397251,44.267873],[-94.390286,44.266797],[-94.387981,44.266928],[-94.385165,44.266615],[-94.384332,44.266142],[-94.384036,44.265459],[-94.384161,44.263388],[-94.383887,44.262723],[-94.382028,44.261812],[-94.380583,44.261316],[-94.378621,44.261735],[-94.378026,44.262245],[-94.378039,44.262719],[-94.378651,44.263358],[-94.378884,44.264286],[-94.378276,44.265138],[-94.376461,44.26612],[-94.375275,44.266499],[-94.373723,44.26582],[-94.372886,44.264983],[-94.372071,44.264465],[-94.365344,44.263791],[-94.360936,44.26227],[-94.360236,44.261758],[-94.360059,44.260637],[-94.36026,44.260104],[-94.362134,44.259554],[-94.362948,44.258825],[-94.362995,44.258468],[-94.362716,44.257891],[-94.361571,44.257679],[-94.359948,44.25695],[-94.358634,44.256898],[-94.357922,44.257127],[-94.357409,44.257505],[-94.356754,44.258575],[-94.356986,44.259498],[-94.35672,44.260794],[-94.356005,44.261539],[-94.355104,44.261504],[-94.352825,44.260499],[-94.351961,44.259162],[-94.35069,44.258231],[-94.348997,44.257859],[-94.344687,44.258194],[-94.343886,44.257912],[-94.343224,44.257438],[-94.342731,44.256838],[-94.342581,44.256393],[-94.342617,44.255349],[-94.343125,44.254565],[-94.344866,44.253273],[-94.344875,44.253042],[-94.344601,44.252712],[-94.343984,44.252441],[-94.342763,44.252367],[-94.342158,44.252574],[-94.34182,44.253007],[-94.341555,44.253929],[-94.34134,44.254176],[-94.338808,44.256213],[-94.337553,44.256628],[-94.336064,44.256509],[-94.332588,44.255253],[-94.33086,44.254265],[-94.330072,44.25311],[-94.329488,44.250894],[-94.328873,44.24998],[-94.327763,44.249388],[-94.326104,44.248942],[-94.32543,44.248318],[-94.324897,44.247078],[-94.324033,44.246724],[-94.323369,44.24683],[-94.32273,44.247139],[-94.322441,44.247579],[-94.322617,44.249308],[-94.322372,44.250508],[-94.321742,44.251127],[-94.320879,44.251174],[-94.320149,44.2507],[-94.317895,44.248413],[-94.317871,44.248111],[-94.318395,44.247473],[-94.319971,44.246552],[-94.320389,44.246211],[-94.320685,44.245667],[-94.320796,44.244986],[-94.320517,44.244031],[-94.319713,44.243369],[-94.318078,44.243093],[-94.315826,44.243252],[-94.313106,44.242731],[-94.311908,44.242855],[-94.311376,44.243361],[-94.311357,44.244245],[-94.311666,44.245156],[-94.312357,44.245984],[-94.31232,44.246318],[-94.312008,44.24655],[-94.310581,44.246751],[-94.310031,44.246686],[-94.309006,44.246222],[-94.308447,44.245806],[-94.308201,44.245362],[-94.308137,44.244637],[-94.308743,44.243401],[-94.308794,44.242917],[-94.308655,44.2425],[-94.308356,44.242293],[-94.306898,44.24234],[-94.304797,44.24184],[-94.303538,44.242018],[-94.301688,44.243099],[-94.300909,44.243029],[-94.299541,44.24088],[-94.298285,44.238017],[-94.298267,44.237254],[-94.298802,44.235523],[-94.298625,44.235057],[-94.29798,44.23429],[-94.297499,44.234137],[-94.295896,44.234234],[-94.294952,44.234851],[-94.294483,44.235906],[-94.294371,44.236543],[-94.294494,44.238542],[-94.294122,44.239218],[-94.292957,44.239994],[-94.292034,44.240123],[-94.29156,44.239965],[-94.290718,44.239384],[-94.289917,44.23758],[-94.28908,44.236242],[-94.287976,44.23491],[-94.285803,44.233619],[-94.283464,44.23176],[-94.281067,44.230604],[-94.280011,44.229728],[-94.279908,44.228844],[-94.280485,44.228036],[-94.280507,44.227723],[-94.280277,44.22735],[-94.279512,44.227017],[-94.277773,44.227114],[-94.276199,44.226689],[-94.275472,44.226053],[-94.274467,44.224793],[-94.273893,44.224388],[-94.273359,44.224235],[-94.272801,44.224198],[-94.271918,44.224688],[-94.271123,44.226606],[-94.271095,44.227106],[-94.271833,44.228674],[-94.272088,44.22964],[-94.271786,44.230448],[-94.271009,44.230905],[-94.269957,44.231132],[-94.268689,44.230855],[-94.267877,44.230198],[-94.267416,44.229189],[-94.267482,44.228387],[-94.268367,44.226161],[-94.268125,44.224718],[-94.267451,44.223885],[-94.26629,44.223651],[-94.262195,44.224686],[-94.25969,44.224081],[-94.257776,44.224453],[-94.257133,44.224259],[-94.256178,44.223594],[-94.25456,44.221384],[-94.253482,44.220634],[-94.251382,44.220221],[-94.24909,44.220184],[-94.247555,44.219924],[-94.24696,44.219473],[-94.246709,44.218917],[-94.246748,44.218488],[-94.2471,44.218054],[-94.248209,44.217488],[-94.251384,44.216869],[-94.25198,44.216414],[-94.252438,44.215793],[-94.252376,44.215265],[-94.251256,44.214685],[-94.248071,44.213478],[-94.24714,44.213279],[-94.245444,44.213409],[-94.243174,44.21443],[-94.242617,44.214336],[-94.242075,44.214022],[-94.238815,44.209734],[-94.238296,44.209507],[-94.237424,44.20963],[-94.23676,44.210182],[-94.236711,44.211354],[-94.236519,44.211965],[-94.235029,44.212464],[-94.233349,44.212456],[-94.232501,44.21229],[-94.229838,44.211275],[-94.229136,44.211148],[-94.228083,44.211377],[-94.22734,44.211812],[-94.226645,44.211888],[-94.225262,44.211461],[-94.224759,44.211565],[-94.224334,44.211909],[-94.224031,44.212584],[-94.224052,44.213156],[-94.225715,44.214412],[-94.226133,44.215133],[-94.226155,44.215689],[-94.225886,44.216123],[-94.224895,44.216783],[-94.224224,44.216757],[-94.221955,44.215354],[-94.219605,44.214251],[-94.219163,44.21392],[-94.219003,44.213469],[-94.219142,44.21304],[-94.219854,44.212298],[-94.221804,44.211453],[-94.2226,44.210624],[-94.222754,44.210074],[-94.222393,44.208861],[-94.223407,44.20716],[-94.223358,44.206559],[-94.223114,44.206185],[-94.222666,44.205805],[-94.221207,44.20527],[-94.219146,44.205124],[-94.217366,44.205408],[-94.216495,44.205363],[-94.215572,44.205175],[-94.214725,44.204778],[-94.214123,44.204326],[-94.213704,44.20372],[-94.213591,44.203253],[-94.213745,44.202719],[-94.214854,44.20189],[-94.214848,44.201466],[-94.214406,44.201141],[-94.211548,44.200199],[-94.209509,44.200249],[-94.207835,44.201543],[-94.206352,44.202056],[-94.202177,44.202699],[-94.199519,44.202833],[-94.198852,44.202694],[-94.192062,44.198818],[-94.188165,44.197382],[-94.186379,44.197203],[-94.181247,44.197476],[-94.179489,44.197405],[-94.177812,44.197097],[-94.175097,44.196218],[-94.173672,44.195303],[-94.172032,44.194866],[-94.168475,44.19459],[-94.165162,44.194598],[-94.159909,44.194339],[-94.156125,44.19348],[-94.152899,44.192424],[-94.152107,44.191916],[-94.151421,44.191816],[-94.149198,44.191966],[-94.14838,44.192212],[-94.145641,44.193852],[-94.144725,44.194066],[-94.143014,44.194051],[-94.142297,44.193802],[-94.13878,44.191199],[-94.135606,44.188662],[-94.134208,44.186971],[-94.132829,44.186154],[-94.130566,44.185165],[-94.125046,44.184218],[-94.124811,44.183789],[-94.124843,44.183332],[-94.126342,44.181878],[-94.12655,44.181328],[-94.126316,44.180805],[-94.125913,44.180392],[-94.124819,44.179716],[-94.122182,44.179316],[-94.120037,44.179509],[-94.117017,44.178912],[-94.116131,44.17898],[-94.11524,44.179461],[-94.115224,44.180726],[-94.11489,44.181123],[-94.114424,44.181185],[-94.110733,44.17922],[-94.110135,44.178606],[-94.109747,44.177386],[-94.108839,44.176047],[-94.108736,44.175343],[-94.109046,44.174677],[-94.11028,44.174118],[-94.111525,44.174115],[-94.112122,44.174525],[-94.113535,44.175979],[-94.113926,44.176198],[-94.114391,44.176213],[-94.115123,44.176002],[-94.115372,44.175336],[-94.114739,44.173958],[-94.114409,44.173716],[-94.110295,44.172506],[-94.106016,44.17332],[-94.103456,44.173179],[-94.102755,44.1735],[-94.102121,44.174937],[-94.10152,44.175439],[-94.10081,44.175589],[-94.09971,44.175416],[-94.098201,44.174551],[-94.097833,44.174079],[-94.097615,44.173298],[-94.098093,44.172659],[-94.098969,44.172228],[-94.103058,44.171332],[-94.104375,44.170542],[-94.104526,44.17025],[-94.104425,44.169932],[-94.103286,44.169571],[-94.101533,44.168702],[-94.098352,44.167681],[-94.097199,44.167706],[-94.094675,44.168394],[-94.093415,44.168354],[-94.092826,44.168135],[-94.09245,44.167839],[-94.092209,44.166976],[-94.092581,44.164918],[-94.092473,44.164545],[-94.091637,44.163821],[-94.090238,44.163384],[-94.088481,44.163229],[-94.084802,44.163464],[-94.084526,44.163294],[-94.084349,44.162838],[-94.084962,44.161703],[-94.085043,44.161148],[-94.084438,44.160759],[-94.081427,44.159963],[-94.077112,44.159687],[-94.073977,44.158529],[-94.072435,44.158587],[-94.068958,44.159591],[-94.06384,44.162556],[-94.063124,44.162788],[-94.061382,44.162583],[-94.060472,44.162173],[-94.059889,44.161503],[-94.059982,44.160172],[-94.059769,44.158319],[-94.059075,44.156725],[-94.057557,44.155304],[-94.056218,44.15435],[-94.055461,44.154055],[-94.053567,44.153889],[-94.047545,44.154176],[-94.046546,44.154432],[-94.045038,44.155389],[-94.043987,44.156565],[-94.043469,44.158222],[-94.043652,44.159161],[-94.04397,44.159578],[-94.04446,44.161326],[-94.044376,44.162019],[-94.043814,44.162486],[-94.039512,44.163103],[-94.03863,44.163375],[-94.037102,44.164312],[-94.034517,44.165147],[-94.028528,44.166287],[-94.026772,44.166466],[-94.024246,44.166636],[-94.021504,44.166536],[-94.015696,44.165128],[-94.013016,44.165056],[-94.011689,44.165498],[-94.004507,44.168651],[-94.003578,44.169225],[-94.002832,44.17015],[-94.002182,44.172307],[-94.002353,44.175579],[-94.003709,44.1793],[-94.005651,44.183438],[-94.00635,44.184402],[-94.00706,44.18458],[-94.007962,44.184472],[-94.010651,44.183764],[-94.014924,44.184126],[-94.018452,44.183119],[-94.019664,44.183637],[-94.020084,44.185004],[-94.019902,44.186295],[-94.018661,44.18943],[-94.018819,44.190327],[-94.017785,44.1919],[-94.016563,44.192237],[-94.015461,44.192268],[-94.014448,44.192145],[-94.011862,44.191293],[-94.010088,44.191294],[-94.010121,44.19312],[-94.010729,44.19501],[-94.011144,44.197728],[-94.011583,44.198777],[-94.012643,44.199655],[-94.013467,44.200063],[-94.015276,44.200371],[-94.016911,44.199929],[-94.017519,44.198833],[-94.01748,44.197824],[-94.018185,44.196792],[-94.019641,44.196932],[-94.020824,44.197521],[-94.021021,44.197777],[-94.021361,44.198665],[-94.021619,44.200113],[-94.021349,44.201535],[-94.020613,44.2021],[-94.0163,44.204024],[-94.01512,44.204952],[-94.014917,44.205794],[-94.016202,44.207761],[-94.017911,44.209276],[-94.018632,44.210116],[-94.020714,44.210948],[-94.021432,44.211051],[-94.024473,44.210946],[-94.025345,44.211236],[-94.025683,44.211626],[-94.025837,44.21217],[-94.026105,44.216404],[-94.02634,44.217872],[-94.026298,44.219093],[-94.025975,44.220502],[-94.02539,44.221526],[-94.024253,44.222177],[-94.02206,44.222302],[-94.019797,44.22185],[-94.018335,44.221341],[-94.017072,44.220651],[-94.016757,44.220294],[-94.016618,44.219771],[-94.017361,44.217999],[-94.017159,44.217257],[-94.016432,44.216747],[-94.015598,44.216446],[-94.014658,44.216668],[-94.014423,44.21696],[-94.014271,44.217416],[-94.014352,44.218604],[-94.015114,44.220203],[-94.01524,44.221264],[-94.01496,44.222211],[-94.01442,44.223009],[-94.013966,44.224253],[-94.013802,44.225348],[-94.013941,44.226024],[-94.014463,44.22671],[-94.016586,44.228186],[-94.017208,44.229048],[-94.016919,44.231865],[-94.016984,44.232882],[-94.017178,44.233564],[-94.018038,44.23475],[-94.018554,44.2358],[-94.017609,44.236742],[-94.016449,44.237228],[-94.015387,44.237367],[-94.013261,44.237234],[-94.012154,44.237609],[-94.011895,44.237967],[-94.011778,44.239497],[-94.012016,44.239947],[-94.012392,44.240161],[-94.015091,44.240404],[-94.016597,44.240274],[-94.018177,44.239628],[-94.020249,44.239619],[-94.022079,44.240435],[-94.022395,44.24127],[-94.021702,44.242107],[-94.017753,44.245315],[-94.015706,44.247975],[-94.01502,44.248494],[-94.014577,44.248616],[-94.013559,44.248425],[-94.01142,44.246801],[-94.010332,44.246159],[-94.009805,44.246127],[-94.009385,44.246364],[-94.008487,44.247543],[-94.008381,44.248049],[-94.008625,44.249975],[-94.0092,44.251467],[-94.00995,44.252355],[-94.012143,44.254428],[-94.015837,44.257392],[-94.017361,44.257976],[-94.018524,44.258036],[-94.02276,44.255982],[-94.023903,44.255756],[-94.024811,44.25611],[-94.025304,44.256715],[-94.025502,44.257488],[-94.025279,44.258265],[-94.024123,44.259409],[-94.020392,44.262299],[-94.018959,44.262962],[-94.016128,44.263694],[-94.014694,44.264296],[-94.01394,44.264897],[-94.013206,44.266548],[-94.01238,44.266941],[-94.011426,44.267049],[-94.010619,44.266837],[-94.009995,44.265744],[-94.009444,44.265329],[-94.008941,44.265397],[-94.00871,44.26573],[-94.00875,44.266246],[-94.009047,44.266985],[-94.009217,44.268385],[-94.009965,44.269141],[-94.011627,44.269702],[-94.013096,44.271809],[-94.013439,44.272603],[-94.013414,44.273323],[-94.012996,44.274306],[-94.01038,44.276805],[-94.008584,44.277675],[-94.005993,44.278635],[-94.004583,44.278879],[-94.003138,44.278921],[-94.000261,44.278625],[-93.998338,44.278837],[-93.997897,44.279336],[-93.997627,44.280358],[-93.996774,44.282219],[-93.995993,44.28524],[-93.99445,44.288721],[-93.993805,44.28962],[-93.99267,44.290578],[-93.990399,44.291915],[-93.990057,44.292475],[-93.990063,44.2933],[-93.990558,44.294281],[-93.991246,44.295131],[-93.991394,44.295633],[-93.990608,44.296102],[-93.987942,44.296349],[-93.98501,44.297177],[-93.983493,44.298061],[-93.982643,44.29889],[-93.981419,44.299503],[-93.98021,44.299644],[-93.976807,44.299224],[-93.975512,44.299339],[-93.974486,44.299799],[-93.97304,44.300863],[-93.970755,44.304138],[-93.967129,44.306644],[-93.966247,44.307022],[-93.96501,44.307251],[-93.960304,44.307123],[-93.959951,44.307198],[-93.959626,44.307538],[-93.957724,44.310653],[-93.954734,44.316385],[-93.953422,44.318162],[-93.950794,44.320565],[-93.950467,44.321042],[-93.95045,44.321889],[-93.951006,44.322849],[-93.952592,44.324127],[-93.952968,44.324613],[-93.952944,44.325156],[-93.95158,44.326306],[-93.951046,44.328229],[-93.949719,44.329872],[-93.949131,44.330263],[-93.947712,44.330618],[-93.944671,44.330662],[-93.944031,44.331027],[-93.942938,44.332518],[-93.942695,44.333501],[-93.943144,44.334389],[-93.945161,44.33688],[-93.9455,44.338092],[-93.945392,44.338806],[-93.945515,44.339313],[-93.947259,44.341032],[-93.947357,44.341918],[-93.94504,44.345015],[-93.943705,44.34585],[-93.94187,44.346292],[-93.940246,44.346289],[-93.938099,44.345085],[-93.938145,44.343705],[-93.93887,44.342652],[-93.938541,44.341925],[-93.936965,44.341746],[-93.934918,44.341929],[-93.933898,44.343392],[-93.932692,44.344371],[-93.932761,44.345004],[-93.935411,44.348444],[-93.936812,44.350547],[-93.938854,44.35219],[-93.942749,44.354657],[-93.94403,44.35517],[-93.945391,44.355457],[-93.948247,44.355619],[-93.952156,44.356128],[-93.953049,44.356445],[-93.954576,44.35763],[-93.956122,44.359166],[-93.956729,44.360418],[-93.956804,44.361293],[-93.956492,44.361797],[-93.952856,44.364239],[-93.95237,44.365188],[-93.952614,44.366014],[-93.953436,44.366585],[-93.954785,44.366492],[-93.955656,44.366045],[-93.957611,44.363101],[-93.959059,44.363174],[-93.96034,44.362998],[-93.960935,44.36326],[-93.96151,44.363961],[-93.962102,44.36513],[-93.962087,44.365867],[-93.961817,44.366735],[-93.96178,44.367967],[-93.962684,44.370149],[-93.962296,44.370587],[-93.95649,44.373134],[-93.955555,44.373861],[-93.955204,44.374437],[-93.955066,44.375522],[-93.955712,44.376623],[-93.956446,44.378383],[-93.957232,44.379237],[-93.958654,44.379872],[-93.961404,44.380289],[-93.962246,44.380665],[-93.96291,44.381298],[-93.963404,44.382091],[-93.963361,44.383064],[-93.962775,44.383805],[-93.958564,44.385666],[-93.957582,44.385703],[-93.956709,44.385531],[-93.954523,44.384235],[-93.953574,44.383793],[-93.953145,44.383781],[-93.952813,44.384176],[-93.952479,44.385127],[-93.952397,44.386177],[-93.953444,44.388246],[-93.954069,44.389072],[-93.955183,44.390003],[-93.956178,44.390445],[-93.958882,44.390961],[-93.959841,44.390968],[-93.962259,44.390417],[-93.96511,44.389076],[-93.965699,44.389467],[-93.965903,44.390039],[-93.96549,44.391248],[-93.964826,44.392225],[-93.963605,44.392685],[-93.956585,44.391842],[-93.955504,44.391856],[-93.953914,44.392304],[-93.951866,44.392537],[-93.951074,44.392821],[-93.950181,44.393567],[-93.949093,44.396418],[-93.949117,44.399084],[-93.949231,44.400811],[-93.949821,44.402297],[-93.950363,44.4058],[-93.951329,44.407357],[-93.952163,44.407837],[-93.953266,44.407993],[-93.9543,44.408347],[-93.954527,44.408908],[-93.954424,44.409573],[-93.948954,44.412751],[-93.947295,44.413226],[-93.946067,44.413257],[-93.944405,44.412726],[-93.941731,44.412275],[-93.940642,44.412257],[-93.94001,44.41269],[-93.938621,44.417178],[-93.938393,44.418217],[-93.938416,44.419696],[-93.938088,44.420668],[-93.936033,44.42338],[-93.934747,44.425598],[-93.933922,44.42773],[-93.933547,44.428982],[-93.933533,44.432908],[-93.933279,44.434529],[-93.93303,44.435073],[-93.931617,44.436791],[-93.930722,44.438955],[-93.929926,44.441444],[-93.928028,44.444656],[-93.928054,44.445348],[-93.929026,44.447363],[-93.930065,44.448228],[-93.933051,44.44951],[-93.93402,44.450633],[-93.93394,44.451249],[-93.93343,44.45188],[-93.932436,44.452549],[-93.929034,44.452756],[-93.927892,44.453283],[-93.927598,44.454276],[-93.928106,44.455327],[-93.928876,44.45634],[-93.929197,44.456566],[-93.930671,44.456736]]]}},{"type":"Feature","properties":{"name":"Nobles","gnisId":659498,"fipsCode":"105","countyCode":"27105"},"geometry":{"type":"Polygon","coordinates":[[[-95.462458,43.847934],[-95.69236,43.848039],[-95.712533,43.848242],[-95.732659,43.848216],[-95.750314,43.848],[-95.763849,43.848196],[-95.792615,43.848218],[-95.803844,43.848371],[-95.892579,43.848488],[-95.904154,43.848563],[-95.924233,43.848999],[-95.952744,43.848753],[-96.01286,43.849065],[-96.052293,43.849059],[-96.052588,43.819082],[-96.052619,43.761071],[-96.052948,43.746697],[-96.053215,43.674081],[-96.053594,43.624987],[-96.053577,43.58737],[-96.053174,43.500184],[-95.873807,43.500119],[-95.853817,43.499979],[-95.454539,43.500078],[-95.454366,43.529028],[-95.454563,43.543526],[-95.454361,43.615908],[-95.453861,43.644917],[-95.453303,43.659405],[-95.453093,43.673919],[-95.452794,43.746494],[-95.452112,43.760967],[-95.452121,43.804504],[-95.452506,43.847944],[-95.462458,43.847934]]]}},{"type":"Feature","properties":{"name":"Norman","gnisId":659499,"fipsCode":"107","countyCode":"27107"},"geometry":{"type":"Polygon","coordinates":[[[-96.067712,47.499237],[-96.11025,47.499328],[-96.125348,47.499538],[-96.195554,47.499874],[-96.238197,47.499695],[-96.302264,47.499853],[-96.601336,47.498889],[-96.644366,47.49914],[-96.687689,47.498637],[-96.730113,47.498798],[-96.848839,47.498863],[-96.848673,47.498152],[-96.849655,47.497469],[-96.852436,47.496553],[-96.854422,47.495613],[-96.856889,47.493412],[-96.860381,47.492281],[-96.861521,47.492142],[-96.863105,47.492546],[-96.863834,47.492524],[-96.865063,47.491765],[-96.864997,47.491063],[-96.864705,47.490406],[-96.863758,47.489797],[-96.854794,47.487884],[-96.853054,47.487329],[-96.852259,47.486689],[-96.852196,47.486182],[-96.852438,47.485065],[-96.853095,47.484135],[-96.854516,47.483398],[-96.856225,47.483323],[-96.860116,47.48414],[-96.861507,47.484272],[-96.863259,47.48385],[-96.865592,47.480928],[-96.866584,47.479989],[-96.868242,47.479271],[-96.868725,47.478495],[-96.868587,47.477661],[-96.867854,47.47708],[-96.866596,47.476608],[-96.865633,47.476674],[-96.864746,47.476949],[-96.863808,47.47764],[-96.861972,47.479572],[-96.860508,47.480683],[-96.859546,47.481007],[-96.856261,47.481202],[-96.853132,47.480222],[-96.852265,47.479552],[-96.851704,47.478434],[-96.852189,47.477412],[-96.853685,47.476058],[-96.855724,47.474751],[-96.857695,47.473774],[-96.85927,47.473947],[-96.860311,47.473734],[-96.860972,47.473047],[-96.861106,47.472375],[-96.861032,47.471471],[-96.860343,47.468638],[-96.859275,47.466308],[-96.858462,47.465031],[-96.857439,47.464067],[-96.855033,47.462453],[-96.853594,47.461138],[-96.853889,47.460564],[-96.854286,47.459953],[-96.854967,47.459477],[-96.85597,47.459388],[-96.858666,47.458292],[-96.861501,47.458462],[-96.862398,47.458358],[-96.863089,47.457997],[-96.863639,47.457384],[-96.863651,47.456971],[-96.863226,47.456108],[-96.862597,47.455629],[-96.86065,47.455316],[-96.856729,47.455515],[-96.855813,47.455383],[-96.854926,47.455048],[-96.854321,47.454536],[-96.854161,47.454081],[-96.854542,47.453464],[-96.855223,47.453005],[-96.856029,47.45272],[-96.858701,47.452293],[-96.859096,47.452142],[-96.859278,47.451839],[-96.859281,47.451412],[-96.859048,47.450979],[-96.857288,47.449398],[-96.857164,47.448586],[-96.857482,47.448096],[-96.858171,47.447576],[-96.858698,47.447412],[-96.859528,47.446811],[-96.859796,47.446282],[-96.859641,47.445575],[-96.859105,47.444788],[-96.85822,47.442686],[-96.856031,47.440432],[-96.855692,47.439863],[-96.85575,47.439347],[-96.856075,47.43884],[-96.857367,47.438026],[-96.858117,47.437857],[-96.860908,47.437917],[-96.862549,47.437216],[-96.863003,47.436665],[-96.86294,47.436149],[-96.862569,47.435608],[-96.861003,47.434679],[-96.859119,47.434092],[-96.8548,47.433508],[-96.853255,47.432847],[-96.852918,47.432448],[-96.852897,47.43202],[-96.853109,47.431586],[-96.853624,47.431352],[-96.85436,47.431342],[-96.855931,47.432129],[-96.856946,47.43243],[-96.857849,47.432211],[-96.858747,47.431649],[-96.859375,47.431031],[-96.861031,47.430008],[-96.863343,47.429292],[-96.864628,47.428598],[-96.864806,47.427988],[-96.864306,47.426971],[-96.863367,47.426493],[-96.862431,47.426361],[-96.859804,47.427074],[-96.857591,47.427273],[-96.854749,47.426374],[-96.854329,47.425179],[-96.855143,47.424401],[-96.856398,47.423894],[-96.860272,47.422997],[-96.864487,47.420971],[-96.87054,47.420062],[-96.871385,47.419772],[-96.871839,47.419253],[-96.87185,47.418874],[-96.871455,47.418372],[-96.870381,47.417976],[-96.868649,47.418328],[-96.867262,47.418816],[-96.866211,47.418939],[-96.863445,47.417958],[-96.862133,47.41795],[-96.861161,47.41767],[-96.860978,47.417292],[-96.861031,47.417034],[-96.861469,47.416447],[-96.862008,47.415102],[-96.861741,47.414396],[-96.85947,47.412027],[-96.858703,47.410863],[-96.857194,47.409612],[-96.856411,47.409377],[-96.855341,47.409338],[-96.852604,47.409707],[-96.844811,47.41198],[-96.842927,47.411964],[-96.842181,47.411726],[-96.8419,47.411283],[-96.842196,47.41031],[-96.842798,47.409937],[-96.847049,47.408038],[-96.851954,47.407236],[-96.852732,47.406792],[-96.852902,47.406133],[-96.852489,47.405493],[-96.85061,47.404576],[-96.845825,47.403396],[-96.844997,47.40305],[-96.843033,47.401195],[-96.840304,47.400151],[-96.839163,47.399456],[-96.839394,47.39856],[-96.840743,47.397871],[-96.844097,47.396541],[-96.847638,47.395939],[-96.848344,47.395605],[-96.849059,47.394564],[-96.848961,47.393928],[-96.848462,47.393442],[-96.846387,47.392435],[-96.845422,47.392175],[-96.843234,47.392259],[-96.841097,47.393281],[-96.840613,47.39329],[-96.839724,47.392663],[-96.837718,47.38998],[-96.837469,47.389488],[-96.837605,47.388762],[-96.838148,47.388243],[-96.839153,47.38781],[-96.8414,47.387193],[-96.842184,47.386601],[-96.842226,47.386198],[-96.842061,47.385801],[-96.841743,47.385556],[-96.839402,47.384477],[-96.838831,47.384063],[-96.838125,47.383172],[-96.838039,47.382745],[-96.838959,47.381162],[-96.8401,47.380771],[-96.841236,47.380647],[-96.842561,47.380667],[-96.843647,47.380913],[-96.846974,47.382617],[-96.848275,47.382653],[-96.849113,47.382424],[-96.849762,47.38203],[-96.850152,47.381528],[-96.850171,47.381177],[-96.849718,47.380488],[-96.848381,47.379563],[-96.844428,47.37812],[-96.843497,47.377368],[-96.843307,47.377002],[-96.843281,47.376294],[-96.843447,47.375997],[-96.844881,47.374989],[-96.845708,47.374803],[-96.847896,47.374741],[-96.849633,47.3751],[-96.85085,47.375133],[-96.853828,47.374761],[-96.854761,47.374126],[-96.854764,47.373654],[-96.85455,47.373126],[-96.853157,47.372281],[-96.849974,47.370854],[-96.847336,47.370226],[-96.845516,47.3705],[-96.842302,47.37272],[-96.841491,47.373124],[-96.840228,47.373477],[-96.839217,47.373633],[-96.838038,47.37347],[-96.836751,47.372653],[-96.836541,47.371977],[-96.837358,47.370986],[-96.841622,47.369274],[-96.843059,47.368262],[-96.844204,47.367963],[-96.845307,47.368039],[-96.849081,47.369177],[-96.850832,47.36955],[-96.854435,47.369665],[-96.856028,47.369401],[-96.857122,47.368987],[-96.857884,47.368594],[-96.858297,47.367869],[-96.85813,47.36719],[-96.8573,47.366493],[-96.85617,47.36615],[-96.855234,47.366059],[-96.852549,47.366408],[-96.850828,47.366446],[-96.850167,47.366197],[-96.849027,47.36544],[-96.848241,47.364214],[-96.8481,47.363593],[-96.848184,47.363049],[-96.848543,47.362545],[-96.85126,47.360856],[-96.851886,47.360315],[-96.852475,47.359207],[-96.852389,47.35869],[-96.852054,47.35809],[-96.850945,47.357258],[-96.850446,47.356993],[-96.848139,47.356491],[-96.839222,47.356265],[-96.837835,47.355871],[-96.837449,47.35554],[-96.837092,47.354698],[-96.837127,47.354204],[-96.838029,47.3534],[-96.839282,47.353327],[-96.842876,47.354656],[-96.844153,47.354485],[-96.845095,47.353828],[-96.845162,47.353439],[-96.84473,47.352789],[-96.842916,47.35107],[-96.842959,47.350663],[-96.843558,47.35035],[-96.845822,47.350134],[-96.847255,47.349693],[-96.847493,47.348927],[-96.84745,47.348288],[-96.84718,47.347617],[-96.846675,47.346946],[-96.845687,47.346141],[-96.84283,47.344682],[-96.842023,47.343344],[-96.841691,47.342305],[-96.841195,47.341529],[-96.840239,47.340867],[-96.838384,47.340532],[-96.835594,47.341094],[-96.834174,47.340902],[-96.83203,47.340214],[-96.83073,47.339117],[-96.830853,47.337585],[-96.834053,47.333057],[-96.835874,47.332032],[-96.837825,47.331934],[-96.841153,47.332252],[-96.842551,47.332141],[-96.843691,47.331843],[-96.845125,47.331161],[-96.845816,47.330493],[-96.846365,47.329156],[-96.846033,47.328214],[-96.84536,47.327492],[-96.844355,47.326835],[-96.842976,47.326523],[-96.841191,47.326611],[-96.840196,47.326899],[-96.838986,47.327545],[-96.836425,47.33049],[-96.835351,47.331013],[-96.833772,47.33104],[-96.831565,47.330496],[-96.830639,47.330103],[-96.829507,47.329094],[-96.828851,47.328224],[-96.828783,47.327647],[-96.829468,47.326597],[-96.830142,47.326147],[-96.831905,47.325708],[-96.834046,47.325801],[-96.835296,47.325675],[-96.836639,47.32519],[-96.837266,47.324484],[-96.83715,47.323737],[-96.836037,47.322327],[-96.834979,47.321285],[-96.834725,47.320636],[-96.834682,47.319867],[-96.835035,47.319304],[-96.836564,47.318555],[-96.837307,47.318437],[-96.842587,47.318382],[-96.845865,47.317124],[-96.847016,47.316298],[-96.84709,47.315819],[-96.846942,47.315375],[-96.846594,47.31502],[-96.845389,47.314601],[-96.843584,47.314239],[-96.842436,47.313546],[-96.842195,47.31289],[-96.842303,47.312532],[-96.84394,47.310444],[-96.843905,47.309587],[-96.843545,47.30913],[-96.842426,47.308693],[-96.840989,47.308803],[-96.840165,47.309403],[-96.838794,47.311164],[-96.837829,47.311572],[-96.836249,47.311419],[-96.835214,47.310619],[-96.833141,47.30807],[-96.830832,47.306517],[-96.830691,47.306096],[-96.830713,47.30559],[-96.830982,47.305102],[-96.834365,47.30367],[-96.83522,47.302557],[-96.835612,47.301012],[-96.836702,47.299573],[-96.837645,47.298571],[-96.841756,47.295813],[-96.842784,47.294752],[-96.843747,47.293091],[-96.844047,47.292082],[-96.844087,47.290852],[-96.84337,47.288373],[-96.841329,47.283604],[-96.841107,47.282436],[-96.840907,47.279165],[-96.840219,47.277277],[-96.840165,47.27566],[-96.840572,47.274636],[-96.841239,47.274113],[-96.842307,47.273671],[-96.845803,47.273155],[-96.847259,47.27244],[-96.847746,47.27187],[-96.847849,47.271165],[-96.847547,47.270414],[-96.846698,47.269611],[-96.844807,47.268686],[-96.843395,47.268489],[-96.84214,47.268557],[-96.838692,47.269232],[-96.83716,47.269162],[-96.836451,47.269028],[-96.835591,47.268602],[-96.834903,47.26777],[-96.834601,47.267061],[-96.834916,47.265864],[-96.835661,47.265216],[-96.83684,47.264644],[-96.838093,47.264454],[-96.839247,47.264577],[-96.840683,47.264784],[-96.843628,47.265524],[-96.844338,47.265477],[-96.845583,47.264987],[-96.846597,47.264089],[-96.84726,47.26325],[-96.84752,47.262296],[-96.847468,47.261713],[-96.847327,47.261289],[-96.846886,47.260911],[-96.846546,47.260832],[-96.845078,47.260964],[-96.842665,47.262418],[-96.840259,47.26287],[-96.838111,47.263098],[-96.836501,47.262914],[-96.836044,47.262561],[-96.835495,47.261357],[-96.835508,47.260698],[-96.835903,47.259524],[-96.836455,47.258932],[-96.837625,47.258297],[-96.839102,47.258344],[-96.843041,47.259195],[-96.844421,47.259034],[-96.845312,47.258515],[-96.845347,47.257999],[-96.845156,47.257631],[-96.844723,47.257355],[-96.844038,47.257243],[-96.841399,47.257597],[-96.840061,47.257543],[-96.838836,47.256868],[-96.838594,47.256237],[-96.838598,47.255775],[-96.839269,47.254941],[-96.840034,47.254445],[-96.842095,47.253699],[-96.843431,47.252948],[-96.844219,47.251948],[-96.844402,47.251081],[-96.844204,47.250504],[-96.843396,47.249634],[-96.842274,47.249377],[-96.841268,47.249547],[-96.840655,47.249842],[-96.840119,47.250361],[-96.839652,47.252538],[-96.838649,47.253013],[-96.83789,47.253169],[-96.83735,47.253052],[-96.836901,47.252754],[-96.835849,47.250988],[-96.834669,47.249614],[-96.83247,47.247748],[-96.832202,47.247114],[-96.832889,47.246369],[-96.83409,47.24561],[-96.838847,47.244407],[-96.840998,47.243617],[-96.842645,47.242644],[-96.843511,47.241261],[-96.843868,47.240382],[-96.84365,47.239605],[-96.84319,47.239119],[-96.842685,47.238906],[-96.841816,47.238747],[-96.840931,47.238797],[-96.840522,47.239067],[-96.839776,47.24109],[-96.839025,47.242158],[-96.838674,47.2424],[-96.837827,47.242553],[-96.837155,47.242575],[-96.836345,47.242276],[-96.835861,47.241475],[-96.835252,47.239574],[-96.833678,47.238228],[-96.831953,47.237301],[-96.830051,47.235667],[-96.829113,47.234386],[-96.82872,47.233426],[-96.828764,47.232337],[-96.829319,47.231729],[-96.830348,47.23131],[-96.831374,47.2312],[-96.832226,47.231463],[-96.83309,47.232067],[-96.834257,47.233801],[-96.835418,47.234605],[-96.83677,47.234953],[-96.83794,47.234937],[-96.840287,47.234211],[-96.84136,47.233397],[-96.842297,47.232565],[-96.842797,47.23125],[-96.842402,47.230243],[-96.841917,47.229525],[-96.840816,47.229157],[-96.83968,47.229079],[-96.836384,47.229558],[-96.835489,47.229493],[-96.834307,47.229168],[-96.832172,47.228161],[-96.831533,47.227668],[-96.831483,47.227035],[-96.831749,47.226304],[-96.832334,47.225861],[-96.833509,47.225388],[-96.837194,47.22473],[-96.841472,47.223563],[-96.842616,47.22293],[-96.844282,47.222499],[-96.845394,47.221811],[-96.846081,47.220912],[-96.845898,47.219926],[-96.844704,47.218379],[-96.843629,47.217856],[-96.842961,47.21771],[-96.842081,47.217843],[-96.840818,47.218376],[-96.840482,47.218919],[-96.8404,47.220729],[-96.840094,47.221977],[-96.838957,47.222758],[-96.83822,47.222969],[-96.836317,47.223003],[-96.83536,47.222762],[-96.833951,47.221797],[-96.8332,47.221078],[-96.832949,47.220416],[-96.832956,47.219811],[-96.833196,47.219207],[-96.834416,47.218277],[-96.836983,47.217206],[-96.837198,47.216729],[-96.837237,47.216107],[-96.836898,47.215428],[-96.836443,47.214969],[-96.833228,47.213252],[-96.83081,47.211683],[-96.830437,47.211064],[-96.830579,47.209898],[-96.83092,47.2095],[-96.831935,47.209052],[-96.836649,47.208548],[-96.837205,47.207758],[-96.837273,47.207296],[-96.836443,47.206654],[-96.831477,47.205104],[-96.828848,47.203715],[-96.827328,47.201924],[-96.826949,47.201151],[-96.827311,47.200509],[-96.828122,47.200057],[-96.828849,47.199923],[-96.829467,47.200097],[-96.830328,47.201075],[-96.830773,47.202338],[-96.831705,47.203383],[-96.832951,47.203725],[-96.833903,47.203702],[-96.834503,47.20332],[-96.836104,47.20138],[-96.839687,47.197975],[-96.843712,47.195453],[-96.844785,47.194572],[-96.845051,47.193836],[-96.844805,47.192756],[-96.843746,47.19148],[-96.84206,47.190822],[-96.841151,47.19074],[-96.840161,47.190936],[-96.839706,47.191657],[-96.839576,47.192499],[-96.839857,47.193375],[-96.840572,47.194391],[-96.840374,47.195574],[-96.839445,47.196471],[-96.838727,47.196545],[-96.83724,47.196213],[-96.834316,47.194519],[-96.830924,47.193583],[-96.827425,47.192206],[-96.826099,47.191065],[-96.825742,47.190584],[-96.825884,47.189391],[-96.826428,47.188987],[-96.827319,47.188606],[-96.831612,47.188078],[-96.833035,47.187639],[-96.834777,47.186795],[-96.835614,47.186155],[-96.836104,47.18558],[-96.836004,47.185062],[-96.83584,47.184627],[-96.834696,47.183801],[-96.833983,47.183478],[-96.833088,47.18344],[-96.83175,47.183544],[-96.829835,47.184018],[-96.824559,47.186],[-96.823632,47.186033],[-96.822765,47.18571],[-96.822007,47.185007],[-96.821594,47.184394],[-96.821749,47.183558],[-96.822542,47.182445],[-96.824422,47.182262],[-96.826636,47.182494],[-96.827282,47.18231],[-96.827577,47.181904],[-96.827388,47.181463],[-96.826048,47.18095],[-96.824622,47.180161],[-96.824111,47.179058],[-96.824302,47.178541],[-96.824684,47.178153],[-96.825228,47.177776],[-96.826264,47.177396],[-96.827393,47.177319],[-96.830998,47.177717],[-96.832538,47.177676],[-96.833056,47.17742],[-96.833569,47.176615],[-96.833288,47.176122],[-96.831474,47.174715],[-96.829467,47.174011],[-96.824058,47.174314],[-96.823367,47.174128],[-96.822823,47.173735],[-96.822546,47.172567],[-96.822762,47.171941],[-96.823204,47.171271],[-96.825078,47.16936],[-96.825327,47.168457],[-96.82507,47.167198],[-96.82465,47.166524],[-96.824243,47.166203],[-96.823496,47.16599],[-96.821571,47.165974],[-96.82001,47.165724],[-96.81922,47.165103],[-96.818966,47.164717],[-96.818955,47.164277],[-96.819739,47.163102],[-96.82143,47.161907],[-96.823353,47.16135],[-96.825918,47.161011],[-96.830947,47.160844],[-96.831538,47.160522],[-96.831913,47.160095],[-96.832071,47.159639],[-96.831838,47.158824],[-96.830918,47.158307],[-96.829131,47.158177],[-96.827742,47.158445],[-96.824978,47.158568],[-96.823017,47.158189],[-96.822252,47.157459],[-96.822382,47.15659],[-96.823036,47.155696],[-96.823943,47.155261],[-96.825356,47.154905],[-96.82726,47.15465],[-96.829434,47.154728],[-96.830866,47.154862],[-96.832119,47.155171],[-96.833761,47.15606],[-96.835453,47.156712],[-96.836033,47.156726],[-96.836631,47.156548],[-96.836884,47.15629],[-96.836903,47.155949],[-96.836153,47.153815],[-96.836213,47.153431],[-96.836635,47.153141],[-96.83816,47.152868],[-96.840514,47.152687],[-96.841188,47.152146],[-96.84131,47.151763],[-96.840155,47.150586],[-96.817152,47.150564],[-96.732425,47.151256],[-96.66968,47.151444],[-96.606335,47.151343],[-96.564009,47.151472],[-96.436348,47.151112],[-96.364919,47.151324],[-96.194637,47.151153],[-96.125357,47.151709],[-96.08791,47.151902],[-96.066806,47.151837],[-96.066568,47.238739],[-96.067017,47.249984],[-96.067198,47.282023],[-96.066873,47.310778],[-96.066808,47.339648],[-96.066904,47.368743],[-96.067477,47.426956],[-96.06739,47.470602],[-96.067712,47.499237]]]}},{"type":"Feature","properties":{"name":"Olmsted","gnisId":659500,"fipsCode":"109","countyCode":"27109"},"geometry":{"type":"Polygon","coordinates":[[[-92.550909,44.194887],[-92.651218,44.195537],[-92.678772,44.195564],[-92.678606,44.151443],[-92.678307,44.122739],[-92.677991,43.999985],[-92.678159,43.978654],[-92.678049,43.964211],[-92.678449,43.920836],[-92.678295,43.877558],[-92.678531,43.848503],[-92.689519,43.848578],[-92.689315,43.833844],[-92.629727,43.834034],[-92.589549,43.833889],[-92.549586,43.834159],[-92.509314,43.83392],[-92.489183,43.834119],[-92.44905,43.834166],[-92.448904,43.848345],[-92.298573,43.848079],[-92.2486,43.847697],[-92.21871,43.847158],[-92.07933,43.847226],[-92.078967,43.948087],[-92.079133,44.006036],[-92.078938,44.049246],[-92.079217,44.106814],[-92.125196,44.106867],[-92.159403,44.107322],[-92.319099,44.107803],[-92.318871,44.13678],[-92.318921,44.19408],[-92.550909,44.194887]]]}},{"type":"Feature","properties":{"name":"Otter Tail","gnisId":659501,"fipsCode":"111","countyCode":"27111"},"geometry":{"type":"Polygon","coordinates":[[[-95.163829,46.717656],[-95.227004,46.717195],[-95.248002,46.716269],[-95.301032,46.716653],[-95.308013,46.716462],[-95.339349,46.716312],[-95.350885,46.716708],[-95.361479,46.716319],[-95.372148,46.716204],[-95.435529,46.715922],[-95.446586,46.716908],[-95.488576,46.71751],[-95.50941,46.717029],[-95.520002,46.717053],[-95.542685,46.715963],[-95.647665,46.715485],[-95.709957,46.71557],[-95.794817,46.7165],[-95.931383,46.716839],[-96.000352,46.717478],[-96.090391,46.717968],[-96.122381,46.718012],[-96.132421,46.717862],[-96.153589,46.718175],[-96.174537,46.717856],[-96.17388,46.699734],[-96.173738,46.6816],[-96.172491,46.630694],[-96.214286,46.630906],[-96.224726,46.630773],[-96.281194,46.630771],[-96.281291,46.616723],[-96.281161,46.609532],[-96.281145,46.558851],[-96.280878,46.530036],[-96.280683,46.471657],[-96.280669,46.38415],[-96.280515,46.369736],[-96.280654,46.35524],[-96.280066,46.296752],[-96.280107,46.282181],[-96.264662,46.282222],[-96.265339,46.224069],[-96.265246,46.123088],[-96.265451,46.108649],[-96.224796,46.108666],[-96.141891,46.108376],[-96.060206,46.108488],[-95.915449,46.108385],[-95.769784,46.107497],[-95.666286,46.107403],[-95.500336,46.108073],[-95.480118,46.108267],[-95.396599,46.108001],[-95.365742,46.107679],[-95.334098,46.107783],[-95.230044,46.107153],[-95.166821,46.107018],[-95.145887,46.10677],[-95.146309,46.150454],[-95.146333,46.194228],[-95.146302,46.208622],[-95.145875,46.223162],[-95.146371,46.237673],[-95.145736,46.266757],[-95.145792,46.282379],[-95.154299,46.282437],[-95.154957,46.310948],[-95.155488,46.354448],[-95.155636,46.383375],[-95.15562,46.412448],[-95.155393,46.427069],[-95.155499,46.499981],[-95.155366,46.528401],[-95.155536,46.571922],[-95.155926,46.601131],[-95.155895,46.615581],[-95.155459,46.629975],[-95.163337,46.630008],[-95.163651,46.659129],[-95.16345,46.67388],[-95.164176,46.681504],[-95.164159,46.702946],[-95.163829,46.717656]]]}},{"type":"Feature","properties":{"name":"Pipestone","gnisId":659504,"fipsCode":"117","countyCode":"27117"},"geometry":{"type":"Polygon","coordinates":[[[-96.078521,44.196673],[-96.179791,44.19705],[-96.250341,44.197515],[-96.308163,44.197459],[-96.452824,44.19695],[-96.453172,44.051032],[-96.453407,44.023876],[-96.453253,44.007087],[-96.453288,43.849495],[-96.372015,43.84904],[-96.245379,43.848614],[-96.144682,43.848645],[-96.064609,43.849069],[-96.064295,43.877929],[-96.064074,43.921465],[-96.064389,44.022734],[-96.063797,44.167815],[-96.063825,44.196488],[-96.078521,44.196673]]]}},{"type":"Feature","properties":{"name":"Polk","gnisId":659505,"fipsCode":"119","countyCode":"27119"},"geometry":{"type":"Polygon","coordinates":[[[-96.482557,47.963608],[-96.482664,47.992679],[-96.482562,48.021654],[-96.500892,48.021637],[-96.500972,48.124976],[-96.500679,48.137778],[-96.500835,48.174109],[-96.522388,48.173831],[-96.544294,48.173761],[-96.565546,48.174002],[-96.587369,48.173749],[-96.625359,48.173633],[-96.652426,48.173776],[-96.695875,48.173461],[-96.825519,48.173455],[-96.847304,48.173299],[-96.912292,48.173454],[-96.977396,48.17307],[-97.107191,48.173379],[-97.146888,48.173124],[-97.147505,48.172381],[-97.147818,48.171651],[-97.14773,48.170685],[-97.147362,48.169855],[-97.145605,48.167323],[-97.145067,48.16595],[-97.144475,48.16305],[-97.143839,48.161419],[-97.142915,48.160534],[-97.141589,48.159934],[-97.140171,48.159626],[-97.138434,48.159492],[-97.137139,48.159656],[-97.134933,48.160296],[-97.129797,48.162272],[-97.127829,48.162688],[-97.126345,48.162746],[-97.1246,48.162654],[-97.123051,48.162313],[-97.121548,48.161347],[-97.121167,48.160728],[-97.121063,48.159933],[-97.121285,48.158989],[-97.122154,48.158119],[-97.124612,48.156575],[-97.13158,48.153775],[-97.137869,48.151986],[-97.139182,48.151493],[-97.140396,48.150814],[-97.141514,48.149899],[-97.143369,48.147814],[-97.145206,48.146116],[-97.146033,48.145089],[-97.146391,48.144407],[-97.146763,48.143024],[-97.146609,48.142359],[-97.146176,48.141672],[-97.145562,48.141315],[-97.143883,48.141072],[-97.142412,48.141364],[-97.138754,48.143175],[-97.136166,48.143168],[-97.13114,48.142212],[-97.127086,48.141626],[-97.123855,48.140452],[-97.12314,48.139988],[-97.122718,48.139276],[-97.122449,48.138327],[-97.122655,48.137471],[-97.123108,48.136828],[-97.124051,48.136316],[-97.125706,48.135982],[-97.126838,48.136025],[-97.132202,48.137595],[-97.13338,48.137317],[-97.13356,48.13695],[-97.13341,48.136408],[-97.132982,48.13595],[-97.13106,48.13458],[-97.13003,48.133723],[-97.129663,48.133195],[-97.129281,48.131971],[-97.129099,48.129187],[-97.128326,48.126852],[-97.126749,48.124057],[-97.123601,48.119229],[-97.122347,48.117613],[-97.121622,48.116368],[-97.121011,48.114898],[-97.120829,48.113657],[-97.121198,48.112507],[-97.123392,48.109362],[-97.1239,48.107937],[-97.123612,48.107103],[-97.123206,48.106599],[-97.122116,48.105982],[-97.120922,48.105624],[-97.118325,48.105545],[-97.114601,48.106284],[-97.112299,48.106089],[-97.110897,48.105429],[-97.109863,48.104559],[-97.109282,48.103677],[-97.109062,48.10071],[-97.108423,48.099828],[-97.107547,48.099155],[-97.104656,48.098116],[-97.103295,48.097456],[-97.102535,48.09692],[-97.102077,48.09607],[-97.102129,48.095295],[-97.102593,48.094711],[-97.103231,48.094308],[-97.105239,48.093774],[-97.10702,48.093581],[-97.10895,48.093001],[-97.109625,48.092566],[-97.109724,48.091873],[-97.109441,48.091056],[-97.108846,48.090657],[-97.104734,48.090012],[-97.103689,48.08973],[-97.102255,48.089086],[-97.10099,48.087904],[-97.100467,48.087131],[-97.10005,48.086303],[-97.099494,48.08441],[-97.099518,48.08214],[-97.100135,48.078924],[-97.100616,48.078018],[-97.101207,48.077332],[-97.104339,48.074536],[-97.104736,48.073712],[-97.104738,48.073007],[-97.104546,48.072475],[-97.104058,48.072065],[-97.102536,48.071691],[-97.099235,48.071631],[-97.097892,48.07091],[-97.095714,48.067258],[-97.091872,48.063936],[-97.090896,48.062907],[-97.090151,48.062036],[-97.088175,48.059048],[-97.087241,48.058123],[-97.085262,48.056887],[-97.082725,48.055632],[-97.077023,48.053612],[-97.075844,48.052853],[-97.074455,48.051374],[-97.072962,48.049071],[-97.07193,48.046992],[-97.070901,48.044215],[-97.070589,48.042947],[-97.070139,48.038295],[-97.070161,48.035553],[-97.069972,48.034334],[-97.068904,48.030409],[-97.068783,48.027112],[-97.069723,48.025019],[-97.071712,48.022367],[-97.072237,48.021173],[-97.072291,48.019497],[-97.071426,48.017709],[-97.069193,48.016271],[-97.067477,48.015914],[-97.065122,48.015806],[-97.063725,48.01542],[-97.063181,48.014944],[-97.06293,48.014329],[-97.063089,48.013521],[-97.063568,48.012855],[-97.06596,48.011215],[-97.066927,48.009872],[-97.066831,48.00891],[-97.064783,48.004395],[-97.064424,48.00222],[-97.064607,47.999438],[-97.064241,47.998151],[-97.063805,47.997447],[-97.062264,47.99602],[-97.059978,47.994854],[-97.056337,47.993666],[-97.055312,47.993108],[-97.053795,47.991824],[-97.053311,47.990993],[-97.053154,47.990141],[-97.053445,47.988401],[-97.056465,47.980647],[-97.058781,47.976476],[-97.059391,47.974958],[-97.059268,47.973567],[-97.058801,47.97272],[-97.05762,47.97125],[-97.057315,47.970606],[-97.057369,47.969865],[-97.058243,47.968638],[-97.060327,47.967102],[-97.061182,47.966221],[-97.061718,47.965503],[-97.061853,47.964927],[-97.061785,47.964163],[-97.061389,47.963525],[-97.060733,47.962941],[-97.059587,47.962278],[-97.056739,47.96122],[-97.055325,47.960452],[-97.053176,47.95866],[-97.052692,47.95784],[-97.052334,47.955582],[-97.052676,47.954534],[-97.05473,47.951554],[-97.055362,47.950294],[-97.055645,47.949108],[-97.055555,47.948048],[-97.055082,47.946904],[-97.054412,47.945957],[-97.053295,47.944817],[-97.052265,47.944045],[-97.04851,47.942121],[-97.046297,47.941422],[-97.043463,47.940791],[-97.039476,47.940635],[-97.038165,47.940394],[-97.036555,47.939636],[-97.03599,47.938969],[-97.035604,47.937145],[-97.035668,47.936272],[-97.037113,47.933949],[-97.037443,47.933045],[-97.037333,47.931945],[-97.037038,47.931269],[-97.035554,47.929984],[-97.034595,47.929487],[-97.033491,47.928923],[-97.03005,47.927735],[-97.027948,47.926591],[-97.026974,47.926],[-97.024121,47.923755],[-97.021144,47.921877],[-97.01904,47.920859],[-97.01831,47.9204],[-97.017874,47.919838],[-97.017658,47.919316],[-97.01868,47.918046],[-97.023086,47.916618],[-97.023619,47.916252],[-97.023777,47.915846],[-97.023641,47.915488],[-97.023301,47.915218],[-97.019714,47.914211],[-97.018268,47.913585],[-97.016784,47.912525],[-97.016284,47.911931],[-97.015156,47.909263],[-97.014957,47.907659],[-97.015298,47.906853],[-97.016553,47.905908],[-97.017426,47.905719],[-97.019064,47.905801],[-97.02064,47.906433],[-97.021459,47.907029],[-97.022218,47.907872],[-97.023273,47.908486],[-97.024071,47.908604],[-97.025192,47.908026],[-97.02522,47.907169],[-97.025007,47.906421],[-97.024043,47.905007],[-97.020567,47.90238],[-97.020043,47.901698],[-97.019925,47.901104],[-97.020126,47.900462],[-97.020587,47.899893],[-97.021857,47.899068],[-97.023861,47.898186],[-97.024599,47.897634],[-97.025077,47.896955],[-97.025278,47.896291],[-97.025161,47.895538],[-97.024502,47.894388],[-97.019439,47.891668],[-97.018963,47.891073],[-97.01891,47.890508],[-97.019127,47.889882],[-97.020209,47.889107],[-97.023584,47.887872],[-97.024607,47.887321],[-97.025291,47.886379],[-97.025516,47.885754],[-97.025523,47.884936],[-97.025028,47.883594],[-97.024059,47.882564],[-97.02234,47.881487],[-97.019304,47.880092],[-97.018624,47.87954],[-97.018181,47.878902],[-97.018056,47.878253],[-97.018766,47.877103],[-97.019545,47.876534],[-97.022355,47.875573],[-97.02296,47.875234],[-97.023254,47.874992],[-97.023303,47.874722],[-97.023123,47.874102],[-97.022121,47.873106],[-97.021355,47.872714],[-97.020035,47.872198],[-97.017241,47.871496],[-97.015009,47.871205],[-97.010025,47.871167],[-97.007655,47.870849],[-97.006034,47.870432],[-97.003761,47.869581],[-97.001961,47.868242],[-97.001594,47.867638],[-97.001521,47.867057],[-97.001806,47.86664],[-97.003418,47.865828],[-97.005226,47.865466],[-97.005845,47.865071],[-97.00591,47.864752],[-97.005665,47.86416],[-97.005111,47.863677],[-97.001145,47.861548],[-96.999664,47.860522],[-96.998552,47.859312],[-96.997517,47.857505],[-96.996956,47.855238],[-96.996773,47.852478],[-96.997391,47.850363],[-96.997457,47.848695],[-96.997142,47.848206],[-96.995036,47.846994],[-96.994031,47.845917],[-96.994188,47.845385],[-96.99467,47.844985],[-96.996744,47.844156],[-96.997447,47.843615],[-96.998291,47.842487],[-96.998236,47.841955],[-96.997936,47.841647],[-96.99739,47.841536],[-96.996673,47.841644],[-96.993898,47.842718],[-96.993148,47.842831],[-96.992563,47.842605],[-96.992425,47.842314],[-96.992608,47.841634],[-96.993689,47.840194],[-96.994277,47.839132],[-96.994144,47.838615],[-96.993706,47.838197],[-96.99238,47.837766],[-96.98899,47.838109],[-96.987133,47.837885],[-96.986484,47.837373],[-96.985975,47.836467],[-96.985392,47.833854],[-96.984972,47.83314],[-96.983113,47.831726],[-96.981734,47.830406],[-96.981558,47.829785],[-96.981788,47.829079],[-96.982264,47.828465],[-96.986948,47.826305],[-96.987252,47.82602],[-96.987125,47.82559],[-96.986693,47.825327],[-96.985626,47.825104],[-96.98143,47.825649],[-96.979134,47.825637],[-96.977726,47.825436],[-96.976594,47.82522],[-96.975684,47.824839],[-96.974872,47.824327],[-96.974136,47.823233],[-96.974236,47.822822],[-96.975013,47.822171],[-96.976813,47.822038],[-96.978936,47.822565],[-96.980073,47.822437],[-96.980495,47.821971],[-96.980604,47.821209],[-96.980465,47.817829],[-96.980151,47.815206],[-96.97983,47.814322],[-96.978195,47.812299],[-96.978052,47.811503],[-96.978079,47.810905],[-96.978743,47.809936],[-96.979315,47.809543],[-96.980098,47.809276],[-96.981637,47.809077],[-96.98316,47.809179],[-96.9863,47.809812],[-96.989196,47.809914],[-96.991032,47.809511],[-96.991622,47.808657],[-96.991558,47.808207],[-96.990698,47.807541],[-96.98982,47.807259],[-96.986117,47.806932],[-96.982769,47.804985],[-96.981943,47.8047],[-96.978299,47.80389],[-96.974092,47.803583],[-96.972561,47.803029],[-96.972191,47.802678],[-96.97225,47.802256],[-96.972451,47.802021],[-96.972959,47.801822],[-96.975606,47.801804],[-96.97621,47.801586],[-96.976529,47.801274],[-96.97693,47.800693],[-96.977211,47.799816],[-96.977215,47.798961],[-96.977007,47.798241],[-96.976642,47.797944],[-96.974901,47.797649],[-96.973118,47.797837],[-96.970949,47.798577],[-96.968053,47.79987],[-96.967189,47.799917],[-96.966734,47.799767],[-96.966313,47.799322],[-96.966097,47.798674],[-96.966156,47.797492],[-96.965854,47.796677],[-96.964867,47.795538],[-96.963488,47.794564],[-96.959166,47.792879],[-96.957941,47.792102],[-96.957301,47.791415],[-96.957027,47.790865],[-96.957152,47.790251],[-96.957398,47.790005],[-96.960421,47.789234],[-96.961441,47.788826],[-96.963442,47.787394],[-96.965022,47.785615],[-96.965399,47.784903],[-96.965403,47.784096],[-96.965162,47.783613],[-96.964505,47.783112],[-96.963838,47.782984],[-96.962552,47.783101],[-96.96088,47.783783],[-96.958943,47.785456],[-96.958511,47.785652],[-96.958063,47.785607],[-96.957601,47.785299],[-96.957489,47.784799],[-96.957963,47.783694],[-96.959328,47.781782],[-96.959449,47.781281],[-96.958895,47.780426],[-96.957612,47.779934],[-96.956245,47.779804],[-96.953299,47.779966],[-96.952795,47.779778],[-96.95252,47.779481],[-96.952489,47.779157],[-96.952819,47.778738],[-96.956303,47.776408],[-96.956672,47.775943],[-96.95669,47.77557],[-96.956416,47.775185],[-96.955238,47.77471],[-96.953408,47.774519],[-96.949132,47.775423],[-96.947391,47.775336],[-96.946749,47.775126],[-96.946352,47.774768],[-96.945842,47.772814],[-96.945527,47.772429],[-96.943117,47.771237],[-96.939397,47.768533],[-96.938626,47.768201],[-96.936017,47.767782],[-96.934889,47.767126],[-96.934835,47.766731],[-96.935214,47.766007],[-96.936863,47.764658],[-96.938428,47.762803],[-96.938606,47.761999],[-96.938356,47.760926],[-96.937792,47.759926],[-96.936124,47.758523],[-96.93533,47.758098],[-96.931975,47.757194],[-96.929816,47.756403],[-96.928997,47.755929],[-96.928861,47.755577],[-96.928985,47.755238],[-96.930045,47.754774],[-96.931916,47.754659],[-96.933931,47.755121],[-96.937356,47.756403],[-96.939139,47.756161],[-96.939629,47.755708],[-96.93977,47.755318],[-96.939692,47.754726],[-96.939409,47.754352],[-96.938841,47.754048],[-96.934187,47.752889],[-96.931817,47.751982],[-96.930179,47.751171],[-96.929401,47.750581],[-96.928988,47.749997],[-96.928576,47.748893],[-96.928423,47.747647],[-96.928625,47.744479],[-96.928856,47.743721],[-96.929767,47.742521],[-96.931878,47.741165],[-96.93263,47.740576],[-96.932984,47.740053],[-96.93314,47.738785],[-96.932929,47.737402],[-96.931661,47.735665],[-96.929971,47.733961],[-96.927271,47.731454],[-96.92578,47.730491],[-96.925208,47.729757],[-96.924715,47.727194],[-96.924518,47.726695],[-96.924028,47.726153],[-96.922596,47.725552],[-96.920469,47.725366],[-96.919428,47.725094],[-96.918768,47.724568],[-96.918602,47.723893],[-96.918875,47.723278],[-96.919617,47.722403],[-96.92202,47.721002],[-96.924846,47.71982],[-96.929326,47.718491],[-96.930079,47.718143],[-96.93062,47.717725],[-96.93091,47.717235],[-96.931168,47.716302],[-96.931088,47.715791],[-96.930671,47.71515],[-96.930076,47.71469],[-96.929336,47.714423],[-96.927681,47.714444],[-96.926661,47.714836],[-96.925964,47.715341],[-96.923908,47.717475],[-96.923349,47.717749],[-96.92189,47.717939],[-96.921183,47.717782],[-96.920068,47.717142],[-96.919225,47.715942],[-96.919035,47.715223],[-96.919185,47.714514],[-96.920366,47.7122],[-96.920443,47.711497],[-96.920228,47.710718],[-96.919054,47.709617],[-96.916916,47.708783],[-96.915917,47.708576],[-96.912861,47.708397],[-96.912307,47.708083],[-96.911909,47.707104],[-96.912012,47.706549],[-96.912711,47.705213],[-96.913841,47.70414],[-96.915241,47.703461],[-96.917788,47.7034],[-96.918557,47.703118],[-96.920085,47.702131],[-96.921078,47.701168],[-96.921245,47.700566],[-96.920999,47.699977],[-96.920022,47.699304],[-96.918406,47.699132],[-96.917393,47.699349],[-96.916593,47.699845],[-96.914156,47.701775],[-96.913367,47.701939],[-96.912286,47.701569],[-96.911749,47.701158],[-96.911291,47.700528],[-96.909507,47.697403],[-96.908878,47.69663],[-96.90764,47.695573],[-96.907361,47.695118],[-96.907212,47.694339],[-96.907298,47.693795],[-96.909042,47.692587],[-96.909702,47.691933],[-96.910067,47.691213],[-96.910038,47.690209],[-96.90979,47.689468],[-96.909139,47.688932],[-96.90841,47.688596],[-96.907385,47.688546],[-96.906364,47.688763],[-96.904747,47.689667],[-96.903149,47.691439],[-96.901999,47.691721],[-96.900658,47.691181],[-96.899974,47.690628],[-96.899484,47.689855],[-96.899155,47.689082],[-96.899196,47.68576],[-96.898947,47.684607],[-96.8975,47.681147],[-96.896275,47.678893],[-96.896037,47.678179],[-96.896106,47.677328],[-96.8966,47.675603],[-96.896605,47.674884],[-96.896237,47.674248],[-96.89561,47.673739],[-96.893555,47.673117],[-96.890856,47.673261],[-96.88645,47.674292],[-96.885825,47.674216],[-96.885158,47.673746],[-96.885201,47.673275],[-96.885667,47.672744],[-96.888998,47.671151],[-96.889684,47.670628],[-96.889957,47.670024],[-96.889929,47.66931],[-96.889178,47.668235],[-96.887404,47.666729],[-96.886565,47.665814],[-96.88587,47.664729],[-96.885497,47.663766],[-96.885406,47.662495],[-96.885783,47.661594],[-96.887449,47.659109],[-96.887573,47.657785],[-96.886808,47.655415],[-96.88692,47.653442],[-96.88625,47.652342],[-96.883528,47.650761],[-96.882845,47.650224],[-96.882437,47.649616],[-96.882215,47.648875],[-96.882218,47.647909],[-96.882901,47.644827],[-96.882765,47.643449],[-96.882413,47.642627],[-96.882927,47.641637],[-96.883411,47.641158],[-96.884818,47.64059],[-96.887034,47.640228],[-96.88778,47.639896],[-96.888292,47.639469],[-96.888419,47.638974],[-96.887828,47.637816],[-96.885687,47.635934],[-96.88277,47.633874],[-96.88237,47.633386],[-96.881759,47.630725],[-96.881464,47.62999],[-96.880918,47.629381],[-96.879965,47.628809],[-96.879048,47.628694],[-96.877327,47.628901],[-96.875706,47.628811],[-96.874763,47.628405],[-96.874471,47.628059],[-96.874364,47.627395],[-96.874927,47.626688],[-96.876142,47.626586],[-96.878695,47.62679],[-96.879455,47.626654],[-96.880664,47.625922],[-96.880605,47.625455],[-96.879844,47.624721],[-96.876807,47.624177],[-96.876287,47.623865],[-96.87601,47.623431],[-96.875951,47.622871],[-96.876105,47.622343],[-96.87718,47.621639],[-96.87906,47.620807],[-96.879602,47.620317],[-96.879844,47.619883],[-96.879843,47.619515],[-96.879591,47.619208],[-96.878819,47.618831],[-96.875612,47.619197],[-96.872769,47.618401],[-96.871756,47.618447],[-96.871127,47.618089],[-96.870879,47.61766],[-96.870939,47.617134],[-96.871217,47.616734],[-96.873281,47.615627],[-96.874079,47.614872],[-96.874206,47.614137],[-96.873772,47.61361],[-96.872857,47.613486],[-96.87233,47.613578],[-96.870266,47.614691],[-96.869123,47.614808],[-96.868235,47.614399],[-96.867028,47.613156],[-96.865939,47.612582],[-96.864353,47.612331],[-96.860369,47.612236],[-96.858826,47.611743],[-96.857092,47.610597],[-96.855909,47.609578],[-96.855604,47.609122],[-96.855144,47.607694],[-96.854927,47.606246],[-96.85506,47.605692],[-96.856739,47.603444],[-96.857027,47.60227],[-96.856844,47.601776],[-96.856426,47.601259],[-96.85583,47.600857],[-96.853074,47.600042],[-96.85185,47.599423],[-96.851378,47.599054],[-96.851075,47.598502],[-96.851097,47.597951],[-96.851255,47.59731],[-96.851818,47.596697],[-96.852812,47.596169],[-96.85341,47.595967],[-96.85426,47.595937],[-96.857634,47.596222],[-96.858424,47.596149],[-96.858777,47.595986],[-96.859064,47.595508],[-96.858985,47.595206],[-96.858648,47.594799],[-96.858027,47.594424],[-96.854687,47.593211],[-96.851886,47.592682],[-96.851167,47.592411],[-96.85025,47.591613],[-96.849956,47.591104],[-96.850064,47.590438],[-96.851146,47.588385],[-96.851694,47.58587],[-96.852222,47.585015],[-96.853306,47.583795],[-96.853455,47.583351],[-96.852987,47.58194],[-96.853069,47.580602],[-96.853487,47.579383],[-96.854144,47.578428],[-96.855129,47.577575],[-96.85889,47.575519],[-96.8603,47.575216],[-96.860498,47.574778],[-96.860266,47.574349],[-96.859835,47.574088],[-96.857058,47.57322],[-96.853227,47.571678],[-96.851908,47.570472],[-96.851461,47.56955],[-96.851505,47.569056],[-96.851824,47.568503],[-96.852553,47.568013],[-96.853481,47.567681],[-96.855985,47.567123],[-96.858526,47.567076],[-96.860222,47.567509],[-96.861479,47.568275],[-96.863668,47.568676],[-96.864493,47.568981],[-96.865185,47.569515],[-96.86563,47.569583],[-96.868088,47.568586],[-96.868937,47.567569],[-96.868805,47.566723],[-96.868422,47.565773],[-96.867813,47.564976],[-96.865203,47.56312],[-96.863779,47.562628],[-96.861314,47.562696],[-96.860025,47.563087],[-96.856973,47.564625],[-96.855494,47.565123],[-96.852071,47.565624],[-96.850919,47.566021],[-96.850017,47.566566],[-96.848641,47.566672],[-96.848053,47.566547],[-96.847504,47.566125],[-96.847343,47.565116],[-96.847902,47.564298],[-96.850844,47.562751],[-96.854469,47.560344],[-96.856438,47.559961],[-96.859419,47.560655],[-96.860317,47.560647],[-96.861176,47.56037],[-96.861584,47.559905],[-96.86166,47.559379],[-96.861301,47.558555],[-96.860675,47.557807],[-96.858584,47.555941],[-96.857714,47.555428],[-96.857064,47.555147],[-96.853446,47.554949],[-96.85158,47.554597],[-96.850234,47.55388],[-96.849937,47.553418],[-96.84986,47.552919],[-96.85023,47.552064],[-96.854613,47.548683],[-96.857457,47.547891],[-96.85864,47.547053],[-96.860126,47.546807],[-96.860459,47.546567],[-96.860526,47.546172],[-96.860141,47.545694],[-96.858027,47.544919],[-96.850646,47.543223],[-96.848338,47.542448],[-96.847083,47.541599],[-96.845941,47.540461],[-96.845609,47.539786],[-96.845697,47.538329],[-96.846268,47.53774],[-96.847218,47.537283],[-96.848957,47.537212],[-96.84972,47.537553],[-96.850792,47.538395],[-96.852404,47.540426],[-96.853289,47.541158],[-96.85457,47.541848],[-96.85541,47.542097],[-96.857358,47.542219],[-96.860329,47.541751],[-96.862355,47.541159],[-96.862915,47.540832],[-96.863511,47.540082],[-96.863587,47.539473],[-96.863317,47.538825],[-96.862488,47.538126],[-96.860618,47.537309],[-96.859657,47.537103],[-96.857884,47.537311],[-96.856092,47.538117],[-96.854578,47.538277],[-96.853941,47.538061],[-96.853491,47.537637],[-96.853326,47.537112],[-96.853613,47.536316],[-96.854386,47.535572],[-96.856669,47.534076],[-96.857328,47.533376],[-96.858597,47.531303],[-96.860409,47.529705],[-96.861237,47.529225],[-96.863335,47.528891],[-96.86905,47.528903],[-96.87016,47.528545],[-96.870867,47.528059],[-96.871118,47.527437],[-96.871052,47.526935],[-96.870634,47.526577],[-96.869836,47.526273],[-96.867405,47.525843],[-96.866809,47.525452],[-96.866465,47.524847],[-96.866249,47.523344],[-96.865978,47.522701],[-96.864211,47.520913],[-96.863779,47.520232],[-96.863633,47.517889],[-96.863403,47.517241],[-96.862833,47.516619],[-96.861899,47.515958],[-96.860812,47.51545],[-96.857374,47.514639],[-96.855168,47.514369],[-96.853826,47.514414],[-96.852199,47.514765],[-96.84719,47.516729],[-96.845862,47.517032],[-96.844544,47.517023],[-96.843503,47.516778],[-96.842617,47.516292],[-96.842057,47.515595],[-96.841964,47.515146],[-96.842574,47.513483],[-96.844058,47.512594],[-96.845191,47.512351],[-96.84642,47.512366],[-96.849794,47.513462],[-96.851488,47.513534],[-96.852484,47.513258],[-96.853158,47.512843],[-96.853696,47.512104],[-96.853702,47.511325],[-96.853101,47.510451],[-96.852353,47.509917],[-96.851458,47.509656],[-96.850173,47.509646],[-96.845867,47.510461],[-96.844849,47.510419],[-96.843591,47.510075],[-96.842473,47.509177],[-96.842371,47.508722],[-96.842618,47.50824],[-96.843227,47.507688],[-96.844249,47.507208],[-96.847368,47.506425],[-96.848884,47.506403],[-96.849685,47.506611],[-96.851682,47.507578],[-96.852272,47.507563],[-96.852767,47.507296],[-96.853176,47.506617],[-96.852978,47.505958],[-96.853018,47.504883],[-96.85366,47.503108],[-96.853668,47.502055],[-96.853365,47.50139],[-96.852683,47.500719],[-96.850048,47.499717],[-96.848839,47.498863],[-96.730113,47.498798],[-96.687689,47.498637],[-96.644366,47.49914],[-96.601336,47.498889],[-96.302264,47.499853],[-96.238197,47.499695],[-96.195554,47.499874],[-96.125348,47.499538],[-96.11025,47.499328],[-95.939092,47.4991],[-95.83187,47.499433],[-95.724753,47.499519],[-95.721198,47.499416],[-95.703448,47.49967],[-95.625325,47.499503],[-95.594378,47.499865],[-95.554065,47.500079],[-95.553741,47.586811],[-95.55388,47.616071],[-95.553625,47.630221],[-95.553778,47.659201],[-95.553561,47.673682],[-95.578599,47.673695],[-95.578486,47.680968],[-95.578813,47.688182],[-95.579458,47.745913],[-95.580097,47.760559],[-95.579661,47.767678],[-95.579675,47.774916],[-95.581394,47.875983],[-95.582057,47.933867],[-95.709644,47.935502],[-95.70985,47.921069],[-95.709361,47.899321],[-95.709538,47.891898],[-95.709137,47.84856],[-95.730805,47.848594],[-95.784575,47.848221],[-95.815365,47.848382],[-95.836967,47.848198],[-95.836633,47.818945],[-95.836641,47.78993],[-95.837129,47.775422],[-95.837202,47.760915],[-95.933969,47.760814],[-95.967148,47.760447],[-96.031555,47.760451],[-96.074597,47.760121],[-96.117388,47.760099],[-96.138936,47.759759],[-96.202277,47.759636],[-96.351715,47.760336],[-96.351993,47.774737],[-96.352343,47.818295],[-96.352822,47.847242],[-96.417238,47.847537],[-96.482065,47.847474],[-96.482459,47.905607],[-96.482557,47.963608]]]}},{"type":"Feature","properties":{"name":"Pennington","gnisId":659502,"fipsCode":"113","countyCode":"27113"},"geometry":{"type":"Polygon","coordinates":[[[-95.59394,48.172944],[-95.637775,48.173007],[-95.6804,48.172861],[-95.722636,48.173033],[-95.74441,48.172645],[-95.830636,48.172134],[-95.87532,48.171898],[-95.960892,48.171812],[-95.981719,48.171602],[-96.04683,48.172112],[-96.108498,48.171822],[-96.125334,48.172674],[-96.151735,48.173511],[-96.173568,48.173612],[-96.182756,48.172123],[-96.182701,48.172012],[-96.217759,48.172172],[-96.239694,48.172679],[-96.261199,48.174915],[-96.282369,48.174629],[-96.303578,48.174695],[-96.347466,48.174265],[-96.368288,48.175016],[-96.380027,48.174546],[-96.390641,48.174846],[-96.43532,48.174887],[-96.468097,48.174059],[-96.479091,48.173952],[-96.500355,48.173985],[-96.500835,48.174109],[-96.500679,48.137778],[-96.500972,48.124976],[-96.500892,48.021637],[-96.482562,48.021654],[-96.482664,47.992679],[-96.482557,47.963608],[-96.417469,47.963372],[-96.352562,47.963384],[-96.331727,47.963146],[-96.310026,47.963251],[-96.28844,47.962929],[-96.223528,47.962764],[-96.182601,47.963079],[-96.139015,47.963054],[-96.117273,47.963192],[-96.096026,47.963634],[-96.075799,47.96359],[-96.03237,47.963973],[-95.988978,47.964128],[-95.96754,47.964542],[-95.946306,47.96448],[-95.9249,47.964744],[-95.709866,47.964389],[-95.709644,47.935502],[-95.582057,47.933867],[-95.58248,47.977113],[-95.582484,47.991716],[-95.582261,47.999977],[-95.582576,48.006296],[-95.582877,48.020741],[-95.592338,48.020698],[-95.592672,48.078676],[-95.593243,48.124832],[-95.593632,48.136758],[-95.593836,48.151238],[-95.59394,48.172944]]]}},{"type":"Feature","properties":{"name":"Pine","gnisId":659503,"fipsCode":"115","countyCode":"27115"},"geometry":{"type":"Polygon","coordinates":[[[-92.292706,46.417252],[-92.321855,46.417548],[-92.342775,46.417303],[-92.553134,46.41813],[-92.803435,46.418404],[-92.927767,46.419326],[-93.000246,46.419344],[-93.055117,46.419102],[-93.054465,46.404727],[-93.054219,46.375776],[-93.053854,46.361089],[-93.053779,46.317597],[-93.053457,46.303254],[-93.053817,46.288727],[-93.054306,46.245235],[-93.054087,46.23079],[-93.054151,46.187351],[-93.053941,46.17289],[-93.054229,46.124972],[-93.055024,46.085958],[-93.05544,45.999975],[-93.055184,45.981204],[-93.083592,45.981048],[-93.104419,45.981189],[-93.142879,45.981065],[-93.142899,45.962737],[-93.142523,45.933718],[-93.142415,45.904796],[-93.142237,45.802828],[-93.141933,45.749976],[-93.142056,45.730729],[-93.104533,45.731054],[-93.063229,45.730718],[-93.021897,45.730746],[-92.960352,45.730325],[-92.841008,45.730032],[-92.838188,45.731646],[-92.837349,45.731942],[-92.836486,45.732556],[-92.83556,45.732823],[-92.831266,45.733179],[-92.829996,45.733539],[-92.828686,45.734081],[-92.827956,45.734579],[-92.826557,45.736209],[-92.82526,45.737152],[-92.82377,45.737704],[-92.819854,45.739785],[-92.815656,45.742357],[-92.811803,45.743325],[-92.80955,45.744452],[-92.808009,45.746005],[-92.805605,45.747648],[-92.804839,45.748338],[-92.804212,45.749288],[-92.803976,45.749978],[-92.802953,45.751399],[-92.802223,45.751933],[-92.80094,45.752497],[-92.798485,45.75294],[-92.797218,45.753475],[-92.796148,45.754158],[-92.792973,45.757085],[-92.79049,45.759088],[-92.789835,45.759836],[-92.789377,45.760677],[-92.788488,45.761585],[-92.784691,45.764112],[-92.783511,45.76502],[-92.782646,45.765933],[-92.782143,45.767372],[-92.782331,45.768892],[-92.78224,45.769469],[-92.780563,45.774352],[-92.779752,45.781649],[-92.779327,45.782967],[-92.778496,45.784681],[-92.776598,45.787802],[-92.77616,45.789692],[-92.775608,45.790703],[-92.773145,45.793809],[-92.770178,45.796905],[-92.766893,45.798865],[-92.762766,45.800333],[-92.761061,45.801527],[-92.759202,45.803353],[-92.757621,45.805996],[-92.757413,45.806721],[-92.757221,45.807643],[-92.757189,45.809235],[-92.757859,45.81166],[-92.758959,45.813766],[-92.759683,45.815867],[-92.761969,45.818036],[-92.762493,45.818806],[-92.763558,45.822255],[-92.764074,45.823478],[-92.765182,45.825397],[-92.765881,45.827158],[-92.765823,45.828146],[-92.765164,45.829958],[-92.764387,45.831141],[-92.762486,45.833158],[-92.757892,45.836158],[-92.753425,45.838323],[-92.75282,45.838853],[-92.751983,45.840109],[-92.751349,45.840522],[-92.748895,45.840564],[-92.745657,45.841274],[-92.745122,45.841644],[-92.743288,45.844298],[-92.741867,45.845164],[-92.74087,45.845464],[-92.739652,45.846462],[-92.738983,45.847591],[-92.738895,45.848327],[-92.739103,45.849814],[-92.738984,45.850418],[-92.738221,45.851487],[-92.737971,45.854434],[-92.735993,45.858224],[-92.735897,45.859063],[-92.73621,45.859711],[-92.738176,45.861042],[-92.738254,45.861399],[-92.738104,45.861926],[-92.736036,45.863668],[-92.734829,45.866427],[-92.732844,45.869706],[-92.730289,45.871591],[-92.729776,45.872814],[-92.728343,45.874967],[-92.726771,45.876147],[-92.725856,45.877208],[-92.724859,45.879468],[-92.721925,45.882999],[-92.721203,45.883573],[-92.719593,45.884322],[-92.718244,45.885385],[-92.717751,45.885891],[-92.716603,45.887711],[-92.714179,45.889693],[-92.712684,45.891514],[-92.71028,45.892628],[-92.708593,45.893927],[-92.707676,45.894841],[-92.706207,45.895486],[-92.703265,45.896139],[-92.700705,45.896106],[-92.699431,45.896372],[-92.69668,45.897667],[-92.69485,45.898769],[-92.690855,45.900066],[-92.689938,45.900842],[-92.687067,45.901831],[-92.685937,45.902827],[-92.684146,45.903884],[-92.682354,45.904672],[-92.68027,45.905428],[-92.678042,45.905635],[-92.677043,45.905878],[-92.676274,45.906471],[-92.675938,45.907182],[-92.675981,45.908132],[-92.676906,45.910761],[-92.676876,45.911217],[-92.676344,45.911915],[-92.674621,45.912621],[-92.673161,45.913831],[-92.671029,45.915182],[-92.669573,45.916643],[-92.666836,45.917806],[-92.665132,45.919149],[-92.662743,45.920603],[-92.660496,45.922275],[-92.656596,45.924291],[-92.655242,45.924568],[-92.651838,45.924589],[-92.64998,45.924773],[-92.647559,45.924452],[-92.644314,45.924676],[-92.640538,45.924209],[-92.639231,45.924425],[-92.638721,45.924925],[-92.638551,45.925843],[-92.638608,45.926485],[-92.639148,45.927698],[-92.640123,45.932242],[-92.639783,45.933233],[-92.638588,45.934086],[-92.636399,45.934561],[-92.634909,45.934469],[-92.634199,45.934251],[-92.631333,45.932799],[-92.629591,45.932417],[-92.627277,45.932711],[-92.625225,45.933641],[-92.623336,45.934784],[-92.622288,45.935008],[-92.620698,45.93499],[-92.616296,45.934326],[-92.614824,45.934325],[-92.612404,45.93524],[-92.609795,45.936852],[-92.607508,45.938525],[-92.60233,45.94064],[-92.600637,45.940967],[-92.589719,45.941674],[-92.588743,45.941975],[-92.587062,45.94311],[-92.581078,45.945915],[-92.579091,45.946686],[-92.574307,45.948158],[-92.572881,45.948288],[-92.571164,45.947999],[-92.569888,45.948025],[-92.567224,45.948702],[-92.565544,45.949524],[-92.561618,45.951007],[-92.553795,45.951193],[-92.551935,45.951646],[-92.551493,45.951914],[-92.550917,45.952797],[-92.549769,45.957207],[-92.549916,45.958523],[-92.550305,45.959795],[-92.550467,45.961371],[-92.549931,45.964298],[-92.550231,45.966732],[-92.549594,45.967845],[-92.548421,45.968905],[-92.54547,45.970185],[-92.544073,45.971051],[-92.541976,45.973111],[-92.540435,45.975423],[-92.537638,45.978022],[-92.533353,45.979915],[-92.530801,45.98174],[-92.5283,45.982658],[-92.524355,45.98375],[-92.521045,45.98376],[-92.518638,45.983468],[-92.506184,45.980549],[-92.502111,45.979807],[-92.499164,45.978436],[-92.496265,45.977412],[-92.493067,45.975922],[-92.491542,45.975449],[-92.48986,45.975389],[-92.487746,45.975765],[-92.484848,45.975877],[-92.483423,45.975424],[-92.482141,45.974461],[-92.480721,45.97385],[-92.478443,45.973776],[-92.475643,45.973042],[-92.47363,45.972699],[-92.471282,45.972789],[-92.470159,45.973043],[-92.469118,45.973522],[-92.465378,45.97539],[-92.464127,45.976628],[-92.461259,45.978941],[-92.461004,45.979316],[-92.460925,45.979816],[-92.461111,45.980172],[-92.463246,45.981257],[-92.464037,45.98202],[-92.464505,45.983324],[-92.464588,45.984202],[-92.464435,45.985114],[-92.463449,45.986724],[-92.462834,45.987271],[-92.461124,45.988138],[-92.459402,45.98872],[-92.458332,45.988891],[-92.456976,45.989427],[-92.455415,45.990502],[-92.453711,45.992126],[-92.453425,45.993116],[-92.453979,45.99493],[-92.453946,45.995436],[-92.452783,45.998539],[-92.450236,46.001577],[-92.447902,46.003906],[-92.445733,46.006739],[-92.444326,46.008895],[-92.444144,46.009407],[-92.444314,46.010527],[-92.444209,46.011335],[-92.44339,46.013537],[-92.443318,46.014153],[-92.44298,46.014885],[-92.442236,46.015829],[-92.440687,46.017288],[-92.436036,46.020753],[-92.43355,46.022151],[-92.428497,46.024212],[-92.424642,46.025107],[-92.42347,46.025511],[-92.42185,46.026406],[-92.420802,46.026639],[-92.415963,46.026853],[-92.413158,46.027285],[-92.410261,46.027241],[-92.408682,46.026837],[-92.405123,46.025302],[-92.402539,46.024475],[-92.397519,46.021695],[-92.396017,46.021159],[-92.392085,46.019252],[-92.388874,46.018527],[-92.384523,46.018017],[-92.376009,46.015941],[-92.37382,46.014589],[-92.371249,46.013906],[-92.368492,46.01358],[-92.366478,46.013582],[-92.362826,46.013122],[-92.361197,46.013171],[-92.359809,46.013409],[-92.357763,46.013394],[-92.351959,46.015413],[-92.350714,46.016036],[-92.350035,46.016734],[-92.349918,46.0172],[-92.350291,46.01862],[-92.349867,46.020138],[-92.350115,46.020925],[-92.350106,46.021573],[-92.3497,46.022971],[-92.34933,46.023523],[-92.348478,46.024187],[-92.346385,46.02526],[-92.344676,46.026967],[-92.343628,46.028645],[-92.3422,46.032084],[-92.342209,46.033073],[-92.342542,46.03502],[-92.3432,46.037365],[-92.343195,46.038771],[-92.343423,46.039827],[-92.343529,46.04175],[-92.343402,46.043414],[-92.343081,46.043851],[-92.341815,46.044803],[-92.340964,46.04589],[-92.339224,46.047514],[-92.338957,46.047973],[-92.3375,46.053884],[-92.336454,46.056952],[-92.33566,46.058435],[-92.334748,46.059417],[-92.33324,46.062317],[-92.330789,46.064551],[-92.329411,46.065546],[-92.325687,46.067074],[-92.323603,46.067393],[-92.318959,46.069303],[-92.316573,46.06978],[-92.314456,46.06966],[-92.313122,46.06988],[-92.308578,46.071873],[-92.306473,46.072522],[-92.298158,46.072915],[-92.29682,46.073306],[-92.295162,46.074106],[-92.294348,46.074281],[-92.293522,46.124962],[-92.293413,46.142738],[-92.29346,46.160687],[-92.293313,46.172156],[-92.293597,46.1865],[-92.293312,46.200954],[-92.293399,46.237104],[-92.292934,46.388331],[-92.293026,46.403313],[-92.292706,46.417252]]]}},{"type":"Feature","properties":{"name":"Steele","gnisId":659518,"fipsCode":"147","countyCode":"27147"},"geometry":{"type":"Polygon","coordinates":[[[-93.045572,43.848405],[-93.045324,43.892074],[-93.045379,43.935641],[-93.045638,43.950149],[-93.045874,44.008249],[-93.045913,44.037287],[-93.045643,44.080988],[-93.04584,44.124984],[-93.045674,44.138798],[-93.045974,44.182427],[-93.045927,44.196712],[-93.406569,44.196399],[-93.406585,44.109228],[-93.406247,44.065626],[-93.406199,44.036629],[-93.40628,44.007682],[-93.406505,43.999979],[-93.406745,43.848109],[-93.229325,43.848142],[-93.129681,43.848395],[-93.045572,43.848405]]]}},{"type":"Feature","properties":{"name":"Pope","gnisId":659506,"fipsCode":"121","countyCode":"27121"},"geometry":{"type":"Polygon","coordinates":[[[-95.139684,45.758949],[-95.222759,45.758748],[-95.385716,45.758923],[-95.418073,45.759852],[-95.509994,45.758954],[-95.696444,45.759815],[-95.758532,45.759897],[-95.75862,45.716357],[-95.758349,45.687355],[-95.75815,45.624969],[-95.758328,45.614574],[-95.758338,45.585476],[-95.747648,45.585444],[-95.747614,45.527974],[-95.747457,45.51349],[-95.747584,45.499965],[-95.74746,45.412285],[-95.685777,45.412499],[-95.64467,45.412282],[-95.624097,45.412397],[-95.520806,45.412104],[-95.500358,45.411877],[-95.459682,45.412125],[-95.438816,45.412023],[-95.418567,45.412329],[-95.397915,45.412418],[-95.250329,45.412777],[-95.193745,45.412807],[-95.131864,45.412591],[-95.131774,45.441471],[-95.131541,45.455824],[-95.131658,45.455824],[-95.131691,45.470236],[-95.131466,45.513391],[-95.131603,45.585101],[-95.139889,45.585081],[-95.139534,45.624976],[-95.139451,45.657449],[-95.139847,45.744406],[-95.139684,45.758949]]]}},{"type":"Feature","properties":{"name":"Ramsey","gnisId":659507,"fipsCode":"123","countyCode":"27123"},"geometry":{"type":"Polygon","coordinates":[[[-93.02046,45.123841],[-93.056423,45.124072],[-93.127471,45.12413],[-93.227693,45.124531],[-93.227823,45.11496],[-93.227741,45.093186],[-93.22709,45.057128],[-93.226942,45.035679],[-93.208095,45.035756],[-93.207808,45.020593],[-93.207565,44.991587],[-93.20773,44.953033],[-93.204915,44.951748],[-93.203061,44.95023],[-93.201807,44.948388],[-93.201076,44.945928],[-93.200915,44.944045],[-93.201101,44.939737],[-93.201013,44.935962],[-93.200683,44.932324],[-93.200099,44.928637],[-93.20094,44.924623],[-93.201401,44.920683],[-93.201504,44.916729],[-93.201172,44.912279],[-93.200402,44.910292],[-93.198943,44.908463],[-93.197352,44.907225],[-93.192413,44.904311],[-93.191675,44.903639],[-93.191259,44.902691],[-93.191449,44.900923],[-93.191174,44.89947],[-93.18994,44.897333],[-93.188426,44.895708],[-93.187225,44.895021],[-93.185642,44.894431],[-93.176909,44.893676],[-93.177002,44.893269],[-93.177845,44.891861],[-93.177717,44.88988],[-93.178541,44.88836],[-93.177676,44.888221],[-93.175956,44.887635],[-93.174894,44.887524],[-93.172536,44.887514],[-93.170425,44.887783],[-93.168853,44.88833],[-93.165038,44.890198],[-93.163174,44.890786],[-93.15659,44.891931],[-93.153211,44.893375],[-93.152196,44.894177],[-93.14923,44.897252],[-93.13773,44.905511],[-93.135741,44.9073],[-93.134494,44.908877],[-93.13258,44.912442],[-93.131984,44.915675],[-93.131673,44.916483],[-93.128828,44.919661],[-93.096,44.919687],[-93.09604,44.923295],[-93.090942,44.923272],[-93.090918,44.919676],[-93.047254,44.91951],[-93.044455,44.915151],[-93.044762,44.911031],[-93.041658,44.905104],[-93.040013,44.902724],[-93.036508,44.900034],[-93.030907,44.896709],[-93.024594,44.894461],[-93.020748,44.892795],[-93.019669,44.890757],[-92.984199,44.890822],[-92.984869,44.970495],[-92.984699,44.999537],[-92.984816,45.064716],[-92.984377,45.079306],[-92.984628,45.12375],[-93.02046,45.123841]]]}},{"type":"Feature","properties":{"name":"Red Lake","gnisId":659508,"fipsCode":"125","countyCode":"27125"},"geometry":{"type":"Polygon","coordinates":[[[-95.709644,47.935502],[-95.709866,47.964389],[-95.9249,47.964744],[-95.946306,47.96448],[-95.96754,47.964542],[-95.988978,47.964128],[-96.03237,47.963973],[-96.075799,47.96359],[-96.096026,47.963634],[-96.117273,47.963192],[-96.139015,47.963054],[-96.182601,47.963079],[-96.223528,47.962764],[-96.28844,47.962929],[-96.310026,47.963251],[-96.331727,47.963146],[-96.352562,47.963384],[-96.417469,47.963372],[-96.482557,47.963608],[-96.482459,47.905607],[-96.482065,47.847474],[-96.417238,47.847537],[-96.352822,47.847242],[-96.352343,47.818295],[-96.351993,47.774737],[-96.351715,47.760336],[-96.202277,47.759636],[-96.138936,47.759759],[-96.117388,47.760099],[-96.074597,47.760121],[-96.031555,47.760451],[-95.967148,47.760447],[-95.933969,47.760814],[-95.837202,47.760915],[-95.837129,47.775422],[-95.836641,47.78993],[-95.836633,47.818945],[-95.836967,47.848198],[-95.815365,47.848382],[-95.784575,47.848221],[-95.730805,47.848594],[-95.709137,47.84856],[-95.709538,47.891898],[-95.709361,47.899321],[-95.70985,47.921069],[-95.709644,47.935502]]]}},{"type":"Feature","properties":{"name":"Redwood","gnisId":659509,"fipsCode":"127","countyCode":"27127"},"geometry":{"type":"Polygon","coordinates":[[[-94.865616,44.49819],[-94.866704,44.498403],[-94.868779,44.499376],[-94.869633,44.499968],[-94.870024,44.500855],[-94.87045,44.501077],[-94.870947,44.500946],[-94.871104,44.500703],[-94.871499,44.499967],[-94.871477,44.499241],[-94.871643,44.499001],[-94.872115,44.498841],[-94.872995,44.49895],[-94.873527,44.499214],[-94.87375,44.499557],[-94.87384,44.500453],[-94.873349,44.505161],[-94.873477,44.505462],[-94.874365,44.506201],[-94.876013,44.506837],[-94.877124,44.506911],[-94.878795,44.506281],[-94.879349,44.506246],[-94.879678,44.506488],[-94.879398,44.507066],[-94.877753,44.508318],[-94.877488,44.508654],[-94.877486,44.508967],[-94.877737,44.509262],[-94.879967,44.510086],[-94.880099,44.51028],[-94.879716,44.510719],[-94.878634,44.510684],[-94.877833,44.511],[-94.877637,44.51181],[-94.87849,44.514835],[-94.879445,44.516131],[-94.880675,44.517004],[-94.882902,44.51747],[-94.884501,44.517179],[-94.885875,44.516236],[-94.88656,44.515495],[-94.88712,44.514565],[-94.887334,44.513431],[-94.888518,44.512682],[-94.889914,44.512245],[-94.891481,44.512464],[-94.892218,44.512932],[-94.89236,44.513297],[-94.892277,44.513949],[-94.891106,44.515232],[-94.890743,44.516242],[-94.891111,44.517446],[-94.891761,44.51822],[-94.892813,44.519139],[-94.894056,44.519891],[-94.897901,44.520874],[-94.898344,44.520694],[-94.897665,44.51987],[-94.897686,44.519447],[-94.897869,44.519033],[-94.898304,44.51887],[-94.898834,44.519104],[-94.899962,44.520299],[-94.900432,44.520499],[-94.901819,44.520803],[-94.902821,44.520452],[-94.902973,44.520037],[-94.902515,44.518315],[-94.9024,44.518077],[-94.901782,44.517693],[-94.902642,44.517218],[-94.905069,44.516979],[-94.908152,44.517086],[-94.914678,44.515889],[-94.916519,44.515953],[-94.917042,44.516626],[-94.917886,44.517113],[-94.918399,44.517165],[-94.919765,44.516485],[-94.921191,44.516789],[-94.923532,44.517526],[-94.924036,44.517837],[-94.923716,44.518254],[-94.922272,44.518483],[-94.921645,44.518884],[-94.921522,44.519124],[-94.921731,44.519781],[-94.922162,44.520228],[-94.924038,44.52088],[-94.92508,44.521414],[-94.926027,44.522303],[-94.929103,44.524316],[-94.930335,44.524671],[-94.933746,44.524382],[-94.93429,44.524172],[-94.934349,44.523288],[-94.934475,44.52295],[-94.934797,44.522752],[-94.936474,44.522873],[-94.937028,44.523085],[-94.938177,44.52389],[-94.938369,44.524129],[-94.938308,44.524354],[-94.937002,44.524859],[-94.93568,44.526321],[-94.935013,44.527513],[-94.935157,44.52779],[-94.937096,44.529349],[-94.937997,44.530496],[-94.938422,44.530651],[-94.938886,44.530549],[-94.939202,44.530274],[-94.939381,44.529706],[-94.939212,44.529247],[-94.938184,44.527988],[-94.938111,44.527636],[-94.938444,44.527059],[-94.939896,44.526341],[-94.941938,44.525881],[-94.943361,44.525783],[-94.944766,44.526037],[-94.945118,44.526307],[-94.94522,44.526721],[-94.944814,44.528395],[-94.945143,44.528928],[-94.946291,44.529507],[-94.946976,44.52948],[-94.949941,44.528716],[-94.952912,44.528738],[-94.953614,44.528903],[-94.954207,44.529325],[-94.956496,44.531977],[-94.957053,44.532338],[-94.958625,44.532639],[-94.960909,44.532555],[-94.962671,44.532688],[-94.965583,44.533137],[-94.967759,44.533036],[-94.968962,44.53361],[-94.969251,44.533966],[-94.969286,44.534313],[-94.967738,44.536381],[-94.967244,44.537708],[-94.967211,44.538245],[-94.967451,44.538936],[-94.96814,44.539727],[-94.969864,44.540343],[-94.970391,44.540215],[-94.970761,44.539919],[-94.970601,44.538416],[-94.970876,44.538212],[-94.971561,44.537904],[-94.972008,44.537879],[-94.972578,44.538317],[-94.973002,44.538269],[-94.973231,44.538047],[-94.97385,44.536189],[-94.974484,44.535573],[-94.976148,44.535425],[-94.977515,44.535667],[-94.978586,44.536541],[-94.978585,44.537046],[-94.976533,44.536607],[-94.97532,44.536834],[-94.975225,44.537426],[-94.975857,44.539293],[-94.975808,44.539644],[-94.975364,44.540334],[-94.975457,44.540539],[-94.976088,44.540752],[-94.979547,44.539946],[-94.983126,44.539713],[-94.984182,44.539818],[-94.984345,44.540002],[-94.984206,44.540302],[-94.983771,44.540685],[-94.982304,44.541436],[-94.982009,44.541755],[-94.982061,44.542322],[-94.98294,44.542693],[-94.985749,44.541799],[-94.987058,44.541936],[-94.987718,44.54221],[-94.98868,44.543374],[-94.988963,44.544647],[-94.988756,44.545869],[-94.989103,44.54632],[-94.990083,44.546423],[-94.992151,44.54538],[-94.993423,44.545225],[-94.994196,44.545314],[-94.995746,44.545855],[-94.998181,44.547098],[-95.000705,44.547571],[-95.001072,44.547445],[-95.001205,44.547229],[-95.001121,44.546906],[-95.000663,44.546328],[-94.999889,44.545796],[-94.999692,44.545458],[-94.999641,44.544605],[-94.999969,44.543951],[-95.000298,44.543665],[-95.001322,44.54312],[-95.002117,44.542913],[-95.002335,44.543004],[-95.003564,44.544706],[-95.003814,44.545583],[-95.005888,44.547219],[-95.006372,44.547214],[-95.006658,44.546913],[-95.006193,44.545044],[-95.006473,44.544485],[-95.007282,44.544217],[-95.008813,44.54426],[-95.009748,44.544106],[-95.012274,44.543257],[-95.01443,44.542693],[-95.015182,44.542646],[-95.015653,44.542734],[-95.016872,44.543583],[-95.017227,44.544003],[-95.017128,44.545104],[-95.01658,44.546358],[-95.015743,44.547099],[-95.014603,44.547707],[-95.011715,44.548527],[-95.011582,44.549122],[-95.011819,44.549779],[-95.012739,44.550329],[-95.014814,44.55096],[-95.016077,44.551077],[-95.017547,44.550763],[-95.019295,44.549522],[-95.021453,44.548688],[-95.021775,44.548299],[-95.021772,44.547815],[-95.020771,44.546749],[-95.020794,44.546402],[-95.021252,44.545902],[-95.022328,44.545527],[-95.023028,44.545524],[-95.024374,44.545915],[-95.025041,44.546512],[-95.025052,44.547353],[-95.024061,44.549086],[-95.024094,44.54952],[-95.024699,44.551152],[-95.024593,44.551879],[-95.024809,44.552283],[-95.025774,44.553147],[-95.026899,44.553551],[-95.02754,44.553335],[-95.027666,44.552778],[-95.027565,44.551377],[-95.027752,44.550808],[-95.028283,44.550477],[-95.029093,44.550248],[-95.029814,44.550509],[-95.030042,44.550748],[-95.030711,44.552786],[-95.031579,44.553408],[-95.032946,44.5537],[-95.033657,44.554176],[-95.033497,44.554573],[-95.032695,44.555182],[-95.032239,44.555754],[-95.032409,44.55683],[-95.033029,44.557037],[-95.034131,44.557123],[-95.036187,44.556901],[-95.037365,44.556947],[-95.038888,44.557298],[-95.041245,44.55816],[-95.041715,44.558177],[-95.042198,44.558133],[-95.042516,44.557914],[-95.042601,44.557583],[-95.042444,44.55675],[-95.042583,44.556451],[-95.043082,44.556412],[-95.047207,44.557204],[-95.049223,44.557922],[-95.04986,44.558223],[-95.050563,44.559012],[-95.05038,44.560785],[-95.050529,44.561239],[-95.052046,44.562321],[-95.053034,44.562469],[-95.05474,44.56175],[-95.055437,44.561615],[-95.056678,44.561749],[-95.058941,44.562497],[-95.05923,44.562999],[-95.059263,44.56411],[-95.05895,44.564856],[-95.057684,44.56635],[-95.057724,44.566757],[-95.058018,44.567171],[-95.058823,44.567722],[-95.059706,44.567965],[-95.060838,44.567693],[-95.061967,44.567629],[-95.063752,44.567987],[-95.064134,44.568186],[-95.064281,44.569235],[-95.065012,44.570254],[-95.066454,44.571364],[-95.067907,44.572023],[-95.070226,44.572479],[-95.074215,44.573651],[-95.076196,44.573825],[-95.076981,44.57353],[-95.07775,44.572855],[-95.078191,44.572305],[-95.078578,44.571074],[-95.079003,44.570502],[-95.080856,44.570122],[-95.081868,44.569335],[-95.082673,44.569204],[-95.083461,44.569354],[-95.084623,44.570027],[-95.085803,44.571492],[-95.08631,44.57176],[-95.087747,44.571721],[-95.089265,44.571169],[-95.09247,44.572042],[-95.09579,44.571572],[-95.097277,44.571658],[-95.098626,44.57212],[-95.098977,44.572325],[-95.099076,44.572609],[-95.0989,44.57392],[-95.098201,44.574963],[-95.096767,44.576135],[-95.095325,44.576648],[-95.092081,44.577056],[-95.090139,44.577559],[-95.08918,44.578022],[-95.088546,44.578552],[-95.088399,44.57884],[-95.088448,44.579284],[-95.089541,44.579645],[-95.090947,44.579853],[-95.094812,44.580003],[-95.095895,44.579589],[-95.097341,44.578581],[-95.098794,44.578216],[-95.099931,44.578164],[-95.100615,44.578793],[-95.101599,44.581014],[-95.101664,44.581788],[-95.101488,44.583143],[-95.102082,44.584835],[-95.102681,44.585752],[-95.104314,44.58742],[-95.104997,44.587675],[-95.105843,44.587654],[-95.106998,44.586721],[-95.108189,44.586332],[-95.109168,44.586721],[-95.111466,44.588238],[-95.113405,44.588857],[-95.11475,44.58911],[-95.115448,44.589667],[-95.116217,44.59062],[-95.117296,44.593587],[-95.118167,44.594891],[-95.119205,44.595499],[-95.122589,44.596677],[-95.125303,44.597506],[-95.12665,44.597652],[-95.127156,44.597315],[-95.128317,44.595627],[-95.128798,44.595351],[-95.12954,44.595181],[-95.130423,44.595255],[-95.132079,44.596072],[-95.132685,44.596627],[-95.133005,44.59768],[-95.13295,44.599103],[-95.133298,44.600343],[-95.134281,44.601787],[-95.137056,44.60235],[-95.140451,44.604479],[-95.143364,44.605588],[-95.145834,44.60695],[-95.146539,44.607567],[-95.147455,44.608932],[-95.14849,44.611443],[-95.148835,44.611946],[-95.150498,44.613252],[-95.150675,44.613743],[-95.150424,44.614928],[-95.15052,44.615166],[-95.150901,44.615378],[-95.154658,44.615311],[-95.156092,44.615626],[-95.158925,44.617376],[-95.159175,44.617658],[-95.159042,44.618191],[-95.15934,44.618776],[-95.160459,44.619539],[-95.161851,44.620073],[-95.164888,44.620274],[-95.165496,44.621165],[-95.166474,44.621607],[-95.167782,44.62164],[-95.169911,44.620449],[-95.173664,44.619238],[-95.174867,44.619121],[-95.175957,44.61929],[-95.177582,44.619738],[-95.178651,44.620258],[-95.178728,44.620715],[-95.177817,44.622274],[-95.178124,44.622777],[-95.178475,44.622989],[-95.180435,44.623621],[-95.185678,44.624038],[-95.186006,44.624195],[-95.186437,44.624654],[-95.186851,44.625516],[-95.18706,44.626194],[-95.187149,44.627398],[-95.187368,44.62785],[-95.188119,44.628233],[-95.190526,44.628398],[-95.192191,44.628972],[-95.192909,44.629569],[-95.193259,44.630082],[-95.193722,44.631646],[-95.194375,44.6326],[-95.19788,44.635827],[-95.199871,44.636942],[-95.201406,44.637427],[-95.203095,44.638831],[-95.206319,44.640743],[-95.207255,44.641099],[-95.210093,44.641463],[-95.21046,44.641696],[-95.211574,44.642872],[-95.211875,44.643665],[-95.212153,44.645327],[-95.213113,44.646524],[-95.213527,44.646696],[-95.214353,44.646464],[-95.214547,44.646239],[-95.214679,44.645266],[-95.214873,44.64502],[-95.215361,44.64478],[-95.216006,44.644893],[-95.21813,44.645892],[-95.219017,44.646577],[-95.220149,44.648391],[-95.222672,44.651349],[-95.22365,44.652228],[-95.22428,44.652461],[-95.225342,44.652538],[-95.226246,44.652157],[-95.226634,44.65174],[-95.227145,44.651489],[-95.227805,44.651751],[-95.230612,44.653979],[-95.23287,44.655533],[-95.233625,44.656405],[-95.234106,44.657892],[-95.235965,44.659313],[-95.236767,44.660135],[-95.237397,44.660347],[-95.239161,44.660316],[-95.240034,44.66082],[-95.240385,44.661311],[-95.240518,44.661927],[-95.240482,44.66345],[-95.240262,44.664082],[-95.240374,44.664445],[-95.240978,44.665019],[-95.243921,44.666813],[-95.244842,44.667163],[-95.246204,44.667339],[-95.247544,44.66729],[-95.248887,44.667004],[-95.250473,44.665799],[-95.25077,44.664989],[-95.25144,44.664385],[-95.252241,44.664308],[-95.253379,44.664629],[-95.254056,44.664546],[-95.254714,44.664151],[-95.255237,44.663504],[-95.255466,44.662277],[-95.256565,44.661538],[-95.257411,44.661383],[-95.259718,44.661431],[-95.260763,44.661225],[-95.262592,44.660788],[-95.264936,44.659715],[-95.266351,44.659434],[-95.26931,44.659317],[-95.272334,44.65992],[-95.277491,44.660329],[-95.281787,44.660361],[-95.28481,44.660908],[-95.288003,44.660975],[-95.290246,44.661424],[-95.291746,44.66117],[-95.292566,44.660812],[-95.293601,44.660936],[-95.293873,44.661049],[-95.294275,44.661672],[-95.293798,44.663791],[-95.29415,44.664612],[-95.294741,44.664948],[-95.296745,44.665387],[-95.297529,44.665711],[-95.301023,44.66777],[-95.303233,44.66857],[-95.30367,44.668891],[-95.304222,44.66971],[-95.30571,44.670709],[-95.306338,44.671896],[-95.307278,44.67286],[-95.310961,44.67461],[-95.312175,44.675841],[-95.312756,44.676985],[-95.312834,44.677522],[-95.312244,44.680796],[-95.3129,44.681807],[-95.313026,44.682493],[-95.312237,44.68435],[-95.310953,44.686097],[-95.310749,44.686901],[-95.31096,44.687558],[-95.31308,44.689986],[-95.313743,44.691452],[-95.314907,44.69241],[-95.31559,44.692668],[-95.31819,44.693151],[-95.320692,44.693301],[-95.323516,44.692777],[-95.325878,44.691889],[-95.326673,44.691899],[-95.332293,44.693566],[-95.33401,44.694359],[-95.335662,44.6949],[-95.33861,44.694913],[-95.344455,44.696138],[-95.345851,44.696098],[-95.34802,44.695657],[-95.350249,44.697033],[-95.350901,44.69728],[-95.351624,44.697175],[-95.353221,44.696216],[-95.354495,44.696222],[-95.355972,44.696906],[-95.359231,44.698021],[-95.360445,44.698624],[-95.360278,44.585271],[-95.360395,44.54171],[-95.462167,44.542],[-95.493128,44.541886],[-95.53343,44.542069],[-95.58395,44.542586],[-95.594836,44.542391],[-95.594352,44.530175],[-95.594612,44.51574],[-95.594642,44.501089],[-95.593827,44.428489],[-95.59416,44.384865],[-95.593341,44.282966],[-95.593537,44.195591],[-95.563474,44.195446],[-95.512801,44.195541],[-95.472605,44.19596],[-95.422238,44.19596],[-95.26149,44.195229],[-95.241483,44.19536],[-95.221316,44.195155],[-95.16934,44.195443],[-95.129001,44.195291],[-95.108813,44.195033],[-95.10753,44.281799],[-95.087717,44.28185],[-95.047233,44.282475],[-95.026982,44.282405],[-94.986884,44.282612],[-94.926698,44.282104],[-94.866303,44.282288],[-94.866348,44.325772],[-94.86564,44.441632],[-94.865616,44.49819]]]}},{"type":"Feature","properties":{"name":"Renville","gnisId":659510,"fipsCode":"129","countyCode":"27129"},"geometry":{"type":"Polygon","coordinates":[[[-94.498019,44.717222],[-94.497976,44.746461],[-94.498115,44.761104],[-94.497839,44.819703],[-94.497962,44.863395],[-94.498128,44.874966],[-94.497733,44.892333],[-94.630232,44.891888],[-94.880231,44.892245],[-95.077109,44.891453],[-95.117942,44.891532],[-95.179363,44.89127],[-95.329963,44.891274],[-95.483417,44.89072],[-95.483227,44.861657],[-95.483232,44.818077],[-95.482941,44.788948],[-95.482945,44.752885],[-95.479108,44.755774],[-95.478141,44.756213],[-95.47686,44.756083],[-95.475175,44.755462],[-95.473303,44.754436],[-95.47184,44.75329],[-95.469907,44.750312],[-95.469048,44.749448],[-95.468437,44.74908],[-95.467737,44.748937],[-95.464572,44.749032],[-95.463352,44.748577],[-95.463087,44.748251],[-95.463093,44.747844],[-95.463746,44.746085],[-95.463741,44.745365],[-95.46354,44.744907],[-95.462586,44.74425],[-95.460607,44.743481],[-95.460081,44.743098],[-95.459367,44.741883],[-95.458828,44.741312],[-95.457779,44.740836],[-95.456654,44.740739],[-95.452473,44.741656],[-95.448375,44.742205],[-95.444063,44.743565],[-95.441493,44.74361],[-95.439389,44.742971],[-95.437498,44.741592],[-95.433892,44.740282],[-95.432786,44.739492],[-95.432156,44.739376],[-95.429759,44.739664],[-95.427837,44.739274],[-95.425347,44.737241],[-95.423582,44.736193],[-95.423404,44.735735],[-95.423329,44.734168],[-95.422686,44.732426],[-95.421801,44.731869],[-95.420918,44.731614],[-95.419516,44.731476],[-95.418835,44.73158],[-95.418616,44.731814],[-95.418539,44.732226],[-95.419037,44.733395],[-95.418679,44.734079],[-95.417836,44.734638],[-95.416846,44.734806],[-95.414782,44.734128],[-95.412317,44.732948],[-95.41155,44.731781],[-95.410917,44.731325],[-95.409596,44.730967],[-95.407987,44.730789],[-95.403739,44.727355],[-95.402126,44.726489],[-95.398923,44.725186],[-95.397095,44.723846],[-95.396929,44.723597],[-95.396859,44.722711],[-95.397578,44.721695],[-95.399567,44.7208],[-95.400784,44.720459],[-95.401604,44.719872],[-95.40163,44.719686],[-95.401349,44.719403],[-95.399942,44.71916],[-95.399153,44.718856],[-95.398935,44.718486],[-95.399367,44.718044],[-95.399618,44.717321],[-95.399359,44.71711],[-95.398261,44.716826],[-95.397381,44.715955],[-95.397347,44.715702],[-95.397545,44.715363],[-95.398748,44.714917],[-95.39887,44.714572],[-95.398576,44.714113],[-95.397116,44.713375],[-95.396184,44.713268],[-95.395059,44.71367],[-95.394247,44.71429],[-95.393113,44.714318],[-95.392143,44.713771],[-95.39172,44.71324],[-95.391555,44.712469],[-95.391714,44.711767],[-95.391405,44.711319],[-95.389434,44.710235],[-95.38794,44.710117],[-95.385551,44.709541],[-95.384719,44.709484],[-95.383351,44.709692],[-95.382184,44.710292],[-95.381248,44.711345],[-95.380459,44.711508],[-95.37986,44.711349],[-95.379518,44.710615],[-95.379746,44.709468],[-95.379705,44.70822],[-95.38093,44.706912],[-95.382234,44.705989],[-95.382318,44.705577],[-95.378647,44.703346],[-95.376538,44.702679],[-95.375028,44.701931],[-95.370396,44.700857],[-95.368854,44.69998],[-95.368133,44.699805],[-95.367565,44.69997],[-95.366775,44.700751],[-95.36611,44.701125],[-95.364713,44.701593],[-95.364072,44.70155],[-95.362463,44.7008],[-95.361929,44.70025],[-95.361688,44.699659],[-95.361192,44.699037],[-95.359231,44.698021],[-95.355972,44.696906],[-95.354495,44.696222],[-95.353221,44.696216],[-95.351624,44.697175],[-95.350901,44.69728],[-95.350249,44.697033],[-95.34802,44.695657],[-95.345851,44.696098],[-95.344455,44.696138],[-95.33861,44.694913],[-95.335662,44.6949],[-95.33401,44.694359],[-95.332293,44.693566],[-95.326673,44.691899],[-95.325878,44.691889],[-95.323516,44.692777],[-95.320692,44.693301],[-95.31819,44.693151],[-95.31559,44.692668],[-95.314907,44.69241],[-95.313743,44.691452],[-95.31308,44.689986],[-95.31096,44.687558],[-95.310749,44.686901],[-95.310953,44.686097],[-95.312237,44.68435],[-95.313026,44.682493],[-95.3129,44.681807],[-95.312244,44.680796],[-95.312834,44.677522],[-95.312756,44.676985],[-95.312175,44.675841],[-95.310961,44.67461],[-95.307278,44.67286],[-95.306338,44.671896],[-95.30571,44.670709],[-95.304222,44.66971],[-95.30367,44.668891],[-95.303233,44.66857],[-95.301023,44.66777],[-95.297529,44.665711],[-95.296745,44.665387],[-95.294741,44.664948],[-95.29415,44.664612],[-95.293798,44.663791],[-95.294275,44.661672],[-95.293873,44.661049],[-95.293601,44.660936],[-95.292566,44.660812],[-95.291746,44.66117],[-95.290246,44.661424],[-95.288003,44.660975],[-95.28481,44.660908],[-95.281787,44.660361],[-95.277491,44.660329],[-95.272334,44.65992],[-95.26931,44.659317],[-95.266351,44.659434],[-95.264936,44.659715],[-95.262592,44.660788],[-95.260763,44.661225],[-95.259718,44.661431],[-95.257411,44.661383],[-95.256565,44.661538],[-95.255466,44.662277],[-95.255237,44.663504],[-95.254714,44.664151],[-95.254056,44.664546],[-95.253379,44.664629],[-95.252241,44.664308],[-95.25144,44.664385],[-95.25077,44.664989],[-95.250473,44.665799],[-95.248887,44.667004],[-95.247544,44.66729],[-95.246204,44.667339],[-95.244281,44.666985],[-95.240978,44.665019],[-95.240374,44.664445],[-95.240262,44.664082],[-95.240482,44.66345],[-95.240518,44.661927],[-95.240385,44.661311],[-95.240034,44.66082],[-95.239161,44.660316],[-95.237397,44.660347],[-95.236767,44.660135],[-95.235965,44.659313],[-95.234106,44.657892],[-95.233625,44.656405],[-95.23287,44.655533],[-95.230612,44.653979],[-95.227805,44.651751],[-95.227145,44.651489],[-95.226634,44.65174],[-95.226246,44.652157],[-95.225342,44.652538],[-95.22428,44.652461],[-95.22365,44.652228],[-95.222672,44.651349],[-95.220149,44.648391],[-95.219017,44.646577],[-95.21813,44.645892],[-95.216006,44.644893],[-95.215361,44.64478],[-95.214873,44.64502],[-95.214679,44.645266],[-95.214547,44.646239],[-95.214353,44.646464],[-95.213527,44.646696],[-95.213113,44.646524],[-95.212153,44.645327],[-95.211875,44.643665],[-95.211574,44.642872],[-95.21046,44.641696],[-95.210093,44.641463],[-95.207255,44.641099],[-95.206319,44.640743],[-95.203095,44.638831],[-95.201406,44.637427],[-95.199871,44.636942],[-95.19788,44.635827],[-95.194375,44.6326],[-95.193722,44.631646],[-95.193259,44.630082],[-95.192909,44.629569],[-95.192191,44.628972],[-95.190526,44.628398],[-95.188119,44.628233],[-95.187368,44.62785],[-95.187149,44.627398],[-95.18706,44.626194],[-95.186851,44.625516],[-95.186437,44.624654],[-95.186006,44.624195],[-95.185678,44.624038],[-95.180435,44.623621],[-95.178475,44.622989],[-95.178124,44.622777],[-95.177817,44.622274],[-95.178728,44.620715],[-95.178651,44.620258],[-95.177582,44.619738],[-95.175957,44.61929],[-95.174867,44.619121],[-95.173664,44.619238],[-95.169911,44.620449],[-95.167782,44.62164],[-95.166474,44.621607],[-95.165496,44.621165],[-95.164888,44.620274],[-95.161851,44.620073],[-95.160459,44.619539],[-95.15934,44.618776],[-95.159042,44.618191],[-95.159175,44.617658],[-95.158925,44.617376],[-95.156092,44.615626],[-95.154658,44.615311],[-95.150901,44.615378],[-95.15052,44.615166],[-95.150424,44.614928],[-95.150675,44.613743],[-95.150498,44.613252],[-95.148835,44.611946],[-95.14849,44.611443],[-95.147455,44.608932],[-95.146539,44.607567],[-95.145834,44.60695],[-95.143364,44.605588],[-95.140451,44.604479],[-95.137056,44.60235],[-95.134281,44.601787],[-95.133298,44.600343],[-95.13295,44.599103],[-95.133005,44.59768],[-95.132685,44.596627],[-95.132079,44.596072],[-95.130423,44.595255],[-95.12954,44.595181],[-95.128798,44.595351],[-95.128317,44.595627],[-95.127156,44.597315],[-95.12665,44.597652],[-95.125303,44.597506],[-95.122589,44.596677],[-95.119205,44.595499],[-95.118167,44.594891],[-95.117296,44.593587],[-95.116217,44.59062],[-95.115448,44.589667],[-95.11475,44.58911],[-95.113405,44.588857],[-95.111466,44.588238],[-95.109168,44.586721],[-95.108189,44.586332],[-95.106998,44.586721],[-95.105843,44.587654],[-95.104997,44.587675],[-95.104314,44.58742],[-95.102681,44.585752],[-95.102082,44.584835],[-95.101488,44.583143],[-95.101664,44.581788],[-95.101599,44.581014],[-95.100615,44.578793],[-95.099931,44.578164],[-95.098794,44.578216],[-95.097341,44.578581],[-95.095895,44.579589],[-95.094812,44.580003],[-95.090947,44.579853],[-95.089541,44.579645],[-95.088448,44.579284],[-95.088399,44.57884],[-95.088546,44.578552],[-95.08918,44.578022],[-95.090139,44.577559],[-95.092081,44.577056],[-95.095325,44.576648],[-95.096767,44.576135],[-95.098201,44.574963],[-95.0989,44.57392],[-95.099076,44.572609],[-95.098977,44.572325],[-95.098626,44.57212],[-95.097277,44.571658],[-95.09579,44.571572],[-95.09247,44.572042],[-95.089265,44.571169],[-95.087747,44.571721],[-95.08631,44.57176],[-95.085803,44.571492],[-95.084623,44.570027],[-95.083461,44.569354],[-95.082673,44.569204],[-95.081868,44.569335],[-95.080856,44.570122],[-95.079003,44.570502],[-95.078578,44.571074],[-95.078191,44.572305],[-95.07775,44.572855],[-95.076981,44.57353],[-95.076196,44.573825],[-95.074215,44.573651],[-95.070226,44.572479],[-95.067907,44.572023],[-95.066454,44.571364],[-95.065012,44.570254],[-95.064281,44.569235],[-95.064134,44.568186],[-95.063752,44.567987],[-95.061967,44.567629],[-95.060838,44.567693],[-95.059706,44.567965],[-95.058823,44.567722],[-95.058018,44.567171],[-95.057724,44.566757],[-95.057684,44.56635],[-95.05895,44.564856],[-95.059263,44.56411],[-95.05923,44.562999],[-95.058941,44.562497],[-95.056678,44.561749],[-95.055437,44.561615],[-95.05474,44.56175],[-95.053034,44.562469],[-95.052046,44.562321],[-95.050529,44.561239],[-95.05038,44.560785],[-95.050563,44.559012],[-95.04986,44.558223],[-95.049223,44.557922],[-95.047207,44.557204],[-95.043082,44.556412],[-95.042583,44.556451],[-95.042444,44.55675],[-95.042601,44.557583],[-95.042516,44.557914],[-95.042198,44.558133],[-95.041715,44.558177],[-95.041245,44.55816],[-95.038888,44.557298],[-95.037365,44.556947],[-95.036187,44.556901],[-95.034131,44.557123],[-95.033029,44.557037],[-95.032409,44.55683],[-95.032239,44.555754],[-95.032695,44.555182],[-95.033497,44.554573],[-95.033657,44.554176],[-95.032946,44.5537],[-95.031579,44.553408],[-95.030711,44.552786],[-95.030042,44.550748],[-95.029814,44.550509],[-95.029093,44.550248],[-95.028283,44.550477],[-95.027752,44.550808],[-95.027565,44.551377],[-95.027666,44.552778],[-95.02754,44.553335],[-95.026899,44.553551],[-95.025774,44.553147],[-95.024809,44.552283],[-95.024593,44.551879],[-95.024699,44.551152],[-95.024094,44.54952],[-95.024061,44.549086],[-95.025052,44.547353],[-95.025041,44.546512],[-95.024374,44.545915],[-95.023028,44.545524],[-95.022328,44.545527],[-95.021252,44.545902],[-95.020794,44.546402],[-95.020771,44.546749],[-95.021772,44.547815],[-95.021775,44.548299],[-95.021453,44.548688],[-95.019295,44.549522],[-95.017547,44.550763],[-95.016077,44.551077],[-95.014814,44.55096],[-95.012739,44.550329],[-95.011819,44.549779],[-95.011582,44.549122],[-95.011715,44.548527],[-95.014603,44.547707],[-95.015743,44.547099],[-95.01658,44.546358],[-95.017128,44.545104],[-95.017227,44.544003],[-95.016872,44.543583],[-95.015653,44.542734],[-95.015182,44.542646],[-95.01443,44.542693],[-95.012274,44.543257],[-95.009748,44.544106],[-95.008813,44.54426],[-95.007282,44.544217],[-95.006473,44.544485],[-95.006193,44.545044],[-95.006658,44.546913],[-95.006372,44.547214],[-95.005888,44.547219],[-95.003814,44.545583],[-95.003564,44.544706],[-95.002335,44.543004],[-95.002117,44.542913],[-95.001322,44.54312],[-95.000298,44.543665],[-94.999969,44.543951],[-94.999641,44.544605],[-94.999692,44.545458],[-94.999889,44.545796],[-95.000663,44.546328],[-95.001121,44.546906],[-95.001205,44.547229],[-95.001072,44.547445],[-95.000705,44.547571],[-94.998181,44.547098],[-94.995746,44.545855],[-94.994196,44.545314],[-94.993423,44.545225],[-94.992151,44.54538],[-94.990083,44.546423],[-94.989103,44.54632],[-94.988756,44.545869],[-94.988963,44.544647],[-94.98868,44.543374],[-94.987718,44.54221],[-94.987058,44.541936],[-94.985749,44.541799],[-94.98294,44.542693],[-94.982061,44.542322],[-94.982009,44.541755],[-94.982304,44.541436],[-94.983771,44.540685],[-94.984206,44.540302],[-94.984345,44.540002],[-94.984182,44.539818],[-94.983126,44.539713],[-94.979547,44.539946],[-94.976088,44.540752],[-94.975457,44.540539],[-94.975364,44.540334],[-94.975808,44.539644],[-94.975857,44.539293],[-94.975225,44.537426],[-94.97532,44.536834],[-94.976533,44.536607],[-94.978585,44.537046],[-94.978586,44.536541],[-94.977515,44.535667],[-94.976148,44.535425],[-94.974484,44.535573],[-94.97385,44.536189],[-94.973231,44.538047],[-94.973002,44.538269],[-94.972578,44.538317],[-94.972008,44.537879],[-94.971561,44.537904],[-94.970876,44.538212],[-94.970601,44.538416],[-94.970761,44.539919],[-94.970391,44.540215],[-94.969864,44.540343],[-94.96814,44.539727],[-94.967451,44.538936],[-94.967211,44.538245],[-94.967244,44.537708],[-94.967738,44.536381],[-94.969286,44.534313],[-94.969251,44.533966],[-94.968962,44.53361],[-94.967759,44.533036],[-94.965583,44.533137],[-94.962671,44.532688],[-94.960909,44.532555],[-94.958625,44.532639],[-94.957053,44.532338],[-94.956496,44.531977],[-94.954207,44.529325],[-94.953614,44.528903],[-94.952912,44.528738],[-94.949941,44.528716],[-94.946976,44.52948],[-94.946291,44.529507],[-94.945143,44.528928],[-94.944814,44.528395],[-94.94522,44.526721],[-94.945118,44.526307],[-94.944766,44.526037],[-94.943361,44.525783],[-94.941938,44.525881],[-94.939896,44.526341],[-94.938444,44.527059],[-94.938111,44.527636],[-94.938184,44.527988],[-94.939212,44.529247],[-94.939381,44.529706],[-94.939202,44.530274],[-94.938886,44.530549],[-94.938422,44.530651],[-94.937997,44.530496],[-94.937096,44.529349],[-94.935157,44.52779],[-94.935013,44.527513],[-94.93568,44.526321],[-94.937002,44.524859],[-94.938308,44.524354],[-94.938369,44.524129],[-94.938177,44.52389],[-94.937028,44.523085],[-94.936474,44.522873],[-94.934797,44.522752],[-94.934475,44.52295],[-94.934349,44.523288],[-94.93429,44.524172],[-94.933746,44.524382],[-94.930335,44.524671],[-94.929103,44.524316],[-94.926027,44.522303],[-94.92508,44.521414],[-94.924038,44.52088],[-94.922162,44.520228],[-94.921731,44.519781],[-94.921522,44.519124],[-94.921645,44.518884],[-94.922272,44.518483],[-94.923716,44.518254],[-94.924036,44.517837],[-94.923532,44.517526],[-94.921191,44.516789],[-94.919765,44.516485],[-94.918399,44.517165],[-94.917886,44.517113],[-94.917042,44.516626],[-94.916519,44.515953],[-94.914678,44.515889],[-94.908152,44.517086],[-94.905069,44.516979],[-94.902642,44.517218],[-94.901782,44.517693],[-94.9024,44.518077],[-94.902515,44.518315],[-94.902973,44.520037],[-94.902821,44.520452],[-94.901819,44.520803],[-94.900432,44.520499],[-94.899962,44.520299],[-94.898834,44.519104],[-94.898304,44.51887],[-94.897869,44.519033],[-94.897686,44.519447],[-94.897665,44.51987],[-94.898344,44.520694],[-94.897901,44.520874],[-94.894056,44.519891],[-94.892813,44.519139],[-94.891761,44.51822],[-94.891111,44.517446],[-94.890743,44.516242],[-94.891106,44.515232],[-94.892277,44.513949],[-94.89236,44.513297],[-94.892218,44.512932],[-94.891481,44.512464],[-94.889914,44.512245],[-94.888518,44.512682],[-94.887334,44.513431],[-94.88712,44.514565],[-94.88656,44.515495],[-94.885875,44.516236],[-94.884501,44.517179],[-94.882902,44.51747],[-94.880675,44.517004],[-94.879445,44.516131],[-94.87849,44.514835],[-94.877637,44.51181],[-94.877833,44.511],[-94.878634,44.510684],[-94.879716,44.510719],[-94.880099,44.51028],[-94.879967,44.510086],[-94.877737,44.509262],[-94.877486,44.508967],[-94.877488,44.508654],[-94.877753,44.508318],[-94.879398,44.507066],[-94.879678,44.506488],[-94.879349,44.506246],[-94.878795,44.506281],[-94.877124,44.506911],[-94.876013,44.506837],[-94.874365,44.506201],[-94.873477,44.505462],[-94.873349,44.505161],[-94.87384,44.500453],[-94.87375,44.499557],[-94.873527,44.499214],[-94.872995,44.49895],[-94.872115,44.498841],[-94.871643,44.499001],[-94.871477,44.499241],[-94.871499,44.499967],[-94.871104,44.500703],[-94.870947,44.500946],[-94.87045,44.501077],[-94.870024,44.500855],[-94.869633,44.499968],[-94.868779,44.499376],[-94.866704,44.498403],[-94.865351,44.498108],[-94.864884,44.497701],[-94.864529,44.497087],[-94.864184,44.496007],[-94.863429,44.495443],[-94.862107,44.495143],[-94.85717,44.494841],[-94.855352,44.495118],[-94.853483,44.495635],[-94.852164,44.495566],[-94.851582,44.495142],[-94.851778,44.494264],[-94.852179,44.49384],[-94.852748,44.493435],[-94.854923,44.492629],[-94.855235,44.492385],[-94.855075,44.491301],[-94.854484,44.490228],[-94.853376,44.489683],[-94.85083,44.489918],[-94.850466,44.490068],[-94.849895,44.490523],[-94.850093,44.491317],[-94.849868,44.491765],[-94.849101,44.492059],[-94.84741,44.492177],[-94.845544,44.492552],[-94.84123,44.49219],[-94.839952,44.491637],[-94.838604,44.490463],[-94.838773,44.48908],[-94.838475,44.488697],[-94.837816,44.488289],[-94.83782,44.488086],[-94.838217,44.487843],[-94.838827,44.487712],[-94.83975,44.488657],[-94.840274,44.488893],[-94.842507,44.489265],[-94.842895,44.48911],[-94.843017,44.488809],[-94.842542,44.48666],[-94.841152,44.485996],[-94.839986,44.485978],[-94.838772,44.485678],[-94.837951,44.485669],[-94.835569,44.486104],[-94.834749,44.486056],[-94.833922,44.485618],[-94.833571,44.484845],[-94.833277,44.484611],[-94.832002,44.484662],[-94.831329,44.484897],[-94.830811,44.485396],[-94.830435,44.486046],[-94.830599,44.486619],[-94.831105,44.486988],[-94.833283,44.487435],[-94.833653,44.487692],[-94.833737,44.488056],[-94.833322,44.488452],[-94.831924,44.488827],[-94.831134,44.488428],[-94.829409,44.486655],[-94.829095,44.486245],[-94.828715,44.484702],[-94.82815,44.483586],[-94.827775,44.483169],[-94.82722,44.482954],[-94.826432,44.483171],[-94.826262,44.483883],[-94.825371,44.484961],[-94.824771,44.485339],[-94.823267,44.485316],[-94.820787,44.483996],[-94.81794,44.482958],[-94.817207,44.483104],[-94.816924,44.483386],[-94.816424,44.484447],[-94.816051,44.484657],[-94.815467,44.484694],[-94.814934,44.484512],[-94.814542,44.484205],[-94.814419,44.483858],[-94.814362,44.483313],[-94.814572,44.482848],[-94.815737,44.482263],[-94.817525,44.481948],[-94.817999,44.481679],[-94.818006,44.480376],[-94.817854,44.479963],[-94.817435,44.47915],[-94.816585,44.479058],[-94.81561,44.479387],[-94.812751,44.481619],[-94.81217,44.481848],[-94.811195,44.481496],[-94.810895,44.480866],[-94.810416,44.47896],[-94.810392,44.478025],[-94.810682,44.476061],[-94.810405,44.475421],[-94.810469,44.474982],[-94.811216,44.473825],[-94.809992,44.471316],[-94.809646,44.470988],[-94.80906,44.470767],[-94.807543,44.469678],[-94.803407,44.467998],[-94.80185,44.46759],[-94.800938,44.467569],[-94.799771,44.467918],[-94.799534,44.468212],[-94.799232,44.469346],[-94.798846,44.469786],[-94.798125,44.469421],[-94.797678,44.468828],[-94.798098,44.467904],[-94.798676,44.467476],[-94.801318,44.466381],[-94.801997,44.466229],[-94.802886,44.466272],[-94.803503,44.466461],[-94.804191,44.466908],[-94.805347,44.467043],[-94.806552,44.466688],[-94.806281,44.466125],[-94.805891,44.465703],[-94.80499,44.465181],[-94.803835,44.465388],[-94.801488,44.464987],[-94.796575,44.462083],[-94.79304,44.460663],[-94.793041,44.460251],[-94.794223,44.459605],[-94.794045,44.458976],[-94.790551,44.456441],[-94.78909,44.456259],[-94.788174,44.45638],[-94.781575,44.457737],[-94.780907,44.457443],[-94.780335,44.456055],[-94.765123,44.45624],[-94.725435,44.456321],[-94.624255,44.455949],[-94.624128,44.485031],[-94.62436,44.542321],[-94.629246,44.542327],[-94.629292,44.614893],[-94.62905,44.629273],[-94.629255,44.643766],[-94.629269,44.687579],[-94.629551,44.716677],[-94.498019,44.717222]]]}},{"type":"Feature","properties":{"name":"Stevens","gnisId":659519,"fipsCode":"149","countyCode":"27149"},"geometry":{"type":"Polygon","coordinates":[[[-95.758532,45.759897],[-96.00036,45.75948],[-96.25402,45.759862],[-96.253868,45.730853],[-96.254063,45.716307],[-96.254006,45.672704],[-96.253487,45.629186],[-96.253469,45.614618],[-96.253029,45.585503],[-96.241477,45.585573],[-96.240971,45.499973],[-96.241097,45.484075],[-96.240951,45.469635],[-96.24097,45.426703],[-96.241337,45.412704],[-96.179226,45.412074],[-96.096976,45.411911],[-95.973336,45.412413],[-95.78839,45.412187],[-95.74746,45.412285],[-95.747584,45.499965],[-95.747457,45.51349],[-95.747614,45.527974],[-95.747648,45.585444],[-95.758338,45.585476],[-95.758328,45.614574],[-95.75815,45.624969],[-95.758349,45.687355],[-95.75862,45.716357],[-95.758532,45.759897]]]}},{"type":"Feature","properties":{"name":"Rice","gnisId":659511,"fipsCode":"131","countyCode":"27131"},"geometry":{"type":"Polygon","coordinates":[[[-93.28153,44.543964],[-93.349839,44.544088],[-93.461252,44.543588],[-93.481613,44.543714],[-93.524172,44.543638],[-93.524453,44.529687],[-93.524298,44.515153],[-93.524667,44.442701],[-93.524583,44.355709],[-93.524926,44.3411],[-93.525001,44.326511],[-93.525298,44.311935],[-93.525324,44.282838],[-93.52505,44.236496],[-93.525554,44.196133],[-93.485355,44.19633],[-93.041213,44.196716],[-93.041156,44.240234],[-93.040792,44.269291],[-93.040258,44.374985],[-93.039957,44.399798],[-93.039989,44.414191],[-93.039452,44.457495],[-93.039471,44.471965],[-93.079981,44.471814],[-93.140872,44.471244],[-93.231372,44.471538],[-93.281694,44.471952],[-93.28153,44.543964]]]}},{"type":"Feature","properties":{"name":"Rock","gnisId":659512,"fipsCode":"133","countyCode":"27133"},"geometry":{"type":"Polygon","coordinates":[[[-96.064609,43.849069],[-96.144682,43.848645],[-96.245379,43.848614],[-96.372015,43.84904],[-96.453288,43.849495],[-96.453023,43.805971],[-96.453306,43.776869],[-96.453488,43.645925],[-96.453271,43.55863],[-96.453388,43.544073],[-96.453302,43.500384],[-96.053174,43.500184],[-96.053577,43.58737],[-96.053594,43.624987],[-96.053215,43.674081],[-96.052948,43.746697],[-96.052619,43.761071],[-96.052588,43.819082],[-96.052293,43.849059],[-96.064609,43.849069]]]}},{"type":"Feature","properties":{"name":"Roseau","gnisId":659513,"fipsCode":"135","countyCode":"27135"},"geometry":{"type":"Polygon","coordinates":[[[-95.322951,48.998936],[-96.00461,48.99995],[-96.405434,49.000082],[-96.405372,48.951532],[-96.405567,48.950126],[-96.405357,48.936026],[-96.405414,48.90683],[-96.405205,48.877992],[-96.404598,48.83428],[-96.404502,48.804864],[-96.404905,48.749991],[-96.404879,48.717148],[-96.387321,48.717188],[-96.386639,48.702939],[-96.38755,48.688733],[-96.38726,48.674174],[-96.387939,48.645331],[-96.387987,48.63123],[-96.389005,48.616527],[-96.389248,48.602282],[-96.388365,48.58774],[-96.388083,48.558577],[-96.388199,48.544235],[-96.366962,48.544136],[-96.235923,48.54514],[-96.081343,48.54356],[-96.059262,48.543779],[-96.000311,48.543527],[-95.949961,48.542426],[-95.927032,48.542122],[-95.875305,48.541834],[-95.862257,48.54146],[-95.841172,48.540535],[-95.819296,48.540234],[-95.797643,48.540491],[-95.775815,48.540539],[-95.750297,48.540256],[-95.710272,48.539501],[-95.611642,48.539099],[-95.58219,48.538642],[-95.516365,48.538882],[-95.451354,48.539805],[-95.375271,48.540097],[-95.364372,48.540321],[-95.342647,48.540165],[-95.342444,48.554592],[-95.342459,48.583455],[-95.342627,48.59788],[-95.342492,48.612691],[-95.342644,48.641342],[-95.342514,48.67039],[-95.342741,48.684809],[-95.342703,48.713039],[-95.211331,48.713142],[-95.147946,48.712939],[-95.125253,48.713117],[-95.104469,48.712917],[-95.089869,48.713041],[-95.09058,48.771003],[-95.090556,48.814502],[-95.091107,48.857984],[-95.091074,48.886904],[-95.0914,48.920881],[-95.095818,48.918289],[-95.096542,48.91764],[-95.097068,48.917612],[-95.097141,48.916979],[-95.097955,48.915824],[-95.099745,48.914876],[-95.100679,48.914644],[-95.103958,48.912067],[-95.106556,48.910607],[-95.10916,48.908729],[-95.110393,48.908079],[-95.114124,48.906551],[-95.114307,48.906314],[-95.114255,48.905759],[-95.115834,48.904108],[-95.118515,48.902906],[-95.121495,48.901219],[-95.123127,48.90048],[-95.127831,48.898747],[-95.129043,48.898441],[-95.131255,48.897493],[-95.133193,48.897032],[-95.136603,48.895477],[-95.138896,48.894678],[-95.142977,48.894026],[-95.14467,48.893212],[-95.148154,48.892359],[-95.154247,48.891905],[-95.163192,48.891879],[-95.16858,48.890525],[-95.172578,48.889823],[-95.183527,48.888576],[-95.18726,48.887718],[-95.18869,48.887215],[-95.194181,48.886251],[-95.199336,48.885537],[-95.201718,48.885456],[-95.205022,48.88493],[-95.211713,48.88452],[-95.215073,48.884137],[-95.227809,48.881539],[-95.232373,48.881365],[-95.237849,48.881633],[-95.244575,48.882451],[-95.247886,48.883478],[-95.249112,48.883291],[-95.252146,48.883638],[-95.254353,48.884241],[-95.255668,48.884273],[-95.25745,48.885139],[-95.257742,48.885491],[-95.259291,48.886369],[-95.261764,48.887015],[-95.263496,48.887645],[-95.266828,48.889121],[-95.268277,48.889943],[-95.273383,48.892164],[-95.274625,48.892992],[-95.275608,48.893947],[-95.275691,48.894293],[-95.275167,48.894876],[-95.275142,48.895107],[-95.275593,48.89576],[-95.276326,48.896139],[-95.277,48.896111],[-95.277774,48.895506],[-95.279473,48.895466],[-95.279632,48.895806],[-95.280173,48.896196],[-95.281598,48.896557],[-95.282139,48.896518],[-95.285246,48.89769],[-95.285904,48.897827],[-95.286595,48.897568],[-95.286895,48.897711],[-95.287811,48.89771],[-95.288628,48.898275],[-95.290087,48.899911],[-95.290971,48.900525],[-95.291729,48.900629],[-95.290963,48.901074],[-95.291371,48.901511],[-95.292271,48.901886],[-95.293437,48.901846],[-95.293921,48.902088],[-95.294179,48.902554],[-95.294721,48.902823],[-95.295854,48.902942],[-95.298202,48.902742],[-95.298619,48.902846],[-95.300696,48.903989],[-95.30121,48.904033],[-95.301264,48.904357],[-95.300121,48.905142],[-95.299595,48.90582],[-95.299205,48.907016],[-95.299288,48.907631],[-95.299493,48.907907],[-95.300342,48.908543],[-95.302587,48.909626],[-95.305069,48.911799],[-95.306986,48.912718],[-95.307786,48.913346],[-95.308301,48.913981],[-95.310121,48.915178],[-95.313666,48.919301],[-95.315473,48.921818],[-95.317526,48.924079],[-95.318663,48.926533],[-95.320375,48.928696],[-95.322164,48.932061],[-95.32316,48.934675],[-95.322761,48.935302],[-95.3237,48.938569],[-95.323619,48.939652],[-95.323329,48.940696],[-95.320389,48.941941],[-95.319772,48.941904],[-95.318797,48.942251],[-95.316899,48.943561],[-95.315517,48.945035],[-95.31396,48.945905],[-95.312551,48.946093],[-95.311418,48.946045],[-95.309601,48.946553],[-95.308534,48.946461],[-95.308417,48.946697],[-95.308577,48.947158],[-95.307993,48.946862],[-95.308051,48.946588],[-95.307459,48.946407],[-95.307733,48.945797],[-95.307216,48.946149],[-95.307317,48.94666],[-95.308319,48.947472],[-95.310495,48.947804],[-95.310712,48.948211],[-95.310471,48.948348],[-95.310404,48.948129],[-95.310112,48.947986],[-95.308127,48.947703],[-95.307368,48.947105],[-95.3068,48.946315],[-95.306858,48.945897],[-95.307315,48.945457],[-95.30654,48.945375],[-95.304974,48.945954],[-95.3048,48.946965],[-95.304943,48.948097],[-95.305545,48.949052],[-95.306713,48.950017],[-95.307881,48.950571],[-95.309282,48.950976],[-95.311016,48.951067],[-95.312452,48.952356],[-95.312836,48.952455],[-95.312861,48.952213],[-95.311859,48.951148],[-95.311733,48.950753],[-95.311966,48.950385],[-95.312291,48.950313],[-95.31335,48.95041],[-95.315902,48.951275],[-95.317863,48.952245],[-95.31818,48.952618],[-95.318432,48.953365],[-95.318391,48.953909],[-95.318,48.954783],[-95.318076,48.955338],[-95.318519,48.955799],[-95.319562,48.95633],[-95.320381,48.957538],[-95.32095,48.958746],[-95.320968,48.959669],[-95.320021,48.961571],[-95.319641,48.963813],[-95.320476,48.964377],[-95.320887,48.965915],[-95.321297,48.966662],[-95.323359,48.968307],[-95.324555,48.969838],[-95.325537,48.973644],[-95.325979,48.978214],[-95.326155,48.978758],[-95.326056,48.979214],[-95.326198,48.979785],[-95.326159,48.980889],[-95.325438,48.983686],[-95.324283,48.986495],[-95.322403,48.989431],[-95.320989,48.992119],[-95.319432,48.993989],[-95.318966,48.994819],[-95.318291,48.995408],[-95.318141,48.995897],[-95.318442,48.995924],[-95.3187,48.995732],[-95.319258,48.994896],[-95.319985,48.995455],[-95.320628,48.995702],[-95.320912,48.996163],[-95.320362,48.99668],[-95.320505,48.996911],[-95.321783,48.997969],[-95.322969,48.998462],[-95.322951,48.998936]]]}},{"type":"Feature","properties":{"name":"Saint Louis","gnisId":662850,"fipsCode":"137","countyCode":"27137"},"geometry":{"type":"Polygon","coordinates":[[[-91.798423,48.203027],[-91.809463,48.206284],[-91.814126,48.208391],[-91.81546,48.211823],[-91.832548,48.209383],[-91.835909,48.210302],[-91.845376,48.208788],[-91.864366,48.206956],[-91.867575,48.219193],[-91.884331,48.227433],[-91.893112,48.237989],[-91.902358,48.237119],[-91.90583,48.237237],[-91.907044,48.238172],[-91.907637,48.238344],[-91.90972,48.238347],[-91.910697,48.238114],[-91.913192,48.238412],[-91.913444,48.238831],[-91.914885,48.238926],[-91.916801,48.238598],[-91.921142,48.236806],[-91.928827,48.235903],[-91.937592,48.234215],[-91.942086,48.23037],[-91.945116,48.230398],[-91.951263,48.233407],[-91.952484,48.233063],[-91.958359,48.233143],[-91.959777,48.236824],[-91.957056,48.238862],[-91.958297,48.243845],[-91.949609,48.244519],[-91.948037,48.245939],[-91.954055,48.249471],[-91.95411,48.252271],[-91.957046,48.252317],[-91.95903,48.253666],[-91.969986,48.253778],[-91.970566,48.253084],[-91.971453,48.253038],[-91.971834,48.25284],[-91.971902,48.251954],[-91.972212,48.251764],[-91.972474,48.250604],[-91.972458,48.250241],[-91.971449,48.24989],[-91.970619,48.248997],[-91.970047,48.248712],[-91.970415,48.247812],[-91.973511,48.246624],[-91.974226,48.245449],[-91.975648,48.244332],[-91.97747,48.245522],[-91.977585,48.245935],[-91.977065,48.246415],[-91.976952,48.246759],[-91.977404,48.247166],[-91.977851,48.247381],[-91.979034,48.247423],[-91.980598,48.247933],[-91.989159,48.26029],[-92.006533,48.265419],[-92.007271,48.280564],[-92.012032,48.287004],[-92.012993,48.297452],[-92.000122,48.321104],[-92.030799,48.325703],[-92.037682,48.33307],[-92.046952,48.33478],[-92.047851,48.3436],[-92.045114,48.345736],[-92.045885,48.347848],[-92.048858,48.348581],[-92.055229,48.359373],[-92.06701,48.359458],[-92.078172,48.358029],[-92.08356,48.353717],[-92.090898,48.354506],[-92.14371,48.35603],[-92.144898,48.365697],[-92.16201,48.363313],[-92.177415,48.357146],[-92.179118,48.354897],[-92.178537,48.351811],[-92.192818,48.348725],[-92.194552,48.348757],[-92.195091,48.350461],[-92.203904,48.351846],[-92.207725,48.347891],[-92.206544,48.347235],[-92.206726,48.345655],[-92.216967,48.344965],[-92.218949,48.346894],[-92.219193,48.347481],[-92.21972,48.348085],[-92.22162,48.348863],[-92.262557,48.354922],[-92.288843,48.34282],[-92.295451,48.323858],[-92.304484,48.322836],[-92.306183,48.316254],[-92.294557,48.306234],[-92.301438,48.288305],[-92.295639,48.277952],[-92.295626,48.277227],[-92.295326,48.277276],[-92.295226,48.277147],[-92.295427,48.276883],[-92.295258,48.276245],[-92.293732,48.276636],[-92.293176,48.275987],[-92.29457,48.271222],[-92.290185,48.265065],[-92.273645,48.256525],[-92.269586,48.248194],[-92.280397,48.244373],[-92.314894,48.240511],[-92.32215,48.237232],[-92.325364,48.237012],[-92.326157,48.236578],[-92.327025,48.236824],[-92.329256,48.235054],[-92.33085,48.234745],[-92.332107,48.233914],[-92.333332,48.233795],[-92.333864,48.23389],[-92.334406,48.234139],[-92.334433,48.234575],[-92.334679,48.234795],[-92.336266,48.235676],[-92.336578,48.235665],[-92.337127,48.235036],[-92.33773,48.234921],[-92.338014,48.235085],[-92.338699,48.235012],[-92.340476,48.234017],[-92.340904,48.233643],[-92.341432,48.231889],[-92.341912,48.231706],[-92.343993,48.23209],[-92.347022,48.231492],[-92.349481,48.231232],[-92.353561,48.230084],[-92.353715,48.229523],[-92.354501,48.228543],[-92.360315,48.225513],[-92.361016,48.224709],[-92.361665,48.223202],[-92.362206,48.222679],[-92.363677,48.22284],[-92.365043,48.223538],[-92.366218,48.223909],[-92.368063,48.224084],[-92.36872,48.223679],[-92.367698,48.223171],[-92.366876,48.222284],[-92.367296,48.22168],[-92.369133,48.220188],[-92.369925,48.220288],[-92.370002,48.22179],[-92.370794,48.222798],[-92.370813,48.22382],[-92.371467,48.224046],[-92.372644,48.223538],[-92.373497,48.22495],[-92.374351,48.225587],[-92.375169,48.22596],[-92.375624,48.226617],[-92.375449,48.227414],[-92.375846,48.228295],[-92.377449,48.229257],[-92.378386,48.23034],[-92.378549,48.231198],[-92.378136,48.232987],[-92.379196,48.23428],[-92.378541,48.235231],[-92.378974,48.23584],[-92.380667,48.236427],[-92.383315,48.239282],[-92.384034,48.240311],[-92.384408,48.241341],[-92.384428,48.242493],[-92.383825,48.244568],[-92.384695,48.244882],[-92.386641,48.244107],[-92.387267,48.244343],[-92.388184,48.246442],[-92.387854,48.247007],[-92.386361,48.247506],[-92.386873,48.249201],[-92.384703,48.249188],[-92.385903,48.251343],[-92.386741,48.251756],[-92.3888,48.251199],[-92.389784,48.250723],[-92.39074,48.250671],[-92.392373,48.251171],[-92.392701,48.251813],[-92.392228,48.253049],[-92.39015,48.25274],[-92.389197,48.25369],[-92.392143,48.256765],[-92.393442,48.257585],[-92.392717,48.258935],[-92.393126,48.260029],[-92.401794,48.271379],[-92.415642,48.295095],[-92.42047,48.298959],[-92.425635,48.30463],[-92.429001,48.305924],[-92.431852,48.30518],[-92.436716,48.308911],[-92.438628,48.311172],[-92.440597,48.315335],[-92.441361,48.315819],[-92.452386,48.328035],[-92.469779,48.3521],[-92.476512,48.371918],[-92.456407,48.401113],[-92.456439,48.414091],[-92.475459,48.418629],[-92.47886,48.42325],[-92.481011,48.425221],[-92.480752,48.426312],[-92.481911,48.427551],[-92.482018,48.4283],[-92.483797,48.429139],[-92.48936,48.430268],[-92.494287,48.43591],[-92.507478,48.447987],[-92.515033,48.448319],[-92.53696,48.447746],[-92.57655,48.440603],[-92.656231,48.436482],[-92.663519,48.440039],[-92.688124,48.443715],[-92.71269,48.462991],[-92.708531,48.47032],[-92.709264,48.472872],[-92.701193,48.484674],[-92.698683,48.494848],[-92.685765,48.497407],[-92.661475,48.496317],[-92.654105,48.501695],[-92.647028,48.499876],[-92.640052,48.499853],[-92.637107,48.499337],[-92.630657,48.50078],[-92.627019,48.503282],[-92.629667,48.505738],[-92.631924,48.506723],[-92.63088,48.509145],[-92.628752,48.510542],[-92.628103,48.510759],[-92.625082,48.512918],[-92.626508,48.513418],[-92.626934,48.514165],[-92.625532,48.517899],[-92.628216,48.52221],[-92.634894,48.542566],[-92.657855,48.546228],[-92.72842,48.53938],[-92.894514,48.594991],[-92.910078,48.596396],[-92.929564,48.606939],[-92.950017,48.608358],[-92.949799,48.630338],[-92.954796,48.631549],[-92.984582,48.623828],[-93.088458,48.627715],[-93.088778,48.616304],[-93.08945,48.601682],[-93.08979,48.587169],[-93.090357,48.543945],[-93.090635,48.499937],[-93.091937,48.459413],[-93.0924,48.430288],[-93.092422,48.4146],[-93.093651,48.414599],[-93.093968,48.402299],[-93.09421,48.373307],[-93.09493,48.344162],[-93.094824,48.329673],[-93.095335,48.315252],[-93.095124,48.286065],[-93.095396,48.257396],[-93.094889,48.242562],[-93.09772,48.242564],[-93.097848,48.198064],[-93.097113,48.169115],[-93.096978,48.142478],[-93.097173,48.105685],[-93.096494,48.067768],[-93.089132,48.067792],[-93.089099,48.050972],[-93.088714,48.021912],[-93.088742,48.007425],[-93.087854,47.999943],[-93.087345,47.993013],[-93.087976,47.985857],[-93.088056,47.978561],[-93.080931,47.978555],[-93.080879,47.877868],[-93.081337,47.86561],[-93.083245,47.83478],[-93.083834,47.822198],[-93.083804,47.806341],[-93.082421,47.749948],[-93.082486,47.735452],[-93.082331,47.720472],[-93.0616,47.720374],[-93.061424,47.705462],[-93.062748,47.678283],[-93.06314,47.675737],[-93.063939,47.647542],[-93.063754,47.642511],[-93.063881,47.633136],[-93.064379,47.617251],[-93.062946,47.602649],[-93.062869,47.580586],[-93.063883,47.573347],[-93.063837,47.544525],[-93.064521,47.534839],[-93.064095,47.528897],[-93.064804,47.514778],[-93.065289,47.500369],[-93.066969,47.485953],[-93.067322,47.472088],[-93.068838,47.457772],[-93.069042,47.450825],[-93.069241,47.429027],[-93.069286,47.400274],[-93.069025,47.385934],[-93.06669,47.371477],[-93.064532,47.371484],[-93.064457,47.355577],[-93.064741,47.32645],[-93.065913,47.297487],[-93.065768,47.268344],[-93.065866,47.249969],[-93.065278,47.18148],[-93.0659,47.152539],[-93.066365,47.109361],[-93.05618,47.10936],[-93.055725,47.083987],[-93.055936,47.069707],[-93.055836,47.040631],[-93.056056,47.026493],[-93.056851,46.997531],[-93.057689,46.954067],[-93.058031,46.924988],[-93.058764,46.896099],[-93.058966,46.881639],[-93.058852,46.874958],[-93.059519,46.867209],[-93.061139,46.795531],[-93.061037,46.780842],[-93.06156,46.766616],[-93.000696,46.766849],[-92.95683,46.766173],[-92.914318,46.76604],[-92.893295,46.766484],[-92.850602,46.766143],[-92.808538,46.766077],[-92.765375,46.767229],[-92.680403,46.769071],[-92.65916,46.769073],[-92.638443,46.766877],[-92.625224,46.76656],[-92.596781,46.766431],[-92.576001,46.766692],[-92.554919,46.76617],[-92.533741,46.765944],[-92.489816,46.765645],[-92.449567,46.765588],[-92.428467,46.764912],[-92.406705,46.764778],[-92.375246,46.765098],[-92.364754,46.764946],[-92.322527,46.765099],[-92.301709,46.764123],[-92.301537,46.749768],[-92.301629,46.720733],[-92.301245,46.666928],[-92.299837,46.667021],[-92.298567,46.666598],[-92.297814,46.666235],[-92.295037,46.664271],[-92.29357,46.663627],[-92.292869,46.663538],[-92.292451,46.663711],[-92.292141,46.664093],[-92.292105,46.666142],[-92.292282,46.667447],[-92.291947,46.667883],[-92.291091,46.668404],[-92.290281,46.668578],[-92.289388,46.668488],[-92.288595,46.66819],[-92.287095,46.667155],[-92.286375,46.665841],[-92.286965,46.66224],[-92.286879,46.661267],[-92.286325,46.660476],[-92.283547,46.658578],[-92.276996,46.65872],[-92.275163,46.658056],[-92.273991,46.657073],[-92.272497,46.652124],[-92.271506,46.651264],[-92.27032,46.650605],[-92.267701,46.65061],[-92.265514,46.651481],[-92.262392,46.653675],[-92.259172,46.657769],[-92.257889,46.658516],[-92.25676,46.658671],[-92.255244,46.65863],[-92.25391,46.658252],[-92.250963,46.655965],[-92.248675,46.65324],[-92.242593,46.649394],[-92.235755,46.650131],[-92.232602,46.651722],[-92.228776,46.652992],[-92.223472,46.652721],[-92.216295,46.649867],[-92.212551,46.650088],[-92.207129,46.651898],[-92.202416,46.65512],[-92.201662,46.656766],[-92.201707,46.65788],[-92.204727,46.663137],[-92.205452,46.665093],[-92.204254,46.666922],[-92.197542,46.671806],[-92.193233,46.676404],[-92.188414,46.678913],[-92.181507,46.680333],[-92.178318,46.682499],[-92.17617,46.685836],[-92.176113,46.689926],[-92.177885,46.692159],[-92.183004,46.695425],[-92.187134,46.69589],[-92.192588,46.695689],[-92.198332,46.696361],[-92.203417,46.697326],[-92.205023,46.698131],[-92.205843,46.699368],[-92.206128,46.701228],[-92.20589,46.702656],[-92.205147,46.703901],[-92.204311,46.704761],[-92.203115,46.705458],[-92.197477,46.707746],[-92.193252,46.711576],[-92.191554,46.716508],[-92.189406,46.717797],[-92.186669,46.717875],[-92.182939,46.717612],[-92.178988,46.716882],[-92.174533,46.717456],[-92.169341,46.719862],[-92.167241,46.720183],[-92.154526,46.716026],[-92.148708,46.715342],[-92.146547,46.716246],[-92.141497,46.725402],[-92.14358,46.728331],[-92.143491,46.734931],[-92.138107,46.739828],[-92.116109,46.749071],[-92.090003,46.749526],[-92.034569,46.709442],[-92.020706,46.704413],[-92.016366,46.706533],[-92.017483,46.707161],[-92.018252,46.708143],[-92.018903,46.709654],[-92.019066,46.710615],[-92.019234,46.710736],[-92.023911,46.710806],[-92.024854,46.710991],[-92.025845,46.711462],[-92.026359,46.711174],[-92.02773,46.712003],[-92.036402,46.71982],[-92.039691,46.722299],[-92.045713,46.727339],[-92.047428,46.728891],[-92.047661,46.729286],[-92.048653,46.72995],[-92.048966,46.730416],[-92.049614,46.73075],[-92.051922,46.733038],[-92.055824,46.736515],[-92.056603,46.737442],[-92.057556,46.73816],[-92.057845,46.738633],[-92.059384,46.739987],[-92.062993,46.743849],[-92.064275,46.745017],[-92.066466,46.747519],[-92.069034,46.749963],[-92.071311,46.752731],[-92.075117,46.756748],[-92.07975,46.762458],[-92.081016,46.763775],[-92.090208,46.77597],[-92.091642,46.778654],[-92.091522,46.778676],[-92.09164,46.778879],[-92.091204,46.780123],[-92.093619,46.784089],[-92.093446,46.784419],[-92.093504,46.784732],[-92.09386,46.785357],[-92.094408,46.787217],[-92.094467,46.787618],[-92.094231,46.78814],[-92.092826,46.789365],[-92.091306,46.790106],[-92.090698,46.791201],[-92.088782,46.793509],[-92.087835,46.794144],[-92.086338,46.794808],[-92.08568,46.795458],[-92.084747,46.795758],[-92.082336,46.795948],[-92.081623,46.796862],[-92.080531,46.797311],[-92.078016,46.797506],[-92.077788,46.798045],[-92.077399,46.798337],[-92.076792,46.798411],[-92.076324,46.798945],[-92.074571,46.799538],[-92.072891,46.800511],[-92.071629,46.800581],[-92.071102,46.80085],[-92.070574,46.801633],[-92.069938,46.802091],[-92.069149,46.802363],[-92.067356,46.802365],[-92.062793,46.804229],[-92.061618,46.805381],[-92.060558,46.807043],[-92.059561,46.809721],[-92.059108,46.81025],[-92.058351,46.81056],[-92.057472,46.81054],[-92.055511,46.811157],[-92.054443,46.811654],[-92.053398,46.8133],[-92.052739,46.813862],[-92.051235,46.814341],[-92.050216,46.814304],[-92.050012,46.814936],[-92.049417,46.815608],[-92.048487,46.816214],[-92.04739,46.817273],[-92.046871,46.817406],[-92.046529,46.817687],[-92.045776,46.8187],[-92.04514,46.819197],[-92.043807,46.819503],[-92.043274,46.819861],[-92.041557,46.820336],[-92.040935,46.820418],[-92.038768,46.820227],[-92.03775,46.82107],[-92.035922,46.821443],[-92.033529,46.822258],[-92.033113,46.822248],[-92.032286,46.822844],[-92.031846,46.822911],[-92.031459,46.82361],[-92.030997,46.823924],[-92.030278,46.823992],[-92.028796,46.824804],[-92.028552,46.825414],[-92.027829,46.826169],[-92.027703,46.826532],[-92.026883,46.826957],[-92.026736,46.827704],[-92.026166,46.827711],[-92.024714,46.82921],[-92.023017,46.830275],[-92.020721,46.831413],[-92.019242,46.831911],[-92.01703,46.833197],[-92.015566,46.833531],[-92.014689,46.833506],[-92.011908,46.835068],[-92.009928,46.835573],[-92.007051,46.835718],[-92.00642,46.835929],[-92.005829,46.836398],[-92.003597,46.837156],[-92.001839,46.837402],[-92.001186,46.837832],[-92.000208,46.838047],[-91.998743,46.838841],[-91.9982,46.839633],[-91.996871,46.840508],[-91.994917,46.841444],[-91.994237,46.841939],[-91.993035,46.842308],[-91.991204,46.844558],[-91.990099,46.845488],[-91.989162,46.846022],[-91.988218,46.847034],[-91.987201,46.847513],[-91.987137,46.847766],[-91.986849,46.847898],[-91.985961,46.849152],[-91.985609,46.849427],[-91.981988,46.851183],[-91.980971,46.851365],[-91.979906,46.85219],[-91.979481,46.852245],[-91.978624,46.852884],[-91.97731,46.853346],[-91.976253,46.854485],[-91.975885,46.854688],[-91.975292,46.854705],[-91.973922,46.855531],[-91.972968,46.855806],[-91.972343,46.855768],[-91.97098,46.856049],[-91.965699,46.85802],[-91.964722,46.858878],[-91.963905,46.859362],[-91.962519,46.859836],[-91.960948,46.860633],[-91.96026,46.861337],[-91.956846,46.863631],[-91.956446,46.86417],[-91.951302,46.867514],[-91.950051,46.867894],[-91.94913,46.868565],[-91.943454,46.87048],[-91.942435,46.87103],[-91.941762,46.871657],[-91.941033,46.871861],[-91.93979,46.872669],[-91.938692,46.873164],[-91.936278,46.873484],[-91.935252,46.873814],[-91.933481,46.875299],[-91.932546,46.875642],[-91.931956,46.876187],[-91.929839,46.877258],[-91.929433,46.877605],[-91.920696,46.880666],[-91.918973,46.881549],[-91.917701,46.88192],[-91.916206,46.882599],[-91.913729,46.883847],[-91.911646,46.885396],[-91.909438,46.887466],[-91.908363,46.888738],[-91.907437,46.88929],[-91.906265,46.890484],[-91.905356,46.891206],[-91.90486,46.891361],[-91.904134,46.892077],[-91.903224,46.892683],[-91.90184,46.893247],[-91.900187,46.894393],[-91.897318,46.895944],[-91.894588,46.898136],[-91.891758,46.899604],[-91.88973,46.901179],[-91.889195,46.901444],[-91.888586,46.901506],[-91.88579,46.903413],[-91.88379,46.904368],[-91.88156,46.905735],[-91.879696,46.906585],[-91.874184,46.90808],[-91.866932,46.908527],[-91.865866,46.90871],[-91.862975,46.909952],[-91.861204,46.910516],[-91.858533,46.912368],[-91.855787,46.913714],[-91.854684,46.914651],[-91.852753,46.916914],[-91.851238,46.91916],[-91.850552,46.919909],[-91.848128,46.921732],[-91.848429,46.922447],[-91.847431,46.922052],[-91.845719,46.923292],[-91.841466,46.925245],[-91.838653,46.92619],[-91.835766,46.926832],[-91.83474,46.927312],[-91.835122,46.926558],[-91.834986,46.926525],[-91.834682,46.92691],[-91.830205,46.927466],[-91.82636,46.927406],[-91.824791,46.926666],[-91.82417,46.926023],[-91.823028,46.925354],[-91.821018,46.924784],[-91.818938,46.924589],[-91.818279,46.924183],[-91.817596,46.924003],[-91.816915,46.924344],[-91.815971,46.925187],[-91.81502,46.926398],[-91.814483,46.926569],[-91.813668,46.927411],[-91.812901,46.928391],[-91.812066,46.930311],[-91.81145,46.930746],[-91.809575,46.931606],[-91.808734,46.932256],[-91.80726,46.932984],[-91.806517,46.934007],[-91.80594,46.93425],[-91.804235,46.935561],[-91.803129,46.936167],[-91.801862,46.936559],[-91.799763,46.937611],[-91.798688,46.937904],[-91.797218,46.937884],[-91.796079,46.938171],[-91.795481,46.939139],[-91.794563,46.939694],[-91.794408,46.952882],[-91.794502,46.999956],[-91.794368,47.025375],[-91.79467,47.083027],[-91.794419,47.111796],[-91.792246,47.111789],[-91.792451,47.126393],[-91.792243,47.169828],[-91.792337,47.242136],[-91.791862,47.32871],[-91.792154,47.343105],[-91.792157,47.372604],[-91.790825,47.3726],[-91.790491,47.387261],[-91.789681,47.401692],[-91.789464,47.430258],[-91.789537,47.48858],[-91.78861,47.532122],[-91.787947,47.546816],[-91.788864,47.557342],[-91.789218,47.579079],[-91.790629,47.586393],[-91.791322,47.604809],[-91.792543,47.624938],[-91.794009,47.644046],[-91.794695,47.658542],[-91.795882,47.666526],[-91.795459,47.673257],[-91.795695,47.687947],[-91.79679,47.702385],[-91.798569,47.720068],[-91.799304,47.734733],[-91.799288,47.759708],[-91.800102,47.803036],[-91.800132,47.831811],[-91.799329,47.846391],[-91.798101,47.889828],[-91.797583,47.896947],[-91.797981,47.904295],[-91.796771,47.911915],[-91.797887,47.91897],[-91.798,47.948018],[-91.800148,48.005901],[-91.800142,48.068714],[-91.799179,48.097139],[-91.797996,48.124915],[-91.798312,48.14943],[-91.798423,48.203027]]]}},{"type":"Feature","properties":{"name":"Scott","gnisId":659514,"fipsCode":"139","countyCode":"27139"},"geometry":{"type":"Polygon","coordinates":[[[-93.329617,44.791233],[-93.330997,44.790259],[-93.333205,44.788189],[-93.334475,44.787213],[-93.335461,44.786642],[-93.336607,44.786385],[-93.338782,44.786556],[-93.341725,44.787487],[-93.343663,44.788488],[-93.345974,44.790371],[-93.346905,44.790949],[-93.34807,44.791316],[-93.349198,44.791345],[-93.350937,44.790858],[-93.352196,44.789983],[-93.354517,44.786113],[-93.355569,44.785529],[-93.356714,44.785454],[-93.358804,44.786007],[-93.363027,44.788896],[-93.364019,44.789147],[-93.365081,44.789165],[-93.367166,44.788773],[-93.371795,44.787388],[-93.377227,44.785454],[-93.378787,44.785126],[-93.379857,44.785209],[-93.380693,44.785542],[-93.381613,44.786794],[-93.382246,44.789065],[-93.383638,44.792805],[-93.384021,44.794565],[-93.384067,44.795926],[-93.384335,44.796565],[-93.384865,44.797325],[-93.386256,44.798143],[-93.387548,44.798612],[-93.388958,44.798732],[-93.391093,44.798284],[-93.394234,44.797156],[-93.395306,44.796971],[-93.396332,44.797087],[-93.397831,44.797764],[-93.403643,44.803491],[-93.405809,44.804689],[-93.408856,44.805972],[-93.41279,44.807415],[-93.413949,44.807647],[-93.415054,44.807641],[-93.418753,44.806834],[-93.419647,44.806829],[-93.421544,44.807187],[-93.429989,44.809668],[-93.433093,44.810749],[-93.434537,44.811304],[-93.436854,44.812727],[-93.438164,44.813082],[-93.439025,44.812965],[-93.440312,44.812509],[-93.440997,44.811809],[-93.442434,44.807089],[-93.443954,44.805596],[-93.446178,44.804551],[-93.450735,44.803465],[-93.454784,44.803096],[-93.456738,44.803168],[-93.458056,44.803862],[-93.459941,44.805795],[-93.461554,44.806532],[-93.462687,44.806662],[-93.464837,44.806497],[-93.471555,44.805387],[-93.476405,44.80423],[-93.480391,44.804453],[-93.481006,44.804619],[-93.481442,44.804976],[-93.482305,44.807249],[-93.482855,44.807771],[-93.483227,44.807859],[-93.484947,44.807282],[-93.489995,44.80462],[-93.491524,44.804568],[-93.491875,44.804651],[-93.492383,44.805055],[-93.494822,44.808225],[-93.496121,44.80955],[-93.497507,44.810266],[-93.498754,44.810381],[-93.499425,44.810242],[-93.500531,44.809707],[-93.501121,44.809069],[-93.501539,44.808368],[-93.501782,44.807568],[-93.501946,44.805973],[-93.502712,44.805074],[-93.503182,44.804787],[-93.505206,44.804733],[-93.508774,44.805082],[-93.511637,44.80497],[-93.515237,44.804116],[-93.520061,44.802415],[-93.520164,44.805051],[-93.540474,44.804783],[-93.540742,44.799023],[-93.542164,44.797903],[-93.543675,44.797031],[-93.547429,44.795649],[-93.547865,44.795644],[-93.549147,44.796038],[-93.551415,44.798135],[-93.553312,44.799496],[-93.553923,44.799729],[-93.554953,44.799844],[-93.556161,44.799653],[-93.560387,44.797935],[-93.562919,44.797141],[-93.567929,44.796342],[-93.572706,44.796156],[-93.575349,44.795605],[-93.577621,44.794853],[-93.579989,44.793652],[-93.580758,44.792739],[-93.581058,44.792042],[-93.581565,44.78949],[-93.58141,44.783618],[-93.581508,44.783088],[-93.582075,44.782342],[-93.582853,44.782121],[-93.583965,44.782238],[-93.5858,44.782636],[-93.589139,44.783712],[-93.589869,44.783745],[-93.592409,44.783673],[-93.599118,44.782818],[-93.599751,44.782412],[-93.599867,44.782162],[-93.59988,44.781424],[-93.599745,44.781174],[-93.598189,44.7797],[-93.595706,44.778344],[-93.594645,44.777265],[-93.594293,44.77659],[-93.594343,44.775834],[-93.594701,44.775029],[-93.595239,44.774165],[-93.596281,44.773156],[-93.600161,44.769977],[-93.602434,44.768825],[-93.605764,44.767838],[-93.6072,44.767567],[-93.611596,44.767485],[-93.613805,44.767168],[-93.616394,44.766166],[-93.619381,44.764577],[-93.62191,44.762499],[-93.621958,44.762153],[-93.621686,44.761249],[-93.62113,44.760275],[-93.610187,44.756315],[-93.608963,44.755213],[-93.608553,44.75451],[-93.608545,44.753825],[-93.609118,44.752785],[-93.611144,44.75069],[-93.61307,44.749201],[-93.61387,44.748937],[-93.614539,44.749067],[-93.614757,44.74928],[-93.615343,44.749972],[-93.616474,44.751861],[-93.61743,44.752928],[-93.618471,44.753704],[-93.618972,44.753925],[-93.620644,44.7538],[-93.621009,44.753204],[-93.621051,44.750756],[-93.621359,44.748956],[-93.621784,44.747746],[-93.62239,44.746714],[-93.623568,44.745271],[-93.62606,44.742944],[-93.628127,44.741367],[-93.63025,44.740067],[-93.631415,44.738746],[-93.631552,44.737767],[-93.63146,44.73735],[-93.631095,44.73668],[-93.628978,44.734045],[-93.628486,44.73277],[-93.628469,44.732204],[-93.628518,44.731805],[-93.631323,44.728442],[-93.632377,44.726879],[-93.632661,44.725849],[-93.632557,44.725437],[-93.63277,44.72414],[-93.632376,44.723544],[-93.631789,44.723295],[-93.629735,44.723392],[-93.627325,44.723948],[-93.626475,44.723999],[-93.625613,44.723586],[-93.625715,44.722251],[-93.626282,44.720774],[-93.626618,44.719154],[-93.626676,44.71708],[-93.626215,44.715651],[-93.624696,44.713463],[-93.622577,44.711269],[-93.618891,44.708997],[-93.618237,44.708511],[-93.617766,44.707834],[-93.617947,44.707297],[-93.618313,44.70707],[-93.621261,44.706184],[-93.622358,44.705609],[-93.624157,44.703837],[-93.62493,44.703445],[-93.626349,44.703049],[-93.628455,44.702858],[-93.62917,44.702569],[-93.629842,44.701929],[-93.630049,44.701436],[-93.63003,44.701033],[-93.629102,44.699227],[-93.629013,44.698767],[-93.62915,44.698387],[-93.62945,44.698172],[-93.630195,44.698086],[-93.632051,44.698359],[-93.633095,44.698355],[-93.634915,44.698048],[-93.635575,44.69775],[-93.635927,44.697229],[-93.636445,44.695051],[-93.636936,44.694364],[-93.638727,44.693272],[-93.639653,44.693044],[-93.642908,44.692683],[-93.644222,44.69279],[-93.645072,44.69313],[-93.646743,44.695528],[-93.647578,44.695609],[-93.648044,44.695465],[-93.648836,44.694622],[-93.649354,44.693639],[-93.650652,44.692143],[-93.653414,44.690702],[-93.655206,44.690063],[-93.656074,44.690155],[-93.656412,44.690344],[-93.656869,44.690939],[-93.657075,44.691387],[-93.657475,44.693727],[-93.658307,44.694867],[-93.660125,44.695852],[-93.661506,44.696114],[-93.663276,44.696218],[-93.665687,44.695875],[-93.669947,44.694061],[-93.675151,44.692566],[-93.675529,44.692286],[-93.676538,44.690831],[-93.67746,44.688356],[-93.678425,44.686999],[-93.679813,44.685783],[-93.682745,44.683929],[-93.683686,44.683123],[-93.68745,44.678661],[-93.691707,44.67522],[-93.697672,44.669781],[-93.699701,44.668913],[-93.701675,44.668518],[-93.708733,44.668631],[-93.711585,44.668085],[-93.713643,44.667438],[-93.718401,44.665508],[-93.721383,44.663652],[-93.721603,44.663293],[-93.72162,44.662751],[-93.720768,44.661373],[-93.719199,44.660446],[-93.716419,44.65941],[-93.715118,44.658731],[-93.715146,44.658049],[-93.71561,44.65751],[-93.71839,44.655336],[-93.720814,44.654343],[-93.722946,44.654365],[-93.724283,44.654898],[-93.725862,44.656725],[-93.726873,44.656978],[-93.727839,44.65667],[-93.72987,44.653124],[-93.730886,44.652011],[-93.737443,44.646336],[-93.738218,44.646002],[-93.740066,44.645732],[-93.74657,44.64546],[-93.751295,44.644541],[-93.753469,44.64383],[-93.754475,44.643658],[-93.756486,44.64379],[-93.757408,44.644322],[-93.758423,44.644289],[-93.759506,44.643906],[-93.759853,44.64355],[-93.760232,44.64255],[-93.760252,44.641844],[-93.759786,44.6409],[-93.757547,44.639558],[-93.754847,44.63877],[-93.753548,44.638136],[-93.75337,44.637715],[-93.753449,44.637142],[-93.754151,44.636301],[-93.754781,44.636038],[-93.755492,44.635801],[-93.758642,44.635414],[-93.761063,44.634917],[-93.761622,44.636075],[-93.762149,44.637818],[-93.763478,44.639155],[-93.765953,44.640086],[-93.768048,44.64039],[-93.771025,44.639906],[-93.772056,44.639608],[-93.77282,44.639174],[-93.772442,44.638302],[-93.771185,44.637946],[-93.768017,44.638538],[-93.768016,44.638783],[-93.767598,44.638646],[-93.766571,44.638018],[-93.765925,44.637391],[-93.763904,44.634594],[-93.765686,44.63389],[-93.766552,44.635933],[-93.767653,44.63573],[-93.766848,44.633822],[-93.767008,44.633688],[-93.76673,44.633308],[-93.76877,44.631816],[-93.769769,44.631303],[-93.771197,44.630779],[-93.772672,44.630744],[-93.772722,44.630929],[-93.773067,44.631115],[-93.772865,44.631456],[-93.771736,44.632573],[-93.771413,44.632523],[-93.770765,44.63276],[-93.770079,44.633524],[-93.769956,44.634954],[-93.770758,44.636898],[-93.771749,44.637919],[-93.77256,44.638328],[-93.773169,44.638079],[-93.774187,44.638394],[-93.774998,44.638143],[-93.775997,44.637455],[-93.778868,44.633762],[-93.779778,44.632982],[-93.781696,44.632156],[-93.784609,44.632159],[-93.785562,44.631959],[-93.786528,44.631512],[-93.788552,44.629663],[-93.788556,44.630178],[-93.790999,44.630113],[-93.79108,44.631126],[-93.791811,44.632738],[-93.793183,44.633706],[-93.79565,44.634883],[-93.795767,44.635099],[-93.797121,44.635158],[-93.7982,44.635405],[-93.801142,44.635385],[-93.802808,44.635013],[-93.808292,44.633058],[-93.809911,44.632813],[-93.811209,44.633083],[-93.812053,44.633691],[-93.81287,44.634044],[-93.814208,44.634004],[-93.815382,44.633488],[-93.816117,44.632819],[-93.816673,44.630368],[-93.817806,44.629044],[-93.82432,44.625581],[-93.827768,44.623491],[-93.832246,44.621085],[-93.833643,44.620003],[-93.834831,44.619464],[-93.837507,44.619155],[-93.838853,44.622507],[-93.839737,44.62361],[-93.841995,44.62516],[-93.843408,44.625677],[-93.844425,44.625772],[-93.845374,44.62568],[-93.846066,44.625212],[-93.846526,44.624439],[-93.846528,44.623479],[-93.845582,44.622446],[-93.844586,44.621715],[-93.844936,44.620853],[-93.845532,44.62041],[-93.845694,44.620579],[-93.845713,44.621027],[-93.846125,44.621547],[-93.847097,44.622226],[-93.848208,44.622564],[-93.852803,44.622343],[-93.854422,44.621924],[-93.855789,44.62185],[-93.85759,44.621347],[-93.858504,44.620863],[-93.858932,44.620401],[-93.858786,44.620025],[-93.858063,44.619755],[-93.857998,44.61942],[-93.858426,44.619252],[-93.855499,44.620006],[-93.854718,44.619282],[-93.854468,44.618843],[-93.854338,44.618121],[-93.854553,44.617341],[-93.856405,44.614506],[-93.856425,44.613623],[-93.856814,44.613304],[-93.856879,44.612966],[-93.858412,44.612385],[-93.859277,44.611815],[-93.859807,44.61115],[-93.860529,44.609431],[-93.860396,44.608611],[-93.861454,44.608292],[-93.863124,44.608445],[-93.864963,44.611107],[-93.865677,44.611611],[-93.866,44.611661],[-93.867156,44.611271],[-93.868432,44.61053],[-93.868138,44.610246],[-93.868126,44.610037],[-93.86912,44.609304],[-93.86968,44.608061],[-93.869477,44.607289],[-93.868464,44.606671],[-93.867399,44.606545],[-93.865842,44.606975],[-93.864987,44.606977],[-93.864174,44.606816],[-93.863399,44.606441],[-93.861063,44.606004],[-93.86346,44.605233],[-93.865754,44.604285],[-93.866736,44.6037],[-93.867533,44.6035],[-93.866877,44.60351],[-93.867686,44.603209],[-93.867917,44.60335],[-93.868107,44.604321],[-93.868728,44.60524],[-93.86968,44.605993],[-93.870832,44.606432],[-93.872581,44.606833],[-93.874434,44.606941],[-93.876563,44.606877],[-93.87797,44.606515],[-93.878687,44.606013],[-93.879043,44.605423],[-93.878959,44.605045],[-93.878481,44.604429],[-93.877537,44.603924],[-93.875408,44.603242],[-93.874518,44.602739],[-93.874214,44.602398],[-93.873998,44.601017],[-93.874758,44.600289],[-93.875931,44.600491],[-93.876444,44.601373],[-93.87838,44.602369],[-93.879472,44.602572],[-93.880543,44.602398],[-93.881266,44.601832],[-93.881504,44.601086],[-93.881016,44.599262],[-93.881046,44.598229],[-93.881511,44.597469],[-93.882979,44.596123],[-93.8854,44.595275],[-93.885829,44.59652],[-93.886618,44.59708],[-93.888291,44.597321],[-93.889659,44.597071],[-93.890665,44.596423],[-93.891791,44.594811],[-93.892878,44.594137],[-93.893418,44.593524],[-93.893744,44.592035],[-93.894372,44.59112],[-93.894959,44.590647],[-93.897433,44.589651],[-93.900036,44.589363],[-93.901495,44.58899],[-93.903106,44.588151],[-93.903919,44.587337],[-93.904032,44.586722],[-93.903825,44.586153],[-93.903133,44.585506],[-93.902208,44.58514],[-93.900907,44.58524],[-93.899295,44.586466],[-93.895598,44.586494],[-93.894744,44.586244],[-93.893084,44.585226],[-93.892901,44.583868],[-93.893563,44.583259],[-93.894185,44.583064],[-93.895203,44.582365],[-93.895906,44.581317],[-93.896596,44.581563],[-93.8981,44.581719],[-93.899839,44.581172],[-93.9001,44.580379],[-93.900006,44.580024],[-93.899305,44.579501],[-93.897142,44.578751],[-93.896014,44.578634],[-93.895119,44.578129],[-93.89491,44.577878],[-93.894496,44.576439],[-93.894119,44.575997],[-93.894164,44.575102],[-93.894629,44.574721],[-93.895114,44.574582],[-93.898991,44.574055],[-93.901089,44.572972],[-93.902625,44.570872],[-93.902651,44.570214],[-93.902126,44.569475],[-93.90388,44.566761],[-93.903904,44.566218],[-93.903725,44.565979],[-93.903472,44.565967],[-93.902925,44.566194],[-93.900936,44.568905],[-93.900314,44.568843],[-93.899071,44.569027],[-93.897458,44.569852],[-93.896098,44.569391],[-93.892752,44.567601],[-93.891486,44.567355],[-93.891337,44.566734],[-93.891475,44.566285],[-93.892146,44.566132],[-93.894047,44.565256],[-93.896331,44.563741],[-93.897847,44.562231],[-93.899604,44.559374],[-93.901008,44.556604],[-93.901272,44.555735],[-93.900878,44.554963],[-93.900063,44.554563],[-93.894398,44.55381],[-93.893493,44.55353],[-93.892816,44.55307],[-93.892045,44.552089],[-93.891338,44.550393],[-93.891376,44.549147],[-93.89189,44.546773],[-93.891767,44.545849],[-93.891971,44.545618],[-93.892949,44.545779],[-93.893736,44.545645],[-93.895636,44.544552],[-93.8981,44.543769],[-93.898612,44.543838],[-93.899144,44.544372],[-93.899222,44.54491],[-93.899,44.545665],[-93.897513,44.548087],[-93.89734,44.549314],[-93.897656,44.550486],[-93.898492,44.551437],[-93.899738,44.552214],[-93.901383,44.552701],[-93.903561,44.552735],[-93.904761,44.552444],[-93.906344,44.551629],[-93.908402,44.549588],[-93.910944,44.547831],[-93.911656,44.546527],[-93.911721,44.545821],[-93.911563,44.545238],[-93.910875,44.543996],[-93.910727,44.543222],[-93.869568,44.543057],[-93.72708,44.543296],[-93.686602,44.543777],[-93.645793,44.5439],[-93.573405,44.543584],[-93.481613,44.543714],[-93.461252,44.543588],[-93.349839,44.544088],[-93.278483,44.54396],[-93.278533,44.551187],[-93.277973,44.60039],[-93.277951,44.616269],[-93.278179,44.630759],[-93.318738,44.630577],[-93.318339,44.674133],[-93.318349,44.717548],[-93.328486,44.717558],[-93.328711,44.746425],[-93.328718,44.775792],[-93.329681,44.775792],[-93.329617,44.791233]]]}},{"type":"Feature","properties":{"name":"Sherburne","gnisId":659515,"fipsCode":"141","countyCode":"27141"},"geometry":{"type":"Polygon","coordinates":[[[-93.759335,45.559635],[-93.779929,45.559521],[-93.800822,45.559809],[-93.862828,45.560195],[-93.882804,45.559969],[-93.903486,45.559973],[-93.986385,45.559481],[-94.02761,45.559023],[-94.068959,45.55936],[-94.089835,45.559193],[-94.110889,45.559346],[-94.149489,45.559141],[-94.147102,45.556149],[-94.146614,45.555218],[-94.146149,45.553541],[-94.146072,45.552744],[-94.14718,45.549081],[-94.147544,45.547182],[-94.147363,45.545912],[-94.146342,45.542458],[-94.14654,45.54146],[-94.147715,45.539422],[-94.147686,45.538527],[-94.14701,45.536947],[-94.147227,45.535592],[-94.147856,45.534397],[-94.148851,45.533172],[-94.149756,45.531638],[-94.150458,45.529428],[-94.150414,45.5285],[-94.148991,45.526131],[-94.147786,45.524467],[-94.145089,45.522526],[-94.144249,45.520995],[-94.14057,45.517763],[-94.139557,45.517116],[-94.139025,45.515949],[-94.139024,45.515372],[-94.139755,45.513338],[-94.142964,45.510465],[-94.143255,45.509494],[-94.142918,45.508295],[-94.141973,45.506467],[-94.141773,45.504868],[-94.141993,45.503298],[-94.142614,45.502032],[-94.143952,45.500704],[-94.144178,45.499977],[-94.143647,45.498962],[-94.1425,45.497692],[-94.142349,45.497252],[-94.142776,45.495007],[-94.142743,45.494485],[-94.142599,45.494001],[-94.14201,45.493301],[-94.141629,45.493002],[-94.138156,45.491583],[-94.13686,45.490429],[-94.134993,45.48803],[-94.133486,45.487006],[-94.129705,45.485322],[-94.127498,45.483536],[-94.125828,45.482467],[-94.124687,45.48186],[-94.118936,45.4804],[-94.116785,45.479709],[-94.114967,45.478913],[-94.113905,45.478268],[-94.111912,45.476774],[-94.11001,45.474979],[-94.108832,45.473252],[-94.107126,45.47156],[-94.102277,45.468505],[-94.10118,45.467338],[-94.100944,45.466834],[-94.100699,45.466186],[-94.100601,45.464149],[-94.10092,45.460425],[-94.101597,45.458073],[-94.102249,45.456583],[-94.102307,45.456034],[-94.101936,45.455156],[-94.100905,45.454308],[-94.098614,45.453479],[-94.097117,45.451699],[-94.095992,45.450807],[-94.095345,45.45054],[-94.088346,45.448961],[-94.081382,45.446695],[-94.079944,45.445386],[-94.079348,45.444465],[-94.078661,45.442683],[-94.078603,45.442068],[-94.078825,45.44137],[-94.080487,45.439921],[-94.08098,45.43908],[-94.080938,45.438651],[-94.080423,45.438241],[-94.079186,45.438052],[-94.07465,45.438695],[-94.073034,45.438721],[-94.071766,45.438604],[-94.069726,45.437983],[-94.0683,45.437317],[-94.067167,45.436282],[-94.067047,45.434393],[-94.066528,45.433362],[-94.065187,45.432591],[-94.063421,45.432211],[-94.060997,45.432365],[-94.060081,45.432576],[-94.054802,45.43517],[-94.05303,45.435311],[-94.052182,45.435105],[-94.051535,45.434749],[-94.050965,45.434202],[-94.050241,45.432578],[-94.049574,45.428516],[-94.049584,45.425995],[-94.048932,45.424652],[-94.047836,45.423122],[-94.046538,45.421736],[-94.043674,45.417844],[-94.042932,45.417033],[-94.040749,45.41561],[-94.038436,45.414676],[-94.034911,45.413652],[-94.032691,45.412443],[-94.031168,45.410969],[-94.030378,45.409906],[-94.028912,45.407191],[-94.027631,45.405738],[-94.026602,45.404977],[-94.02439,45.403878],[-94.023052,45.403485],[-94.020199,45.40297],[-94.015988,45.402924],[-94.01442,45.403174],[-94.011713,45.40413],[-94.009175,45.40464],[-94.008041,45.404653],[-94.007147,45.404375],[-94.006188,45.403635],[-94.005699,45.402132],[-94.005743,45.401473],[-94.006043,45.400813],[-94.010123,45.39784],[-94.011056,45.396498],[-94.011271,45.395795],[-94.011489,45.394224],[-94.01107,45.39266],[-94.00989,45.391179],[-94.009088,45.390692],[-94.007667,45.390689],[-94.005946,45.391429],[-94.005265,45.391902],[-94.004902,45.392458],[-94.004542,45.395253],[-94.004498,45.397516],[-94.00412,45.398121],[-94.001884,45.400118],[-94.000568,45.401087],[-93.998955,45.401705],[-93.99744,45.401844],[-93.996,45.401589],[-93.992798,45.400615],[-93.987393,45.400059],[-93.984939,45.399048],[-93.981966,45.395441],[-93.981035,45.394202],[-93.980269,45.392849],[-93.978941,45.391318],[-93.973631,45.388942],[-93.970946,45.387501],[-93.966156,45.384214],[-93.96024,45.379874],[-93.95807,45.378495],[-93.956856,45.377992],[-93.955118,45.377784],[-93.952698,45.378322],[-93.950139,45.380096],[-93.949215,45.380962],[-93.947275,45.383815],[-93.945818,45.385026],[-93.944327,45.385341],[-93.943072,45.385173],[-93.941079,45.38442],[-93.939793,45.384158],[-93.938553,45.384128],[-93.933083,45.384531],[-93.931943,45.384764],[-93.929513,45.38567],[-93.928217,45.385842],[-93.926837,45.385805],[-93.92036,45.384941],[-93.918163,45.384313],[-93.917168,45.383799],[-93.915852,45.383422],[-93.913471,45.3822],[-93.911804,45.380415],[-93.910708,45.374979],[-93.909659,45.373126],[-93.908318,45.371808],[-93.904882,45.369902],[-93.902153,45.368618],[-93.894114,45.365911],[-93.891478,45.364699],[-93.889931,45.363837],[-93.888791,45.362959],[-93.88821,45.362336],[-93.887787,45.361488],[-93.887653,45.360542],[-93.887939,45.358657],[-93.887819,45.357815],[-93.88742,45.356885],[-93.883083,45.350219],[-93.881185,45.348344],[-93.87765,45.345391],[-93.872636,45.34303],[-93.871634,45.342406],[-93.868733,45.340026],[-93.867379,45.339287],[-93.865917,45.338883],[-93.860321,45.33833],[-93.857853,45.337901],[-93.856341,45.337992],[-93.852959,45.337384],[-93.851071,45.337228],[-93.848883,45.336524],[-93.843376,45.336695],[-93.84031,45.33657],[-93.836851,45.335845],[-93.831058,45.334911],[-93.830268,45.334561],[-93.829477,45.333947],[-93.828927,45.3332],[-93.828549,45.331111],[-93.827089,45.329447],[-93.824778,45.327533],[-93.815912,45.321957],[-93.81498,45.32104],[-93.814531,45.320227],[-93.814228,45.319001],[-93.813544,45.317947],[-93.804259,45.312013],[-93.801422,45.310787],[-93.799596,45.310344],[-93.796803,45.310135],[-93.789698,45.307991],[-93.788073,45.307328],[-93.782196,45.304181],[-93.778455,45.30268],[-93.774609,45.300344],[-93.76811,45.297466],[-93.764186,45.296779],[-93.75945,45.295675],[-93.756632,45.294799],[-93.754839,45.294664],[-93.751373,45.295246],[-93.749194,45.29643],[-93.744314,45.298304],[-93.738185,45.299602],[-93.735192,45.299971],[-93.732061,45.299914],[-93.727785,45.300153],[-93.71834,45.299895],[-93.712556,45.298933],[-93.704394,45.297902],[-93.69344,45.299917],[-93.691824,45.300873],[-93.688443,45.304215],[-93.687267,45.304834],[-93.685463,45.305079],[-93.683918,45.304774],[-93.682774,45.30428],[-93.681338,45.302785],[-93.680662,45.301373],[-93.679795,45.300455],[-93.676599,45.298162],[-93.674382,45.296833],[-93.672692,45.296033],[-93.671172,45.295568],[-93.669909,45.295393],[-93.665118,45.295347],[-93.662268,45.29577],[-93.657976,45.29591],[-93.651789,45.295346],[-93.650396,45.295346],[-93.645637,45.296271],[-93.641923,45.296392],[-93.637819,45.295898],[-93.627447,45.296507],[-93.625933,45.296256],[-93.624112,45.295666],[-93.618624,45.294644],[-93.614695,45.293286],[-93.612535,45.292815],[-93.61,45.29254],[-93.602764,45.292158],[-93.600304,45.292192],[-93.597423,45.292433],[-93.593546,45.292516],[-93.590274,45.292897],[-93.588858,45.292803],[-93.58532,45.29221],[-93.582282,45.29196],[-93.579928,45.292127],[-93.578337,45.292516],[-93.576574,45.293102],[-93.573634,45.294739],[-93.572566,45.295889],[-93.572104,45.297262],[-93.572078,45.298505],[-93.571819,45.299832],[-93.571359,45.300833],[-93.570607,45.301479],[-93.569685,45.301871],[-93.568532,45.302042],[-93.564816,45.301585],[-93.563621,45.300909],[-93.562482,45.299309],[-93.561918,45.298189],[-93.560326,45.291631],[-93.559504,45.290298],[-93.556735,45.286751],[-93.556154,45.285754],[-93.554437,45.280078],[-93.554304,45.27724],[-93.55349,45.268524],[-93.553179,45.26722],[-93.552503,45.265594],[-93.551144,45.264367],[-93.548213,45.262386],[-93.545224,45.259043],[-93.543429,45.257641],[-93.541356,45.256308],[-93.54004,45.255595],[-93.539122,45.255295],[-93.537147,45.25494],[-93.533086,45.254646],[-93.531508,45.254248],[-93.529643,45.25342],[-93.52801,45.252387],[-93.526261,45.251027],[-93.525134,45.249957],[-93.523552,45.247615],[-93.522783,45.246994],[-93.521773,45.246613],[-93.521297,45.245953],[-93.520704,45.246032],[-93.518759,45.245729],[-93.515209,45.245879],[-93.512703,45.245357],[-93.51161,45.284751],[-93.510979,45.299329],[-93.50981,45.385597],[-93.510674,45.471803],[-93.510718,45.558745],[-93.531518,45.558915],[-93.541803,45.558795],[-93.614254,45.559277],[-93.655435,45.559753],[-93.697007,45.559818],[-93.717651,45.559592],[-93.759335,45.559635]]]}},{"type":"Feature","properties":{"name":"Sibley","gnisId":659516,"fipsCode":"143","countyCode":"27143"},"geometry":{"type":"Polygon","coordinates":[[[-94.010498,44.717533],[-94.125281,44.717391],[-94.15263,44.717905],[-94.173019,44.717805],[-94.213484,44.717957],[-94.25389,44.717737],[-94.254033,44.703124],[-94.253808,44.688474],[-94.254807,44.630237],[-94.275232,44.630444],[-94.315882,44.630406],[-94.336121,44.630683],[-94.457529,44.629963],[-94.497918,44.629915],[-94.49782,44.673471],[-94.498019,44.717222],[-94.629551,44.716677],[-94.629269,44.687579],[-94.629255,44.643766],[-94.62905,44.629273],[-94.629292,44.614893],[-94.629246,44.542327],[-94.62436,44.542321],[-94.624128,44.485031],[-94.624255,44.455949],[-94.552868,44.455918],[-94.500287,44.456456],[-94.452146,44.456327],[-94.351678,44.456718],[-94.250277,44.456574],[-94.170601,44.456644],[-94.150258,44.456468],[-94.110194,44.456842],[-94.029323,44.456636],[-93.930671,44.456736],[-93.931505,44.457027],[-93.932078,44.457628],[-93.932113,44.458287],[-93.931611,44.458748],[-93.93085,44.458988],[-93.930144,44.458943],[-93.928451,44.458313],[-93.927267,44.458552],[-93.92505,44.458228],[-93.923759,44.458424],[-93.922812,44.458993],[-93.922092,44.460014],[-93.922188,44.460828],[-93.923647,44.462035],[-93.924005,44.462619],[-93.923865,44.462965],[-93.923358,44.463019],[-93.922393,44.46256],[-93.919127,44.46175],[-93.91806,44.461754],[-93.917321,44.462087],[-93.916819,44.462609],[-93.91716,44.463341],[-93.918373,44.464773],[-93.920443,44.466624],[-93.921422,44.467165],[-93.922894,44.467641],[-93.924229,44.467749],[-93.926696,44.467276],[-93.928391,44.467692],[-93.928443,44.468021],[-93.927599,44.46929],[-93.926068,44.471068],[-93.923538,44.473168],[-93.922459,44.473869],[-93.921152,44.474174],[-93.919817,44.473946],[-93.915123,44.471731],[-93.913552,44.471194],[-93.910926,44.471128],[-93.909889,44.471334],[-93.908194,44.472193],[-93.907615,44.472731],[-93.906205,44.476169],[-93.905555,44.478284],[-93.904848,44.47969],[-93.904813,44.48035],[-93.904193,44.482718],[-93.90418,44.483537],[-93.904633,44.486177],[-93.904498,44.486962],[-93.904093,44.487737],[-93.90356,44.488324],[-93.902643,44.488772],[-93.899442,44.489875],[-93.896696,44.49049],[-93.896002,44.490906],[-93.895515,44.491427],[-93.895179,44.492235],[-93.895114,44.494076],[-93.894719,44.494647],[-93.893179,44.495325],[-93.891625,44.495601],[-93.891263,44.495848],[-93.89037,44.49733],[-93.890113,44.497995],[-93.89013,44.498885],[-93.890452,44.499975],[-93.89094,44.500781],[-93.891407,44.501352],[-93.891992,44.501694],[-93.894228,44.502204],[-93.894693,44.502478],[-93.894749,44.502974],[-93.894493,44.503305],[-93.893535,44.503729],[-93.892608,44.503853],[-93.889662,44.503812],[-93.888165,44.503989],[-93.887529,44.504514],[-93.887347,44.507392],[-93.88745,44.508626],[-93.887781,44.509513],[-93.88795,44.510617],[-93.887772,44.514507],[-93.887338,44.515719],[-93.885447,44.517977],[-93.885333,44.518855],[-93.885447,44.519803],[-93.887639,44.52579],[-93.888295,44.52664],[-93.889202,44.527],[-93.893457,44.526244],[-93.894925,44.526418],[-93.89598,44.526903],[-93.897996,44.528299],[-93.900361,44.529405],[-93.901378,44.530076],[-93.901694,44.530985],[-93.901668,44.531974],[-93.90044,44.535281],[-93.900727,44.536508],[-93.901253,44.53752],[-93.902233,44.538355],[-93.903294,44.538685],[-93.905129,44.538537],[-93.909579,44.537554],[-93.910793,44.537546],[-93.911761,44.53793],[-93.912065,44.53875],[-93.910696,44.541394],[-93.910456,44.542346],[-93.910562,44.543224],[-93.910727,44.543222],[-93.910875,44.543996],[-93.911704,44.545696],[-93.911687,44.546431],[-93.911336,44.547206],[-93.910905,44.547873],[-93.908402,44.549588],[-93.906344,44.551629],[-93.904761,44.552444],[-93.903322,44.552765],[-93.901187,44.552665],[-93.899554,44.55213],[-93.897966,44.550926],[-93.897431,44.54988],[-93.897358,44.548738],[-93.897832,44.547432],[-93.899137,44.54535],[-93.899177,44.544437],[-93.898612,44.543838],[-93.8981,44.543769],[-93.895636,44.544552],[-93.893736,44.545645],[-93.892949,44.545779],[-93.891971,44.545618],[-93.891767,44.545849],[-93.89189,44.546773],[-93.891376,44.549147],[-93.891338,44.550393],[-93.892045,44.552089],[-93.892816,44.55307],[-93.893493,44.55353],[-93.894398,44.55381],[-93.900063,44.554563],[-93.900878,44.554963],[-93.901272,44.555735],[-93.901008,44.556604],[-93.899604,44.559374],[-93.897847,44.562231],[-93.896331,44.563741],[-93.894047,44.565256],[-93.892146,44.566132],[-93.891475,44.566285],[-93.891337,44.566734],[-93.891486,44.567355],[-93.892752,44.567601],[-93.896098,44.569391],[-93.897458,44.569852],[-93.899071,44.569027],[-93.900314,44.568843],[-93.900936,44.568905],[-93.902925,44.566194],[-93.903472,44.565967],[-93.903725,44.565979],[-93.903904,44.566218],[-93.90388,44.566761],[-93.902126,44.569475],[-93.902651,44.570214],[-93.902625,44.570872],[-93.901089,44.572972],[-93.898991,44.574055],[-93.895114,44.574582],[-93.894629,44.574721],[-93.894164,44.575102],[-93.894119,44.575997],[-93.894496,44.576439],[-93.89491,44.577878],[-93.895119,44.578129],[-93.896014,44.578634],[-93.897142,44.578751],[-93.899305,44.579501],[-93.900006,44.580024],[-93.9001,44.580379],[-93.899839,44.581172],[-93.8981,44.581719],[-93.896596,44.581563],[-93.895906,44.581317],[-93.895203,44.582365],[-93.894185,44.583064],[-93.893563,44.583259],[-93.892901,44.583868],[-93.893084,44.585226],[-93.894744,44.586244],[-93.895598,44.586494],[-93.899295,44.586466],[-93.900907,44.58524],[-93.902208,44.58514],[-93.903133,44.585506],[-93.903825,44.586153],[-93.904036,44.586881],[-93.903757,44.587575],[-93.902377,44.588616],[-93.901031,44.589154],[-93.897433,44.589651],[-93.894959,44.590647],[-93.894372,44.59112],[-93.893744,44.592035],[-93.893418,44.593524],[-93.892878,44.594137],[-93.891791,44.594811],[-93.890665,44.596423],[-93.889659,44.597071],[-93.888291,44.597321],[-93.886618,44.59708],[-93.885829,44.59652],[-93.8854,44.595275],[-93.882979,44.596123],[-93.881511,44.597469],[-93.881046,44.598229],[-93.881016,44.599262],[-93.881504,44.601086],[-93.881266,44.601832],[-93.880543,44.602398],[-93.879472,44.602572],[-93.87838,44.602369],[-93.876444,44.601373],[-93.875931,44.600491],[-93.874758,44.600289],[-93.873998,44.601017],[-93.874214,44.602398],[-93.874518,44.602739],[-93.875408,44.603242],[-93.877537,44.603924],[-93.878481,44.604429],[-93.878959,44.605045],[-93.879043,44.605423],[-93.878687,44.606013],[-93.87797,44.606515],[-93.876563,44.606877],[-93.874434,44.606941],[-93.872581,44.606833],[-93.870832,44.606432],[-93.86968,44.605993],[-93.868728,44.60524],[-93.868107,44.604321],[-93.867917,44.60335],[-93.867686,44.603209],[-93.866877,44.60351],[-93.867533,44.6035],[-93.866736,44.6037],[-93.865754,44.604285],[-93.86346,44.605233],[-93.861063,44.606004],[-93.863399,44.606441],[-93.864174,44.606816],[-93.864987,44.606977],[-93.865842,44.606975],[-93.867399,44.606545],[-93.868619,44.606712],[-93.869526,44.60736],[-93.869686,44.607787],[-93.869622,44.608312],[-93.86912,44.609304],[-93.868126,44.610037],[-93.868138,44.610246],[-93.86847,44.610464],[-93.868301,44.610653],[-93.867156,44.611271],[-93.866,44.611661],[-93.865677,44.611611],[-93.864963,44.611107],[-93.863124,44.608445],[-93.861454,44.608292],[-93.860396,44.608611],[-93.860529,44.609431],[-93.859807,44.61115],[-93.859277,44.611815],[-93.858412,44.612385],[-93.856879,44.612966],[-93.856814,44.613304],[-93.856425,44.613623],[-93.856405,44.614506],[-93.854553,44.617341],[-93.854338,44.618121],[-93.854468,44.618843],[-93.855225,44.61986],[-93.855766,44.620034],[-93.858426,44.619252],[-93.857998,44.61942],[-93.858063,44.619755],[-93.858786,44.620025],[-93.858921,44.620206],[-93.858849,44.620594],[-93.85759,44.621347],[-93.855789,44.62185],[-93.854422,44.621924],[-93.852803,44.622343],[-93.848208,44.622564],[-93.847097,44.622226],[-93.846125,44.621547],[-93.845713,44.621027],[-93.845694,44.620579],[-93.845532,44.62041],[-93.844936,44.620853],[-93.844586,44.621715],[-93.845582,44.622446],[-93.846528,44.623479],[-93.846526,44.624439],[-93.846066,44.625212],[-93.845374,44.62568],[-93.843408,44.625677],[-93.841995,44.62516],[-93.839737,44.62361],[-93.838853,44.622507],[-93.837507,44.619155],[-93.835207,44.6194],[-93.833643,44.620003],[-93.832246,44.621085],[-93.827768,44.623491],[-93.82432,44.625581],[-93.817806,44.629044],[-93.816673,44.630368],[-93.816117,44.632819],[-93.815382,44.633488],[-93.814446,44.633954],[-93.81287,44.634044],[-93.812053,44.633691],[-93.811209,44.633083],[-93.809911,44.632813],[-93.808292,44.633058],[-93.802808,44.635013],[-93.801142,44.635385],[-93.7982,44.635405],[-93.797121,44.635158],[-93.795767,44.635099],[-93.79565,44.634883],[-93.793183,44.633706],[-93.791811,44.632738],[-93.79108,44.631126],[-93.790999,44.630113],[-93.788556,44.630178],[-93.788552,44.629663],[-93.786528,44.631512],[-93.785562,44.631959],[-93.784609,44.632159],[-93.781696,44.632156],[-93.779778,44.632982],[-93.778868,44.633762],[-93.775997,44.637455],[-93.774998,44.638143],[-93.774187,44.638394],[-93.773169,44.638079],[-93.77256,44.638328],[-93.771749,44.637919],[-93.770758,44.636898],[-93.769956,44.634954],[-93.770079,44.633524],[-93.770765,44.63276],[-93.771413,44.632523],[-93.771736,44.632573],[-93.772865,44.631456],[-93.773067,44.631115],[-93.772722,44.630929],[-93.772672,44.630744],[-93.771197,44.630779],[-93.769769,44.631303],[-93.76877,44.631816],[-93.76673,44.633308],[-93.767008,44.633688],[-93.766848,44.633822],[-93.767653,44.63573],[-93.766552,44.635933],[-93.765686,44.63389],[-93.763904,44.634594],[-93.765925,44.637391],[-93.766571,44.638018],[-93.767598,44.638646],[-93.768016,44.638783],[-93.768017,44.638538],[-93.771185,44.637946],[-93.772442,44.638302],[-93.77282,44.639174],[-93.772056,44.639608],[-93.771025,44.639906],[-93.768364,44.640342],[-93.768418,44.644672],[-93.76809,44.651802],[-93.768194,44.67352],[-93.829195,44.673364],[-93.84961,44.673717],[-93.888841,44.67342],[-93.888666,44.717057],[-94.010498,44.717533]]]}},{"type":"Feature","properties":{"name":"Stearns","gnisId":659517,"fipsCode":"145","countyCode":"27145"},"geometry":{"type":"Polygon","coordinates":[[[-94.271717,45.775065],[-94.305339,45.775238],[-94.408923,45.775246],[-94.45038,45.775397],[-94.471299,45.775277],[-94.513352,45.77445],[-94.534035,45.774515],[-94.554772,45.773974],[-94.575389,45.774305],[-94.616581,45.774198],[-94.684871,45.773674],[-94.72601,45.773652],[-94.787919,45.774265],[-94.87114,45.774344],[-94.891653,45.774173],[-94.953889,45.77431],[-95.139797,45.773431],[-95.139684,45.758949],[-95.139847,45.744406],[-95.139808,45.729898],[-95.139451,45.657449],[-95.139534,45.624976],[-95.139889,45.585081],[-95.131603,45.585101],[-95.131466,45.513391],[-95.131691,45.470236],[-95.131658,45.455824],[-95.131541,45.455824],[-95.131774,45.441471],[-95.131864,45.412591],[-95.091061,45.412356],[-95.029387,45.412411],[-95.008911,45.41226],[-94.968411,45.412672],[-94.886355,45.413015],[-94.762958,45.412852],[-94.763199,45.405611],[-94.763181,45.326097],[-94.742792,45.325856],[-94.722376,45.326087],[-94.696239,45.326053],[-94.640161,45.32555],[-94.608898,45.325676],[-94.591085,45.325572],[-94.526078,45.326159],[-94.494712,45.325889],[-94.424145,45.32611],[-94.383647,45.326626],[-94.383376,45.311909],[-94.383473,45.282763],[-94.364042,45.282337],[-94.322914,45.283034],[-94.281849,45.283293],[-94.261169,45.283963],[-94.261522,45.297831],[-94.260415,45.298678],[-94.259815,45.298923],[-94.257493,45.299067],[-94.25628,45.299309],[-94.255252,45.299629],[-94.254829,45.300055],[-94.254646,45.300598],[-94.254739,45.301482],[-94.255135,45.302417],[-94.257112,45.305439],[-94.256934,45.306229],[-94.256325,45.306627],[-94.255337,45.306898],[-94.252265,45.308389],[-94.250293,45.308775],[-94.248575,45.308977],[-94.247591,45.30893],[-94.245637,45.30844],[-94.243159,45.30823],[-94.242249,45.308354],[-94.240875,45.309258],[-94.239958,45.310182],[-94.238413,45.309806],[-94.237406,45.309758],[-94.235238,45.31038],[-94.23383,45.31057],[-94.230344,45.310708],[-94.22643,45.311763],[-94.225715,45.311844],[-94.224031,45.311444],[-94.223426,45.311477],[-94.222295,45.311807],[-94.221206,45.312356],[-94.219712,45.314274],[-94.218175,45.315599],[-94.217247,45.315854],[-94.216176,45.31586],[-94.214157,45.316357],[-94.213089,45.317044],[-94.212511,45.316863],[-94.211729,45.316328],[-94.210737,45.316281],[-94.210079,45.316598],[-94.210448,45.316805],[-94.210342,45.317078],[-94.209554,45.317334],[-94.208268,45.316784],[-94.208427,45.315754],[-94.206344,45.31552],[-94.205619,45.315727],[-94.203893,45.317138],[-94.203198,45.3174],[-94.20206,45.317685],[-94.200327,45.317795],[-94.198082,45.317159],[-94.197653,45.317237],[-94.196629,45.317655],[-94.195656,45.318623],[-94.194874,45.318967],[-94.193109,45.318779],[-94.192152,45.318474],[-94.190501,45.317607],[-94.189653,45.317681],[-94.188161,45.318243],[-94.186974,45.318231],[-94.186605,45.318069],[-94.185904,45.317376],[-94.185104,45.315798],[-94.18405,45.315343],[-94.181392,45.31355],[-94.179313,45.312739],[-94.179196,45.311964],[-94.17871,45.31101],[-94.177447,45.310548],[-94.177041,45.310236],[-94.177147,45.30959],[-94.177846,45.309141],[-94.176996,45.30854],[-94.176979,45.307409],[-94.17677,45.30699],[-94.175791,45.306684],[-94.17541,45.306334],[-94.175331,45.305982],[-94.175925,45.304166],[-94.175993,45.303437],[-94.175682,45.302693],[-94.174772,45.302014],[-94.173548,45.301524],[-94.172196,45.30127],[-94.171,45.301346],[-94.169335,45.301966],[-94.167711,45.30212],[-94.166046,45.301983],[-94.163695,45.301235],[-94.162727,45.301176],[-94.161527,45.301416],[-94.161189,45.301677],[-94.160914,45.303809],[-94.160629,45.304114],[-94.159948,45.30442],[-94.159264,45.30449],[-94.1588,45.304452],[-94.15784,45.303921],[-94.157283,45.303844],[-94.15594,45.304336],[-94.155498,45.304726],[-94.116605,45.328301],[-94.115735,45.329018],[-94.114817,45.33115],[-94.114022,45.332399],[-94.111378,45.334996],[-94.110914,45.335936],[-94.110245,45.336625],[-94.110326,45.336915],[-94.106978,45.339805],[-94.105124,45.340626],[-94.103035,45.341212],[-94.099804,45.342423],[-94.099037,45.343343],[-94.098037,45.34343],[-94.095444,45.343234],[-94.094305,45.342554],[-94.093279,45.342307],[-94.092431,45.342908],[-94.092176,45.343798],[-94.0919,45.344194],[-94.089817,45.345477],[-94.089556,45.345845],[-94.089936,45.346716],[-94.091171,45.347648],[-94.093475,45.34858],[-94.093501,45.348843],[-94.093045,45.349904],[-94.09328,45.350111],[-94.094508,45.350385],[-94.094875,45.35063],[-94.096216,45.352225],[-94.096142,45.35262],[-94.095325,45.353244],[-94.093596,45.353356],[-94.093797,45.35414],[-94.093613,45.354376],[-94.092744,45.354364],[-94.092576,45.354639],[-94.092877,45.35534],[-94.092547,45.355769],[-94.092483,45.356373],[-94.09134,45.35612],[-94.090929,45.356183],[-94.090691,45.356436],[-94.090719,45.357023],[-94.091214,45.357657],[-94.091211,45.3582],[-94.090197,45.358429],[-94.089973,45.358644],[-94.089906,45.358886],[-94.090189,45.359312],[-94.088833,45.359478],[-94.08882,45.359785],[-94.089297,45.360178],[-94.089259,45.360326],[-94.088455,45.360626],[-94.08857,45.361371],[-94.087875,45.36178],[-94.087379,45.362704],[-94.087257,45.362968],[-94.087646,45.363926],[-94.087462,45.364201],[-94.085595,45.364473],[-94.084875,45.363835],[-94.084168,45.363783],[-94.083692,45.364279],[-94.083601,45.364609],[-94.083821,45.364816],[-94.084844,45.364745],[-94.084893,45.365036],[-94.083914,45.365753],[-94.081828,45.365928],[-94.081996,45.366464],[-94.081387,45.36689],[-94.081896,45.367392],[-94.08269,45.367673],[-94.082855,45.367919],[-94.082234,45.368778],[-94.082221,45.369079],[-94.082547,45.36916],[-94.08336,45.36886],[-94.083686,45.368892],[-94.082913,45.370069],[-94.082681,45.370262],[-94.081717,45.370085],[-94.081637,45.370618],[-94.081895,45.370907],[-94.082674,45.371238],[-94.083738,45.371277],[-94.084757,45.371514],[-94.085322,45.372251],[-94.085939,45.372698],[-94.085911,45.373016],[-94.085246,45.373283],[-94.085241,45.373574],[-94.086062,45.374288],[-94.085181,45.374709],[-94.083599,45.374843],[-94.083304,45.374986],[-94.083282,45.37522],[-94.083388,45.375984],[-94.083552,45.37612],[-94.084538,45.376195],[-94.085612,45.376631],[-94.08573,45.376861],[-94.085456,45.377686],[-94.086063,45.379249],[-94.085958,45.379903],[-94.085464,45.380459],[-94.084821,45.380598],[-94.08463,45.379931],[-94.084304,45.379803],[-94.083652,45.379887],[-94.083498,45.380124],[-94.083554,45.380343],[-94.084302,45.380835],[-94.084256,45.381028],[-94.082562,45.380791],[-94.08192,45.381226],[-94.08068,45.381636],[-94.080154,45.381994],[-94.080136,45.382845],[-94.078979,45.382865],[-94.078275,45.383361],[-94.078129,45.383537],[-94.078164,45.384262],[-94.07773,45.384422],[-94.078044,45.384998],[-94.077471,45.385219],[-94.077365,45.385653],[-94.078126,45.385772],[-94.07743,45.386246],[-94.077752,45.386756],[-94.077,45.386966],[-94.076852,45.386895],[-94.076921,45.386747],[-94.076719,45.386709],[-94.076269,45.386941],[-94.076139,45.387199],[-94.0765,45.387885],[-94.077434,45.388239],[-94.076761,45.388691],[-94.076452,45.389033],[-94.076254,45.38961],[-94.075759,45.389979],[-94.075463,45.389908],[-94.074878,45.389339],[-94.074335,45.389461],[-94.074127,45.389879],[-94.074276,45.390109],[-94.075071,45.390574],[-94.074817,45.390887],[-94.074149,45.390999],[-94.073848,45.391258],[-94.073719,45.391719],[-94.074257,45.392091],[-94.074172,45.392223],[-94.073808,45.392362],[-94.073465,45.392264],[-94.073392,45.39306],[-94.072336,45.392958],[-94.07194,45.393064],[-94.071856,45.393322],[-94.072378,45.393623],[-94.071469,45.393614],[-94.071268,45.393741],[-94.071269,45.393961],[-94.071505,45.394394],[-94.072082,45.394755],[-94.071066,45.395054],[-94.070113,45.395556],[-94.070045,45.395732],[-94.070257,45.396259],[-94.07008,45.396567],[-94.069568,45.396612],[-94.069006,45.39613],[-94.068564,45.396279],[-94.068351,45.39712],[-94.068408,45.397504],[-94.068107,45.397807],[-94.067501,45.397902],[-94.067464,45.398133],[-94.06776,45.398352],[-94.067645,45.398594],[-94.066691,45.398755],[-94.066832,45.399123],[-94.066532,45.399607],[-94.066588,45.399782],[-94.067451,45.399923],[-94.067284,45.399363],[-94.0674,45.39922],[-94.067688,45.399274],[-94.067876,45.401009],[-94.067306,45.401829],[-94.068301,45.401975],[-94.068197,45.402804],[-94.068502,45.403138],[-94.068457,45.403352],[-94.068824,45.403687],[-94.068942,45.403972],[-94.068819,45.404258],[-94.06837,45.404445],[-94.067878,45.404029],[-94.067505,45.40403],[-94.06732,45.404349],[-94.067302,45.405151],[-94.066511,45.405482],[-94.065687,45.405402],[-94.065525,45.405529],[-94.065495,45.405771],[-94.066102,45.405983],[-94.065452,45.406468],[-94.065439,45.406792],[-94.06607,45.407191],[-94.065931,45.407362],[-94.065101,45.407556],[-94.06515,45.408012],[-94.065524,45.408198],[-94.065926,45.407829],[-94.066206,45.40785],[-94.066316,45.40808],[-94.065769,45.408922],[-94.065163,45.408896],[-94.06485,45.408545],[-94.064454,45.408629],[-94.064285,45.408898],[-94.064341,45.40925],[-94.064163,45.409349],[-94.063611,45.409169],[-94.063472,45.40935],[-94.063902,45.409794],[-94.063856,45.410036],[-94.063187,45.409851],[-94.062978,45.409934],[-94.063285,45.410619],[-94.062812,45.410818],[-94.062134,45.410414],[-94.062142,45.411924],[-94.061562,45.41243],[-94.061347,45.412887],[-94.061091,45.412975],[-94.060637,45.413723],[-94.059615,45.414324],[-94.059281,45.414314],[-94.05891,45.414062],[-94.057486,45.414362],[-94.057361,45.415593],[-94.056299,45.416035],[-94.056097,45.417485],[-94.055743,45.41815],[-94.056331,45.419093],[-94.056281,45.419884],[-94.056821,45.420575],[-94.056768,45.420921],[-94.056241,45.421202],[-94.055247,45.421325],[-94.054751,45.421601],[-94.053029,45.423489],[-94.052486,45.423732],[-94.050931,45.423483],[-94.050143,45.422957],[-94.048331,45.422632],[-94.046974,45.422185],[-94.048932,45.424652],[-94.049584,45.425995],[-94.049574,45.428516],[-94.050042,45.431755],[-94.050509,45.433324],[-94.050965,45.434202],[-94.051535,45.434749],[-94.052182,45.435105],[-94.05303,45.435311],[-94.054802,45.43517],[-94.060081,45.432576],[-94.060997,45.432365],[-94.063421,45.432211],[-94.065187,45.432591],[-94.066528,45.433362],[-94.067047,45.434393],[-94.067167,45.436282],[-94.0683,45.437317],[-94.069726,45.437983],[-94.071766,45.438604],[-94.073034,45.438721],[-94.07465,45.438695],[-94.079186,45.438052],[-94.080423,45.438241],[-94.080938,45.438651],[-94.08098,45.43908],[-94.080487,45.439921],[-94.078825,45.44137],[-94.078603,45.442068],[-94.078661,45.442683],[-94.079348,45.444465],[-94.079944,45.445386],[-94.081382,45.446695],[-94.088346,45.448961],[-94.095345,45.45054],[-94.095992,45.450807],[-94.097117,45.451699],[-94.098614,45.453479],[-94.100905,45.454308],[-94.101936,45.455156],[-94.102307,45.456034],[-94.102249,45.456583],[-94.101597,45.458073],[-94.10092,45.460425],[-94.100601,45.464149],[-94.100699,45.466186],[-94.100944,45.466834],[-94.10118,45.467338],[-94.102277,45.468505],[-94.107126,45.47156],[-94.108832,45.473252],[-94.11001,45.474979],[-94.111912,45.476774],[-94.113905,45.478268],[-94.114967,45.478913],[-94.116785,45.479709],[-94.118936,45.4804],[-94.124687,45.48186],[-94.126269,45.482706],[-94.129705,45.485322],[-94.133486,45.487006],[-94.134993,45.48803],[-94.13686,45.490429],[-94.137832,45.49134],[-94.141629,45.493002],[-94.142599,45.494001],[-94.142776,45.495007],[-94.142349,45.497252],[-94.1425,45.497692],[-94.143647,45.498962],[-94.144178,45.499977],[-94.143952,45.500704],[-94.142614,45.502032],[-94.141993,45.503298],[-94.141773,45.504868],[-94.141973,45.506467],[-94.142918,45.508295],[-94.143255,45.509494],[-94.142964,45.510465],[-94.139755,45.513338],[-94.139024,45.515372],[-94.139025,45.515949],[-94.139557,45.517116],[-94.14057,45.517763],[-94.144249,45.520995],[-94.145089,45.522526],[-94.147786,45.524467],[-94.148991,45.526131],[-94.150414,45.5285],[-94.150458,45.529428],[-94.149756,45.531638],[-94.148851,45.533172],[-94.147483,45.535038],[-94.147227,45.535592],[-94.14701,45.536947],[-94.147751,45.538956],[-94.147492,45.53991],[-94.14654,45.54146],[-94.146342,45.542458],[-94.147363,45.545912],[-94.147544,45.547182],[-94.14718,45.549081],[-94.146072,45.552744],[-94.146614,45.555218],[-94.14767,45.556959],[-94.149624,45.55927],[-94.152238,45.561194],[-94.156688,45.563407],[-94.160533,45.566029],[-94.161089,45.56657],[-94.164698,45.571645],[-94.165465,45.572819],[-94.166143,45.574578],[-94.168003,45.584745],[-94.168406,45.585712],[-94.169319,45.586731],[-94.169838,45.587899],[-94.170789,45.589255],[-94.172576,45.590641],[-94.174443,45.591767],[-94.181441,45.594902],[-94.184187,45.596939],[-94.190704,45.599214],[-94.19211,45.599935],[-94.193001,45.601059],[-94.192997,45.601787],[-94.193357,45.602929],[-94.194804,45.605205],[-94.195858,45.608517],[-94.197406,45.610501],[-94.198126,45.61107],[-94.199104,45.612238],[-94.203784,45.619405],[-94.203943,45.619878],[-94.203562,45.621282],[-94.202238,45.623325],[-94.201979,45.624334],[-94.203134,45.629973],[-94.20284,45.631983],[-94.204669,45.636121],[-94.204675,45.639965],[-94.203907,45.642732],[-94.204376,45.643788],[-94.204392,45.646139],[-94.203844,45.647538],[-94.202672,45.648634],[-94.201939,45.649697],[-94.20083,45.650804],[-94.198883,45.652287],[-94.197966,45.652729],[-94.196764,45.653747],[-94.196734,45.654725],[-94.197246,45.656292],[-94.197302,45.657254],[-94.196956,45.660955],[-94.197219,45.662522],[-94.197771,45.664117],[-94.198014,45.666293],[-94.197892,45.668155],[-94.197346,45.670296],[-94.196557,45.671392],[-94.195607,45.672043],[-94.193916,45.672538],[-94.190599,45.67311],[-94.184244,45.675562],[-94.183182,45.676548],[-94.182416,45.677721],[-94.182272,45.678149],[-94.182367,45.679023],[-94.182902,45.679722],[-94.183681,45.680016],[-94.184946,45.680163],[-94.186846,45.680075],[-94.189931,45.679189],[-94.195362,45.676992],[-94.196435,45.676666],[-94.197373,45.676619],[-94.200143,45.677171],[-94.203119,45.678449],[-94.203716,45.679264],[-94.204267,45.680974],[-94.204369,45.681996],[-94.204224,45.683787],[-94.204475,45.685985],[-94.208969,45.697754],[-94.209331,45.699777],[-94.209639,45.700586],[-94.210569,45.701764],[-94.211168,45.702167],[-94.216666,45.704358],[-94.219718,45.706273],[-94.223146,45.709364],[-94.224569,45.711895],[-94.224667,45.716087],[-94.224523,45.716598],[-94.224129,45.717031],[-94.22369,45.717293],[-94.221473,45.717941],[-94.217557,45.718847],[-94.215766,45.72004],[-94.215356,45.720484],[-94.215056,45.720928],[-94.21454,45.723245],[-94.214968,45.724779],[-94.215386,45.725445],[-94.216063,45.726067],[-94.217982,45.72682],[-94.221663,45.727336],[-94.226815,45.727668],[-94.230538,45.728926],[-94.233358,45.729505],[-94.236125,45.729721],[-94.237093,45.730064],[-94.239657,45.731653],[-94.241591,45.732603],[-94.244612,45.733578],[-94.247366,45.734837],[-94.249364,45.737007],[-94.250302,45.737549],[-94.255265,45.739621],[-94.259257,45.742147],[-94.260448,45.743582],[-94.260806,45.744405],[-94.261695,45.747653],[-94.263545,45.749977],[-94.263635,45.750332],[-94.265003,45.751818],[-94.265733,45.75306],[-94.266128,45.753909],[-94.26664,45.755872],[-94.266665,45.756552],[-94.266406,45.757141],[-94.264549,45.758958],[-94.264058,45.75984],[-94.263881,45.760631],[-94.263955,45.76152],[-94.265123,45.763238],[-94.26761,45.764591],[-94.27044,45.765738],[-94.271136,45.766207],[-94.272723,45.768201],[-94.272754,45.768728],[-94.272474,45.769471],[-94.271849,45.770238],[-94.270945,45.771858],[-94.270902,45.773895],[-94.271193,45.774541],[-94.271717,45.775065]]]}},{"type":"Feature","properties":{"name":"Swift","gnisId":659520,"fipsCode":"151","countyCode":"27151"},"geometry":{"type":"Polygon","coordinates":[[[-95.246483,45.152384],[-95.246867,45.195897],[-95.246496,45.224771],[-95.246629,45.238644],[-95.25518,45.238743],[-95.254876,45.281768],[-95.255257,45.310997],[-95.255401,45.374965],[-95.254835,45.405522],[-95.255089,45.412696],[-95.397915,45.412418],[-95.418567,45.412329],[-95.438816,45.412023],[-95.459682,45.412125],[-95.500358,45.411877],[-95.520806,45.412104],[-95.624097,45.412397],[-95.64467,45.412282],[-95.685777,45.412499],[-95.78839,45.412187],[-95.973336,45.412413],[-96.096976,45.411911],[-96.117129,45.411965],[-96.117198,45.398976],[-96.118342,45.391684],[-96.118231,45.369967],[-96.118412,45.362746],[-96.118117,45.348246],[-96.118188,45.340932],[-96.117396,45.312056],[-96.11739,45.297594],[-96.117711,45.283246],[-96.117775,45.268805],[-96.118205,45.23989],[-96.103788,45.23985],[-96.103674,45.176605],[-96.101402,45.176084],[-96.096892,45.174412],[-96.096407,45.174023],[-96.095452,45.172054],[-96.093797,45.170874],[-96.093696,45.169755],[-96.093487,45.169506],[-96.093113,45.169187],[-96.091286,45.16852],[-96.088955,45.167317],[-96.08833,45.167178],[-96.085839,45.167729],[-96.085585,45.167535],[-96.085223,45.166254],[-96.084802,45.165881],[-96.081719,45.16582],[-96.080145,45.165331],[-96.079334,45.165469],[-96.078209,45.166028],[-96.075886,45.16595],[-96.075,45.165617],[-96.074543,45.164519],[-96.07399,45.164192],[-96.070511,45.163273],[-96.068778,45.163182],[-96.068395,45.162775],[-96.068189,45.162086],[-96.067578,45.161875],[-96.066039,45.16178],[-96.064686,45.161404],[-96.063993,45.161023],[-96.063766,45.160389],[-96.063496,45.160179],[-96.060681,45.159113],[-96.059126,45.158701],[-96.057061,45.158669],[-96.056765,45.158371],[-96.056831,45.15821],[-96.057967,45.158063],[-96.058163,45.157819],[-96.057557,45.157256],[-96.055905,45.156405],[-96.053282,45.156688],[-96.053098,45.156768],[-96.053017,45.157516],[-96.052842,45.15765],[-96.051323,45.157726],[-96.049823,45.158207],[-96.048656,45.158377],[-96.047086,45.158009],[-96.042164,45.156192],[-96.041418,45.15557],[-96.040663,45.15463],[-96.039422,45.154065],[-96.038344,45.153245],[-96.036986,45.152933],[-96.036688,45.152526],[-96.036747,45.152157],[-96.021064,45.152059],[-95.93966,45.151732],[-95.878351,45.151867],[-95.85789,45.151721],[-95.613788,45.151396],[-95.593739,45.151204],[-95.512035,45.151554],[-95.430793,45.152374],[-95.369391,45.15273],[-95.349227,45.152773],[-95.246483,45.152384]]]}},{"type":"Feature","properties":{"name":"Todd","gnisId":659521,"fipsCode":"153","countyCode":"27153"},"geometry":{"type":"Polygon","coordinates":[[[-94.731536,46.36862],[-94.841596,46.36842],[-94.925615,46.368792],[-94.988432,46.36867],[-95.125333,46.368807],[-95.155575,46.368961],[-95.155193,46.325638],[-95.154299,46.282437],[-95.145792,46.282379],[-95.145736,46.266757],[-95.146371,46.237673],[-95.145875,46.223162],[-95.146302,46.208622],[-95.146333,46.194228],[-95.146309,46.150454],[-95.145887,46.10677],[-95.146129,46.092276],[-95.14616,46.048759],[-95.146488,46.034377],[-95.146713,46.005297],[-95.146432,45.990853],[-95.146694,45.983541],[-95.146319,45.932881],[-95.138841,45.932887],[-95.138824,45.918525],[-95.140084,45.874975],[-95.140245,45.860477],[-95.140176,45.816911],[-95.139917,45.802491],[-95.139797,45.773431],[-94.974667,45.77429],[-94.891653,45.774173],[-94.87114,45.774344],[-94.787919,45.774265],[-94.72601,45.773652],[-94.684871,45.773674],[-94.643955,45.773971],[-94.644024,45.803244],[-94.643829,45.816892],[-94.643864,45.845758],[-94.643669,45.860253],[-94.643736,45.874839],[-94.643535,45.911174],[-94.643624,45.932866],[-94.64883,45.932923],[-94.648315,45.96204],[-94.648034,45.991311],[-94.64817,46.020473],[-94.647851,46.049645],[-94.647957,46.093308],[-94.647752,46.136865],[-94.64747,46.151463],[-94.647685,46.166095],[-94.647701,46.180624],[-94.647472,46.195161],[-94.647709,46.249979],[-94.647654,46.282477],[-94.652947,46.28243],[-94.65235,46.296877],[-94.65312,46.311494],[-94.653408,46.326059],[-94.653384,46.348723],[-94.655244,46.349843],[-94.657527,46.351632],[-94.658366,46.352063],[-94.659249,46.352274],[-94.660074,46.352008],[-94.662156,46.350215],[-94.66277,46.350072],[-94.66348,46.350373],[-94.664244,46.351347],[-94.665216,46.353253],[-94.665433,46.354552],[-94.665835,46.355629],[-94.665558,46.357498],[-94.666169,46.358721],[-94.666751,46.359352],[-94.66816,46.360161],[-94.669005,46.360488],[-94.670483,46.360764],[-94.672528,46.359482],[-94.673711,46.358164],[-94.674092,46.357513],[-94.67459,46.355586],[-94.67571,46.353178],[-94.676052,46.351402],[-94.676405,46.350893],[-94.677581,46.35041],[-94.681561,46.350101],[-94.685111,46.350834],[-94.687993,46.351003],[-94.696505,46.349272],[-94.698963,46.349911],[-94.701598,46.349994],[-94.703674,46.35055],[-94.705942,46.350817],[-94.707557,46.351251],[-94.709496,46.351407],[-94.714664,46.352254],[-94.715704,46.352079],[-94.716747,46.351651],[-94.71778,46.350812],[-94.718205,46.35072],[-94.719444,46.350949],[-94.721158,46.351551],[-94.722526,46.352278],[-94.723999,46.354092],[-94.72581,46.355598],[-94.726723,46.356856],[-94.726996,46.358115],[-94.728125,46.359833],[-94.72884,46.360681],[-94.729968,46.361647],[-94.731735,46.3639],[-94.731986,46.364523],[-94.732093,46.366524],[-94.731536,46.36862]]]}},{"type":"Feature","properties":{"name":"Traverse","gnisId":659522,"fipsCode":"155","countyCode":"27155"},"geometry":{"type":"Polygon","coordinates":[[[-96.317335,45.585473],[-96.253029,45.585503],[-96.253469,45.614618],[-96.253487,45.629186],[-96.254006,45.672704],[-96.254063,45.716307],[-96.253868,45.730853],[-96.254063,45.749969],[-96.254224,45.817884],[-96.253883,45.846939],[-96.254219,45.874967],[-96.254139,45.905214],[-96.253979,45.912471],[-96.254209,45.93468],[-96.266245,45.934658],[-96.266503,45.992653],[-96.266211,46.021588],[-96.307754,46.021616],[-96.328408,46.021831],[-96.41027,46.021526],[-96.472734,46.02158],[-96.576675,46.022155],[-96.575237,46.018824],[-96.574732,46.018107],[-96.574208,46.016458],[-96.574173,46.015875],[-96.57484,46.013573],[-96.575779,46.007951],[-96.575436,46.006826],[-96.574672,46.005713],[-96.574073,46.004442],[-96.573614,46.002317],[-96.572951,45.992715],[-96.572623,45.99091],[-96.572426,45.988237],[-96.57237,45.986336],[-96.572648,45.985416],[-96.57259,45.983809],[-96.572846,45.977935],[-96.571212,45.969889],[-96.570496,45.968328],[-96.570575,45.967394],[-96.570962,45.966119],[-96.570877,45.964372],[-96.569264,45.960431],[-96.568406,45.959029],[-96.567618,45.958452],[-96.566059,45.95783],[-96.565344,45.957335],[-96.565217,45.956434],[-96.565441,45.953515],[-96.565011,45.951187],[-96.564142,45.949624],[-96.562009,45.947551],[-96.561537,45.946595],[-96.561343,45.945664],[-96.561876,45.942887],[-96.561922,45.940534],[-96.562198,45.93827],[-96.56382,45.93395],[-96.564763,45.929819],[-96.564527,45.926265],[-96.564666,45.924841],[-96.564055,45.921275],[-96.564011,45.919569],[-96.565285,45.919131],[-96.566571,45.91694],[-96.567483,45.916805],[-96.569108,45.917046],[-96.569078,45.914794],[-96.56941,45.913955],[-96.570005,45.913533],[-96.570195,45.912048],[-96.569943,45.911575],[-96.568865,45.911475],[-96.568195,45.911986],[-96.567715,45.912101],[-96.565215,45.910406],[-96.564429,45.909424],[-96.565967,45.908555],[-96.566426,45.906544],[-96.567106,45.905556],[-96.567485,45.904018],[-96.568324,45.902911],[-96.568422,45.901517],[-96.568062,45.898706],[-96.568845,45.895948],[-96.568712,45.893382],[-96.56829,45.891211],[-96.568781,45.88808],[-96.569578,45.887613],[-96.570885,45.88714],[-96.571291,45.886419],[-96.571402,45.88554],[-96.570774,45.883314],[-96.571009,45.882429],[-96.572201,45.879675],[-96.572257,45.874969],[-96.571832,45.873345],[-96.571881,45.871854],[-96.572364,45.870699],[-96.573883,45.868392],[-96.574546,45.866892],[-96.574618,45.866269],[-96.574426,45.865018],[-96.574047,45.863978],[-96.573301,45.862655],[-96.572994,45.86161],[-96.573363,45.857895],[-96.57345,45.853824],[-96.574527,45.843106],[-96.576554,45.839953],[-96.577544,45.837938],[-96.577286,45.833729],[-96.578256,45.83156],[-96.57975,45.825828],[-96.580744,45.823616],[-96.582071,45.821257],[-96.584788,45.818154],[-96.587103,45.816453],[-96.588542,45.815671],[-96.593225,45.813881],[-96.596713,45.811809],[-96.600502,45.807649],[-96.601879,45.806342],[-96.603876,45.803602],[-96.607659,45.79891],[-96.610461,45.796192],[-96.612521,45.79445],[-96.613867,45.793442],[-96.618204,45.791071],[-96.625357,45.787932],[-96.627788,45.786247],[-96.629436,45.784219],[-96.630355,45.782388],[-96.630522,45.781165],[-96.630059,45.779704],[-96.630108,45.779471],[-96.630414,45.779262],[-96.631329,45.779081],[-96.632135,45.778283],[-96.632766,45.777908],[-96.634071,45.777924],[-96.634367,45.776411],[-96.633595,45.775658],[-96.633648,45.775086],[-96.634115,45.774557],[-96.635081,45.77449],[-96.636226,45.773982],[-96.639136,45.772074],[-96.639441,45.771568],[-96.639619,45.771126],[-96.638658,45.769937],[-96.638928,45.769496],[-96.639189,45.76712],[-96.639897,45.764393],[-96.64195,45.759879],[-96.646534,45.755445],[-96.647433,45.754346],[-96.649478,45.750774],[-96.652235,45.746817],[-96.659486,45.740931],[-96.662604,45.738691],[-96.670634,45.733532],[-96.675427,45.73084],[-96.67854,45.729339],[-96.685452,45.72657],[-96.701954,45.72109],[-96.709599,45.718167],[-96.725641,45.710905],[-96.735088,45.706126],[-96.744608,45.70174],[-96.748491,45.699772],[-96.750375,45.698556],[-96.751836,45.697165],[-96.754465,45.694294],[-96.758129,45.689785],[-96.76079,45.687402],[-96.776842,45.679957],[-96.789693,45.673256],[-96.791784,45.671732],[-96.79364,45.670728],[-96.800233,45.668332],[-96.802439,45.667302],[-96.821189,45.656931],[-96.825027,45.655167],[-96.827437,45.653075],[-96.829341,45.652353],[-96.831286,45.652113],[-96.832798,45.651638],[-96.838658,45.647517],[-96.840823,45.645205],[-96.842281,45.643108],[-96.844221,45.639591],[-96.845681,45.636157],[-96.847609,45.6306],[-96.8496,45.626142],[-96.850069,45.623603],[-96.851616,45.619632],[-96.851789,45.617132],[-96.852104,45.61533],[-96.853137,45.613944],[-96.85475,45.612461],[-96.856202,45.610563],[-96.85664,45.609644],[-96.856553,45.607188],[-96.857449,45.605953],[-96.850017,45.599262],[-96.849453,45.598953],[-96.844255,45.594332],[-96.835652,45.586274],[-96.823911,45.586121],[-96.741002,45.585858],[-96.636256,45.585863],[-96.493673,45.585467],[-96.317335,45.585473]]]}},{"type":"Feature","properties":{"name":"Wabasha","gnisId":659523,"fipsCode":"157","countyCode":"27157"},"geometry":{"type":"Polygon","coordinates":[[[-92.242077,44.454233],[-92.309388,44.454775],[-92.430303,44.455413],[-92.430588,44.368291],[-92.500216,44.368273],[-92.550768,44.368521],[-92.550909,44.194887],[-92.318921,44.19408],[-92.318871,44.13678],[-92.319099,44.107803],[-92.159403,44.107322],[-92.125196,44.106867],[-92.099242,44.106769],[-92.079217,44.106814],[-92.079374,44.193005],[-92.000195,44.193],[-91.969798,44.193166],[-91.909574,44.193085],[-91.879761,44.193296],[-91.858366,44.193007],[-91.865182,44.196929],[-91.870207,44.198266],[-91.872616,44.199181],[-91.87519,44.200458],[-91.875703,44.201315],[-91.876325,44.204422],[-91.876503,44.206176],[-91.876313,44.207985],[-91.876465,44.21035],[-91.876674,44.211185],[-91.877881,44.213603],[-91.879799,44.216069],[-91.888007,44.224107],[-91.890631,44.227342],[-91.89166,44.228896],[-91.892755,44.231853],[-91.893076,44.234047],[-91.892904,44.235352],[-91.891733,44.238646],[-91.889317,44.242709],[-91.88812,44.245527],[-91.887289,44.24847],[-91.886969,44.251654],[-91.887511,44.253532],[-91.888022,44.254552],[-91.889042,44.255997],[-91.893116,44.26042],[-91.895403,44.262118],[-91.896246,44.263317],[-91.896583,44.265462],[-91.896518,44.267684],[-91.895617,44.272147],[-91.89566,44.272956],[-91.89595,44.2738],[-91.896768,44.275359],[-91.898026,44.276712],[-91.901271,44.279013],[-91.904984,44.281239],[-91.910624,44.283467],[-91.913904,44.284547],[-91.917739,44.285494],[-91.919839,44.286341],[-91.921375,44.287174],[-91.922383,44.287971],[-91.923566,44.289676],[-91.924401,44.29165],[-91.924894,44.29405],[-91.92493,44.295601],[-91.92474,44.296118],[-91.923152,44.298709],[-91.919579,44.302651],[-91.917783,44.304293],[-91.916845,44.305533],[-91.914626,44.307869],[-91.913733,44.309433],[-91.913495,44.310494],[-91.913718,44.312299],[-91.914282,44.314496],[-91.920167,44.325763],[-91.921519,44.328029],[-91.924902,44.332811],[-91.92728,44.33496],[-91.929803,44.336284],[-91.931581,44.336967],[-91.934162,44.337903],[-91.938208,44.339087],[-91.940335,44.340278],[-91.942276,44.341704],[-91.947774,44.346493],[-91.951579,44.3516],[-91.952748,44.352941],[-91.960527,44.360163],[-91.968936,44.365247],[-91.972387,44.366716],[-91.974296,44.367394],[-91.977583,44.368164],[-91.979366,44.368384],[-91.985224,44.368561],[-91.986699,44.368881],[-91.993305,44.371526],[-91.998291,44.373873],[-92.000201,44.37497],[-92.002351,44.37692],[-92.003902,44.377877],[-92.007301,44.37933],[-92.010236,44.380019],[-92.016715,44.380595],[-92.019643,44.381367],[-92.023539,44.382719],[-92.029885,44.385536],[-92.037887,44.38871],[-92.039917,44.389754],[-92.042339,44.391978],[-92.046499,44.394562],[-92.050067,44.397934],[-92.052941,44.40094],[-92.054317,44.401859],[-92.056743,44.402863],[-92.059903,44.403765],[-92.062188,44.40423],[-92.064631,44.40431],[-92.070381,44.404072],[-92.076236,44.404482],[-92.079533,44.405289],[-92.084388,44.407745],[-92.086139,44.408459],[-92.092354,44.410284],[-92.100047,44.412049],[-92.111266,44.414003],[-92.112849,44.414506],[-92.114577,44.415491],[-92.121662,44.420872],[-92.123668,44.421854],[-92.124773,44.422207],[-92.139551,44.424725],[-92.158881,44.426759],[-92.166947,44.427999],[-92.19707,44.434162],[-92.212902,44.437837],[-92.219682,44.439845],[-92.223641,44.441292],[-92.228696,44.443417],[-92.231275,44.444736],[-92.233546,44.446084],[-92.2359,44.447943],[-92.242077,44.454233]]]}},{"type":"Feature","properties":{"name":"Wadena","gnisId":659524,"fipsCode":"159","countyCode":"27159"},"geometry":{"type":"Polygon","coordinates":[[[-94.787152,46.804046],[-94.829496,46.804214],[-94.850424,46.804081],[-94.872128,46.80499],[-94.932708,46.804956],[-95.037699,46.805507],[-95.079435,46.805257],[-95.12533,46.805211],[-95.163134,46.804698],[-95.163658,46.761186],[-95.163829,46.717656],[-95.164159,46.702946],[-95.164176,46.681504],[-95.16345,46.67388],[-95.163651,46.659129],[-95.163337,46.630008],[-95.155459,46.629975],[-95.155895,46.615581],[-95.155926,46.601131],[-95.155536,46.571922],[-95.155366,46.528401],[-95.155499,46.499981],[-95.155393,46.427069],[-95.15562,46.412448],[-95.155575,46.368961],[-95.125333,46.368807],[-94.988432,46.36867],[-94.925615,46.368792],[-94.841596,46.36842],[-94.731536,46.36862],[-94.731554,46.371525],[-94.73094,46.374144],[-94.731037,46.375987],[-94.729755,46.378775],[-94.727895,46.380879],[-94.728173,46.381396],[-94.730874,46.38316],[-94.732082,46.384358],[-94.732495,46.384567],[-94.733409,46.384677],[-94.734602,46.384303],[-94.740152,46.380311],[-94.741598,46.38008],[-94.743172,46.380668],[-94.743561,46.381278],[-94.74364,46.382075],[-94.742893,46.383559],[-94.742932,46.384296],[-94.743274,46.38462],[-94.744005,46.384845],[-94.744673,46.384922],[-94.74577,46.384724],[-94.746923,46.384388],[-94.747972,46.383563],[-94.748671,46.382459],[-94.749769,46.379962],[-94.750635,46.379205],[-94.751183,46.379013],[-94.751564,46.379052],[-94.752365,46.379338],[-94.752959,46.380113],[-94.753748,46.383763],[-94.754199,46.384461],[-94.755382,46.3845],[-94.75814,46.38276],[-94.758981,46.3827],[-94.759283,46.382838],[-94.759932,46.383751],[-94.760074,46.384553],[-94.759666,46.387229],[-94.760458,46.388455],[-94.761552,46.389351],[-94.762386,46.389621],[-94.764895,46.389518],[-94.76541,46.389898],[-94.765442,46.390288],[-94.765211,46.390711],[-94.762942,46.392437],[-94.762405,46.393182],[-94.762412,46.393517],[-94.762713,46.394017],[-94.764665,46.395513],[-94.766228,46.396228],[-94.767959,46.396685],[-94.769372,46.396868],[-94.771334,46.396759],[-94.771715,46.39644],[-94.771082,46.394957],[-94.771131,46.393594],[-94.771799,46.392534],[-94.772768,46.392073],[-94.773721,46.392035],[-94.774999,46.392222],[-94.778967,46.394158],[-94.778838,46.411973],[-94.778986,46.46995],[-94.778798,46.499068],[-94.779151,46.513451],[-94.779732,46.55753],[-94.779709,46.572037],[-94.780172,46.601064],[-94.780411,46.630179],[-94.785861,46.630128],[-94.786263,46.659049],[-94.786595,46.716284],[-94.786932,46.731322],[-94.786868,46.760288],[-94.787152,46.804046]]]}},{"type":"Feature","properties":{"name":"Waseca","gnisId":659525,"fipsCode":"161","countyCode":"27161"},"geometry":{"type":"Polygon","coordinates":[[[-93.406745,43.848109],[-93.406505,43.999979],[-93.40628,44.007682],[-93.406199,44.036629],[-93.406247,44.065626],[-93.406585,44.109228],[-93.406569,44.196399],[-93.572225,44.196122],[-93.598302,44.19592],[-93.607264,44.195913],[-93.627225,44.196266],[-93.673309,44.196012],[-93.73439,44.196157],[-93.767697,44.195918],[-93.768285,44.181396],[-93.768112,44.152354],[-93.768247,44.108955],[-93.768119,44.094604],[-93.768367,44.079951],[-93.768256,44.065429],[-93.768389,44.036783],[-93.767682,43.84793],[-93.707644,43.847864],[-93.607038,43.848159],[-93.449052,43.847992],[-93.406745,43.848109]]]}},{"type":"Feature","properties":{"name":"Washington","gnisId":659526,"fipsCode":"163","countyCode":"27163"},"geometry":{"type":"Polygon","coordinates":[[[-93.019553,45.296938],[-93.019504,45.254093],[-93.01926,45.239685],[-93.01963,45.22526],[-93.020007,45.196424],[-93.02046,45.123841],[-92.984628,45.12375],[-92.984377,45.079306],[-92.984816,45.064716],[-92.984699,44.999537],[-92.984869,44.970495],[-92.984199,44.890822],[-93.019669,44.890757],[-93.018186,44.887934],[-93.017277,44.885586],[-93.015172,44.878441],[-93.01374,44.870632],[-93.012681,44.86825],[-93.010418,44.865864],[-93.009365,44.862625],[-93.008594,44.856531],[-93.009827,44.851204],[-93.01191,44.83658],[-93.011612,44.833877],[-93.01017,44.829577],[-93.008634,44.825311],[-93.005509,44.818594],[-93.005181,44.81745],[-93.00508,44.816286],[-93.005453,44.814264],[-93.006501,44.812367],[-93.013349,44.804563],[-93.021035,44.795311],[-93.021819,44.794064],[-93.022255,44.792732],[-93.022325,44.791366],[-93.022024,44.789394],[-93.021928,44.787317],[-93.020863,44.783561],[-93.020212,44.782377],[-93.01928,44.779714],[-93.018701,44.77865],[-93.016853,44.776359],[-93.014201,44.774479],[-93.012472,44.773717],[-93.00825,44.772441],[-93.006369,44.772061],[-93.004643,44.771955],[-93.003071,44.772066],[-92.999239,44.773109],[-92.993431,44.775093],[-92.991652,44.775287],[-92.988197,44.77529],[-92.982617,44.774471],[-92.978936,44.773406],[-92.960826,44.767535],[-92.95721,44.766981],[-92.953776,44.767056],[-92.950189,44.767377],[-92.946885,44.768313],[-92.944261,44.769428],[-92.942217,44.770955],[-92.941085,44.77214],[-92.940429,44.773306],[-92.9397,44.775634],[-92.939037,44.77659],[-92.937955,44.777669],[-92.936214,44.779017],[-92.934593,44.780009],[-92.932668,44.780793],[-92.930924,44.781141],[-92.928084,44.781116],[-92.925196,44.780482],[-92.923642,44.779825],[-92.918414,44.777036],[-92.915183,44.775719],[-92.906292,44.774214],[-92.903517,44.773955],[-92.897087,44.773945],[-92.892866,44.774244],[-92.886361,44.775115],[-92.883852,44.77519],[-92.882017,44.775024],[-92.880322,44.774624],[-92.878603,44.773951],[-92.875901,44.771734],[-92.873668,44.769327],[-92.872401,44.767591],[-92.871002,44.766113],[-92.869921,44.764489],[-92.868844,44.763237],[-92.867361,44.760918],[-92.865183,44.759003],[-92.863293,44.757036],[-92.862532,44.75601],[-92.862065,44.75482],[-92.861626,44.754532],[-92.860333,44.754168],[-92.858857,44.753034],[-92.857418,44.751428],[-92.855358,44.748157],[-92.854734,44.747611],[-92.853923,44.747209],[-92.851737,44.746778],[-92.850164,44.746668],[-92.845949,44.747179],[-92.836474,44.747394],[-92.835319,44.747691],[-92.831812,44.749505],[-92.830325,44.750101],[-92.828615,44.750517],[-92.826742,44.750612],[-92.824911,44.750402],[-92.813401,44.747712],[-92.803432,44.746513],[-92.804448,44.748493],[-92.806039,44.750104],[-92.806624,44.750549],[-92.807549,44.75087],[-92.808908,44.75096],[-92.809365,44.751488],[-92.808984,44.754558],[-92.808221,44.757287],[-92.805766,44.769492],[-92.80277,44.774524],[-92.801714,44.776648],[-92.800184,44.778579],[-92.796831,44.781873],[-92.79301,44.784553],[-92.790382,44.786779],[-92.786401,44.791164],[-92.78507,44.792999],[-92.783948,44.795242],[-92.783349,44.797421],[-92.783185,44.799109],[-92.783348,44.802468],[-92.783236,44.804653],[-92.782444,44.810181],[-92.781827,44.812105],[-92.780929,44.813769],[-92.77978,44.815155],[-92.775323,44.818626],[-92.773658,44.820545],[-92.772314,44.822895],[-92.772839,44.824909],[-92.772896,44.825744],[-92.772758,44.82646],[-92.772082,44.828072],[-92.769476,44.831528],[-92.768247,44.832475],[-92.766705,44.833183],[-92.766395,44.833534],[-92.766213,44.83407],[-92.765347,44.837956],[-92.765391,44.840345],[-92.765689,44.842639],[-92.766776,44.846345],[-92.768024,44.849397],[-92.770308,44.860408],[-92.769759,44.861976],[-92.764026,44.872039],[-92.763752,44.872877],[-92.763738,44.873808],[-92.763988,44.87465],[-92.764429,44.875374],[-92.769013,44.880543],[-92.774931,44.890474],[-92.775272,44.891352],[-92.77545,44.893887],[-92.775128,44.897261],[-92.7749,44.898329],[-92.774092,44.900554],[-92.772935,44.901794],[-92.771636,44.902638],[-92.769282,44.903754],[-92.760808,44.907372],[-92.760214,44.907871],[-92.758903,44.909927],[-92.75782,44.91203],[-92.756043,44.917364],[-92.755621,44.920534],[-92.751101,44.935225],[-92.750771,44.93709],[-92.750672,44.938969],[-92.750804,44.940846],[-92.751238,44.942984],[-92.75551,44.956796],[-92.756202,44.957939],[-92.75801,44.960203],[-92.761077,44.965001],[-92.761959,44.965849],[-92.767563,44.968283],[-92.767997,44.968737],[-92.769147,44.971221],[-92.769769,44.974348],[-92.770249,44.979981],[-92.76997,44.983103],[-92.768965,44.987615],[-92.768888,44.988734],[-92.769173,44.989923],[-92.7705,44.993529],[-92.771121,44.99604],[-92.771289,44.997803],[-92.771104,44.999722],[-92.769533,45.007043],[-92.761949,45.021343],[-92.76168,45.022387],[-92.761606,45.023527],[-92.762071,45.025637],[-92.763863,45.028506],[-92.765602,45.030515],[-92.767435,45.032117],[-92.772489,45.035821],[-92.778679,45.039518],[-92.788144,45.044135],[-92.794304,45.048273],[-92.798409,45.051875],[-92.800446,45.05425],[-92.80177,45.056318],[-92.802691,45.058248],[-92.80321,45.061497],[-92.803145,45.064496],[-92.802168,45.067831],[-92.801403,45.069093],[-92.797945,45.072182],[-92.794881,45.075412],[-92.791463,45.078106],[-92.788589,45.081192],[-92.78676,45.082351],[-92.783489,45.083832],[-92.774801,45.088249],[-92.771369,45.091465],[-92.76988,45.092662],[-92.762745,45.097529],[-92.76074,45.099084],[-92.758241,45.099989],[-92.757329,45.10047],[-92.751511,45.105329],[-92.748596,45.106335],[-92.74658,45.107421],[-92.743571,45.110276],[-92.740822,45.113524],[-92.739437,45.115741],[-92.739379,45.116514],[-92.740095,45.117668],[-92.74179,45.118958],[-92.743944,45.12027],[-92.744445,45.121538],[-92.745884,45.123827],[-92.746919,45.127168],[-92.746972,45.128759],[-92.748085,45.131671],[-92.748081,45.133036],[-92.749428,45.137322],[-92.750222,45.139029],[-92.751861,45.141104],[-92.752173,45.141714],[-92.752114,45.142931],[-92.751202,45.145477],[-92.750767,45.146164],[-92.749362,45.147665],[-92.749136,45.14814],[-92.749196,45.151305],[-92.749664,45.153631],[-92.749356,45.154185],[-92.748456,45.154782],[-92.748235,45.155541],[-92.749144,45.157285],[-92.750384,45.158549],[-92.750539,45.158962],[-92.750535,45.160165],[-92.749774,45.162796],[-92.749909,45.163657],[-92.750321,45.164395],[-92.752477,45.166216],[-92.752847,45.166922],[-92.752599,45.169142],[-92.75214,45.170128],[-92.751947,45.171158],[-92.751999,45.17217],[-92.752319,45.173395],[-92.752825,45.174264],[-92.754063,45.175701],[-92.758078,45.177721],[-92.759572,45.178756],[-92.761109,45.180128],[-92.764594,45.182376],[-92.765764,45.18338],[-92.76622,45.184513],[-92.7665,45.188177],[-92.767682,45.192042],[-92.767485,45.194529],[-92.767026,45.196571],[-92.764325,45.204119],[-92.763647,45.205612],[-92.763366,45.205961],[-92.759995,45.208317],[-92.75867,45.209492],[-92.756848,45.210517],[-92.755292,45.21189],[-92.752243,45.217285],[-92.751971,45.218871],[-92.752113,45.220536],[-92.755496,45.225215],[-92.757504,45.229489],[-92.757807,45.232906],[-92.757622,45.235599],[-92.757881,45.238668],[-92.75882,45.242874],[-92.759543,45.24507],[-92.760005,45.247114],[-92.760488,45.249435],[-92.76063,45.251344],[-92.760398,45.252846],[-92.759566,45.254147],[-92.757708,45.25546],[-92.755863,45.257063],[-92.754646,45.258392],[-92.753696,45.259779],[-92.752787,45.261654],[-92.752346,45.263346],[-92.752192,45.264329],[-92.752243,45.265565],[-92.753165,45.269074],[-92.7537,45.27015],[-92.754558,45.271314],[-92.759064,45.27535],[-92.760847,45.278541],[-92.762542,45.284231],[-92.762825,45.286616],[-92.762688,45.288348],[-92.762393,45.289209],[-92.761857,45.289944],[-92.761009,45.290582],[-92.759777,45.291191],[-92.757402,45.292035],[-92.75287,45.293],[-92.746055,45.294986],[-92.745086,45.295365],[-92.744348,45.296006],[-92.763475,45.296342],[-92.896842,45.296203],[-93.019553,45.296938]]]}},{"type":"Feature","properties":{"name":"Watonwan","gnisId":659527,"fipsCode":"165","countyCode":"27165"},"geometry":{"type":"Polygon","coordinates":[[[-94.368894,44.108645],[-94.62528,44.109019],[-94.719872,44.108938],[-94.758513,44.10874],[-94.77872,44.10842],[-94.859853,44.108017],[-94.859337,44.093568],[-94.859115,44.03571],[-94.859268,43.948998],[-94.859078,43.934412],[-94.859307,43.920312],[-94.859218,43.891338],[-94.85938,43.848148],[-94.625281,43.848213],[-94.512593,43.848148],[-94.469175,43.847954],[-94.369037,43.848011],[-94.369051,43.999967],[-94.369179,44.021803],[-94.369144,44.06521],[-94.368894,44.108645]]]}},{"type":"Feature","properties":{"name":"Wilkin","gnisId":659528,"fipsCode":"167","countyCode":"27167"},"geometry":{"type":"Polygon","coordinates":[[[-96.265451,46.108649],[-96.265246,46.123088],[-96.265339,46.224069],[-96.264662,46.282222],[-96.280107,46.282181],[-96.280066,46.296752],[-96.280654,46.35524],[-96.280515,46.369736],[-96.280669,46.38415],[-96.280683,46.471657],[-96.280878,46.530036],[-96.281145,46.558851],[-96.281161,46.609532],[-96.281291,46.616723],[-96.281194,46.630771],[-96.344483,46.630654],[-96.420121,46.630768],[-96.500373,46.630547],[-96.588956,46.630633],[-96.784896,46.630296],[-96.785149,46.630046],[-96.785284,46.629569],[-96.785269,46.628592],[-96.785464,46.627784],[-96.786202,46.626928],[-96.787354,46.626454],[-96.790759,46.625673],[-96.791275,46.625374],[-96.791314,46.624858],[-96.790848,46.624589],[-96.788633,46.623956],[-96.787757,46.623861],[-96.786895,46.623958],[-96.784317,46.624979],[-96.781547,46.62569],[-96.77996,46.625754],[-96.778452,46.625473],[-96.778044,46.625166],[-96.777893,46.624773],[-96.778348,46.624475],[-96.781242,46.624389],[-96.785433,46.62302],[-96.786122,46.622578],[-96.786768,46.621992],[-96.787427,46.621017],[-96.7876,46.620058],[-96.787252,46.619332],[-96.786091,46.618879],[-96.785549,46.618924],[-96.78513,46.619172],[-96.784894,46.61986],[-96.784809,46.621269],[-96.783979,46.62205],[-96.783413,46.622131],[-96.782832,46.621932],[-96.782443,46.621634],[-96.781707,46.620473],[-96.781113,46.619843],[-96.779855,46.61948],[-96.779222,46.619535],[-96.778286,46.619921],[-96.776563,46.62107],[-96.775734,46.621233],[-96.775447,46.621139],[-96.77517,46.620781],[-96.774929,46.618045],[-96.775091,46.61754],[-96.77557,46.6171],[-96.776161,46.616893],[-96.777055,46.616891],[-96.779921,46.617359],[-96.78111,46.617175],[-96.781462,46.616813],[-96.781545,46.616209],[-96.780866,46.615004],[-96.778983,46.614034],[-96.778341,46.613864],[-96.777452,46.613908],[-96.776621,46.614141],[-96.776046,46.61451],[-96.774576,46.615912],[-96.773877,46.616306],[-96.772745,46.616396],[-96.771966,46.616136],[-96.771104,46.615544],[-96.770776,46.615044],[-96.770749,46.61473],[-96.771038,46.614401],[-96.771617,46.61419],[-96.773338,46.614211],[-96.773849,46.613954],[-96.774708,46.611801],[-96.774478,46.610951],[-96.773809,46.610431],[-96.772611,46.60994],[-96.772477,46.609605],[-96.772599,46.609225],[-96.773222,46.608882],[-96.775118,46.608326],[-96.778258,46.607969],[-96.77883,46.607499],[-96.778806,46.607205],[-96.778036,46.606173],[-96.776792,46.605458],[-96.776254,46.605338],[-96.772747,46.606263],[-96.770022,46.606659],[-96.768587,46.606612],[-96.768286,46.606353],[-96.768203,46.605847],[-96.768529,46.605219],[-96.769358,46.604788],[-96.771602,46.60425],[-96.772073,46.604021],[-96.772286,46.603684],[-96.772037,46.603244],[-96.770258,46.602534],[-96.770163,46.602292],[-96.770386,46.601907],[-96.772461,46.600892],[-96.772592,46.600468],[-96.771958,46.598791],[-96.771952,46.597012],[-96.771816,46.596543],[-96.77129,46.595846],[-96.770859,46.595563],[-96.77013,46.595612],[-96.769861,46.595904],[-96.769874,46.597013],[-96.769718,46.597467],[-96.769037,46.59819],[-96.768227,46.598651],[-96.766795,46.598822],[-96.766135,46.598584],[-96.765628,46.598072],[-96.764981,46.596823],[-96.764809,46.596141],[-96.763941,46.594612],[-96.762777,46.59406],[-96.761266,46.594204],[-96.757276,46.595435],[-96.756313,46.595367],[-96.755645,46.595134],[-96.755328,46.594661],[-96.75564,46.593063],[-96.756157,46.592314],[-96.757904,46.591446],[-96.758957,46.591475],[-96.760873,46.59208],[-96.76217,46.591965],[-96.762987,46.591241],[-96.762898,46.589906],[-96.762551,46.589251],[-96.761119,46.588257],[-96.758904,46.587213],[-96.757865,46.586948],[-96.756414,46.586964],[-96.754241,46.588092],[-96.753344,46.588392],[-96.752503,46.58828],[-96.752059,46.587916],[-96.750883,46.585941],[-96.750828,46.585178],[-96.751372,46.584729],[-96.754837,46.58392],[-96.758875,46.583831],[-96.760631,46.583477],[-96.761006,46.583171],[-96.761184,46.582627],[-96.760956,46.58199],[-96.760536,46.581582],[-96.759884,46.581459],[-96.759174,46.581628],[-96.757757,46.58232],[-96.754735,46.582177],[-96.752852,46.583379],[-96.751763,46.583683],[-96.749978,46.583794],[-96.748861,46.583551],[-96.748176,46.583155],[-96.747333,46.582148],[-96.747159,46.581493],[-96.747232,46.581098],[-96.747633,46.58071],[-96.748095,46.580593],[-96.748678,46.580643],[-96.749323,46.580941],[-96.750813,46.582034],[-96.751897,46.582177],[-96.752361,46.581808],[-96.752645,46.579786],[-96.753032,46.57893],[-96.753978,46.578195],[-96.755113,46.577996],[-96.756922,46.578166],[-96.757345,46.578057],[-96.757408,46.577609],[-96.756616,46.576792],[-96.756417,46.576028],[-96.756532,46.575221],[-96.75636,46.574665],[-96.755882,46.574317],[-96.755298,46.574385],[-96.754158,46.575675],[-96.752839,46.576249],[-96.751781,46.576321],[-96.748196,46.576107],[-96.746999,46.575733],[-96.746498,46.57532],[-96.746125,46.574473],[-96.746278,46.573962],[-96.746568,46.573654],[-96.747101,46.573397],[-96.74774,46.573332],[-96.749958,46.57361],[-96.751945,46.573265],[-96.752475,46.572956],[-96.752773,46.572535],[-96.752778,46.571408],[-96.752422,46.570968],[-96.751386,46.570751],[-96.748599,46.571447],[-96.746373,46.571236],[-96.745274,46.570767],[-96.745075,46.57041],[-96.745181,46.569673],[-96.745909,46.568998],[-96.747187,46.568225],[-96.747472,46.567538],[-96.747023,46.567103],[-96.746501,46.567036],[-96.7438,46.567165],[-96.743283,46.566543],[-96.743342,46.565647],[-96.743135,46.565268],[-96.74183,46.564046],[-96.741759,46.563776],[-96.742071,46.563436],[-96.742422,46.563425],[-96.74298,46.563668],[-96.744819,46.565045],[-96.745584,46.56526],[-96.745975,46.565172],[-96.746133,46.564914],[-96.746325,46.563189],[-96.746492,46.562903],[-96.747307,46.562354],[-96.749022,46.562445],[-96.750821,46.562843],[-96.751669,46.562824],[-96.752065,46.562632],[-96.752467,46.562299],[-96.752474,46.561871],[-96.752234,46.561606],[-96.74862,46.560603],[-96.747099,46.559672],[-96.746853,46.559375],[-96.746838,46.558819],[-96.74714,46.558568],[-96.747656,46.558447],[-96.751424,46.558315],[-96.752745,46.55812],[-96.754055,46.557664],[-96.754353,46.557023],[-96.754172,46.556528],[-96.753316,46.555923],[-96.751972,46.55562],[-96.747208,46.556324],[-96.746184,46.556197],[-96.745873,46.555804],[-96.74603,46.555083],[-96.747951,46.551587],[-96.748951,46.550511],[-96.749351,46.549951],[-96.74932,46.549676],[-96.748836,46.549376],[-96.748349,46.549449],[-96.746271,46.550574],[-96.745076,46.55056],[-96.743983,46.550082],[-96.741318,46.547973],[-96.740872,46.547549],[-96.740564,46.546752],[-96.740494,46.546092],[-96.740662,46.54574],[-96.741224,46.545353],[-96.741652,46.545285],[-96.74213,46.545462],[-96.742456,46.545847],[-96.743567,46.547756],[-96.743989,46.548108],[-96.74478,46.548244],[-96.745991,46.547731],[-96.747815,46.54581],[-96.750162,46.544714],[-96.750464,46.544411],[-96.750208,46.543915],[-96.74563,46.543048],[-96.744138,46.543239],[-96.741951,46.543906],[-96.739479,46.543826],[-96.738763,46.543275],[-96.738709,46.542907],[-96.738925,46.542479],[-96.739613,46.541776],[-96.740794,46.540817],[-96.741337,46.54069],[-96.742443,46.540844],[-96.74407,46.541743],[-96.745505,46.54202],[-96.748896,46.541551],[-96.749893,46.541097],[-96.750092,46.540633],[-96.749849,46.540208],[-96.749442,46.539903],[-96.747294,46.538927],[-96.746001,46.538934],[-96.745417,46.539217],[-96.744338,46.540166],[-96.743899,46.540336],[-96.741213,46.539794],[-96.739284,46.539704],[-96.738575,46.539554],[-96.738281,46.539328],[-96.738241,46.539103],[-96.738489,46.538916],[-96.740674,46.538919],[-96.741912,46.538703],[-96.74248,46.538384],[-96.742634,46.53797],[-96.742308,46.537373],[-96.741658,46.537016],[-96.739684,46.536516],[-96.738171,46.535794],[-96.737783,46.535079],[-96.737983,46.534628],[-96.738456,46.534568],[-96.742119,46.53537],[-96.743673,46.535493],[-96.745906,46.535276],[-96.74617,46.534952],[-96.746175,46.534681],[-96.74586,46.534434],[-96.743765,46.534031],[-96.743197,46.533547],[-96.742071,46.529626],[-96.742057,46.528967],[-96.742282,46.528412],[-96.743352,46.526736],[-96.743827,46.526248],[-96.745384,46.525569],[-96.745395,46.525089],[-96.745144,46.52485],[-96.74462,46.524771],[-96.742523,46.524812],[-96.74014,46.525427],[-96.738816,46.525538],[-96.73758,46.52536],[-96.73723,46.525146],[-96.736794,46.524211],[-96.737013,46.522787],[-96.73719,46.522298],[-96.73754,46.521946],[-96.73979,46.521829],[-96.740508,46.521577],[-96.741771,46.520714],[-96.742299,46.520528],[-96.7448,46.52065],[-96.745232,46.520413],[-96.745176,46.520181],[-96.744969,46.519921],[-96.744005,46.519449],[-96.743379,46.51922],[-96.74263,46.519175],[-96.742002,46.519379],[-96.740814,46.52033],[-96.74001,46.520103],[-96.739153,46.519024],[-96.737785,46.517907],[-96.737491,46.517489],[-96.737629,46.51664],[-96.738053,46.515907],[-96.738031,46.515253],[-96.737762,46.514604],[-96.73665,46.513486],[-96.734787,46.512665],[-96.734191,46.512037],[-96.734521,46.511131],[-96.735,46.51078],[-96.735614,46.51061],[-96.737384,46.510917],[-96.739007,46.511494],[-96.739819,46.511512],[-96.740354,46.511381],[-96.74048,46.511136],[-96.740334,46.510691],[-96.739156,46.509466],[-96.73872,46.508784],[-96.738219,46.508415],[-96.735055,46.507366],[-96.734309,46.506839],[-96.733321,46.504643],[-96.733315,46.504071],[-96.73356,46.503573],[-96.733838,46.503367],[-96.734425,46.503499],[-96.734474,46.504856],[-96.734667,46.505095],[-96.735295,46.505212],[-96.736101,46.505003],[-96.738906,46.502491],[-96.740334,46.501498],[-96.742052,46.50059],[-96.742491,46.499789],[-96.742273,46.499382],[-96.741592,46.499305],[-96.741167,46.499663],[-96.740939,46.500278],[-96.74052,46.500712],[-96.739762,46.501068],[-96.738709,46.501309],[-96.736977,46.50119],[-96.736496,46.500756],[-96.736647,46.50034],[-96.738514,46.498982],[-96.738738,46.498514],[-96.73864,46.498118],[-96.738425,46.497904],[-96.73743,46.497701],[-96.734459,46.497734],[-96.733981,46.497558],[-96.733463,46.496887],[-96.73351,46.496519],[-96.733821,46.496195],[-96.734767,46.495582],[-96.734983,46.495293],[-96.734974,46.494891],[-96.73358,46.493528],[-96.733253,46.492807],[-96.733904,46.492434],[-96.736278,46.492285],[-96.737068,46.491868],[-96.737042,46.49146],[-96.736587,46.49097],[-96.734428,46.489343],[-96.734269,46.489079],[-96.7343,46.48854],[-96.734921,46.488144],[-96.736717,46.488335],[-96.738082,46.488303],[-96.739228,46.487753],[-96.739779,46.486861],[-96.739473,46.486125],[-96.739035,46.485702],[-96.738342,46.485405],[-96.735627,46.484966],[-96.733468,46.484119],[-96.732935,46.483812],[-96.732528,46.483267],[-96.732575,46.482778],[-96.733371,46.482255],[-96.736508,46.481683],[-96.737725,46.480704],[-96.738464,46.479879],[-96.73891,46.47924],[-96.738933,46.478768],[-96.738638,46.478121],[-96.737754,46.47768],[-96.736313,46.477471],[-96.735832,46.477596],[-96.735413,46.477906],[-96.735286,46.47834],[-96.735702,46.479836],[-96.735543,46.480226],[-96.735085,46.480525],[-96.734484,46.480628],[-96.733385,46.480358],[-96.733035,46.479951],[-96.732875,46.478951],[-96.732519,46.478263],[-96.731959,46.478157],[-96.731402,46.478687],[-96.730677,46.47872],[-96.729976,46.477983],[-96.729657,46.477214],[-96.729172,46.476889],[-96.727651,46.476614],[-96.727038,46.476422],[-96.726751,46.476164],[-96.726591,46.475773],[-96.726623,46.475163],[-96.726973,46.47436],[-96.727274,46.472622],[-96.72713,46.472216],[-96.726684,46.471831],[-96.725625,46.471424],[-96.722871,46.470781],[-96.721716,46.470825],[-96.721366,46.471056],[-96.720946,46.472595],[-96.72051,46.473076],[-96.719883,46.473375],[-96.719221,46.473401],[-96.717411,46.472788],[-96.715517,46.472573],[-96.714474,46.472117],[-96.714227,46.471738],[-96.714179,46.47127],[-96.714346,46.470819],[-96.715078,46.470467],[-96.718994,46.470885],[-96.719734,46.470737],[-96.721175,46.469676],[-96.722688,46.469116],[-96.723008,46.468779],[-96.723051,46.466778],[-96.722191,46.465705],[-96.721602,46.465353],[-96.721148,46.465309],[-96.720551,46.465738],[-96.719191,46.467416],[-96.718607,46.467791],[-96.718141,46.46785],[-96.717647,46.467652],[-96.716875,46.466767],[-96.71631,46.466459],[-96.715545,46.466365],[-96.714176,46.466669],[-96.713508,46.466657],[-96.713062,46.466365],[-96.712967,46.465964],[-96.713523,46.465284],[-96.717255,46.463616],[-96.718615,46.462351],[-96.718711,46.461862],[-96.718416,46.461554],[-96.717564,46.461334],[-96.712901,46.460839],[-96.712248,46.460559],[-96.711826,46.460152],[-96.711658,46.459442],[-96.712438,46.457859],[-96.712079,46.456066],[-96.712521,46.455325],[-96.713054,46.455048],[-96.714336,46.455035],[-96.715922,46.455984],[-96.716591,46.456022],[-96.717044,46.455874],[-96.717398,46.455443],[-96.717513,46.454884],[-96.717485,46.453456],[-96.717076,46.453127],[-96.714393,46.452734],[-96.713382,46.451953],[-96.713039,46.451343],[-96.712944,46.450721],[-96.71311,46.450259],[-96.714153,46.449611],[-96.715187,46.449413],[-96.717582,46.449308],[-96.720969,46.449523],[-96.721425,46.449352],[-96.721743,46.448995],[-96.721743,46.448637],[-96.721416,46.447999],[-96.720604,46.446971],[-96.719967,46.446625],[-96.718216,46.446152],[-96.717532,46.446141],[-96.716522,46.446614],[-96.715791,46.446405],[-96.715543,46.446548],[-96.715464,46.446812],[-96.715409,46.447873],[-96.715226,46.448285],[-96.714184,46.448797],[-96.713476,46.448764],[-96.713165,46.448593],[-96.712465,46.447642],[-96.711382,46.446883],[-96.711255,46.446669],[-96.711334,46.446487],[-96.711997,46.446157],[-96.715567,46.445272],[-96.716203,46.444904],[-96.716343,46.444448],[-96.715948,46.444062],[-96.714476,46.443337],[-96.713417,46.442435],[-96.71259,46.442143],[-96.712343,46.441857],[-96.712343,46.441483],[-96.712616,46.441164],[-96.712963,46.441148],[-96.715087,46.441654],[-96.717061,46.441907],[-96.718866,46.441747],[-96.72122,46.440932],[-96.721761,46.440483],[-96.721904,46.440153],[-96.721785,46.439773],[-96.721482,46.439603],[-96.721005,46.439614],[-96.719685,46.440032],[-96.719064,46.439999],[-96.71795,46.439416],[-96.717568,46.438954],[-96.717337,46.438294],[-96.717257,46.437629],[-96.717431,46.436249],[-96.717168,46.435534],[-96.716388,46.43444],[-96.71545,46.43406],[-96.714821,46.434011],[-96.714196,46.43422],[-96.713794,46.434763],[-96.713993,46.435326],[-96.714679,46.43588],[-96.716127,46.436672],[-96.716143,46.43704],[-96.715857,46.437304],[-96.714314,46.437293],[-96.712556,46.437931],[-96.712341,46.437827],[-96.712468,46.436952],[-96.712242,46.436041],[-96.711569,46.435765],[-96.710765,46.435666],[-96.708283,46.435791],[-96.707439,46.43612],[-96.706685,46.436523],[-96.705245,46.438151],[-96.704856,46.438299],[-96.704394,46.438156],[-96.703408,46.437386],[-96.703224,46.436968],[-96.703336,46.436506],[-96.704414,46.435314],[-96.704385,46.434169],[-96.704639,46.43373],[-96.706484,46.432696],[-96.707057,46.432168],[-96.70751,46.431492],[-96.707772,46.430194],[-96.707199,46.429325],[-96.705926,46.428962],[-96.704948,46.42905],[-96.702602,46.430276],[-96.701974,46.430397],[-96.701139,46.430276],[-96.700836,46.430039],[-96.700796,46.429666],[-96.70121,46.429055],[-96.702434,46.428062],[-96.704631,46.427023],[-96.70478,46.426757],[-96.704653,46.426444],[-96.703985,46.4264],[-96.702418,46.427054],[-96.700756,46.427296],[-96.699921,46.42724],[-96.699221,46.426998],[-96.698927,46.426723],[-96.698921,46.426353],[-96.699254,46.42604],[-96.700955,46.426069],[-96.701575,46.425871],[-96.701996,46.425542],[-96.702243,46.424948],[-96.702203,46.42337],[-96.702608,46.422105],[-96.704659,46.419576],[-96.704778,46.41891],[-96.70446,46.417893],[-96.704118,46.417585],[-96.703429,46.41746],[-96.702464,46.417755],[-96.699086,46.419478],[-96.696245,46.420669],[-96.694409,46.4219],[-96.693407,46.422142],[-96.693073,46.42207],[-96.692818,46.421795],[-96.692754,46.421323],[-96.693144,46.419898],[-96.693001,46.419233],[-96.691943,46.416951],[-96.69207,46.416527],[-96.692531,46.415997],[-96.692881,46.415736],[-96.693947,46.415549],[-96.697191,46.4171],[-96.698702,46.417271],[-96.700841,46.416935],[-96.701374,46.416655],[-96.701748,46.416287],[-96.701875,46.415831],[-96.701644,46.415248],[-96.69952,46.41335],[-96.698156,46.412699],[-96.697696,46.412643],[-96.695935,46.412758],[-96.693406,46.413784],[-96.691315,46.414229],[-96.686408,46.414612],[-96.685621,46.414398],[-96.685128,46.414051],[-96.68485,46.41349],[-96.684826,46.412869],[-96.685033,46.412402],[-96.689867,46.40984],[-96.689963,46.409477],[-96.689414,46.40835],[-96.689223,46.407014],[-96.688309,46.405881],[-96.68776,46.405661],[-96.6871,46.405672],[-96.682736,46.407452],[-96.681153,46.407562],[-96.680549,46.407319],[-96.678888,46.405477],[-96.678228,46.404415],[-96.676114,46.399664],[-96.674374,46.397947],[-96.672594,46.395384],[-96.672507,46.394768],[-96.672674,46.394169],[-96.673214,46.393372],[-96.675083,46.392047],[-96.675258,46.391486],[-96.675131,46.391129],[-96.674781,46.390804],[-96.674169,46.390562],[-96.673414,46.390562],[-96.669527,46.391627],[-96.668319,46.391599],[-96.667778,46.391341],[-96.667524,46.390972],[-96.667524,46.390543],[-96.668296,46.389906],[-96.670767,46.390011],[-96.671093,46.389831],[-96.671125,46.389478],[-96.66859,46.387992],[-96.66832,46.387596],[-96.668249,46.387068],[-96.669601,46.385155],[-96.669712,46.384512],[-96.669546,46.383824],[-96.668116,46.382191],[-96.666972,46.380299],[-96.666837,46.379545],[-96.667545,46.377005],[-96.667458,46.375977],[-96.667252,46.375559],[-96.666593,46.374978],[-96.664992,46.374382],[-96.663929,46.37428],[-96.658356,46.374523],[-96.657768,46.374369],[-96.657654,46.373864],[-96.658269,46.37333],[-96.659902,46.372461],[-96.660341,46.372062],[-96.660463,46.37171],[-96.660046,46.371072],[-96.658035,46.370412],[-96.656755,46.369617],[-96.656315,46.369012],[-96.655718,46.366994],[-96.654972,46.365882],[-96.652609,46.364496],[-96.64946,46.363268],[-96.647772,46.362872],[-96.644418,46.362609],[-96.643296,46.361968],[-96.643132,46.361594],[-96.64323,46.361149],[-96.643567,46.360727],[-96.645215,46.359837],[-96.64703,46.359356],[-96.647871,46.358977],[-96.648327,46.358544],[-96.64849,46.35788],[-96.648424,46.357171],[-96.647523,46.355487],[-96.646472,46.352632],[-96.644963,46.350633],[-96.644055,46.350092],[-96.642803,46.349979],[-96.642087,46.350196],[-96.640221,46.351504],[-96.639405,46.351801],[-96.635755,46.352622],[-96.633327,46.352735],[-96.63246,46.352996],[-96.630615,46.354281],[-96.629983,46.354411],[-96.629262,46.35425],[-96.628947,46.353886],[-96.628801,46.353243],[-96.629219,46.351387],[-96.629073,46.35076],[-96.628698,46.350083],[-96.628161,46.349653],[-96.626532,46.349016],[-96.623542,46.348413],[-96.620895,46.347634],[-96.61733,46.34762],[-96.616439,46.347166],[-96.616149,46.346714],[-96.61617,46.346324],[-96.616555,46.345589],[-96.618717,46.343696],[-96.620304,46.341416],[-96.620475,46.340802],[-96.620085,46.340119],[-96.619675,46.339897],[-96.616684,46.339517],[-96.616022,46.339092],[-96.615065,46.337978],[-96.613993,46.337309],[-96.613456,46.337098],[-96.611225,46.336891],[-96.60937,46.336054],[-96.60897,46.335657],[-96.608464,46.334627],[-96.60795,46.332625],[-96.607574,46.332162],[-96.606494,46.331526],[-96.604778,46.331194],[-96.60112,46.331092],[-96.599967,46.330702],[-96.599442,46.330068],[-96.599414,46.329634],[-96.599901,46.329136],[-96.600644,46.328791],[-96.604587,46.327888],[-96.60554,46.327301],[-96.606123,46.326611],[-96.606087,46.326259],[-96.60537,46.325835],[-96.604704,46.325891],[-96.602075,46.326787],[-96.600633,46.326919],[-96.599867,46.32663],[-96.599869,46.325471],[-96.600743,46.324188],[-96.600891,46.323606],[-96.600568,46.322451],[-96.601034,46.320705],[-96.601019,46.319716],[-96.60032,46.319043],[-96.597425,46.317789],[-96.597048,46.317491],[-96.596768,46.316858],[-96.59702,46.316073],[-96.598308,46.314523],[-96.598152,46.312478],[-96.598481,46.311034],[-96.599203,46.309845],[-96.599897,46.309309],[-96.600338,46.308652],[-96.599981,46.306864],[-96.600003,46.306111],[-96.600337,46.305047],[-96.60123,46.304193],[-96.603131,46.303179],[-96.603547,46.302658],[-96.603541,46.302324],[-96.602546,46.301242],[-96.601869,46.300822],[-96.599746,46.30006],[-96.5978,46.298986],[-96.597292,46.298264],[-96.597402,46.297385],[-96.598152,46.296756],[-96.598788,46.296532],[-96.601229,46.296022],[-96.604768,46.294876],[-96.605614,46.294083],[-96.605704,46.293671],[-96.605479,46.293192],[-96.60499,46.292987],[-96.597631,46.291913],[-96.596528,46.29137],[-96.596248,46.290858],[-96.595813,46.288949],[-96.596287,46.288072],[-96.596757,46.287733],[-96.597606,46.287544],[-96.600494,46.287468],[-96.601557,46.287236],[-96.602083,46.28682],[-96.602165,46.286475],[-96.601961,46.286199],[-96.601512,46.285994],[-96.599955,46.285823],[-96.595865,46.286619],[-96.595075,46.286457],[-96.594692,46.2859],[-96.594909,46.285522],[-96.598781,46.283285],[-96.599667,46.28248],[-96.600245,46.28145],[-96.600338,46.280736],[-96.600088,46.280344],[-96.597468,46.278823],[-96.596146,46.277714],[-96.595423,46.276303],[-96.595042,46.274379],[-96.595404,46.273647],[-96.596858,46.273284],[-96.597377,46.272959],[-96.597272,46.272544],[-96.596121,46.271652],[-96.596225,46.271371],[-96.597438,46.270567],[-96.597547,46.270296],[-96.597461,46.269648],[-96.596926,46.268254],[-96.596958,46.267905],[-96.598771,46.265229],[-96.599187,46.263689],[-96.600352,46.262175],[-96.600465,46.261823],[-96.600247,46.261498],[-96.599753,46.261241],[-96.597426,46.260901],[-96.596096,46.260353],[-96.594353,46.259108],[-96.593258,46.257742],[-96.592721,46.256724],[-96.592877,46.255876],[-96.593503,46.255055],[-96.595087,46.25396],[-96.595409,46.253415],[-96.592526,46.250498],[-96.59155,46.249851],[-96.59021,46.24952],[-96.588382,46.249664],[-96.584943,46.250563],[-96.584025,46.250373],[-96.583796,46.250142],[-96.583764,46.249801],[-96.584337,46.248562],[-96.585761,46.247284],[-96.590714,46.245145],[-96.592061,46.245202],[-96.593272,46.245676],[-96.593703,46.245625],[-96.594219,46.245378],[-96.595286,46.244128],[-96.597236,46.243563],[-96.598123,46.243152],[-96.598702,46.242563],[-96.598671,46.24182],[-96.598135,46.240058],[-96.597994,46.238411],[-96.598061,46.237816],[-96.598899,46.236353],[-96.599003,46.235869],[-96.598845,46.235307],[-96.597398,46.233577],[-96.596971,46.232348],[-96.597171,46.231016],[-96.597814,46.229294],[-96.597704,46.228595],[-96.596946,46.226259],[-96.596607,46.225719],[-96.594953,46.224076],[-96.594756,46.223536],[-96.594749,46.222578],[-96.595702,46.22073],[-96.595805,46.219954],[-96.595228,46.219397],[-96.592924,46.219047],[-96.592354,46.218831],[-96.591651,46.21806],[-96.591502,46.216666],[-96.591693,46.216061],[-96.592787,46.214593],[-96.592756,46.214081],[-96.592376,46.213805],[-96.591625,46.213589],[-96.589083,46.213343],[-96.588466,46.212979],[-96.588467,46.212698],[-96.589228,46.211394],[-96.590988,46.209382],[-96.591139,46.209019],[-96.591068,46.208798],[-96.590507,46.208528],[-96.590198,46.208604],[-96.588122,46.209851],[-96.587077,46.210037],[-96.586523,46.209926],[-96.584086,46.208673],[-96.58377,46.208386],[-96.583738,46.208127],[-96.583861,46.207753],[-96.584605,46.207354],[-96.586803,46.207262],[-96.587738,46.206949],[-96.588674,46.205679],[-96.588959,46.205019],[-96.588794,46.20449],[-96.587678,46.204229],[-96.58505,46.204446],[-96.584417,46.204269],[-96.584266,46.203999],[-96.58456,46.203493],[-96.587071,46.202263],[-96.587388,46.2019],[-96.587357,46.201559],[-96.586961,46.201322],[-96.584476,46.20151],[-96.5837,46.20124],[-96.583622,46.200816],[-96.584272,46.199682],[-96.584432,46.199088],[-96.584322,46.198262],[-96.584576,46.197591],[-96.584822,46.197283],[-96.585709,46.196997],[-96.589627,46.19691],[-96.590696,46.196416],[-96.591195,46.195938],[-96.59095,46.195403],[-96.5905,46.195216],[-96.586265,46.195138],[-96.585569,46.195021],[-96.585031,46.194596],[-96.58504,46.194327],[-96.585293,46.194052],[-96.585679,46.19392],[-96.586928,46.194006],[-96.587818,46.193885],[-96.587985,46.193632],[-96.587874,46.193186],[-96.587353,46.192618],[-96.587369,46.192238],[-96.588185,46.191689],[-96.590397,46.190698],[-96.590537,46.190453],[-96.5903,46.190029],[-96.588915,46.189922],[-96.588488,46.18974],[-96.587406,46.188626],[-96.587329,46.188141],[-96.588053,46.187712],[-96.589295,46.187407],[-96.589585,46.187197],[-96.589521,46.186807],[-96.589284,46.186631],[-96.587654,46.186215],[-96.587488,46.185868],[-96.587678,46.185676],[-96.588462,46.185457],[-96.591145,46.185169],[-96.591565,46.184762],[-96.591494,46.18452],[-96.591202,46.184327],[-96.586843,46.182894],[-96.586242,46.182448],[-96.586148,46.181781],[-96.586418,46.181468],[-96.586988,46.181287],[-96.58747,46.181326],[-96.588499,46.181752],[-96.589132,46.181686],[-96.588549,46.179291],[-96.588827,46.178966],[-96.589381,46.178797],[-96.591517,46.178568],[-96.591946,46.17839],[-96.592151,46.178074],[-96.59201,46.176978],[-96.592113,46.176439],[-96.592653,46.175338],[-96.592566,46.175057],[-96.592013,46.174693],[-96.590667,46.174741],[-96.589717,46.175356],[-96.589069,46.176209],[-96.588545,46.176461],[-96.587944,46.176493],[-96.587422,46.176371],[-96.586307,46.175588],[-96.585817,46.175532],[-96.585603,46.175818],[-96.586084,46.17665],[-96.586055,46.176948],[-96.585703,46.17736],[-96.580038,46.177329],[-96.579232,46.177003],[-96.579153,46.176777],[-96.579312,46.176568],[-96.583239,46.174427],[-96.583841,46.173795],[-96.583961,46.172942],[-96.583709,46.172705],[-96.583241,46.172638],[-96.582513,46.173193],[-96.582393,46.173815],[-96.582061,46.173957],[-96.58157,46.173912],[-96.580875,46.17335],[-96.580345,46.173316],[-96.578595,46.174304],[-96.577962,46.174419],[-96.577274,46.174341],[-96.57672,46.173938],[-96.577134,46.172474],[-96.577056,46.171632],[-96.577492,46.171385],[-96.578332,46.171318],[-96.579382,46.171608],[-96.580782,46.171692],[-96.582776,46.171404],[-96.583813,46.17086],[-96.583885,46.170282],[-96.583577,46.169907],[-96.582961,46.169714],[-96.579187,46.169642],[-96.577524,46.170443],[-96.577089,46.170476],[-96.576702,46.170376],[-96.575532,46.169598],[-96.575335,46.169146],[-96.575304,46.168562],[-96.575621,46.168205],[-96.576555,46.167992],[-96.579284,46.168123],[-96.580162,46.167915],[-96.580717,46.167585],[-96.580749,46.16709],[-96.580481,46.166721],[-96.579967,46.1665],[-96.577752,46.166485],[-96.577254,46.166314],[-96.577135,46.166126],[-96.577897,46.164812],[-96.577439,46.164123],[-96.577361,46.163275],[-96.577678,46.162879],[-96.579618,46.161913],[-96.579951,46.161269],[-96.579595,46.160966],[-96.577784,46.160583],[-96.577168,46.160312],[-96.576465,46.159722],[-96.576537,46.159271],[-96.578153,46.157209],[-96.578478,46.156571],[-96.578331,46.154798],[-96.578404,46.153741],[-96.57861,46.153157],[-96.580297,46.151701],[-96.580277,46.151128],[-96.579516,46.149801],[-96.57928,46.149084],[-96.579448,46.147995],[-96.579354,46.147576],[-96.577718,46.146858],[-96.577489,46.146439],[-96.577522,46.145525],[-96.577317,46.145079],[-96.57678,46.144709],[-96.575326,46.144244],[-96.57486,46.143814],[-96.574797,46.143434],[-96.575028,46.142433],[-96.574752,46.142003],[-96.572959,46.140607],[-96.572754,46.14021],[-96.572915,46.138768],[-96.571604,46.13734],[-96.571285,46.136553],[-96.571924,46.135485],[-96.571884,46.135177],[-96.571537,46.134664],[-96.569381,46.13367],[-96.568994,46.133372],[-96.568726,46.132881],[-96.568743,46.132397],[-96.568917,46.132127],[-96.570981,46.131437],[-96.571322,46.131085],[-96.571338,46.130832],[-96.571172,46.130678],[-96.570627,46.130522],[-96.568991,46.13058],[-96.568612,46.130321],[-96.569953,46.128955],[-96.570136,46.128532],[-96.570152,46.127801],[-96.569749,46.126155],[-96.569828,46.125896],[-96.571781,46.125448],[-96.572106,46.125135],[-96.572159,46.124349],[-96.571493,46.123845],[-96.569898,46.123861],[-96.568697,46.123622],[-96.567991,46.123097],[-96.56772,46.122658],[-96.567359,46.12034],[-96.566937,46.11972],[-96.566082,46.119387],[-96.563036,46.119621],[-96.562348,46.119375],[-96.560287,46.116512],[-96.561106,46.116273],[-96.562725,46.116351],[-96.563545,46.116201],[-96.564584,46.11561],[-96.566089,46.115237],[-96.566446,46.115031],[-96.566811,46.114422],[-96.566643,46.113989],[-96.565975,46.113166],[-96.565684,46.111958],[-96.56527,46.111415],[-96.564675,46.110801],[-96.563171,46.110195],[-96.563355,46.10914],[-96.563257,46.10853],[-96.562985,46.108041],[-96.561632,46.107463],[-96.561339,46.107222],[-96.560815,46.106174],[-96.559283,46.105122],[-96.559122,46.104727],[-96.559307,46.103814],[-96.559123,46.103463],[-96.558228,46.102828],[-96.558052,46.102515],[-96.558081,46.101933],[-96.558762,46.100958],[-96.558822,46.100557],[-96.55863,46.10009],[-96.557167,46.098126],[-96.556884,46.096957],[-96.557024,46.0965],[-96.557471,46.095966],[-96.557555,46.095477],[-96.556539,46.09449],[-96.556379,46.094161],[-96.556869,46.092851],[-96.556549,46.092077],[-96.556562,46.091605],[-96.557339,46.090767],[-96.557525,46.090294],[-96.557459,46.089789],[-96.557069,46.089086],[-96.557409,46.087843],[-96.557146,46.087372],[-96.556069,46.086693],[-96.555743,46.086315],[-96.555542,46.08554],[-96.554732,46.084614],[-96.554564,46.084207],[-96.554585,46.083718],[-96.555609,46.08205],[-96.55587,46.07934],[-96.556089,46.07895],[-96.557117,46.078122],[-96.557383,46.077649],[-96.557314,46.076622],[-96.556543,46.075569],[-96.556462,46.0752],[-96.557815,46.073152],[-96.55797,46.072597],[-96.557859,46.071163],[-96.556929,46.069978],[-96.556844,46.069426],[-96.556823,46.06512],[-96.55697,46.064587],[-96.557378,46.064163],[-96.5581,46.063861],[-96.55861,46.063121],[-96.558209,46.061918],[-96.559007,46.060817],[-96.559178,46.060289],[-96.559216,46.058651],[-96.5604,46.056169],[-96.56116,46.055206],[-96.561921,46.054583],[-96.566218,46.051757],[-96.566581,46.050443],[-96.569835,46.044625],[-96.571705,46.040926],[-96.573612,46.038107],[-96.574719,46.036142],[-96.577838,46.027835],[-96.577968,46.027076],[-96.577584,46.024862],[-96.576677,46.022155],[-96.472734,46.02158],[-96.41027,46.021526],[-96.328408,46.021831],[-96.307754,46.021616],[-96.266211,46.021588],[-96.266027,46.035834],[-96.266132,46.050649],[-96.265738,46.065146],[-96.265558,46.079623],[-96.265451,46.108649]]]}},{"type":"Feature","properties":{"name":"Winona","gnisId":659529,"fipsCode":"169","countyCode":"27169"},"geometry":{"type":"Polygon","coordinates":[[[-91.858366,44.193007],[-91.879761,44.193296],[-91.909574,44.193085],[-91.969798,44.193166],[-92.000195,44.193],[-92.079374,44.193005],[-92.079203,44.092403],[-92.078938,44.049246],[-92.079133,44.006036],[-92.078967,43.948087],[-92.07933,43.847226],[-91.859273,43.846976],[-91.790122,43.847067],[-91.719974,43.846897],[-91.620052,43.846995],[-91.551268,43.847265],[-91.471562,43.847001],[-91.441123,43.847262],[-91.412979,43.847211],[-91.392969,43.847393],[-91.381027,43.847238],[-91.341577,43.847285],[-91.283867,43.847098],[-91.284234,43.847752],[-91.284726,43.84818],[-91.288806,43.851163],[-91.297369,43.856321],[-91.299013,43.857643],[-91.3003,43.859096],[-91.301815,43.860423],[-91.306442,43.863005],[-91.310503,43.866788],[-91.311239,43.868001],[-91.311803,43.869592],[-91.313931,43.87881],[-91.315424,43.881928],[-91.319179,43.88711],[-91.32285,43.89017],[-91.324705,43.891492],[-91.32753,43.893182],[-91.329068,43.893992],[-91.331243,43.894852],[-91.333169,43.895382],[-91.336366,43.896697],[-91.33808,43.897619],[-91.339017,43.898321],[-91.341825,43.901954],[-91.346766,43.910753],[-91.347402,43.911534],[-91.348697,43.912744],[-91.350477,43.913944],[-91.352956,43.915216],[-91.356566,43.916655],[-91.357846,43.917739],[-91.359967,43.921067],[-91.363314,43.926878],[-91.363987,43.928944],[-91.364034,43.931165],[-91.364492,43.933853],[-91.365095,43.935585],[-91.365443,43.936145],[-91.366527,43.937229],[-91.37636,43.94533],[-91.37972,43.948435],[-91.384145,43.952905],[-91.388974,43.956419],[-91.391267,43.957773],[-91.392868,43.958473],[-91.404872,43.963355],[-91.406854,43.964615],[-91.408041,43.965921],[-91.408505,43.966656],[-91.410176,43.970432],[-91.410952,43.971705],[-91.411888,43.972786],[-91.414496,43.975297],[-91.423936,43.982388],[-91.425212,43.983716],[-91.42578,43.985087],[-91.426437,43.987531],[-91.427827,43.990594],[-91.429214,43.992893],[-91.431194,43.995476],[-91.433003,43.99705],[-91.437521,43.999976],[-91.439492,44.001027],[-91.44108,44.001607],[-91.449785,44.003868],[-91.457456,44.006277],[-91.464003,44.009081],[-91.466245,44.009435],[-91.468499,44.0095],[-91.47977,44.007964],[-91.484345,44.008946],[-91.494622,44.012382],[-91.497687,44.013989],[-91.502033,44.016895],[-91.505636,44.018607],[-91.507321,44.019164],[-91.514075,44.020711],[-91.521439,44.021722],[-91.524456,44.021865],[-91.533866,44.02154],[-91.538075,44.021606],[-91.548728,44.022531],[-91.551556,44.023102],[-91.558147,44.02517],[-91.560568,44.025596],[-91.564996,44.02592],[-91.571172,44.026772],[-91.579775,44.026953],[-91.581168,44.027118],[-91.583202,44.027586],[-91.589691,44.030334],[-91.595599,44.033365],[-91.597524,44.034908],[-91.599765,44.037668],[-91.602157,44.041819],[-91.604388,44.044739],[-91.607384,44.047435],[-91.610278,44.049247],[-91.613435,44.050744],[-91.617262,44.052303],[-91.620542,44.053321],[-91.624503,44.054286],[-91.627493,44.055622],[-91.629348,44.056767],[-91.631541,44.058924],[-91.633387,44.060424],[-91.635237,44.061731],[-91.638186,44.063395],[-91.639827,44.063653],[-91.640496,44.063603],[-91.643587,44.062727],[-91.644954,44.062822],[-91.647429,44.063834],[-91.648268,44.064474],[-91.649292,44.065789],[-91.652037,44.068492],[-91.654463,44.070098],[-91.656778,44.07132],[-91.658288,44.072729],[-91.660146,44.075092],[-91.662123,44.078468],[-91.663783,44.08151],[-91.664308,44.083478],[-91.665015,44.084674],[-91.666868,44.086917],[-91.67208,44.090869],[-91.681287,44.09725],[-91.683035,44.098013],[-91.685326,44.098344],[-91.690378,44.097807],[-91.692197,44.097977],[-91.694517,44.098429],[-91.696363,44.098993],[-91.700843,44.101145],[-91.707299,44.10386],[-91.707828,44.104321],[-91.708183,44.105072],[-91.708206,44.108244],[-91.70795,44.110017],[-91.70799,44.111205],[-91.708524,44.113146],[-91.709823,44.115535],[-91.709891,44.116129],[-91.709609,44.117897],[-91.710206,44.119816],[-91.711019,44.121085],[-91.712861,44.123057],[-91.718999,44.128654],[-91.720319,44.129663],[-91.723244,44.130879],[-91.727977,44.132206],[-91.730847,44.1328],[-91.737945,44.133607],[-91.748172,44.134214],[-91.752792,44.135067],[-91.754976,44.135886],[-91.756883,44.136844],[-91.764477,44.141104],[-91.768362,44.143354],[-91.772344,44.146432],[-91.774223,44.147416],[-91.786759,44.15142],[-91.790472,44.152359],[-91.79469,44.153648],[-91.797976,44.154816],[-91.804026,44.157318],[-91.815728,44.163169],[-91.817384,44.164254],[-91.82086,44.16855],[-91.82415,44.172222],[-91.828028,44.176956],[-91.82959,44.17857],[-91.832417,44.180199],[-91.838139,44.182167],[-91.844982,44.184975],[-91.849456,44.187537],[-91.854852,44.191182],[-91.858366,44.193007]]]}},{"type":"Feature","properties":{"name":"Wright","gnisId":659530,"fipsCode":"171","countyCode":"27171"},"geometry":{"type":"Polygon","coordinates":[[[-94.046974,45.422185],[-94.048331,45.422632],[-94.050143,45.422957],[-94.050931,45.423483],[-94.052486,45.423732],[-94.053029,45.423489],[-94.054751,45.421601],[-94.055247,45.421325],[-94.056241,45.421202],[-94.056768,45.420921],[-94.056821,45.420575],[-94.056281,45.419884],[-94.056331,45.419093],[-94.055743,45.41815],[-94.056097,45.417485],[-94.056299,45.416035],[-94.057361,45.415593],[-94.057486,45.414362],[-94.05891,45.414062],[-94.059281,45.414314],[-94.059615,45.414324],[-94.060637,45.413723],[-94.061091,45.412975],[-94.061347,45.412887],[-94.061562,45.41243],[-94.062142,45.411924],[-94.062134,45.410414],[-94.062812,45.410818],[-94.063285,45.410619],[-94.062978,45.409934],[-94.063187,45.409851],[-94.063856,45.410036],[-94.063902,45.409794],[-94.063472,45.40935],[-94.063611,45.409169],[-94.064163,45.409349],[-94.064341,45.40925],[-94.064285,45.408898],[-94.064454,45.408629],[-94.06485,45.408545],[-94.065163,45.408896],[-94.065769,45.408922],[-94.066316,45.40808],[-94.066206,45.40785],[-94.065926,45.407829],[-94.065524,45.408198],[-94.06515,45.408012],[-94.065101,45.407556],[-94.065931,45.407362],[-94.06607,45.407191],[-94.065439,45.406792],[-94.065452,45.406468],[-94.066102,45.405983],[-94.065495,45.405771],[-94.065525,45.405529],[-94.065687,45.405402],[-94.066511,45.405482],[-94.067302,45.405151],[-94.06732,45.404349],[-94.067505,45.40403],[-94.067878,45.404029],[-94.06837,45.404445],[-94.068819,45.404258],[-94.068942,45.403972],[-94.068824,45.403687],[-94.068457,45.403352],[-94.068502,45.403138],[-94.068197,45.402804],[-94.068301,45.401975],[-94.067306,45.401829],[-94.067876,45.401009],[-94.067688,45.399274],[-94.0674,45.39922],[-94.067284,45.399363],[-94.067451,45.399923],[-94.066588,45.399782],[-94.066532,45.399607],[-94.066832,45.399123],[-94.066691,45.398755],[-94.067645,45.398594],[-94.06776,45.398352],[-94.067464,45.398133],[-94.067501,45.397902],[-94.068107,45.397807],[-94.068408,45.397504],[-94.068351,45.39712],[-94.068564,45.396279],[-94.069006,45.39613],[-94.069568,45.396612],[-94.07008,45.396567],[-94.070257,45.396259],[-94.070045,45.395732],[-94.070113,45.395556],[-94.071066,45.395054],[-94.072082,45.394755],[-94.071505,45.394394],[-94.071269,45.393961],[-94.071268,45.393741],[-94.071469,45.393614],[-94.072378,45.393623],[-94.071856,45.393322],[-94.07194,45.393064],[-94.072336,45.392958],[-94.073392,45.39306],[-94.073465,45.392264],[-94.073808,45.392362],[-94.074172,45.392223],[-94.074257,45.392091],[-94.073719,45.391719],[-94.073848,45.391258],[-94.074149,45.390999],[-94.074817,45.390887],[-94.075071,45.390574],[-94.074276,45.390109],[-94.074127,45.389879],[-94.074335,45.389461],[-94.074878,45.389339],[-94.075463,45.389908],[-94.075759,45.389979],[-94.076254,45.38961],[-94.076452,45.389033],[-94.076761,45.388691],[-94.077434,45.388239],[-94.0765,45.387885],[-94.076139,45.387199],[-94.076269,45.386941],[-94.076719,45.386709],[-94.076921,45.386747],[-94.076852,45.386895],[-94.077,45.386966],[-94.077752,45.386756],[-94.07743,45.386246],[-94.078126,45.385772],[-94.077365,45.385653],[-94.077471,45.385219],[-94.078044,45.384998],[-94.07773,45.384422],[-94.078164,45.384262],[-94.078129,45.383537],[-94.078275,45.383361],[-94.078979,45.382865],[-94.080136,45.382845],[-94.080154,45.381994],[-94.08068,45.381636],[-94.08192,45.381226],[-94.082562,45.380791],[-94.084256,45.381028],[-94.084302,45.380835],[-94.083554,45.380343],[-94.083498,45.380124],[-94.083652,45.379887],[-94.084304,45.379803],[-94.08463,45.379931],[-94.084821,45.380598],[-94.085464,45.380459],[-94.085958,45.379903],[-94.086063,45.379249],[-94.085456,45.377686],[-94.08573,45.376861],[-94.085612,45.376631],[-94.084538,45.376195],[-94.083552,45.37612],[-94.083388,45.375984],[-94.083282,45.37522],[-94.083304,45.374986],[-94.083599,45.374843],[-94.085181,45.374709],[-94.086062,45.374288],[-94.085241,45.373574],[-94.085246,45.373283],[-94.085911,45.373016],[-94.085939,45.372698],[-94.085322,45.372251],[-94.084757,45.371514],[-94.083738,45.371277],[-94.082674,45.371238],[-94.081895,45.370907],[-94.081637,45.370618],[-94.081717,45.370085],[-94.082681,45.370262],[-94.082913,45.370069],[-94.083686,45.368892],[-94.08336,45.36886],[-94.082547,45.36916],[-94.082221,45.369079],[-94.082234,45.368778],[-94.082855,45.367919],[-94.08269,45.367673],[-94.081896,45.367392],[-94.081387,45.36689],[-94.081996,45.366464],[-94.081828,45.365928],[-94.083914,45.365753],[-94.084893,45.365036],[-94.084844,45.364745],[-94.083821,45.364816],[-94.083601,45.364609],[-94.083692,45.364279],[-94.084168,45.363783],[-94.084875,45.363835],[-94.085595,45.364473],[-94.087462,45.364201],[-94.087646,45.363926],[-94.087257,45.362968],[-94.087379,45.362704],[-94.087875,45.36178],[-94.08857,45.361371],[-94.088455,45.360626],[-94.089259,45.360326],[-94.089297,45.360178],[-94.08882,45.359785],[-94.088833,45.359478],[-94.090189,45.359312],[-94.089906,45.358886],[-94.089973,45.358644],[-94.090197,45.358429],[-94.091211,45.3582],[-94.091214,45.357657],[-94.090719,45.357023],[-94.090691,45.356436],[-94.090929,45.356183],[-94.09134,45.35612],[-94.092483,45.356373],[-94.092547,45.355769],[-94.092877,45.35534],[-94.092576,45.354639],[-94.092744,45.354364],[-94.093613,45.354376],[-94.093797,45.35414],[-94.093596,45.353356],[-94.095325,45.353244],[-94.096142,45.35262],[-94.096216,45.352225],[-94.094875,45.35063],[-94.094508,45.350385],[-94.09328,45.350111],[-94.093045,45.349904],[-94.093501,45.348843],[-94.093475,45.34858],[-94.091171,45.347648],[-94.089936,45.346716],[-94.089556,45.345845],[-94.089817,45.345477],[-94.0919,45.344194],[-94.092176,45.343798],[-94.092431,45.342908],[-94.093279,45.342307],[-94.094305,45.342554],[-94.095444,45.343234],[-94.098037,45.34343],[-94.099037,45.343343],[-94.099804,45.342423],[-94.103035,45.341212],[-94.105124,45.340626],[-94.106978,45.339805],[-94.110326,45.336915],[-94.110245,45.336625],[-94.110914,45.335936],[-94.111378,45.334996],[-94.114022,45.332399],[-94.114817,45.33115],[-94.115735,45.329018],[-94.116605,45.328301],[-94.155498,45.304726],[-94.15594,45.304336],[-94.156715,45.303948],[-94.157594,45.303842],[-94.1588,45.304452],[-94.160269,45.304313],[-94.160914,45.303809],[-94.161189,45.301677],[-94.162027,45.301235],[-94.163695,45.301235],[-94.165598,45.301874],[-94.16706,45.302114],[-94.169335,45.301966],[-94.171614,45.301258],[-94.172722,45.301324],[-94.174088,45.301689],[-94.175492,45.302493],[-94.175944,45.303156],[-94.175925,45.304166],[-94.175331,45.305982],[-94.17541,45.306334],[-94.175791,45.306684],[-94.17677,45.30699],[-94.176907,45.307167],[-94.176996,45.30854],[-94.177846,45.309141],[-94.177147,45.30959],[-94.177041,45.310236],[-94.177447,45.310548],[-94.17871,45.31101],[-94.179196,45.311964],[-94.179313,45.312739],[-94.181392,45.31355],[-94.18405,45.315343],[-94.185104,45.315798],[-94.185904,45.317376],[-94.186605,45.318069],[-94.186974,45.318231],[-94.188161,45.318243],[-94.189653,45.317681],[-94.190501,45.317607],[-94.192152,45.318474],[-94.194299,45.319005],[-94.19535,45.318834],[-94.196629,45.317655],[-94.198082,45.317159],[-94.200327,45.317795],[-94.20206,45.317685],[-94.203198,45.3174],[-94.203893,45.317138],[-94.205619,45.315727],[-94.206344,45.31552],[-94.208427,45.315754],[-94.208268,45.316784],[-94.209554,45.317334],[-94.210342,45.317078],[-94.210448,45.316805],[-94.210079,45.316598],[-94.210737,45.316281],[-94.211729,45.316328],[-94.212511,45.316863],[-94.213089,45.317044],[-94.214157,45.316357],[-94.216176,45.31586],[-94.217247,45.315854],[-94.218175,45.315599],[-94.219712,45.314274],[-94.221206,45.312356],[-94.222295,45.311807],[-94.223426,45.311477],[-94.224031,45.311444],[-94.225715,45.311844],[-94.22643,45.311763],[-94.230344,45.310708],[-94.23383,45.31057],[-94.235238,45.31038],[-94.237406,45.309758],[-94.238413,45.309806],[-94.239958,45.310182],[-94.240875,45.309258],[-94.242249,45.308354],[-94.243159,45.30823],[-94.245637,45.30844],[-94.247591,45.30893],[-94.248575,45.308977],[-94.252265,45.308389],[-94.255337,45.306898],[-94.256325,45.306627],[-94.256934,45.306229],[-94.257092,45.305906],[-94.257112,45.305439],[-94.256715,45.304669],[-94.255746,45.303529],[-94.254739,45.301482],[-94.254646,45.300598],[-94.254829,45.300055],[-94.255252,45.299629],[-94.25628,45.299309],[-94.257493,45.299067],[-94.259815,45.298923],[-94.260415,45.298678],[-94.261522,45.297831],[-94.260423,45.239276],[-94.256814,45.239297],[-94.256434,45.22403],[-94.255828,45.210384],[-94.255719,45.181529],[-94.256089,45.094998],[-94.255978,45.08078],[-94.25622,45.049686],[-94.25604,44.979426],[-94.175174,44.97888],[-93.97164,44.978524],[-93.859449,44.977918],[-93.767378,44.977686],[-93.766902,45.021087],[-93.766783,45.060345],[-93.766337,45.059863],[-93.765906,45.059756],[-93.765232,45.059948],[-93.765008,45.060326],[-93.765003,45.06145],[-93.765671,45.062648],[-93.765821,45.065386],[-93.76574,45.065942],[-93.765269,45.06686],[-93.764625,45.067153],[-93.763759,45.066752],[-93.763082,45.066877],[-93.761758,45.067683],[-93.760719,45.069137],[-93.760802,45.069406],[-93.761697,45.069844],[-93.763018,45.069813],[-93.764358,45.07022],[-93.764727,45.070463],[-93.76479,45.070876],[-93.762147,45.072693],[-93.761448,45.073009],[-93.760062,45.073123],[-93.758738,45.07267],[-93.758365,45.072745],[-93.75827,45.072973],[-93.75851,45.074176],[-93.758884,45.074667],[-93.759411,45.075028],[-93.76038,45.075172],[-93.760462,45.075383],[-93.759656,45.076229],[-93.7602,45.076884],[-93.760152,45.077452],[-93.759581,45.077678],[-93.758653,45.077423],[-93.758476,45.077619],[-93.759737,45.078551],[-93.76031,45.079253],[-93.760968,45.079733],[-93.761834,45.081169],[-93.761859,45.08149],[-93.759716,45.082587],[-93.758778,45.082832],[-93.757911,45.082837],[-93.757218,45.082439],[-93.75686,45.081103],[-93.756506,45.080637],[-93.756059,45.080371],[-93.754886,45.079994],[-93.749129,45.079057],[-93.748366,45.079167],[-93.747045,45.079772],[-93.745286,45.080289],[-93.744223,45.080363],[-93.742699,45.080168],[-93.740184,45.080443],[-93.73878,45.081121],[-93.738303,45.0817],[-93.737436,45.083525],[-93.73604,45.084649],[-93.734534,45.086649],[-93.732372,45.088278],[-93.730036,45.08909],[-93.729042,45.08986],[-93.728617,45.091437],[-93.728683,45.09366],[-93.72964,45.096293],[-93.72959,45.097459],[-93.729102,45.09811],[-93.728524,45.098245],[-93.727729,45.098],[-93.7273,45.098034],[-93.72684,45.098297],[-93.726467,45.098796],[-93.726151,45.099808],[-93.726221,45.101273],[-93.725748,45.103593],[-93.724115,45.107047],[-93.723812,45.10833],[-93.722304,45.110423],[-93.721758,45.111886],[-93.721013,45.113094],[-93.720661,45.11443],[-93.715626,45.119082],[-93.714315,45.120892],[-93.712269,45.122789],[-93.707478,45.125933],[-93.706797,45.127359],[-93.705402,45.12941],[-93.704638,45.130238],[-93.702477,45.13138],[-93.701955,45.131817],[-93.701739,45.132324],[-93.701557,45.134028],[-93.70097,45.135176],[-93.701262,45.136072],[-93.701042,45.136333],[-93.698594,45.137636],[-93.698029,45.138129],[-93.697472,45.13893],[-93.695528,45.140201],[-93.693661,45.141683],[-93.689449,45.143458],[-93.688895,45.143842],[-93.686373,45.146438],[-93.684484,45.149733],[-93.683605,45.150476],[-93.682338,45.151151],[-93.680672,45.151431],[-93.678946,45.150575],[-93.677748,45.150545],[-93.675,45.151615],[-93.672343,45.15243],[-93.669865,45.153912],[-93.667609,45.154485],[-93.665948,45.154501],[-93.662789,45.153439],[-93.661634,45.15348],[-93.66015,45.153878],[-93.656007,45.155841],[-93.651661,45.156878],[-93.648184,45.158356],[-93.646201,45.159877],[-93.645842,45.160293],[-93.645636,45.161148],[-93.644564,45.162092],[-93.643008,45.163027],[-93.640287,45.164163],[-93.63874,45.165387],[-93.638336,45.165977],[-93.638123,45.167134],[-93.638251,45.168103],[-93.638759,45.169435],[-93.638905,45.170271],[-93.638806,45.17146],[-93.638268,45.173139],[-93.638546,45.174409],[-93.639464,45.175405],[-93.642409,45.177538],[-93.644264,45.178601],[-93.646312,45.179192],[-93.64731,45.179649],[-93.64935,45.181183],[-93.651175,45.182319],[-93.651851,45.183225],[-93.652065,45.184606],[-93.652472,45.185367],[-93.655314,45.187494],[-93.657082,45.189338],[-93.658449,45.191569],[-93.658696,45.192442],[-93.658724,45.193266],[-93.658323,45.194652],[-93.65733,45.196494],[-93.656733,45.19726],[-93.655258,45.198404],[-93.654076,45.198752],[-93.652181,45.198964],[-93.649382,45.198821],[-93.647475,45.199358],[-93.64545,45.200777],[-93.645428,45.201547],[-93.646049,45.202512],[-93.645959,45.203133],[-93.645675,45.203548],[-93.645018,45.203993],[-93.643611,45.204278],[-93.642823,45.204679],[-93.642427,45.205187],[-93.64222,45.206412],[-93.641692,45.207608],[-93.639655,45.209286],[-93.638885,45.209738],[-93.63787,45.210036],[-93.635804,45.209926],[-93.634679,45.209391],[-93.634161,45.208696],[-93.63389,45.207206],[-93.63333,45.205716],[-93.631863,45.203651],[-93.63092,45.202768],[-93.628295,45.202352],[-93.626394,45.202399],[-93.624871,45.202647],[-93.623749,45.203244],[-93.623173,45.203953],[-93.622992,45.204739],[-93.623126,45.20535],[-93.625892,45.207352],[-93.626269,45.20791],[-93.626276,45.208413],[-93.626097,45.208779],[-93.625174,45.209588],[-93.624545,45.209738],[-93.623272,45.209713],[-93.619828,45.209153],[-93.618051,45.209196],[-93.616641,45.209507],[-93.615726,45.209888],[-93.614956,45.210406],[-93.614037,45.21132],[-93.612794,45.211515],[-93.612139,45.211341],[-93.611701,45.210779],[-93.611758,45.210306],[-93.612373,45.209542],[-93.612324,45.20882],[-93.611902,45.208383],[-93.611277,45.208302],[-93.608816,45.21021],[-93.608346,45.21095],[-93.60816,45.211756],[-93.607823,45.212072],[-93.606945,45.212372],[-93.605386,45.212256],[-93.604952,45.212495],[-93.604696,45.213047],[-93.604379,45.213166],[-93.603946,45.212922],[-93.603005,45.211504],[-93.601996,45.210612],[-93.601729,45.209839],[-93.601839,45.208705],[-93.601389,45.208049],[-93.600496,45.207687],[-93.59766,45.207433],[-93.596786,45.207544],[-93.595521,45.208431],[-93.593537,45.209279],[-93.593114,45.209812],[-93.59279,45.21081],[-93.592797,45.21216],[-93.594142,45.214846],[-93.59362,45.216512],[-93.594089,45.217625],[-93.593786,45.218],[-93.592021,45.218589],[-93.590564,45.218321],[-93.590413,45.218109],[-93.590476,45.21688],[-93.589851,45.215628],[-93.588839,45.214975],[-93.587494,45.214782],[-93.585421,45.215222],[-93.58332,45.216516],[-93.580116,45.217153],[-93.576277,45.218448],[-93.574432,45.21867],[-93.570781,45.218543],[-93.569665,45.218731],[-93.56857,45.219304],[-93.567547,45.220489],[-93.566699,45.221173],[-93.565673,45.221722],[-93.563685,45.222447],[-93.562334,45.223353],[-93.561391,45.224656],[-93.561151,45.22563],[-93.561204,45.226612],[-93.560721,45.227148],[-93.559977,45.227056],[-93.558789,45.225797],[-93.557351,45.2251],[-93.556428,45.225314],[-93.555446,45.226556],[-93.554065,45.227119],[-93.549433,45.226535],[-93.548145,45.226672],[-93.547553,45.22689],[-93.546935,45.227748],[-93.545905,45.228603],[-93.544987,45.229948],[-93.543719,45.23114],[-93.543247,45.232147],[-93.542757,45.232368],[-93.541436,45.232233],[-93.540554,45.231423],[-93.539619,45.231092],[-93.536224,45.231375],[-93.534954,45.231252],[-93.534371,45.231032],[-93.534024,45.230412],[-93.534543,45.228539],[-93.533736,45.227431],[-93.533594,45.225838],[-93.533226,45.225101],[-93.531647,45.223202],[-93.531062,45.222775],[-93.529612,45.222391],[-93.528361,45.222538],[-93.527224,45.223173],[-93.525486,45.225404],[-93.525366,45.226262],[-93.525507,45.227118],[-93.52645,45.228726],[-93.526293,45.229874],[-93.525682,45.230622],[-93.524542,45.231392],[-93.522183,45.232384],[-93.521612,45.23286],[-93.521416,45.233383],[-93.521537,45.234594],[-93.521436,45.235658],[-93.520986,45.237013],[-93.52049,45.237826],[-93.520001,45.238323],[-93.519272,45.238559],[-93.515697,45.23843],[-93.515144,45.238699],[-93.514798,45.239218],[-93.514715,45.239873],[-93.514946,45.24051],[-93.516499,45.241855],[-93.517614,45.242242],[-93.520178,45.242378],[-93.520998,45.242677],[-93.521637,45.243118],[-93.522132,45.243836],[-93.522225,45.244623],[-93.521921,45.245383],[-93.521297,45.245953],[-93.521773,45.246613],[-93.522783,45.246994],[-93.523495,45.247559],[-93.525134,45.249957],[-93.52801,45.252387],[-93.529643,45.25342],[-93.531786,45.254334],[-93.533086,45.254646],[-93.538041,45.255067],[-93.539596,45.255425],[-93.540565,45.255853],[-93.543429,45.257641],[-93.545224,45.259043],[-93.548213,45.262386],[-93.551144,45.264367],[-93.552503,45.265594],[-93.553179,45.26722],[-93.55349,45.268524],[-93.554304,45.27724],[-93.554437,45.280078],[-93.556154,45.285754],[-93.556735,45.286751],[-93.559504,45.290298],[-93.560293,45.291563],[-93.561918,45.298189],[-93.563019,45.300224],[-93.563621,45.300909],[-93.564678,45.301541],[-93.565957,45.301816],[-93.568532,45.302042],[-93.569685,45.301871],[-93.570607,45.301479],[-93.571359,45.300833],[-93.571819,45.299832],[-93.572078,45.298505],[-93.572104,45.297262],[-93.572566,45.295889],[-93.573634,45.294739],[-93.576574,45.293102],[-93.578337,45.292516],[-93.579928,45.292127],[-93.582282,45.29196],[-93.58532,45.29221],[-93.588858,45.292803],[-93.590274,45.292897],[-93.593546,45.292516],[-93.597423,45.292433],[-93.600304,45.292192],[-93.602764,45.292158],[-93.61,45.29254],[-93.612535,45.292815],[-93.614695,45.293286],[-93.618624,45.294644],[-93.624112,45.295666],[-93.625933,45.296256],[-93.627447,45.296507],[-93.637819,45.295898],[-93.641923,45.296392],[-93.645637,45.296271],[-93.650396,45.295346],[-93.651789,45.295346],[-93.657976,45.29591],[-93.662268,45.29577],[-93.665118,45.295347],[-93.669909,45.295393],[-93.671172,45.295568],[-93.672692,45.296033],[-93.674382,45.296833],[-93.676599,45.298162],[-93.679795,45.300455],[-93.680662,45.301373],[-93.681338,45.302785],[-93.682774,45.30428],[-93.685022,45.305067],[-93.687267,45.304834],[-93.688443,45.304215],[-93.691824,45.300873],[-93.69344,45.299917],[-93.704394,45.297902],[-93.712556,45.298933],[-93.71834,45.299895],[-93.727785,45.300153],[-93.732061,45.299914],[-93.735192,45.299971],[-93.736636,45.29986],[-93.742731,45.298732],[-93.744314,45.298304],[-93.748219,45.296833],[-93.750277,45.295917],[-93.751373,45.295246],[-93.754839,45.294664],[-93.756632,45.294799],[-93.75945,45.295675],[-93.764186,45.296779],[-93.76811,45.297466],[-93.774609,45.300344],[-93.778455,45.30268],[-93.782196,45.304181],[-93.788073,45.307328],[-93.789698,45.307991],[-93.796803,45.310135],[-93.799596,45.310344],[-93.801422,45.310787],[-93.804259,45.312013],[-93.813544,45.317947],[-93.814228,45.319001],[-93.814531,45.320227],[-93.81498,45.32104],[-93.815912,45.321957],[-93.824778,45.327533],[-93.827089,45.329447],[-93.828549,45.331111],[-93.828927,45.3332],[-93.829477,45.333947],[-93.830268,45.334561],[-93.831058,45.334911],[-93.836851,45.335845],[-93.84031,45.33657],[-93.843376,45.336695],[-93.848883,45.336524],[-93.851071,45.337228],[-93.852959,45.337384],[-93.856341,45.337992],[-93.857853,45.337901],[-93.860321,45.33833],[-93.865917,45.338883],[-93.867379,45.339287],[-93.868733,45.340026],[-93.871634,45.342406],[-93.872636,45.34303],[-93.87765,45.345391],[-93.881185,45.348344],[-93.883083,45.350219],[-93.88742,45.356885],[-93.887819,45.357815],[-93.887939,45.358657],[-93.887653,45.360542],[-93.887787,45.361488],[-93.88821,45.362336],[-93.888791,45.362959],[-93.889931,45.363837],[-93.891478,45.364699],[-93.894114,45.365911],[-93.902153,45.368618],[-93.906468,45.370748],[-93.908318,45.371808],[-93.908977,45.372366],[-93.909659,45.373126],[-93.910708,45.374979],[-93.911804,45.380415],[-93.913471,45.3822],[-93.915852,45.383422],[-93.917168,45.383799],[-93.918163,45.384313],[-93.92036,45.384941],[-93.926837,45.385805],[-93.928217,45.385842],[-93.929513,45.38567],[-93.931943,45.384764],[-93.933083,45.384531],[-93.938553,45.384128],[-93.939793,45.384158],[-93.941079,45.38442],[-93.943072,45.385173],[-93.944327,45.385341],[-93.945818,45.385026],[-93.947275,45.383815],[-93.949215,45.380962],[-93.950139,45.380096],[-93.952698,45.378322],[-93.955118,45.377784],[-93.956856,45.377992],[-93.95807,45.378495],[-93.96024,45.379874],[-93.966156,45.384214],[-93.970946,45.387501],[-93.973631,45.388942],[-93.978941,45.391318],[-93.980269,45.392849],[-93.981035,45.394202],[-93.981966,45.395441],[-93.984939,45.399048],[-93.987393,45.400059],[-93.992798,45.400615],[-93.996,45.401589],[-93.99744,45.401844],[-93.998955,45.401705],[-94.000568,45.401087],[-94.001884,45.400118],[-94.00412,45.398121],[-94.004498,45.397516],[-94.004542,45.395253],[-94.004902,45.392458],[-94.005265,45.391902],[-94.005946,45.391429],[-94.007667,45.390689],[-94.009088,45.390692],[-94.00989,45.391179],[-94.01107,45.39266],[-94.011489,45.394224],[-94.011271,45.395795],[-94.011056,45.396498],[-94.010123,45.39784],[-94.006043,45.400813],[-94.005743,45.401473],[-94.005699,45.402132],[-94.006188,45.403635],[-94.007147,45.404375],[-94.008041,45.404653],[-94.009175,45.40464],[-94.011713,45.40413],[-94.01442,45.403174],[-94.015988,45.402924],[-94.018683,45.40288],[-94.020199,45.40297],[-94.023052,45.403485],[-94.025659,45.404424],[-94.027631,45.405738],[-94.028912,45.407191],[-94.030378,45.409906],[-94.031168,45.410969],[-94.032691,45.412443],[-94.034911,45.413652],[-94.039191,45.414943],[-94.040749,45.41561],[-94.042269,45.416534],[-94.043674,45.417844],[-94.046974,45.422185]]]}},{"type":"Feature","properties":{"name":"Yellow Medicine","gnisId":659531,"fipsCode":"173","countyCode":"27173"},"geometry":{"type":"Polygon","coordinates":[[[-95.482945,44.752885],[-95.486545,44.751127],[-95.48724,44.750982],[-95.488131,44.75099],[-95.48891,44.751218],[-95.491043,44.752131],[-95.491306,44.752921],[-95.49112,44.754067],[-95.491161,44.754957],[-95.491621,44.756647],[-95.491976,44.75892],[-95.491904,44.760736],[-95.491292,44.762271],[-95.490667,44.762806],[-95.489622,44.763234],[-95.489417,44.76382],[-95.489751,44.764245],[-95.491676,44.765595],[-95.493324,44.767454],[-95.494846,44.769528],[-95.495527,44.769884],[-95.498325,44.7703],[-95.499696,44.77066],[-95.504173,44.772773],[-95.504781,44.772918],[-95.505808,44.772829],[-95.507156,44.772136],[-95.508842,44.770504],[-95.508913,44.769228],[-95.508124,44.767295],[-95.508168,44.766531],[-95.508528,44.765883],[-95.509311,44.765397],[-95.512081,44.765369],[-95.513337,44.765638],[-95.514944,44.766304],[-95.515544,44.766658],[-95.516026,44.767238],[-95.515016,44.770346],[-95.51535,44.771178],[-95.516125,44.771742],[-95.517274,44.7719],[-95.518518,44.771663],[-95.519941,44.771163],[-95.522443,44.76988],[-95.52378,44.769533],[-95.524652,44.769514],[-95.526903,44.769886],[-95.528581,44.770508],[-95.52958,44.771067],[-95.530475,44.772154],[-95.530838,44.773293],[-95.530795,44.773876],[-95.530522,44.77437],[-95.530119,44.774687],[-95.529593,44.774839],[-95.52745,44.774534],[-95.526238,44.774612],[-95.523301,44.775212],[-95.52255,44.775627],[-95.522361,44.776033],[-95.522526,44.776765],[-95.52464,44.777972],[-95.525006,44.778578],[-95.525678,44.781908],[-95.52603,44.782354],[-95.525827,44.782727],[-95.525199,44.783094],[-95.523552,44.783604],[-95.521991,44.783785],[-95.516086,44.783873],[-95.515053,44.783781],[-95.513612,44.783379],[-95.510298,44.783784],[-95.508435,44.784272],[-95.506119,44.785357],[-95.504828,44.785665],[-95.501044,44.785881],[-95.499023,44.786502],[-95.498479,44.786832],[-95.498231,44.787198],[-95.49803,44.788009],[-95.497607,44.788536],[-95.497582,44.788866],[-95.499966,44.790986],[-95.501801,44.792142],[-95.503624,44.794157],[-95.50527,44.794922],[-95.507926,44.794965],[-95.509381,44.795488],[-95.511638,44.797256],[-95.514021,44.798679],[-95.516092,44.800562],[-95.517356,44.800886],[-95.518995,44.801717],[-95.519804,44.801929],[-95.53037,44.802513],[-95.531474,44.802408],[-95.534198,44.802654],[-95.53962,44.802355],[-95.545223,44.8038],[-95.545306,44.80424],[-95.544932,44.804695],[-95.543303,44.80586],[-95.541028,44.806562],[-95.5404,44.80695],[-95.535627,44.811771],[-95.53518,44.81282],[-95.535251,44.813717],[-95.535517,44.814333],[-95.536238,44.815089],[-95.540809,44.817509],[-95.54158,44.817732],[-95.54327,44.819041],[-95.543917,44.819352],[-95.546391,44.819724],[-95.552457,44.822192],[-95.55393,44.822505],[-95.557405,44.822457],[-95.56008,44.823264],[-95.560857,44.823712],[-95.562594,44.825126],[-95.563379,44.825524],[-95.565738,44.827501],[-95.566636,44.828384],[-95.567172,44.829183],[-95.567488,44.830454],[-95.567362,44.830954],[-95.566108,44.832589],[-95.565756,44.833346],[-95.565976,44.833963],[-95.567699,44.835162],[-95.569322,44.837521],[-95.572961,44.840096],[-95.573616,44.840346],[-95.574969,44.840191],[-95.57676,44.839058],[-95.577618,44.838935],[-95.579409,44.839238],[-95.584121,44.840699],[-95.588738,44.841176],[-95.594541,44.842306],[-95.599567,44.843042],[-95.600646,44.843491],[-95.600882,44.84408],[-95.600073,44.844996],[-95.597854,44.846693],[-95.596641,44.848053],[-95.596498,44.848751],[-95.596597,44.848982],[-95.597558,44.849904],[-95.600373,44.850814],[-95.601586,44.850912],[-95.607999,44.849441],[-95.609669,44.849226],[-95.611068,44.849236],[-95.612395,44.849553],[-95.615039,44.850843],[-95.615624,44.851268],[-95.616053,44.851858],[-95.616454,44.853558],[-95.616331,44.8548],[-95.614912,44.857221],[-95.614602,44.858782],[-95.61472,44.85981],[-95.615513,44.861842],[-95.616165,44.8629],[-95.617957,44.864467],[-95.620162,44.866937],[-95.621349,44.867688],[-95.623025,44.86783],[-95.625032,44.868326],[-95.626697,44.869506],[-95.628058,44.871217],[-95.629691,44.872885],[-95.630194,44.8737],[-95.630412,44.874962],[-95.630754,44.875653],[-95.63311,44.878073],[-95.633831,44.878021],[-95.634415,44.877556],[-95.634717,44.874785],[-95.635113,44.87424],[-95.636121,44.873525],[-95.63774,44.873377],[-95.639716,44.873663],[-95.641273,44.874285],[-95.64232,44.874968],[-95.647751,44.879928],[-95.64943,44.880991],[-95.653578,44.884045],[-95.654346,44.884698],[-95.654691,44.885205],[-95.654599,44.885948],[-95.653961,44.88638],[-95.65019,44.886282],[-95.649204,44.886586],[-95.648463,44.887138],[-95.648171,44.887858],[-95.648593,44.889224],[-95.649326,44.890382],[-95.650373,44.891113],[-95.651083,44.891391],[-95.651549,44.891338],[-95.653453,44.890504],[-95.655478,44.889115],[-95.65674,44.889136],[-95.659549,44.890314],[-95.661745,44.891698],[-95.662946,44.8926],[-95.664727,44.894445],[-95.665499,44.89475],[-95.667865,44.89525],[-95.670158,44.896106],[-95.672988,44.896706],[-95.674061,44.897101],[-95.674307,44.897415],[-95.674279,44.897976],[-95.673593,44.898447],[-95.672787,44.898581],[-95.672281,44.89886],[-95.671546,44.899671],[-95.671175,44.900506],[-95.671061,44.90127],[-95.671349,44.902966],[-95.671807,44.903804],[-95.672651,44.904753],[-95.673577,44.90523],[-95.675578,44.905827],[-95.676387,44.906358],[-95.677708,44.907771],[-95.679929,44.909057],[-95.682517,44.90993],[-95.683425,44.909807],[-95.683969,44.909556],[-95.684368,44.909035],[-95.684154,44.908732],[-95.683598,44.908487],[-95.681522,44.908391],[-95.680721,44.907921],[-95.680517,44.907172],[-95.680855,44.906667],[-95.685966,44.902995],[-95.687591,44.902137],[-95.688445,44.901976],[-95.689506,44.902007],[-95.691662,44.902554],[-95.695903,44.904105],[-95.699826,44.903674],[-95.704597,44.903791],[-95.709525,44.903556],[-95.710251,44.903855],[-95.711078,44.905063],[-95.711819,44.905484],[-95.712763,44.905636],[-95.715033,44.905605],[-95.717284,44.905993],[-95.718353,44.905969],[-95.720985,44.907244],[-95.72265,44.908504],[-95.723802,44.909779],[-95.723637,44.910114],[-95.723233,44.910344],[-95.722286,44.910527],[-95.720086,44.910553],[-95.719177,44.910847],[-95.718818,44.911187],[-95.718867,44.911924],[-95.7209,44.915766],[-95.720943,44.918291],[-95.721387,44.920097],[-95.721314,44.920476],[-95.72108,44.920696],[-95.71952,44.921042],[-95.719372,44.921185],[-95.719416,44.921559],[-95.722219,44.923913],[-95.724803,44.926535],[-95.726393,44.927531],[-95.727405,44.929628],[-95.72804,44.930327],[-95.730447,44.931801],[-95.732947,44.932541],[-95.733633,44.933293],[-95.733692,44.933543],[-95.733462,44.934235],[-95.733669,44.934783],[-95.734013,44.935047],[-95.735471,44.935457],[-95.736703,44.936047],[-95.737126,44.891478],[-95.807608,44.891862],[-95.847444,44.891798],[-95.847715,44.884889],[-95.847753,44.863577],[-95.848947,44.805494],[-95.990728,44.805149],[-96.072203,44.804793],[-96.215535,44.805594],[-96.338655,44.805045],[-96.451786,44.805556],[-96.451354,44.717925],[-96.451513,44.703191],[-96.451465,44.674835],[-96.451682,44.631258],[-96.409118,44.630968],[-96.375349,44.630987],[-96.316944,44.630707],[-96.235791,44.631246],[-96.195864,44.631254],[-96.125343,44.630872],[-96.113043,44.630647],[-96.073299,44.630352],[-96.012355,44.630177],[-96.000339,44.630401],[-95.951763,44.630752],[-95.875336,44.630853],[-95.808733,44.63073],[-95.685939,44.63008],[-95.644861,44.630623],[-95.604031,44.629989],[-95.604209,44.60084],[-95.604209,44.542594],[-95.594836,44.542391],[-95.58395,44.542586],[-95.53343,44.542069],[-95.493128,44.541886],[-95.462167,44.542],[-95.360395,44.54171],[-95.360278,44.585271],[-95.360445,44.698624],[-95.361403,44.699211],[-95.361929,44.70025],[-95.362463,44.7008],[-95.363785,44.701464],[-95.364713,44.701593],[-95.365727,44.701288],[-95.366775,44.700751],[-95.367565,44.69997],[-95.368466,44.699852],[-95.370396,44.700857],[-95.374601,44.701781],[-95.376538,44.702679],[-95.378647,44.703346],[-95.382059,44.705377],[-95.382318,44.705577],[-95.382234,44.705989],[-95.38093,44.706912],[-95.379705,44.70822],[-95.379746,44.709468],[-95.379518,44.710615],[-95.379634,44.71105],[-95.380005,44.711416],[-95.380714,44.711494],[-95.381248,44.711345],[-95.382184,44.710292],[-95.383351,44.709692],[-95.384719,44.709484],[-95.385551,44.709541],[-95.38794,44.710117],[-95.389434,44.710235],[-95.391405,44.711319],[-95.391714,44.711767],[-95.391555,44.712469],[-95.39172,44.71324],[-95.392143,44.713771],[-95.393113,44.714318],[-95.394247,44.71429],[-95.395059,44.71367],[-95.396184,44.713268],[-95.397116,44.713375],[-95.398576,44.714113],[-95.39887,44.714572],[-95.398748,44.714917],[-95.397545,44.715363],[-95.397347,44.715702],[-95.397381,44.715955],[-95.398261,44.716826],[-95.399359,44.71711],[-95.399618,44.717321],[-95.399367,44.718044],[-95.398935,44.718486],[-95.399153,44.718856],[-95.399942,44.71916],[-95.401349,44.719403],[-95.40163,44.719686],[-95.401604,44.719872],[-95.400784,44.720459],[-95.399567,44.7208],[-95.397578,44.721695],[-95.396859,44.722711],[-95.396929,44.723597],[-95.397095,44.723846],[-95.398923,44.725186],[-95.402126,44.726489],[-95.403739,44.727355],[-95.407987,44.730789],[-95.409596,44.730967],[-95.410917,44.731325],[-95.41155,44.731781],[-95.412317,44.732948],[-95.415103,44.73428],[-95.416846,44.734806],[-95.417836,44.734638],[-95.418483,44.734276],[-95.418868,44.733856],[-95.419037,44.733395],[-95.418539,44.732226],[-95.418616,44.731814],[-95.418835,44.73158],[-95.419516,44.731476],[-95.420918,44.731614],[-95.421801,44.731869],[-95.422686,44.732426],[-95.423329,44.734168],[-95.423404,44.735735],[-95.423582,44.736193],[-95.425347,44.737241],[-95.427837,44.739274],[-95.429759,44.739664],[-95.432156,44.739376],[-95.432786,44.739492],[-95.433892,44.740282],[-95.437498,44.741592],[-95.439389,44.742971],[-95.441493,44.74361],[-95.444063,44.743565],[-95.448375,44.742205],[-95.452473,44.741656],[-95.456654,44.740739],[-95.457779,44.740836],[-95.458828,44.741312],[-95.459367,44.741883],[-95.460081,44.743098],[-95.460607,44.743481],[-95.462586,44.74425],[-95.46354,44.744907],[-95.463741,44.745365],[-95.463746,44.746085],[-95.463093,44.747844],[-95.463087,44.748251],[-95.463352,44.748577],[-95.464572,44.749032],[-95.467737,44.748937],[-95.468437,44.74908],[-95.469048,44.749448],[-95.469907,44.750312],[-95.47184,44.75329],[-95.473303,44.754436],[-95.475175,44.755462],[-95.47686,44.756083],[-95.478141,44.756213],[-95.479108,44.755774],[-95.482945,44.752885]]]}}]}