{"type":"FeatureCollection","features":[{"type":"Feature","geometry":{"type":"Point","coordinates":[-93.2650683,44.9773133]},"properties":{"role":"Mayor","city":"Minneapolis","county":null,"ward":null,"wardName":null,"district":null,"stateDistrict":null,"chamber":null,"candidates":[],"isContested":false,"partyUnityPercent":null,"recentVotes":[],"repName":"Jacob Frey","repParty":"Nonpartisan","repPhotoUrl":"https://www.minneapolismn.gov/media/-www-content-assets/images/headshots/Mayor-Jacob-Frey.jpg","repEmail":null,"repPhone":"612-673-2100","termsOfService":[{"termStart":"2018-01-01","termEnd":null,"current":true,"sourceUrl":"https://www.minneapolismn.gov/government/mayor/"}],"committees":["48th Mayor of Minneapolis"],"neighborhoods":[],"officeRoom":"Room 330, City Hall","profileUrl":"https://www.minneapolismn.gov/government/mayor/"}},{"type":"Feature","geometry":{"type":"Point","coordinates":[-93.093173,44.9439666]},"properties":{"role":"Mayor","city":"St. Paul","county":null,"ward":null,"wardName":null,"district":null,"stateDistrict":null,"chamber":null,"candidates":[],"isContested":false,"partyUnityPercent":null,"recentVotes":[],"repName":"Kaohly Her","repParty":"Nonpartisan","repPhotoUrl":"https://www.stpaul.gov/sites/default/files/styles/large/public/2025-12/Mayor-Elect%20Her%20-%20Ward%203%20Tour%20-%20December%209%202025-20-2048x2048.jpeg.webp?itok=Du3PTque","repEmail":"mayor@stpaul.gov","repPhone":"651-266-8510","termsOfService":[{"termStart":"2026-01-01","termEnd":null,"current":true,"sourceUrl":"https://www.stpaul.gov/departments/mayors-office"}],"committees":["Mayor of Saint Paul"],"neighborhoods":[],"officeRoom":"Saint Paul City Hall, 15 Kellogg Blvd. West","profileUrl":"https://www.stpaul.gov/departments/mayors-office"}},{"type":"Feature","geometry":{"type":"Point","coordinates":[-93.3024154,44.8251814]},"properties":{"role":"Mayor","city":"Bloomington","county":null,"ward":null,"wardName":null,"district":null,"stateDistrict":null,"chamber":null,"candidates":[],"isContested":false,"partyUnityPercent":null,"recentVotes":[],"repName":"Tim Busse","repParty":"Nonpartisan","repPhotoUrl":"https://www.bloomingtonmn.gov/sites/default/files/styles/240x336/public/2026-02/Busse-Tim-2026.jpg?h=59969086&itok=ewxwDjDP","repEmail":"tbusse@BloomingtonMN.gov","repPhone":"952-457-7506","termsOfService":[{"termStart":null,"termEnd":null,"current":true,"sourceUrl":"https://www.bloomingtonmn.gov/cc/city-councilmembers-and-district-maps"}],"committees":["Mayor of Bloomington"],"neighborhoods":[],"officeRoom":null,"profileUrl":"https://www.bloomingtonmn.gov/cc/city-councilmembers-and-district-maps"}},{"type":"Feature","geometry":{"type":"Point","coordinates":[-93.474067,45.018313]},"properties":{"role":"Mayor","city":"Plymouth","county":null,"ward":null,"wardName":null,"district":null,"stateDistrict":null,"chamber":null,"candidates":[],"isContested":false,"partyUnityPercent":null,"recentVotes":[],"repName":"Jeff Wosje","repParty":"Nonpartisan","repPhotoUrl":"https://www.plymouthmn.gov/home/showpublishedimage/4692/636190361468730000","repEmail":"jwosje@plymouthmn.gov","repPhone":"763-509-5007","termsOfService":[{"termStart":null,"termEnd":null,"current":true,"sourceUrl":"https://www.plymouthmn.gov/departments/city-council/city-council-members"}],"committees":["Mayor of Plymouth"],"neighborhoods":[],"officeRoom":null,"profileUrl":"https://www.plymouthmn.gov/departments/city-council/city-council-members"}},{"type":"Feature","geometry":{"type":"Point","coordinates":[-93.4660093,44.9400905]},"properties":{"role":"Mayor","city":"Minnetonka","county":null,"ward":null,"wardName":null,"district":null,"stateDistrict":null,"chamber":null,"candidates":[],"isContested":false,"partyUnityPercent":null,"recentVotes":[],"repName":"Rebecca Schack","repParty":"Nonpartisan","repPhotoUrl":"https://www.minnetonkamn.gov/home/showpublishedimage/1103/638436738444100000","repEmail":"rschack@minnetonkamn.gov","repPhone":"612-590-3735","termsOfService":[{"termStart":null,"termEnd":null,"current":true,"sourceUrl":"https://www.minnetonkamn.gov/government/city-council-mayor/mayor"}],"committees":["Mayor of Minnetonka"],"neighborhoods":[],"officeRoom":null,"profileUrl":"https://www.minnetonkamn.gov/government/city-council-mayor/mayor"}},{"type":"Feature","geometry":{"type":"Point","coordinates":[-93.3428234,44.9480894]},"properties":{"role":"Mayor","city":"St. Louis Park","county":null,"ward":null,"wardName":null,"district":null,"stateDistrict":null,"chamber":null,"candidates":[],"isContested":false,"partyUnityPercent":null,"recentVotes":[],"repName":"Nadia Mohamed","repParty":"Nonpartisan","repPhotoUrl":"https://www.stlouisparkmn.gov/home/showpublishedimage/6962/639046881797230000","repEmail":"nmohamed@stlouisparkmn.gov","repPhone":"952-207-0256","termsOfService":[{"termStart":null,"termEnd":null,"current":true,"sourceUrl":"https://www.stlouisparkmn.gov/government/city-council/mayor-council-members/mayor"}],"committees":["Mayor of St. Louis Park"],"neighborhoods":[],"officeRoom":null,"profileUrl":"https://www.stlouisparkmn.gov/government/city-council/mayor-council-members/mayor"}},{"type":"Feature","geometry":{"type":"Point","coordinates":[-93.2685853,44.8806821]},"properties":{"role":"Mayor","city":"Richfield","county":null,"ward":null,"wardName":null,"district":null,"stateDistrict":null,"chamber":null,"candidates":[],"isContested":false,"partyUnityPercent":null,"recentVotes":[],"repName":"Mary Supple","repParty":"Nonpartisan","repPhotoUrl":"https://www.richfieldmn.gov/ImageRepository/Document?documentID=902","repEmail":"MSupple@RichfieldMN.gov","repPhone":"612-281-7482","termsOfService":[{"termStart":null,"termEnd":null,"current":true,"sourceUrl":"https://www.richfieldmn.gov/directory.aspx?eid=60"}],"committees":["Mayor of Richfield"],"neighborhoods":[],"officeRoom":null,"profileUrl":"https://www.richfieldmn.gov/directory.aspx?eid=60"}},{"type":"Feature","geometry":{"type":"Point","coordinates":[-93.208792,45.1654714]},"properties":{"role":"Mayor","city":"Blaine","county":null,"ward":null,"wardName":null,"district":null,"stateDistrict":null,"chamber":null,"candidates":[],"isContested":false,"partyUnityPercent":null,"recentVotes":[],"repName":"Tim Sanders","repParty":"Nonpartisan","repPhotoUrl":"https://www.blainemn.gov/ImageRepository/Document?documentID=11405","repEmail":"tsanders@blainemn.gov","repPhone":"763-203-3286","termsOfService":[{"termStart":null,"termEnd":null,"current":true,"sourceUrl":"https://www.blainemn.gov/directory.aspx?eid=378"}],"committees":["Mayor of Blaine"],"neighborhoods":[],"officeRoom":null,"profileUrl":"https://www.blainemn.gov/directory.aspx?eid=378"}},{"type":"Feature","geometry":{"type":"Point","coordinates":[-93.3470976,45.1095365]},"properties":{"role":"Mayor","city":"Brooklyn Park","county":null,"ward":null,"wardName":null,"district":null,"stateDistrict":null,"chamber":null,"candidates":[],"isContested":false,"partyUnityPercent":null,"recentVotes":[],"repName":"Hollies J. Winston","repParty":"Nonpartisan","repPhotoUrl":"https://www.brooklynpark.org/wp-content/uploads/2019/06/Hollies-Winston_Studio-scaled-e1673533312964.jpg","repEmail":"mayor@brooklynpark.org","repPhone":"763-493-8146","termsOfService":[{"termStart":"2023-01-01","termEnd":null,"current":true,"sourceUrl":"https://www.brooklynpark.org/contact/hollies-winston/"}],"committees":["Mayor of Brooklyn Park"],"neighborhoods":[],"officeRoom":null,"profileUrl":"https://www.brooklynpark.org/contact/hollies-winston/"}},{"type":"Feature","geometry":{"type":"Point","coordinates":[-93.3042559,45.1723758]},"properties":{"role":"Mayor","city":"Coon Rapids","county":null,"ward":null,"wardName":null,"district":null,"stateDistrict":null,"chamber":null,"candidates":[],"isContested":false,"partyUnityPercent":null,"recentVotes":[],"repName":"Jerry Koch","repParty":"Nonpartisan","repPhotoUrl":"https://www.coonrapidsmn.gov/ImageRepository/Document?documentID=13430","repEmail":null,"repPhone":"763-767-1811","termsOfService":[{"termStart":null,"termEnd":null,"current":true,"sourceUrl":"https://www.coonrapidsmn.gov/Directory.aspx?EID=2"}],"committees":["Mayor of Coon Rapids"],"neighborhoods":[],"officeRoom":null,"profileUrl":"https://www.coonrapidsmn.gov/Directory.aspx?EID=2"}},{"type":"Feature","geometry":{"type":"Point","coordinates":[-92.9391,44.9201]},"properties":{"role":"Mayor","city":"Woodbury","county":null,"ward":null,"wardName":null,"district":null,"stateDistrict":null,"chamber":null,"candidates":[],"isContested":false,"partyUnityPercent":null,"recentVotes":[],"repName":"Anne Burt","repParty":"Nonpartisan","repPhotoUrl":"https://www.woodburymn.gov/ImageRepository/Document?documentID=4179","repEmail":null,"repPhone":"651-714-3576","termsOfService":[{"termStart":null,"termEnd":null,"current":true,"sourceUrl":"https://www.woodburymn.gov/m/directory/employee?eid=57"}],"committees":["Mayor of Woodbury"],"neighborhoods":[],"officeRoom":null,"profileUrl":"https://www.woodburymn.gov/m/directory/employee?eid=57"}},{"type":"Feature","geometry":{"type":"Point","coordinates":[-92.9391,44.9201]},"properties":{"role":"Council Member","city":"Woodbury","county":null,"ward":null,"wardName":null,"district":null,"stateDistrict":null,"chamber":null,"candidates":[],"isContested":false,"partyUnityPercent":null,"recentVotes":[],"repName":"Jennifer Santini","repParty":"Nonpartisan","repPhotoUrl":"https://www.woodburymn.gov/ImageRepository/Document?documentID=4181","repEmail":null,"repPhone":"651-714-3578","termsOfService":[{"termStart":null,"termEnd":null,"current":true,"sourceUrl":"https://www.woodburymn.gov/m/directory/employee?eid=60"}],"committees":["Mayor Pro Tem"],"neighborhoods":[],"officeRoom":null,"profileUrl":"https://www.woodburymn.gov/m/directory/employee?eid=60"}},{"type":"Feature","geometry":{"type":"Point","coordinates":[-92.9391,44.9201]},"properties":{"role":"Council Member","city":"Woodbury","county":null,"ward":null,"wardName":null,"district":null,"stateDistrict":null,"chamber":null,"candidates":[],"isContested":false,"partyUnityPercent":null,"recentVotes":[],"repName":"Steve Morris","repParty":"Nonpartisan","repPhotoUrl":"https://www.woodburymn.gov/ImageRepository/Document?documentID=4180","repEmail":null,"repPhone":"651-714-3575","termsOfService":[{"termStart":null,"termEnd":null,"current":true,"sourceUrl":"https://www.woodburymn.gov/m/directory/employee?eid=59"}],"committees":[],"neighborhoods":[],"officeRoom":null,"profileUrl":"https://www.woodburymn.gov/m/directory/employee?eid=59"}},{"type":"Feature","geometry":{"type":"Point","coordinates":[-92.9391,44.9201]},"properties":{"role":"Council Member","city":"Woodbury","county":null,"ward":null,"wardName":null,"district":null,"stateDistrict":null,"chamber":null,"candidates":[],"isContested":false,"partyUnityPercent":null,"recentVotes":[],"repName":"Kim Wilson","repParty":"Nonpartisan","repPhotoUrl":"https://www.woodburymn.gov/ImageRepository/Document?documentID=4182","repEmail":null,"repPhone":"651-714-3577","termsOfService":[{"termStart":null,"termEnd":null,"current":true,"sourceUrl":"https://www.woodburymn.gov/m/directory/employee?eid=61"}],"committees":[],"neighborhoods":[],"officeRoom":null,"profileUrl":"https://www.woodburymn.gov/m/directory/employee?eid=61"}},{"type":"Feature","geometry":{"type":"Point","coordinates":[-92.9391,44.9201]},"properties":{"role":"Council Member","city":"Woodbury","county":null,"ward":null,"wardName":null,"district":null,"stateDistrict":null,"chamber":null,"candidates":[],"isContested":false,"partyUnityPercent":null,"recentVotes":[],"repName":"Donna Stafford","repParty":"Nonpartisan","repPhotoUrl":"https://www.woodburymn.gov/ImageRepository/Document?documentID=4178","repEmail":null,"repPhone":"651-714-3579","termsOfService":[{"termStart":null,"termEnd":null,"current":true,"sourceUrl":"https://www.woodburymn.gov/m/directory/employee?eid=106"}],"committees":[],"neighborhoods":[],"officeRoom":null,"profileUrl":"https://www.woodburymn.gov/m/directory/employee?eid=106"}},{"type":"Feature","geometry":{"type":"Point","coordinates":[-93.1664607,44.8181446]},"properties":{"role":"Mayor","city":"Eagan","county":null,"ward":null,"wardName":null,"district":null,"stateDistrict":null,"chamber":null,"candidates":[],"isContested":false,"partyUnityPercent":null,"recentVotes":[],"repName":"Mike Maguire","repParty":"Nonpartisan","repPhotoUrl":"https://cityofeagan.com/images/Council/Portraits/2022/MikeMaguire-1008-1_192w_72ppi.jpg","repEmail":"mike.maguire@eaganmn.gov","repPhone":"651-675-5048","termsOfService":[{"termStart":"2007-01-01","termEnd":null,"current":true,"sourceUrl":"https://cityofeagan.com/mayor-mike-maguire"}],"committees":["Mayor of Eagan"],"neighborhoods":[],"officeRoom":null,"profileUrl":"https://cityofeagan.com/mayor-mike-maguire","verifiedAt":"2026-08-08","verifiedAgainst":"https://cityofeagan.com/mayor-mike-maguire"}},{"type":"Feature","geometry":{"type":"Point","coordinates":[-93.1664607,44.8181446]},"properties":{"role":"Council Member","city":"Eagan","county":null,"ward":null,"wardName":null,"district":null,"stateDistrict":null,"chamber":null,"candidates":[],"isContested":false,"partyUnityPercent":null,"recentVotes":[],"repName":"Paul Bakken","repParty":"Nonpartisan","repPhotoUrl":"https://cityofeagan.com/images/Council/Portraits/2022/PaulBakken-1006_192w_72ppi.jpg","repEmail":"paul.bakken@eaganmn.gov","repPhone":"651-688-7075","termsOfService":[{"termStart":"2007-01-01","termEnd":null,"current":true,"sourceUrl":"https://cityofeagan.com/councilmember-paul-bakken"}],"committees":[],"neighborhoods":[],"officeRoom":null,"profileUrl":"https://cityofeagan.com/councilmember-paul-bakken","verifiedAt":"2026-08-08","verifiedAgainst":"https://cityofeagan.com/councilmember-paul-bakken"}},{"type":"Feature","geometry":{"type":"Point","coordinates":[-93.1664607,44.8181446]},"properties":{"role":"Council Member","city":"Eagan","county":null,"ward":null,"wardName":null,"district":null,"stateDistrict":null,"chamber":null,"candidates":[],"isContested":false,"partyUnityPercent":null,"recentVotes":[],"repName":"Cyndee Fields","repParty":"Nonpartisan","repPhotoUrl":"https://cityofeagan.com/images/Council/Portraits/2022/CyndeeFields-1005_Preferred_192w_72ppi.jpg","repEmail":"cyndee.fields@eaganmn.gov","repPhone":"952-270-3093","termsOfService":[{"termStart":"2001-01-01","termEnd":null,"current":true,"sourceUrl":"https://cityofeagan.com/councilmember-cyndee-fields"}],"committees":[],"neighborhoods":[],"officeRoom":null,"profileUrl":"https://cityofeagan.com/councilmember-cyndee-fields","verifiedAt":"2026-08-08","verifiedAgainst":"https://cityofeagan.com/councilmember-cyndee-fields"}},{"type":"Feature","geometry":{"type":"Point","coordinates":[-93.1664607,44.8181446]},"properties":{"role":"Council Member","city":"Eagan","county":null,"ward":null,"wardName":null,"district":null,"stateDistrict":null,"chamber":null,"candidates":[],"isContested":false,"partyUnityPercent":null,"recentVotes":[],"repName":"Gary Hansen","repParty":"Nonpartisan","repPhotoUrl":"https://cityofeagan.com/images/Council/Portraits/2022/GaryHansen-1007_192w_72ppi.jpg","repEmail":"gary.hansen@eaganmn.gov","repPhone":"651-454-1172","termsOfService":[{"termStart":"2009-01-01","termEnd":null,"current":true,"sourceUrl":"https://cityofeagan.com/councilmember-gary-hansen"}],"committees":[],"neighborhoods":[],"officeRoom":null,"profileUrl":"https://cityofeagan.com/councilmember-gary-hansen","verifiedAt":"2026-08-08","verifiedAgainst":"https://cityofeagan.com/councilmember-gary-hansen"}},{"type":"Feature","geometry":{"type":"Point","coordinates":[-93.1664607,44.8181446]},"properties":{"role":"Council Member","city":"Eagan","county":null,"ward":null,"wardName":null,"district":null,"stateDistrict":null,"chamber":null,"candidates":[],"isContested":false,"partyUnityPercent":null,"recentVotes":[],"repName":"Mike Supina","repParty":"Nonpartisan","repPhotoUrl":"https://cityofeagan.com/images/Council/Portraits/2022/MikeSupina-1008_192w_72ppi.jpg","repEmail":"mike.supina@eaganmn.gov","repPhone":"651-706-0061","termsOfService":[{"termStart":"2021-01-01","termEnd":null,"current":true,"sourceUrl":"https://cityofeagan.com/council-member-mike-supina"}],"committees":[],"neighborhoods":[],"officeRoom":null,"profileUrl":"https://cityofeagan.com/council-member-mike-supina","verifiedAt":"2026-08-08","verifiedAgainst":"https://cityofeagan.com/council-member-mike-supina"}},{"type":"Feature","geometry":{"type":"Point","coordinates":[-93.2434846,44.6568619]},"properties":{"role":"Mayor","city":"Lakeville","county":null,"ward":null,"wardName":null,"district":null,"stateDistrict":null,"chamber":null,"candidates":[],"isContested":false,"partyUnityPercent":null,"recentVotes":[],"repName":"Luke Hellier","repParty":"Nonpartisan","repPhotoUrl":"https://www.lakevillemn.gov/ImageRepository/Document?documentId=16903","repEmail":"lhellier@lakevillemn.gov","repPhone":"612-237-2551","termsOfService":[{"termStart":"2023-01-03","termEnd":null,"current":true,"sourceUrl":"https://www.lakevillemn.gov/428/City-Council"}],"committees":["Mayor of Lakeville"],"neighborhoods":[],"officeRoom":null,"profileUrl":"https://www.lakevillemn.gov/428/City-Council","verifiedAt":"2026-08-08","verifiedAgainst":"https://www.lakevillemn.gov/428/City-Council"}},{"type":"Feature","geometry":{"type":"Point","coordinates":[-93.2434846,44.6568619]},"properties":{"role":"Council Member","city":"Lakeville","county":null,"ward":null,"wardName":null,"district":null,"stateDistrict":null,"chamber":null,"candidates":[],"isContested":false,"partyUnityPercent":null,"recentVotes":[],"repName":"John Bermel","repParty":"Nonpartisan","repPhotoUrl":"https://www.lakevillemn.gov/ImageRepository/Document?documentId=16904","repEmail":"jbermel@lakevillemn.gov","repPhone":"612-709-0180","termsOfService":[{"termStart":"2021-01-04","termEnd":null,"current":true,"sourceUrl":"https://www.lakevillemn.gov/428/City-Council"}],"committees":[],"neighborhoods":[],"officeRoom":null,"profileUrl":"https://www.lakevillemn.gov/428/City-Council","verifiedAt":"2026-08-08","verifiedAgainst":"https://www.lakevillemn.gov/428/City-Council"}},{"type":"Feature","geometry":{"type":"Point","coordinates":[-93.2434846,44.6568619]},"properties":{"role":"Council Member","city":"Lakeville","county":null,"ward":null,"wardName":null,"district":null,"stateDistrict":null,"chamber":null,"candidates":[],"isContested":false,"partyUnityPercent":null,"recentVotes":[],"repName":"Joshua Lee","repParty":"Nonpartisan","repPhotoUrl":"https://www.lakevillemn.gov/ImageRepository/Document?documentId=16905","repEmail":"jlee@lakevillemn.gov","repPhone":"763-245-3677","termsOfService":[{"termStart":"2019-01-01","termEnd":null,"current":true,"sourceUrl":"https://www.lakevillemn.gov/428/City-Council"}],"committees":[],"neighborhoods":[],"officeRoom":null,"profileUrl":"https://www.lakevillemn.gov/428/City-Council","verifiedAt":"2026-08-08","verifiedAgainst":"https://www.lakevillemn.gov/428/City-Council"}},{"type":"Feature","geometry":{"type":"Point","coordinates":[-93.2434846,44.6568619]},"properties":{"role":"Council Member","city":"Lakeville","county":null,"ward":null,"wardName":null,"district":null,"stateDistrict":null,"chamber":null,"candidates":[],"isContested":false,"partyUnityPercent":null,"recentVotes":[],"repName":"Michelle Volk","repParty":"Nonpartisan","repPhotoUrl":"https://www.lakevillemn.gov/ImageRepository/Document?documentId=16906","repEmail":"mvolk@lakevillemn.gov","repPhone":"952-270-7125","termsOfService":[{"termStart":"2019-01-01","termEnd":null,"current":true,"sourceUrl":"https://www.lakevillemn.gov/428/City-Council"}],"committees":[],"neighborhoods":[],"officeRoom":null,"profileUrl":"https://www.lakevillemn.gov/428/City-Council","verifiedAt":"2026-08-08","verifiedAgainst":"https://www.lakevillemn.gov/428/City-Council"}},{"type":"Feature","geometry":{"type":"Point","coordinates":[-93.2434846,44.6568619]},"properties":{"role":"Council Member","city":"Lakeville","county":null,"ward":null,"wardName":null,"district":null,"stateDistrict":null,"chamber":null,"candidates":[],"isContested":false,"partyUnityPercent":null,"recentVotes":[],"repName":"Dan Wolter","repParty":"Nonpartisan","repPhotoUrl":"https://www.lakevillemn.gov/ImageRepository/Document?documentId=16907","repEmail":"dwolter@lakevillemn.gov","repPhone":"952-479-0020","termsOfService":[{"termStart":"2023-01-17","termEnd":null,"current":true,"sourceUrl":"https://www.lakevillemn.gov/428/City-Council"}],"committees":[],"neighborhoods":[],"officeRoom":null,"profileUrl":"https://www.lakevillemn.gov/428/City-Council","verifiedAt":"2026-08-08","verifiedAgainst":"https://www.lakevillemn.gov/428/City-Council"}},{"type":"Feature","geometry":{"type":"Point","coordinates":[-93.4420501,45.0992572]},"properties":{"role":"Mayor","city":"Maple Grove","county":null,"ward":null,"wardName":null,"district":null,"stateDistrict":null,"chamber":null,"candidates":[],"isContested":false,"partyUnityPercent":null,"recentVotes":[],"repName":"Mark Steffenson","repParty":"Nonpartisan","repPhotoUrl":"https://www.maplegrovemn.gov/ImageRepository/Document?documentId=5496","repEmail":"msteffenson@maplegrovemn.gov","repPhone":"763-416-0490","termsOfService":[{"termStart":null,"termEnd":null,"current":true,"sourceUrl":"https://www.maplegrovemn.gov/301/Mayor-and-City-Council"}],"committees":["Mayor of Maple Grove"],"neighborhoods":[],"officeRoom":null,"profileUrl":"https://www.maplegrovemn.gov/315/Mark-Steffenson","verifiedAt":"2026-08-08","verifiedAgainst":"https://www.maplegrovemn.gov/301/Mayor-and-City-Council"}},{"type":"Feature","geometry":{"type":"Point","coordinates":[-93.4420501,45.0992572]},"properties":{"role":"Council Member","city":"Maple Grove","county":null,"ward":null,"wardName":null,"district":null,"stateDistrict":null,"chamber":null,"candidates":[],"isContested":false,"partyUnityPercent":null,"recentVotes":[],"repName":"Rachelle Johnson","repParty":"Nonpartisan","repPhotoUrl":"https://www.maplegrovemn.gov/ImageRepository/Document?documentId=5495","repEmail":"rajohnson@maplegrovemn.gov","repPhone":"612-203-8209","termsOfService":[{"termStart":"2023-01-01","termEnd":null,"current":true,"sourceUrl":"https://www.maplegrovemn.gov/301/Mayor-and-City-Council"}],"committees":[],"neighborhoods":[],"officeRoom":null,"profileUrl":"https://www.maplegrovemn.gov/301/Mayor-and-City-Council","verifiedAt":"2026-08-08","verifiedAgainst":"https://www.maplegrovemn.gov/301/Mayor-and-City-Council"}},{"type":"Feature","geometry":{"type":"Point","coordinates":[-93.4420501,45.0992572]},"properties":{"role":"Council Member","city":"Maple Grove","county":null,"ward":null,"wardName":null,"district":null,"stateDistrict":null,"chamber":null,"candidates":[],"isContested":false,"partyUnityPercent":null,"recentVotes":[],"repName":"Kristy Janigo","repParty":"Nonpartisan","repPhotoUrl":"https://www.maplegrovemn.gov/ImageRepository/Document?documentId=5494","repEmail":"kjanigo@maplegrovemn.gov","repPhone":"612-708-9029","termsOfService":[{"termStart":"2023-01-01","termEnd":null,"current":true,"sourceUrl":"https://www.maplegrovemn.gov/301/Mayor-and-City-Council"}],"committees":[],"neighborhoods":[],"officeRoom":null,"profileUrl":"https://www.maplegrovemn.gov/301/Mayor-and-City-Council","verifiedAt":"2026-08-08","verifiedAgainst":"https://www.maplegrovemn.gov/301/Mayor-and-City-Council"}},{"type":"Feature","geometry":{"type":"Point","coordinates":[-93.4420501,45.0992572]},"properties":{"role":"Council Member","city":"Maple Grove","county":null,"ward":null,"wardName":null,"district":null,"stateDistrict":null,"chamber":null,"candidates":[],"isContested":false,"partyUnityPercent":null,"recentVotes":[],"repName":"Mike Ostaffe","repParty":"Nonpartisan","repPhotoUrl":"https://www.maplegrovemn.gov/ImageRepository/Document?documentId=9435","repEmail":"mostaffe@maplegrovemn.gov","repPhone":"763-445-9643","termsOfService":[{"termStart":"2025-01-01","termEnd":null,"current":true,"sourceUrl":"https://www.maplegrovemn.gov/301/Mayor-and-City-Council"}],"committees":[],"neighborhoods":[],"officeRoom":null,"profileUrl":"https://www.maplegrovemn.gov/301/Mayor-and-City-Council","verifiedAt":"2026-08-08","verifiedAgainst":"https://www.maplegrovemn.gov/301/Mayor-and-City-Council"}},{"type":"Feature","geometry":{"type":"Point","coordinates":[-93.4420501,45.0992572]},"properties":{"role":"Council Member","city":"Maple Grove","county":null,"ward":null,"wardName":null,"district":null,"stateDistrict":null,"chamber":null,"candidates":[],"isContested":false,"partyUnityPercent":null,"recentVotes":[],"repName":"Jon McCullough","repParty":"Nonpartisan","repPhotoUrl":"https://www.maplegrovemn.gov/ImageRepository/Document?documentId=9436","repEmail":"jmccullough@maplegrovemn.gov","repPhone":"612-405-0001","termsOfService":[{"termStart":"2025-01-01","termEnd":null,"current":true,"sourceUrl":"https://www.maplegrovemn.gov/301/Mayor-and-City-Council"}],"committees":[],"neighborhoods":[],"officeRoom":null,"profileUrl":"https://www.maplegrovemn.gov/301/Mayor-and-City-Council","verifiedAt":"2026-08-08","verifiedAgainst":"https://www.maplegrovemn.gov/301/Mayor-and-City-Council"}},{"type":"Feature","geometry":{"type":"Point","coordinates":[-93.2090127,44.7346234]},"properties":{"role":"Mayor","city":"Apple Valley","county":null,"ward":null,"wardName":null,"district":null,"stateDistrict":null,"chamber":null,"candidates":[],"isContested":false,"partyUnityPercent":null,"recentVotes":[],"repName":"Clint Hooppaw","repParty":"Nonpartisan","repPhotoUrl":"https://www.applevalleymn.gov/ImageRepository/Document?documentID=16704","repEmail":null,"repPhone":null,"termsOfService":[{"termStart":"2011-01-01","termEnd":null,"current":true,"sourceUrl":"https://www.applevalleymn.gov/27/City-Council"}],"committees":["Mayor of Apple Valley"],"neighborhoods":[],"officeRoom":null,"profileUrl":"https://www.applevalleymn.gov/27/City-Council","verifiedAt":"2026-08-08","verifiedAgainst":"https://www.applevalleymn.gov/27/City-Council"}},{"type":"Feature","geometry":{"type":"Point","coordinates":[-93.2090127,44.7346234]},"properties":{"role":"Council Member","city":"Apple Valley","county":null,"ward":null,"wardName":null,"district":null,"stateDistrict":null,"chamber":null,"candidates":[],"isContested":false,"partyUnityPercent":null,"recentVotes":[],"repName":"John Bergman","repParty":"Nonpartisan","repPhotoUrl":"https://www.applevalleymn.gov/ImageRepository/Document?documentID=16701","repEmail":null,"repPhone":null,"termsOfService":[{"termStart":"2003-01-01","termEnd":null,"current":true,"sourceUrl":"https://www.applevalleymn.gov/27/City-Council"}],"committees":[],"neighborhoods":[],"officeRoom":null,"profileUrl":"https://www.applevalleymn.gov/27/City-Council","verifiedAt":"2026-08-08","verifiedAgainst":"https://www.applevalleymn.gov/27/City-Council"}},{"type":"Feature","geometry":{"type":"Point","coordinates":[-93.2090127,44.7346234]},"properties":{"role":"Council Member","city":"Apple Valley","county":null,"ward":null,"wardName":null,"district":null,"stateDistrict":null,"chamber":null,"candidates":[],"isContested":false,"partyUnityPercent":null,"recentVotes":[],"repName":"Ruth Grendahl","repParty":"Nonpartisan","repPhotoUrl":"https://www.applevalleymn.gov/ImageRepository/Document?documentID=16705","repEmail":null,"repPhone":null,"termsOfService":[{"termStart":"1997-01-01","termEnd":null,"current":true,"sourceUrl":"https://www.applevalleymn.gov/27/City-Council"}],"committees":[],"neighborhoods":[],"officeRoom":null,"profileUrl":"https://www.applevalleymn.gov/27/City-Council","verifiedAt":"2026-08-08","verifiedAgainst":"https://www.applevalleymn.gov/27/City-Council"}},{"type":"Feature","geometry":{"type":"Point","coordinates":[-93.2090127,44.7346234]},"properties":{"role":"Council Member","city":"Apple Valley","county":null,"ward":null,"wardName":null,"district":null,"stateDistrict":null,"chamber":null,"candidates":[],"isContested":false,"partyUnityPercent":null,"recentVotes":[],"repName":"Lisa Hiebert","repParty":"Nonpartisan","repPhotoUrl":"https://www.applevalleymn.gov/ImageRepository/Document?documentID=18866","repEmail":null,"repPhone":null,"termsOfService":[{"termStart":"2025-01-01","termEnd":null,"current":true,"sourceUrl":"https://www.applevalleymn.gov/27/City-Council"}],"committees":[],"neighborhoods":[],"officeRoom":null,"profileUrl":"https://www.applevalleymn.gov/27/City-Council","verifiedAt":"2026-08-08","verifiedAgainst":"https://www.applevalleymn.gov/27/City-Council"}},{"type":"Feature","geometry":{"type":"Point","coordinates":[-93.2090127,44.7346234]},"properties":{"role":"Council Member","city":"Apple Valley","county":null,"ward":null,"wardName":null,"district":null,"stateDistrict":null,"chamber":null,"candidates":[],"isContested":false,"partyUnityPercent":null,"recentVotes":[],"repName":"Tom Melander","repParty":"Nonpartisan","repPhotoUrl":"https://www.applevalleymn.gov/ImageRepository/Document?documentID=16703","repEmail":null,"repPhone":null,"termsOfService":[{"termStart":"2021-01-01","termEnd":null,"current":true,"sourceUrl":"https://www.applevalleymn.gov/27/City-Council"}],"committees":[],"neighborhoods":[],"officeRoom":null,"profileUrl":"https://www.applevalleymn.gov/27/City-Council","verifiedAt":"2026-08-08","verifiedAgainst":"https://www.applevalleymn.gov/27/City-Council"}},{"type":"Feature","geometry":{"type":"Point","coordinates":[-93.2738283,44.7655806]},"properties":{"role":"Mayor","city":"Burnsville","county":null,"ward":null,"wardName":null,"district":null,"stateDistrict":null,"chamber":null,"candidates":[],"isContested":false,"partyUnityPercent":null,"recentVotes":[],"repName":"Elizabeth Kautz","repParty":"Nonpartisan","repPhotoUrl":null,"repEmail":null,"repPhone":null,"termsOfService":[{"termStart":null,"termEnd":null,"current":true,"sourceUrl":"https://burnsvillemn.gov/2078/City-Council"}],"committees":["Mayor of Burnsville"],"neighborhoods":[],"officeRoom":null,"profileUrl":"https://burnsvillemn.gov/2078/City-Council","verifiedAt":"2026-08-08","verifiedAgainst":"https://burnsvillemn.gov/2078/City-Council"}},{"type":"Feature","geometry":{"type":"Point","coordinates":[-93.2738283,44.7655806]},"properties":{"role":"Council Member","city":"Burnsville","county":null,"ward":null,"wardName":null,"district":null,"stateDistrict":null,"chamber":null,"candidates":[],"isContested":false,"partyUnityPercent":null,"recentVotes":[],"repName":"Vince Workman","repParty":"Nonpartisan","repPhotoUrl":null,"repEmail":null,"repPhone":null,"termsOfService":[{"termStart":null,"termEnd":null,"current":true,"sourceUrl":"https://burnsvillemn.gov/2078/City-Council"}],"committees":[],"neighborhoods":[],"officeRoom":null,"profileUrl":"https://burnsvillemn.gov/2078/City-Council","verifiedAt":"2026-08-08","verifiedAgainst":"https://burnsvillemn.gov/2078/City-Council"}},{"type":"Feature","geometry":{"type":"Point","coordinates":[-93.2738283,44.7655806]},"properties":{"role":"Council Member","city":"Burnsville","county":null,"ward":null,"wardName":null,"district":null,"stateDistrict":null,"chamber":null,"candidates":[],"isContested":false,"partyUnityPercent":null,"recentVotes":[],"repName":"Dan Kealey","repParty":"Nonpartisan","repPhotoUrl":null,"repEmail":null,"repPhone":null,"termsOfService":[{"termStart":null,"termEnd":null,"current":true,"sourceUrl":"https://burnsvillemn.gov/2078/City-Council"}],"committees":[],"neighborhoods":[],"officeRoom":null,"profileUrl":"https://burnsvillemn.gov/2078/City-Council","verifiedAt":"2026-08-08","verifiedAgainst":"https://burnsvillemn.gov/2078/City-Council"}},{"type":"Feature","geometry":{"type":"Point","coordinates":[-93.2738283,44.7655806]},"properties":{"role":"Council Member","city":"Burnsville","county":null,"ward":null,"wardName":null,"district":null,"stateDistrict":null,"chamber":null,"candidates":[],"isContested":false,"partyUnityPercent":null,"recentVotes":[],"repName":"Dan Gustafson","repParty":"Nonpartisan","repPhotoUrl":null,"repEmail":null,"repPhone":null,"termsOfService":[{"termStart":null,"termEnd":null,"current":true,"sourceUrl":"https://burnsvillemn.gov/2078/City-Council"}],"committees":[],"neighborhoods":[],"officeRoom":null,"profileUrl":"https://burnsvillemn.gov/2078/City-Council","verifiedAt":"2026-08-08","verifiedAgainst":"https://burnsvillemn.gov/2078/City-Council"}},{"type":"Feature","geometry":{"type":"Point","coordinates":[-93.2738283,44.7655806]},"properties":{"role":"Council Member","city":"Burnsville","county":null,"ward":null,"wardName":null,"district":null,"stateDistrict":null,"chamber":null,"candidates":[],"isContested":false,"partyUnityPercent":null,"recentVotes":[],"repName":"Cara Schulz","repParty":"Nonpartisan","repPhotoUrl":null,"repEmail":null,"repPhone":null,"termsOfService":[{"termStart":null,"termEnd":null,"current":true,"sourceUrl":"https://burnsvillemn.gov/2078/City-Council"}],"committees":[],"neighborhoods":[],"officeRoom":null,"profileUrl":"https://burnsvillemn.gov/2078/City-Council","verifiedAt":"2026-08-08","verifiedAgainst":"https://burnsvillemn.gov/2078/City-Council"}},{"type":"Feature","geometry":{"type":"Point","coordinates":[-93.3473318,44.911093]},"properties":{"role":"Mayor","city":"Edina","county":null,"ward":null,"wardName":null,"district":null,"stateDistrict":null,"chamber":null,"candidates":[],"isContested":false,"partyUnityPercent":null,"recentVotes":[],"repName":"James Hovland","repParty":"Nonpartisan","repPhotoUrl":"https://www.edinamn.gov/ImageRepository/Document?documentID=10560","repEmail":"jhovland@EdinaMN.gov","repPhone":"612-874-8551","termsOfService":[{"termStart":null,"termEnd":null,"current":true,"sourceUrl":"https://www.edinamn.gov/m/directory/employee?eid=7"}],"committees":["Mayor of Edina"],"neighborhoods":[],"officeRoom":null,"profileUrl":"https://www.edinamn.gov/m/directory/employee?eid=7","verifiedAt":"2026-08-08","verifiedAgainst":"https://www.edinamn.gov/m/directory/employee?eid=7"}},{"type":"Feature","geometry":{"type":"Point","coordinates":[-93.3473318,44.911093]},"properties":{"role":"Council Member","city":"Edina","county":null,"ward":null,"wardName":null,"district":null,"stateDistrict":null,"chamber":null,"candidates":[],"isContested":false,"partyUnityPercent":null,"recentVotes":[],"repName":"Kate Agnew","repParty":"Nonpartisan","repPhotoUrl":"https://www.edinamn.gov/ImageRepository/Document?documentID=12855","repEmail":"KAgnew@EdinaMN.gov","repPhone":"952-833-9556","termsOfService":[{"termStart":null,"termEnd":null,"current":true,"sourceUrl":"https://www.edinamn.gov/m/directory/employee?eid=655"}],"committees":[],"neighborhoods":[],"officeRoom":null,"profileUrl":"https://www.edinamn.gov/m/directory/employee?eid=655","verifiedAt":"2026-08-08","verifiedAgainst":"https://www.edinamn.gov/m/directory/employee?eid=655"}},{"type":"Feature","geometry":{"type":"Point","coordinates":[-93.3473318,44.911093]},"properties":{"role":"Council Member","city":"Edina","county":null,"ward":null,"wardName":null,"district":null,"stateDistrict":null,"chamber":null,"candidates":[],"isContested":false,"partyUnityPercent":null,"recentVotes":[],"repName":"Carolyn Jackson","repParty":"Nonpartisan","repPhotoUrl":"https://www.edinamn.gov/ImageRepository/Document?documentID=15559","repEmail":"CJackson@EdinaMN.gov","repPhone":"952-833-9547","termsOfService":[{"termStart":null,"termEnd":null,"current":true,"sourceUrl":"https://www.edinamn.gov/m/directory/employee?eid=541"}],"committees":[],"neighborhoods":[],"officeRoom":null,"profileUrl":"https://www.edinamn.gov/m/directory/employee?eid=541","verifiedAt":"2026-08-08","verifiedAgainst":"https://www.edinamn.gov/m/directory/employee?eid=541"}},{"type":"Feature","geometry":{"type":"Point","coordinates":[-93.3473318,44.911093]},"properties":{"role":"Council Member","city":"Edina","county":null,"ward":null,"wardName":null,"district":null,"stateDistrict":null,"chamber":null,"candidates":[],"isContested":false,"partyUnityPercent":null,"recentVotes":[],"repName":"James Pierce","repParty":"Nonpartisan","repPhotoUrl":"https://www.edinamn.gov/ImageRepository/Document?documentID=14137","repEmail":"JPierce@EdinaMN.gov","repPhone":"952-833-9548","termsOfService":[{"termStart":null,"termEnd":null,"current":true,"sourceUrl":"https://www.edinamn.gov/m/directory/employee?eid=542"}],"committees":[],"neighborhoods":[],"officeRoom":null,"profileUrl":"https://www.edinamn.gov/m/directory/employee?eid=542","verifiedAt":"2026-08-08","verifiedAgainst":"https://www.edinamn.gov/m/directory/employee?eid=542"}},{"type":"Feature","geometry":{"type":"Point","coordinates":[-93.3473318,44.911093]},"properties":{"role":"Council Member","city":"Edina","county":null,"ward":null,"wardName":null,"district":null,"stateDistrict":null,"chamber":null,"candidates":[],"isContested":false,"partyUnityPercent":null,"recentVotes":[],"repName":"Julie Risser","repParty":"Nonpartisan","repPhotoUrl":"https://www.edinamn.gov/ImageRepository/Document?documentID=15558","repEmail":"JRisser@EdinaMN.gov","repPhone":"952-833-9557","termsOfService":[{"termStart":null,"termEnd":null,"current":true,"sourceUrl":"https://www.edinamn.gov/m/directory/employee?eid=656"}],"committees":[],"neighborhoods":[],"officeRoom":null,"profileUrl":"https://www.edinamn.gov/m/directory/employee?eid=656","verifiedAt":"2026-08-08","verifiedAgainst":"https://www.edinamn.gov/m/directory/employee?eid=656"}},{"type":"Feature","geometry":{"type":"Point","coordinates":[-93.4603848,44.856807]},"properties":{"role":"Mayor","city":"Eden Prairie","county":null,"ward":null,"wardName":null,"district":null,"stateDistrict":null,"chamber":null,"candidates":[],"isContested":false,"partyUnityPercent":null,"recentVotes":[],"repName":"Ron Case","repParty":"Nonpartisan","repPhotoUrl":null,"repEmail":null,"repPhone":null,"termsOfService":[{"termStart":null,"termEnd":null,"current":true,"sourceUrl":"https://www.edenprairiemn.gov/city-government/city-council/ron-case"}],"committees":["Mayor of Eden Prairie"],"neighborhoods":[],"officeRoom":null,"profileUrl":"https://www.edenprairiemn.gov/city-government/city-council/ron-case"}},{"type":"Feature","geometry":{"type":"Point","coordinates":[-93.4603848,44.856807]},"properties":{"role":"Council Member","city":"Eden Prairie","county":null,"ward":null,"wardName":null,"district":null,"stateDistrict":null,"chamber":null,"candidates":[],"isContested":false,"partyUnityPercent":null,"recentVotes":[],"repName":"Mark Freiberg","repParty":"Nonpartisan","repPhotoUrl":null,"repEmail":null,"repPhone":null,"termsOfService":[{"termStart":null,"termEnd":null,"current":true,"sourceUrl":"https://www.edenprairiemn.gov/city-government/city-council"}],"committees":[],"neighborhoods":[],"officeRoom":null,"profileUrl":"https://www.edenprairiemn.gov/city-government/city-council"}},{"type":"Feature","geometry":{"type":"Point","coordinates":[-93.4603848,44.856807]},"properties":{"role":"Council Member","city":"Eden Prairie","county":null,"ward":null,"wardName":null,"district":null,"stateDistrict":null,"chamber":null,"candidates":[],"isContested":false,"partyUnityPercent":null,"recentVotes":[],"repName":"PG Narayanan","repParty":"Nonpartisan","repPhotoUrl":null,"repEmail":null,"repPhone":null,"termsOfService":[{"termStart":null,"termEnd":null,"current":true,"sourceUrl":"https://www.edenprairiemn.gov/city-government/city-council/pg-narayanan"}],"committees":[],"neighborhoods":[],"officeRoom":null,"profileUrl":"https://www.edenprairiemn.gov/city-government/city-council/pg-narayanan"}},{"type":"Feature","geometry":{"type":"Point","coordinates":[-93.4603848,44.856807]},"properties":{"role":"Council Member","city":"Eden Prairie","county":null,"ward":null,"wardName":null,"district":null,"stateDistrict":null,"chamber":null,"candidates":[],"isContested":false,"partyUnityPercent":null,"recentVotes":[],"repName":"Kathy Nelson","repParty":"Nonpartisan","repPhotoUrl":null,"repEmail":null,"repPhone":null,"termsOfService":[{"termStart":null,"termEnd":null,"current":true,"sourceUrl":"https://www.edenprairiemn.gov/city-government/city-council"}],"committees":[],"neighborhoods":[],"officeRoom":null,"profileUrl":"https://www.edenprairiemn.gov/city-government/city-council"}},{"type":"Feature","geometry":{"type":"Point","coordinates":[-93.4603848,44.856807]},"properties":{"role":"Council Member","city":"Eden Prairie","county":null,"ward":null,"wardName":null,"district":null,"stateDistrict":null,"chamber":null,"candidates":[],"isContested":false,"partyUnityPercent":null,"recentVotes":[],"repName":"Lisa Toomey","repParty":"Nonpartisan","repPhotoUrl":null,"repEmail":null,"repPhone":null,"termsOfService":[{"termStart":null,"termEnd":null,"current":true,"sourceUrl":"https://www.edenprairiemn.gov/city-government/city-council"}],"committees":[],"neighborhoods":[],"officeRoom":null,"profileUrl":"https://www.edenprairiemn.gov/city-government/city-council"}},{"type":"Feature","geometry":{"type":"Point","coordinates":[-92.459679,44.019372]},"properties":{"role":"Mayor","city":"Rochester","county":null,"ward":null,"wardName":null,"district":null,"stateDistrict":null,"chamber":null,"candidates":[],"isContested":false,"partyUnityPercent":null,"recentVotes":[],"repName":"Kim Norton","repParty":"Nonpartisan","repPhotoUrl":"https://www.rochestermn.gov/media/lqedgesb/mayor-kim-norton-2025-headshot-2.jpg","repEmail":"mrogers@rochestermn.gov","repPhone":"507-328-2700","termsOfService":[{"termStart":null,"termEnd":null,"current":true,"sourceUrl":"https://www.rochestermn.gov/council-administration/mayor-s-office/"}],"committees":["Mayor of Rochester"],"neighborhoods":[],"officeRoom":null,"profileUrl":"https://www.rochestermn.gov/council-administration/mayor-s-office/","verifiedAt":"2026-08-08","verifiedAgainst":"https://www.rochestermn.gov/council-administration/mayor-s-office/"}},{"type":"Feature","geometry":{"type":"Point","coordinates":[-92.459679,44.019372]},"properties":{"role":"Council Member","city":"Rochester","county":null,"ward":null,"wardName":null,"district":null,"stateDistrict":null,"chamber":null,"candidates":[],"isContested":false,"partyUnityPercent":null,"recentVotes":[],"repName":"Randy Schubring","repParty":"Nonpartisan","repPhotoUrl":"https://www.rochestermn.gov/media/iwbfbse2/randy-schubring_full.jpg","repEmail":"rschubring@rochestermn.gov","repPhone":"507-328-2992","termsOfService":[{"termStart":null,"termEnd":null,"current":true,"sourceUrl":"https://www.rochestermn.gov/council-administration/city-council/councilmembers/"}],"committees":["Council President"],"neighborhoods":[],"officeRoom":null,"profileUrl":"https://www.rochestermn.gov/council-administration/city-council/councilmembers/","verifiedAt":"2026-08-08","verifiedAgainst":"https://www.rochestermn.gov/council-administration/city-council/councilmembers/"}},{"type":"Feature","geometry":{"type":"Point","coordinates":[-92.1052761,46.7838565]},"properties":{"role":"Mayor","city":"Duluth","county":null,"ward":null,"wardName":null,"district":null,"stateDistrict":null,"chamber":null,"candidates":[],"isContested":false,"partyUnityPercent":null,"recentVotes":[],"repName":"Roger Reinert","repParty":"Nonpartisan","repPhotoUrl":"https://duluthmn.gov/media/hp3llka2/reinert_roger_formal-headshot_-with-seal.jpg","repEmail":"rreinert@duluthmn.gov","repPhone":"218-730-5230","termsOfService":[{"termStart":"2024-01-01","termEnd":null,"current":true,"sourceUrl":"https://duluthmn.gov/mayor/"}],"committees":["Mayor of Duluth"],"neighborhoods":[],"officeRoom":"City Hall, Room 422","profileUrl":"https://duluthmn.gov/mayor/","verifiedAt":"2026-08-08","verifiedAgainst":"https://duluthmn.gov/mayor/"}},{"type":"Feature","geometry":{"type":"Point","coordinates":[-92.1052761,46.7838565]},"properties":{"role":"Council Member","city":"Duluth","county":null,"ward":null,"wardName":null,"district":null,"stateDistrict":null,"chamber":null,"candidates":[],"isContested":false,"partyUnityPercent":null,"recentVotes":[],"repName":"Jordon Johnson","repParty":"Nonpartisan","repPhotoUrl":"https://duluthmn.gov/media/4fdmblbq/jordon-johnson-at-large-city-councilor.jpg","repEmail":"jjohnson@duluthmn.gov","repPhone":"218-730-5359","termsOfService":[{"termStart":null,"termEnd":null,"current":true,"sourceUrl":"https://duluthmn.gov/city-council/"}],"committees":[],"neighborhoods":[],"officeRoom":null,"profileUrl":"https://duluthmn.gov/city-council/","verifiedAt":"2026-08-08","verifiedAgainst":"https://duluthmn.gov/city-council/"}},{"type":"Feature","geometry":{"type":"Point","coordinates":[-92.1052761,46.7838565]},"properties":{"role":"Council Member","city":"Duluth","county":null,"ward":null,"wardName":null,"district":null,"stateDistrict":null,"chamber":null,"candidates":[],"isContested":false,"partyUnityPercent":null,"recentVotes":[],"repName":"Arik Forsman","repParty":"Nonpartisan","repPhotoUrl":"https://duluthmn.gov/media/xsrptm2t/forsman-head-shot.jpg","repEmail":"aforsman@duluthmn.gov","repPhone":"218-730-5352","termsOfService":[{"termStart":null,"termEnd":null,"current":true,"sourceUrl":"https://duluthmn.gov/city-council/"}],"committees":[],"neighborhoods":[],"officeRoom":null,"profileUrl":"https://duluthmn.gov/city-council/","verifiedAt":"2026-08-08","verifiedAgainst":"https://duluthmn.gov/city-council/"}},{"type":"Feature","geometry":{"type":"Point","coordinates":[-92.1052761,46.7838565]},"properties":{"role":"Council Member","city":"Duluth","county":null,"ward":null,"wardName":null,"district":null,"stateDistrict":null,"chamber":null,"candidates":[],"isContested":false,"partyUnityPercent":null,"recentVotes":[],"repName":"Lynn Marie Nephew","repParty":"Nonpartisan","repPhotoUrl":null,"repEmail":"lnephew@duluthmn.gov","repPhone":"218-730-5354","termsOfService":[{"termStart":null,"termEnd":null,"current":true,"sourceUrl":"https://duluthmn.gov/city-council/"}],"committees":["Council President"],"neighborhoods":[],"officeRoom":null,"profileUrl":"https://duluthmn.gov/city-council/","verifiedAt":"2026-08-08","verifiedAgainst":"https://duluthmn.gov/city-council/"}},{"type":"Feature","geometry":{"type":"Point","coordinates":[-92.1052761,46.7838565]},"properties":{"role":"Council Member","city":"Duluth","county":null,"ward":null,"wardName":null,"district":null,"stateDistrict":null,"chamber":null,"candidates":[],"isContested":false,"partyUnityPercent":null,"recentVotes":[],"repName":"Terese Tomanek","repParty":"Nonpartisan","repPhotoUrl":"https://duluthmn.gov/media/12005/headshot.jpg","repEmail":"ttomanek@duluthmn.gov","repPhone":"218-730-5358","termsOfService":[{"termStart":null,"termEnd":null,"current":true,"sourceUrl":"https://duluthmn.gov/city-council/"}],"committees":[],"neighborhoods":[],"officeRoom":null,"profileUrl":"https://duluthmn.gov/city-council/","verifiedAt":"2026-08-08","verifiedAgainst":"https://duluthmn.gov/city-council/"}},{"type":"Feature","geometry":{"type":"Point","coordinates":[-94.165496,45.553142]},"properties":{"role":"Mayor","city":"St. Cloud","county":null,"ward":null,"wardName":null,"district":null,"stateDistrict":null,"chamber":null,"candidates":[],"isContested":false,"partyUnityPercent":null,"recentVotes":[],"repName":"Jake Anderson","repParty":"Nonpartisan","repPhotoUrl":"https://www.ci.stcloud.mn.us/ImageRepository/Document?documentID=29161","repEmail":"Jake.Anderson@ci.stcloud.mn.us","repPhone":"320-255-7201","termsOfService":[{"termStart":"2024-11-01","termEnd":null,"current":true,"sourceUrl":"https://www.ci.stcloud.mn.us/82/Mayors-Office"}],"committees":["Mayor of St. Cloud"],"neighborhoods":[],"officeRoom":null,"profileUrl":"https://www.ci.stcloud.mn.us/82/Mayors-Office","verifiedAt":"2026-08-08","verifiedAgainst":"https://www.ci.stcloud.mn.us/82/Mayors-Office"}},{"type":"Feature","geometry":{"type":"Point","coordinates":[-94.165496,45.553142]},"properties":{"role":"Council Member","city":"St. Cloud","county":null,"ward":null,"wardName":null,"district":null,"stateDistrict":null,"chamber":null,"candidates":[],"isContested":false,"partyUnityPercent":null,"recentVotes":[],"repName":"Scott Brodeen","repParty":"Nonpartisan","repPhotoUrl":"https://www.ci.stcloud.mn.us/ImageRepository/Document?documentID=28673","repEmail":"scott.brodeen@ci.stcloud.mn.us","repPhone":"651-246-4936","termsOfService":[{"termStart":null,"termEnd":null,"current":true,"sourceUrl":"https://www.ci.stcloud.mn.us/81/City-Council"}],"committees":[],"neighborhoods":[],"officeRoom":null,"profileUrl":"https://www.ci.stcloud.mn.us/81/City-Council","verifiedAt":"2026-08-08","verifiedAgainst":"https://www.ci.stcloud.mn.us/Directory.aspx?DID=35"}},{"type":"Feature","geometry":{"type":"Point","coordinates":[-94.165496,45.553142]},"properties":{"role":"Council Member","city":"St. Cloud","county":null,"ward":null,"wardName":null,"district":null,"stateDistrict":null,"chamber":null,"candidates":[],"isContested":false,"partyUnityPercent":null,"recentVotes":[],"repName":"Tami Calhoun","repParty":"Nonpartisan","repPhotoUrl":"https://www.ci.stcloud.mn.us/ImageRepository/Document?documentID=28669","repEmail":"tami.calhoun@ci.stcloud.mn.us","repPhone":"320-267-9366","termsOfService":[{"termStart":null,"termEnd":null,"current":true,"sourceUrl":"https://www.ci.stcloud.mn.us/81/City-Council"}],"committees":[],"neighborhoods":[],"officeRoom":null,"profileUrl":"https://www.ci.stcloud.mn.us/81/City-Council","verifiedAt":"2026-08-08","verifiedAgainst":"https://www.ci.stcloud.mn.us/Directory.aspx?DID=35"}},{"type":"Feature","geometry":{"type":"Point","coordinates":[-94.165496,45.553142]},"properties":{"role":"Council Member","city":"St. Cloud","county":null,"ward":null,"wardName":null,"district":null,"stateDistrict":null,"chamber":null,"candidates":[],"isContested":false,"partyUnityPercent":null,"recentVotes":[],"repName":"Mark Johnson","repParty":"Nonpartisan","repPhotoUrl":"https://www.ci.stcloud.mn.us/ImageRepository/Document?documentID=28675","repEmail":"mark.johnson@ci.stcloud.mn.us","repPhone":"320-420-8745","termsOfService":[{"termStart":null,"termEnd":null,"current":true,"sourceUrl":"https://www.ci.stcloud.mn.us/81/City-Council"}],"committees":[],"neighborhoods":[],"officeRoom":null,"profileUrl":"https://www.ci.stcloud.mn.us/81/City-Council","verifiedAt":"2026-08-08","verifiedAgainst":"https://www.ci.stcloud.mn.us/Directory.aspx?DID=35"}},{"type":"Feature","geometry":{"type":"Point","coordinates":[-93.3956,45.1713]},"properties":{"role":"Mayor","city":"Champlin","county":null,"ward":null,"wardName":null,"district":null,"stateDistrict":null,"chamber":null,"candidates":[],"isContested":false,"partyUnityPercent":null,"recentVotes":[],"repName":"Ryan Sabas","repParty":"Nonpartisan","repPhotoUrl":"https://www.champlinmn.gov/ImageRepository/Document?documentID=2085","repEmail":"rsabas@champlinmn.gov","repPhone":null,"termsOfService":[{"termStart":null,"termEnd":null,"current":true,"sourceUrl":"https://www.champlinmn.gov/277/Mayor-City-Council"}],"committees":["Mayor of Champlin"],"neighborhoods":[],"officeRoom":null,"profileUrl":"https://www.champlinmn.gov/277/Mayor-City-Council","verifiedAt":"2026-08-09","verifiedAgainst":"https://www.champlinmn.gov/277/Mayor-City-Council"}},{"type":"Feature","geometry":{"type":"Point","coordinates":[-93.3606391,45.0320088]},"properties":{"role":"Mayor","city":"Crystal","county":null,"ward":null,"wardName":null,"district":null,"stateDistrict":null,"chamber":null,"candidates":[],"isContested":false,"partyUnityPercent":null,"recentVotes":[],"repName":"Julie Deshler","repParty":"Nonpartisan","repPhotoUrl":"https://www.crystalmn.gov/UserFiles/Servers/Server_10879634/Image/Government/City%20Council/Deshler-web.jpg","repEmail":"julie.deshler2@crystalmn.gov","repPhone":"612-306-5808","termsOfService":[{"termStart":null,"termEnd":null,"current":true,"sourceUrl":"https://www.crystalmn.gov/government/city_council"}],"committees":["Mayor of Crystal"],"neighborhoods":[],"officeRoom":null,"profileUrl":"https://www.crystalmn.gov/government/city_council","verifiedAt":"2026-08-09","verifiedAgainst":"https://www.crystalmn.gov/government/city_council"}},{"type":"Feature","geometry":{"type":"Point","coordinates":[-93.3353832,45.0317151]},"properties":{"role":"Mayor","city":"Robbinsdale","county":null,"ward":null,"wardName":null,"district":null,"stateDistrict":null,"chamber":null,"candidates":[],"isContested":false,"partyUnityPercent":null,"recentVotes":[],"repName":"Brad Sutton","repParty":"Nonpartisan","repPhotoUrl":"https://www.robbinsdalemn.gov/ImageRepository/Document?documentID=1544","repEmail":"bsutton@robbinsdalemn.gov","repPhone":"763-232-0556","termsOfService":[{"termStart":"2025-01-07","termEnd":null,"current":true,"sourceUrl":"https://www.robbinsdalemn.gov/m/directory/employee?eid=6"}],"committees":["Mayor of Robbinsdale"],"neighborhoods":[],"officeRoom":null,"profileUrl":"https://www.robbinsdalemn.gov/m/directory/employee?eid=6","verifiedAt":"2026-08-09","verifiedAgainst":"https://www.robbinsdalemn.gov/m/directory/employee?eid=6"}},{"type":"Feature","geometry":{"type":"Point","coordinates":[-93.2632944,45.0966451]},"properties":{"role":"Mayor","city":"Fridley","county":null,"ward":null,"wardName":null,"district":null,"stateDistrict":null,"chamber":null,"candidates":[],"isContested":false,"partyUnityPercent":null,"recentVotes":[],"repName":"Dave Ostwald","repParty":"Nonpartisan","repPhotoUrl":null,"repEmail":"Dave.Ostwald@FridleyMN.gov","repPhone":null,"termsOfService":[{"termStart":null,"termEnd":null,"current":true,"sourceUrl":"https://www.fridleymn.gov/Your-Government/City-Council-Commissions/Meet-Your-Council/Dave-Ostwald"}],"committees":["Mayor of Fridley"],"neighborhoods":[],"officeRoom":null,"profileUrl":"https://www.fridleymn.gov/Your-Government/City-Council-Commissions/Meet-Your-Council/Dave-Ostwald","verifiedAt":"2026-08-09","verifiedAgainst":"https://www.fridleymn.gov/Your-Government/City-Council-Commissions/Meet-Your-Council/Dave-Ostwald"}},{"type":"Feature","geometry":{"type":"Point","coordinates":[-93.4597832,45.2327342]},"properties":{"role":"Mayor","city":"Ramsey","county":null,"ward":null,"wardName":null,"district":null,"stateDistrict":null,"chamber":null,"candidates":[],"isContested":false,"partyUnityPercent":null,"recentVotes":[],"repName":"Ryan Heineman","repParty":"Nonpartisan","repPhotoUrl":"https://www.cityoframseymn.gov/media/35tl2qz3/document.jpg","repEmail":"rheineman@cityoframsey.com","repPhone":"763-576-4367","termsOfService":[{"termStart":null,"termEnd":null,"current":true,"sourceUrl":"https://www.cityoframseymn.gov/city-hall/council/elected-officials/"}],"committees":["Mayor of Ramsey"],"neighborhoods":[],"officeRoom":null,"profileUrl":"https://www.cityoframseymn.gov/city-hall/council/elected-officials/","verifiedAt":"2026-08-09","verifiedAgainst":"https://www.cityoframseymn.gov/city-hall/council/elected-officials/"}},{"type":"Feature","geometry":{"type":"Point","coordinates":[-93.3794744,44.9859974]},"properties":{"role":"Mayor","city":"Golden Valley","county":null,"ward":null,"wardName":null,"district":null,"stateDistrict":null,"chamber":null,"candidates":[],"isContested":false,"partyUnityPercent":null,"recentVotes":[],"repName":"Roslyn Harmon","repParty":"Nonpartisan","repPhotoUrl":"https://goldenvalleymn.gov/ImageRepository/Document?documentID=3761","repEmail":"rharmon@goldenvalleymn.gov","repPhone":"952-463-0630","termsOfService":[{"termStart":null,"termEnd":null,"current":true,"sourceUrl":"https://goldenvalleymn.gov/180/City-Council"}],"committees":["Mayor of Golden Valley"],"neighborhoods":[],"officeRoom":null,"profileUrl":"https://goldenvalleymn.gov/180/City-Council","verifiedAt":"2026-08-09","verifiedAgainst":"https://goldenvalleymn.gov/180/City-Council"}},{"type":"Feature","geometry":{"type":"Point","coordinates":[-93.3794744,44.9859974]},"properties":{"role":"Council Member","city":"Golden Valley","county":null,"ward":null,"wardName":null,"district":null,"stateDistrict":null,"chamber":null,"candidates":[],"isContested":false,"partyUnityPercent":null,"recentVotes":[],"repName":"Sophia Ginis","repParty":"Nonpartisan","repPhotoUrl":"https://goldenvalleymn.gov/ImageRepository/Document?documentID=5561","repEmail":"sginis@goldenvalleymn.gov","repPhone":"763-340-1271","termsOfService":[{"termStart":null,"termEnd":null,"current":true,"sourceUrl":"https://goldenvalleymn.gov/180/City-Council"}],"committees":[],"neighborhoods":[],"officeRoom":null,"profileUrl":"https://goldenvalleymn.gov/180/City-Council","verifiedAt":"2026-08-09","verifiedAgainst":"https://goldenvalleymn.gov/180/City-Council"}},{"type":"Feature","geometry":{"type":"Point","coordinates":[-93.3794744,44.9859974]},"properties":{"role":"Council Member","city":"Golden Valley","county":null,"ward":null,"wardName":null,"district":null,"stateDistrict":null,"chamber":null,"candidates":[],"isContested":false,"partyUnityPercent":null,"recentVotes":[],"repName":"Maurice Harris","repParty":"Nonpartisan","repPhotoUrl":"https://goldenvalleymn.gov/ImageRepository/Document?documentID=121","repEmail":"mharris@goldenvalleymn.gov","repPhone":"612-567-2584","termsOfService":[{"termStart":null,"termEnd":null,"current":true,"sourceUrl":"https://goldenvalleymn.gov/180/City-Council"}],"committees":[],"neighborhoods":[],"officeRoom":null,"profileUrl":"https://goldenvalleymn.gov/180/City-Council","verifiedAt":"2026-08-09","verifiedAgainst":"https://goldenvalleymn.gov/180/City-Council"}},{"type":"Feature","geometry":{"type":"Point","coordinates":[-93.3794744,44.9859974]},"properties":{"role":"Council Member","city":"Golden Valley","county":null,"ward":null,"wardName":null,"district":null,"stateDistrict":null,"chamber":null,"candidates":[],"isContested":false,"partyUnityPercent":null,"recentVotes":[],"repName":"Tracey Fussy","repParty":"Nonpartisan","repPhotoUrl":"https://goldenvalleymn.gov/ImageRepository/Document?documentID=5560","repEmail":"tfussy@goldenvalleymn.gov","repPhone":"952-495-5562","termsOfService":[{"termStart":null,"termEnd":null,"current":true,"sourceUrl":"https://goldenvalleymn.gov/180/City-Council"}],"committees":[],"neighborhoods":[],"officeRoom":null,"profileUrl":"https://goldenvalleymn.gov/180/City-Council","verifiedAt":"2026-08-09","verifiedAgainst":"https://goldenvalleymn.gov/180/City-Council"}},{"type":"Feature","geometry":{"type":"Point","coordinates":[-93.3794744,44.9859974]},"properties":{"role":"Council Member","city":"Golden Valley","county":null,"ward":null,"wardName":null,"district":null,"stateDistrict":null,"chamber":null,"candidates":[],"isContested":false,"partyUnityPercent":null,"recentVotes":[],"repName":"Chris Queitzsch","repParty":"Nonpartisan","repPhotoUrl":"https://goldenvalleymn.gov/ImageRepository/Document?documentID=5562","repEmail":"cqueitzsch@goldenvalleymn.gov","repPhone":"952-428-8922","termsOfService":[{"termStart":null,"termEnd":null,"current":true,"sourceUrl":"https://goldenvalleymn.gov/180/City-Council"}],"committees":[],"neighborhoods":[],"officeRoom":null,"profileUrl":"https://goldenvalleymn.gov/180/City-Council","verifiedAt":"2026-08-09","verifiedAgainst":"https://goldenvalleymn.gov/180/City-Council"}},{"type":"Feature","geometry":{"type":"Point","coordinates":[-93.3861886,45.0346362]},"properties":{"role":"Mayor","city":"New Hope","county":null,"ward":null,"wardName":null,"district":null,"stateDistrict":null,"chamber":null,"candidates":[],"isContested":false,"partyUnityPercent":null,"recentVotes":[],"repName":"John Elder","repParty":"Nonpartisan","repPhotoUrl":"https://cdnsm5-hosted.civiclive.com/UserFiles/Servers/Server_9826625/Image/City%20Hall/City%20Council/Council%20Members/Elder.jpg","repEmail":"jelder@newhopemn.gov","repPhone":"763-341-1350","termsOfService":[{"termStart":null,"termEnd":null,"current":true,"sourceUrl":"https://www.newhopemn.gov/city_hall/city_council/council_members"}],"committees":["Mayor of New Hope"],"neighborhoods":[],"officeRoom":null,"profileUrl":"https://www.newhopemn.gov/city_hall/city_council/council_members","verifiedAt":"2026-08-09","verifiedAgainst":"https://www.newhopemn.gov/city_hall/city_council/council_members"}},{"type":"Feature","geometry":{"type":"Point","coordinates":[-93.3861886,45.0346362]},"properties":{"role":"Council Member","city":"New Hope","county":null,"ward":null,"wardName":null,"district":null,"stateDistrict":null,"chamber":null,"candidates":[],"isContested":false,"partyUnityPercent":null,"recentVotes":[],"repName":"Kyle Coryell","repParty":"Nonpartisan","repPhotoUrl":"https://cdnsm5-hosted.civiclive.com/UserFiles/Servers/Server_9826625/Image/City%20Hall/City%20Council/Council%20Members/Coryell,%20Kyle.JPG","repEmail":"kcoryell@newhopemn.gov","repPhone":"763-250-1177","termsOfService":[{"termStart":"2025-01-01","termEnd":null,"current":true,"sourceUrl":"https://www.newhopemn.gov/city_hall/city_council/council_members"}],"committees":[],"neighborhoods":[],"officeRoom":null,"profileUrl":"https://www.newhopemn.gov/city_hall/city_council/council_members","verifiedAt":"2026-08-09","verifiedAgainst":"https://www.newhopemn.gov/city_hall/city_council/council_members"}},{"type":"Feature","geometry":{"type":"Point","coordinates":[-93.3861886,45.0346362]},"properties":{"role":"Council Member","city":"New Hope","county":null,"ward":null,"wardName":null,"district":null,"stateDistrict":null,"chamber":null,"candidates":[],"isContested":false,"partyUnityPercent":null,"recentVotes":[],"repName":"Michael Isenberg","repParty":"Nonpartisan","repPhotoUrl":"https://cdnsm5-hosted.civiclive.com/UserFiles/Servers/Server_9826625/Image/City%20Hall/City%20Council/Council%20Members/MIsenberg.jpg","repEmail":"misenberg@newhopemn.gov","repPhone":"612-568-2337","termsOfService":[{"termStart":null,"termEnd":null,"current":true,"sourceUrl":"https://www.newhopemn.gov/city_hall/city_council/council_members"}],"committees":[],"neighborhoods":[],"officeRoom":null,"profileUrl":"https://www.newhopemn.gov/city_hall/city_council/council_members","verifiedAt":"2026-08-09","verifiedAgainst":"https://www.newhopemn.gov/city_hall/city_council/council_members"}},{"type":"Feature","geometry":{"type":"Point","coordinates":[-93.3861886,45.0346362]},"properties":{"role":"Council Member","city":"New Hope","county":null,"ward":null,"wardName":null,"district":null,"stateDistrict":null,"chamber":null,"candidates":[],"isContested":false,"partyUnityPercent":null,"recentVotes":[],"repName":"Jonathan London","repParty":"Nonpartisan","repPhotoUrl":"https://cdnsm5-hosted.civiclive.com/UserFiles/Servers/Server_9826625/Image/City%20Hall/City%20Council/Council%20Members/London.jpg","repEmail":"jlondon@newhopemn.gov","repPhone":"763-546-1293","termsOfService":[{"termStart":null,"termEnd":null,"current":true,"sourceUrl":"https://www.newhopemn.gov/city_hall/city_council/council_members"}],"committees":[],"neighborhoods":[],"officeRoom":null,"profileUrl":"https://www.newhopemn.gov/city_hall/city_council/council_members","verifiedAt":"2026-08-09","verifiedAgainst":"https://www.newhopemn.gov/city_hall/city_council/council_members"}},{"type":"Feature","geometry":{"type":"Point","coordinates":[-93.3861886,45.0346362]},"properties":{"role":"Council Member","city":"New Hope","county":null,"ward":null,"wardName":null,"district":null,"stateDistrict":null,"chamber":null,"candidates":[],"isContested":false,"partyUnityPercent":null,"recentVotes":[],"repName":"Brock Ray","repParty":"Nonpartisan","repPhotoUrl":"https://cdnsm5-hosted.civiclive.com/UserFiles/Servers/Server_9826625/Image/City%20Hall/City%20Council/Council%20Members/Ray,%20Brock.JPG","repEmail":"bray@newhopemn.gov","repPhone":"612-481-0566","termsOfService":[{"termStart":"2025-08-01","termEnd":null,"current":true,"sourceUrl":"https://www.newhopemn.gov/city_hall/city_council/council_members"}],"committees":[],"neighborhoods":[],"officeRoom":null,"profileUrl":"https://www.newhopemn.gov/city_hall/city_council/council_members","verifiedAt":"2026-08-09","verifiedAgainst":"https://www.newhopemn.gov/city_hall/city_council/council_members"}},{"type":"Feature","geometry":{"type":"Point","coordinates":[-93.2469559,45.0405879]},"properties":{"role":"Mayor","city":"Columbia Heights","county":null,"ward":null,"wardName":null,"district":null,"stateDistrict":null,"chamber":null,"candidates":[],"isContested":false,"partyUnityPercent":null,"recentVotes":[],"repName":"Amáda Márquez Simula","repParty":"Nonpartisan","repPhotoUrl":"https://www.columbiaheightsmn.gov/Images/Government/City%20Council%20Commissions/City%20Council/Amada%20Marquez%20Simula.jpg","repEmail":"amarquezsimula@columbiaheightsmn.gov","repPhone":"763-706-3607","termsOfService":[{"termStart":null,"termEnd":null,"current":true,"sourceUrl":"https://www.columbiaheightsmn.gov/city_council_commissions/city_council.php"}],"committees":["Mayor of Columbia Heights"],"neighborhoods":[],"officeRoom":null,"profileUrl":"https://www.columbiaheightsmn.gov/city_council_commissions/city_council.php","verifiedAt":"2026-08-09","verifiedAgainst":"https://www.columbiaheightsmn.gov/city_council_commissions/city_council.php"}},{"type":"Feature","geometry":{"type":"Point","coordinates":[-93.2469559,45.0405879]},"properties":{"role":"Council Member","city":"Columbia Heights","county":null,"ward":null,"wardName":null,"district":null,"stateDistrict":null,"chamber":null,"candidates":[],"isContested":false,"partyUnityPercent":null,"recentVotes":[],"repName":"Connie Buesgens","repParty":"Nonpartisan","repPhotoUrl":"https://www.columbiaheightsmn.gov/Images/Government/City%20Council%20Commissions/City%20Council/Buesgens%20-%20Copy%20(2).jpg","repEmail":"cbuesgens@columbiaheightsmn.gov","repPhone":"612-314-9776","termsOfService":[{"termStart":null,"termEnd":null,"current":true,"sourceUrl":"https://www.columbiaheightsmn.gov/city_council_commissions/city_council.php"}],"committees":[],"neighborhoods":[],"officeRoom":null,"profileUrl":"https://www.columbiaheightsmn.gov/city_council_commissions/city_council.php","verifiedAt":"2026-08-09","verifiedAgainst":"https://www.columbiaheightsmn.gov/city_council_commissions/city_council.php"}},{"type":"Feature","geometry":{"type":"Point","coordinates":[-93.2469559,45.0405879]},"properties":{"role":"Council Member","city":"Columbia Heights","county":null,"ward":null,"wardName":null,"district":null,"stateDistrict":null,"chamber":null,"candidates":[],"isContested":false,"partyUnityPercent":null,"recentVotes":[],"repName":"Laurel Deneen","repParty":"Nonpartisan","repPhotoUrl":"https://www.columbiaheightsmn.gov/Images/Headshots/Laurel_Deneen_Headshot.jpg","repEmail":"LDeneen@columbiaheightsmn.gov","repPhone":"763-706-3620","termsOfService":[{"termStart":null,"termEnd":null,"current":true,"sourceUrl":"https://www.columbiaheightsmn.gov/city_council_commissions/city_council.php"}],"committees":[],"neighborhoods":[],"officeRoom":null,"profileUrl":"https://www.columbiaheightsmn.gov/city_council_commissions/city_council.php","verifiedAt":"2026-08-09","verifiedAgainst":"https://www.columbiaheightsmn.gov/city_council_commissions/city_council.php"}},{"type":"Feature","geometry":{"type":"Point","coordinates":[-93.2469559,45.0405879]},"properties":{"role":"Council Member","city":"Columbia Heights","county":null,"ward":null,"wardName":null,"district":null,"stateDistrict":null,"chamber":null,"candidates":[],"isContested":false,"partyUnityPercent":null,"recentVotes":[],"repName":"Rachel James","repParty":"Nonpartisan","repPhotoUrl":"https://www.columbiaheightsmn.gov/Images/Headshots/Rachel_James_Headshot.jpg","repEmail":"rjames@columbiaheightsmn.gov","repPhone":"763-706-3619","termsOfService":[{"termStart":null,"termEnd":null,"current":true,"sourceUrl":"https://www.columbiaheightsmn.gov/city_council_commissions/city_council.php"}],"committees":[],"neighborhoods":[],"officeRoom":null,"profileUrl":"https://www.columbiaheightsmn.gov/city_council_commissions/city_council.php","verifiedAt":"2026-08-09","verifiedAgainst":"https://www.columbiaheightsmn.gov/city_council_commissions/city_council.php"}},{"type":"Feature","geometry":{"type":"Point","coordinates":[-93.2469559,45.0405879]},"properties":{"role":"Council Member","city":"Columbia Heights","county":null,"ward":null,"wardName":null,"district":null,"stateDistrict":null,"chamber":null,"candidates":[],"isContested":false,"partyUnityPercent":null,"recentVotes":[],"repName":"Justice Spriggs","repParty":"Nonpartisan","repPhotoUrl":"https://www.columbiaheightsmn.gov/Images/Government/City%20Council%20Commissions/City%20Council/Justice%20Spriggs.jpg","repEmail":"jspriggs@columbiaheightsmn.gov","repPhone":"763-706-3617","termsOfService":[{"termStart":null,"termEnd":null,"current":true,"sourceUrl":"https://www.columbiaheightsmn.gov/city_council_commissions/city_council.php"}],"committees":[],"neighborhoods":[],"officeRoom":null,"profileUrl":"https://www.columbiaheightsmn.gov/city_council_commissions/city_council.php","verifiedAt":"2026-08-09","verifiedAgainst":"https://www.columbiaheightsmn.gov/city_council_commissions/city_council.php"}},{"type":"Feature","geometry":{"type":"Point","coordinates":[-93.4372508,45.1994127]},"properties":{"role":"Mayor","city":"Dayton","county":null,"ward":null,"wardName":null,"district":null,"stateDistrict":null,"chamber":null,"candidates":[],"isContested":false,"partyUnityPercent":null,"recentVotes":[],"repName":"Dennis Fisher","repParty":"Nonpartisan","repPhotoUrl":null,"repEmail":"dfisher@daytonmn.gov","repPhone":null,"termsOfService":[{"termStart":null,"termEnd":null,"current":true,"sourceUrl":"https://www.daytonmn.gov/government/mayor_council.php"}],"committees":["Mayor of Dayton"],"neighborhoods":[],"officeRoom":null,"profileUrl":"https://www.daytonmn.gov/government/mayor_council.php","verifiedAt":"2026-08-09","verifiedAgainst":"https://www.daytonmn.gov/government/mayor_council.php"}},{"type":"Feature","geometry":{"type":"Point","coordinates":[-93.4372508,45.1994127]},"properties":{"role":"Council Member","city":"Dayton","county":null,"ward":null,"wardName":null,"district":null,"stateDistrict":null,"chamber":null,"candidates":[],"isContested":false,"partyUnityPercent":null,"recentVotes":[],"repName":"Scott Salonek","repParty":"Nonpartisan","repPhotoUrl":null,"repEmail":"ssalonek@daytonmn.gov","repPhone":null,"termsOfService":[{"termStart":null,"termEnd":null,"current":true,"sourceUrl":"https://www.daytonmn.gov/government/mayor_council.php"}],"committees":[],"neighborhoods":[],"officeRoom":null,"profileUrl":"https://www.daytonmn.gov/government/mayor_council.php","verifiedAt":"2026-08-09","verifiedAgainst":"https://www.daytonmn.gov/government/mayor_council.php"}},{"type":"Feature","geometry":{"type":"Point","coordinates":[-93.4372508,45.1994127]},"properties":{"role":"Council Member","city":"Dayton","county":null,"ward":null,"wardName":null,"district":null,"stateDistrict":null,"chamber":null,"candidates":[],"isContested":false,"partyUnityPercent":null,"recentVotes":[],"repName":"David Fashant","repParty":"Nonpartisan","repPhotoUrl":null,"repEmail":"dfashant@daytonmn.gov","repPhone":null,"termsOfService":[{"termStart":null,"termEnd":null,"current":true,"sourceUrl":"https://www.daytonmn.gov/government/mayor_council.php"}],"committees":[],"neighborhoods":[],"officeRoom":null,"profileUrl":"https://www.daytonmn.gov/government/mayor_council.php","verifiedAt":"2026-08-09","verifiedAgainst":"https://www.daytonmn.gov/government/mayor_council.php"}},{"type":"Feature","geometry":{"type":"Point","coordinates":[-93.4372508,45.1994127]},"properties":{"role":"Council Member","city":"Dayton","county":null,"ward":null,"wardName":null,"district":null,"stateDistrict":null,"chamber":null,"candidates":[],"isContested":false,"partyUnityPercent":null,"recentVotes":[],"repName":"Sara Van Asten","repParty":"Nonpartisan","repPhotoUrl":null,"repEmail":"svanasten@daytonmn.gov","repPhone":null,"termsOfService":[{"termStart":null,"termEnd":null,"current":true,"sourceUrl":"https://www.daytonmn.gov/government/mayor_council.php"}],"committees":[],"neighborhoods":[],"officeRoom":null,"profileUrl":"https://www.daytonmn.gov/government/mayor_council.php","verifiedAt":"2026-08-09","verifiedAgainst":"https://www.daytonmn.gov/government/mayor_council.php"}},{"type":"Feature","geometry":{"type":"Point","coordinates":[-93.4372508,45.1994127]},"properties":{"role":"Council Member","city":"Dayton","county":null,"ward":null,"wardName":null,"district":null,"stateDistrict":null,"chamber":null,"candidates":[],"isContested":false,"partyUnityPercent":null,"recentVotes":[],"repName":"Stephanie Henderson","repParty":"Nonpartisan","repPhotoUrl":null,"repEmail":"shenderson@daytonmn.gov","repPhone":null,"termsOfService":[{"termStart":null,"termEnd":null,"current":true,"sourceUrl":"https://www.daytonmn.gov/government/mayor_council.php"}],"committees":[],"neighborhoods":[],"officeRoom":null,"profileUrl":"https://www.daytonmn.gov/government/mayor_council.php","verifiedAt":"2026-08-09","verifiedAgainst":"https://www.daytonmn.gov/government/mayor_council.php"}},{"type":"Feature","geometry":{"type":"Point","coordinates":[-93.413564,44.9219727]},"properties":{"role":"Mayor","city":"Hopkins","county":null,"ward":null,"wardName":null,"district":null,"stateDistrict":null,"chamber":null,"candidates":[],"isContested":false,"partyUnityPercent":null,"recentVotes":[],"repName":"Patrick Hanlon","repParty":"Nonpartisan","repPhotoUrl":"https://www.hopkinsmn.com/ImageRepository/Document?documentId=5063","repEmail":"phanlon@hopkinsmn.com","repPhone":"612-440-9689","termsOfService":[{"termStart":null,"termEnd":null,"current":true,"sourceUrl":"https://www.hopkinsmn.com/1105/Patrick-Hanlon"}],"committees":["Mayor of Hopkins"],"neighborhoods":[],"officeRoom":null,"profileUrl":"https://www.hopkinsmn.com/1105/Patrick-Hanlon","verifiedAt":"2026-08-09","verifiedAgainst":"https://www.hopkinsmn.com/1105/Patrick-Hanlon"}},{"type":"Feature","geometry":{"type":"Point","coordinates":[-93.413564,44.9219727]},"properties":{"role":"Council Member","city":"Hopkins","county":null,"ward":null,"wardName":null,"district":null,"stateDistrict":null,"chamber":null,"candidates":[],"isContested":false,"partyUnityPercent":null,"recentVotes":[],"repName":"Heidi Garrido","repParty":"Nonpartisan","repPhotoUrl":"https://www.hopkinsmn.com/ImageRepository/Document?documentId=5061","repEmail":"hgarrido@hopkinsmn.com","repPhone":"952-395-1429","termsOfService":[{"termStart":null,"termEnd":null,"current":true,"sourceUrl":"https://www.hopkinsmn.com/1107/Heidi-Garrido"}],"committees":[],"neighborhoods":[],"officeRoom":null,"profileUrl":"https://www.hopkinsmn.com/1107/Heidi-Garrido","verifiedAt":"2026-08-09","verifiedAgainst":"https://www.hopkinsmn.com/1107/Heidi-Garrido"}},{"type":"Feature","geometry":{"type":"Point","coordinates":[-93.413564,44.9219727]},"properties":{"role":"Council Member","city":"Hopkins","county":null,"ward":null,"wardName":null,"district":null,"stateDistrict":null,"chamber":null,"candidates":[],"isContested":false,"partyUnityPercent":null,"recentVotes":[],"repName":"Ben Goodlund","repParty":"Nonpartisan","repPhotoUrl":"https://www.hopkinsmn.com/ImageRepository/Document?documentId=5057","repEmail":"bgoodlund@hopkinsmn.com","repPhone":"651-236-0744","termsOfService":[{"termStart":null,"termEnd":null,"current":true,"sourceUrl":"https://www.hopkinsmn.com/1166/Ben-Goodlund"}],"committees":[],"neighborhoods":[],"officeRoom":null,"profileUrl":"https://www.hopkinsmn.com/1166/Ben-Goodlund","verifiedAt":"2026-08-09","verifiedAgainst":"https://www.hopkinsmn.com/1166/Ben-Goodlund"}},{"type":"Feature","geometry":{"type":"Point","coordinates":[-93.413564,44.9219727]},"properties":{"role":"Council Member","city":"Hopkins","county":null,"ward":null,"wardName":null,"district":null,"stateDistrict":null,"chamber":null,"candidates":[],"isContested":false,"partyUnityPercent":null,"recentVotes":[],"repName":"Brian Hunke","repParty":"Nonpartisan","repPhotoUrl":"https://www.hopkinsmn.com/ImageRepository/Document?documentId=5058","repEmail":"bhunke@hopkinsmn.com","repPhone":"612-703-3180","termsOfService":[{"termStart":null,"termEnd":null,"current":true,"sourceUrl":"https://www.hopkinsmn.com/802/Brian-Hunke"}],"committees":[],"neighborhoods":[],"officeRoom":null,"profileUrl":"https://www.hopkinsmn.com/802/Brian-Hunke","verifiedAt":"2026-08-09","verifiedAgainst":"https://www.hopkinsmn.com/802/Brian-Hunke"}},{"type":"Feature","geometry":{"type":"Point","coordinates":[-93.413564,44.9219727]},"properties":{"role":"Council Member","city":"Hopkins","county":null,"ward":null,"wardName":null,"district":null,"stateDistrict":null,"chamber":null,"candidates":[],"isContested":false,"partyUnityPercent":null,"recentVotes":[],"repName":"Aaron Kuznia","repParty":"Nonpartisan","repPhotoUrl":"https://www.hopkinsmn.com/ImageRepository/Document?documentId=5056","repEmail":"akuznia@hopkinsmn.com","repPhone":"952-913-6582","termsOfService":[{"termStart":null,"termEnd":null,"current":true,"sourceUrl":"https://www.hopkinsmn.com/1190/Aaron-Kuznia"}],"committees":[],"neighborhoods":[],"officeRoom":null,"profileUrl":"https://www.hopkinsmn.com/1190/Aaron-Kuznia","verifiedAt":"2026-08-09","verifiedAgainst":"https://www.hopkinsmn.com/1190/Aaron-Kuznia"}},{"type":"Feature","geometry":{"type":"Point","coordinates":[-93.536875,44.9226019]},"properties":{"role":"Mayor","city":"Deephaven","county":null,"ward":null,"wardName":null,"district":null,"stateDistrict":null,"chamber":null,"candidates":[],"isContested":false,"partyUnityPercent":null,"recentVotes":[],"repName":"Kent Carlson","repParty":"Nonpartisan","repPhotoUrl":null,"repEmail":"KentC@deephaven.gov","repPhone":null,"termsOfService":[{"termStart":null,"termEnd":null,"current":true,"sourceUrl":"https://deephaven.gov/city-council/"}],"committees":["Mayor of Deephaven"],"neighborhoods":[],"officeRoom":null,"profileUrl":"https://deephaven.gov/city-council/","verifiedAt":"2026-08-09","verifiedAgainst":"https://deephaven.gov/city-council/"}},{"type":"Feature","geometry":{"type":"Point","coordinates":[-93.536875,44.9226019]},"properties":{"role":"Council Member","city":"Deephaven","county":null,"ward":null,"wardName":null,"district":null,"stateDistrict":null,"chamber":null,"candidates":[],"isContested":false,"partyUnityPercent":null,"recentVotes":[],"repName":"Tom Erdmann","repParty":"Nonpartisan","repPhotoUrl":null,"repEmail":"TomE@deephaven.gov","repPhone":null,"termsOfService":[{"termStart":null,"termEnd":null,"current":true,"sourceUrl":"https://deephaven.gov/city-council/"}],"committees":[],"neighborhoods":[],"officeRoom":null,"profileUrl":"https://deephaven.gov/city-council/","verifiedAt":"2026-08-09","verifiedAgainst":"https://deephaven.gov/city-council/"}},{"type":"Feature","geometry":{"type":"Point","coordinates":[-93.536875,44.9226019]},"properties":{"role":"Council Member","city":"Deephaven","county":null,"ward":null,"wardName":null,"district":null,"stateDistrict":null,"chamber":null,"candidates":[],"isContested":false,"partyUnityPercent":null,"recentVotes":[],"repName":"Tony Jewett","repParty":"Nonpartisan","repPhotoUrl":null,"repEmail":"TonyJ@deephaven.gov","repPhone":null,"termsOfService":[{"termStart":null,"termEnd":null,"current":true,"sourceUrl":"https://deephaven.gov/city-council/"}],"committees":[],"neighborhoods":[],"officeRoom":null,"profileUrl":"https://deephaven.gov/city-council/","verifiedAt":"2026-08-09","verifiedAgainst":"https://deephaven.gov/city-council/"}},{"type":"Feature","geometry":{"type":"Point","coordinates":[-93.536875,44.9226019]},"properties":{"role":"Council Member","city":"Deephaven","county":null,"ward":null,"wardName":null,"district":null,"stateDistrict":null,"chamber":null,"candidates":[],"isContested":false,"partyUnityPercent":null,"recentVotes":[],"repName":"Emily Scherschligt","repParty":"Nonpartisan","repPhotoUrl":null,"repEmail":"EmilyS@deephaven.gov","repPhone":null,"termsOfService":[{"termStart":null,"termEnd":null,"current":true,"sourceUrl":"https://deephaven.gov/city-council/"}],"committees":[],"neighborhoods":[],"officeRoom":null,"profileUrl":"https://deephaven.gov/city-council/","verifiedAt":"2026-08-09","verifiedAgainst":"https://deephaven.gov/city-council/"}},{"type":"Feature","geometry":{"type":"Point","coordinates":[-93.536875,44.9226019]},"properties":{"role":"Council Member","city":"Deephaven","county":null,"ward":null,"wardName":null,"district":null,"stateDistrict":null,"chamber":null,"candidates":[],"isContested":false,"partyUnityPercent":null,"recentVotes":[],"repName":"John Studer","repParty":"Nonpartisan","repPhotoUrl":null,"repEmail":"JohnS@deephaven.gov","repPhone":null,"termsOfService":[{"termStart":null,"termEnd":null,"current":true,"sourceUrl":"https://deephaven.gov/city-council/"}],"committees":[],"neighborhoods":[],"officeRoom":null,"profileUrl":"https://deephaven.gov/city-council/","verifiedAt":"2026-08-09","verifiedAgainst":"https://deephaven.gov/city-council/"}},{"type":"Feature","geometry":{"type":"Point","coordinates":[-93.574483,45.0159359]},"properties":{"role":"Mayor","city":"Medina","county":null,"ward":null,"wardName":null,"district":null,"stateDistrict":null,"chamber":null,"candidates":[],"isContested":false,"partyUnityPercent":null,"recentVotes":[],"repName":"Todd Albers","repParty":"Nonpartisan","repPhotoUrl":"https://www.medinamn.gov/files/assets/city/v/5/admin/images/council-members/todd-albers.jpg","repEmail":"todd.albers@medinamn.gov","repPhone":"763-360-5532","termsOfService":[{"termStart":null,"termEnd":null,"current":true,"sourceUrl":"https://www.medinamn.gov/Government/City-Council/Elected-Officials/Todd-Albers"}],"committees":["Mayor of Medina"],"neighborhoods":[],"officeRoom":null,"profileUrl":"https://www.medinamn.gov/Government/City-Council/Elected-Officials/Todd-Albers","verifiedAt":"2026-08-09","verifiedAgainst":"https://www.medinamn.gov/Government/City-Council/Elected-Officials/Todd-Albers"}},{"type":"Feature","geometry":{"type":"Point","coordinates":[-93.574483,45.0159359]},"properties":{"role":"Council Member","city":"Medina","county":null,"ward":null,"wardName":null,"district":null,"stateDistrict":null,"chamber":null,"candidates":[],"isContested":false,"partyUnityPercent":null,"recentVotes":[],"repName":"Dino DesLauriers","repParty":"Nonpartisan","repPhotoUrl":"https://www.medinamn.gov/files/assets/city/v/4/admin/images/council-members/dino-deslauriers.jpg","repEmail":"dino.deslauriers@medinamn.gov","repPhone":"612-812-3290","termsOfService":[{"termStart":null,"termEnd":null,"current":true,"sourceUrl":"https://www.medinamn.gov/Government/City-Council/Elected-Officials/Dino-DesLauriers"}],"committees":[],"neighborhoods":[],"officeRoom":null,"profileUrl":"https://www.medinamn.gov/Government/City-Council/Elected-Officials/Dino-DesLauriers","verifiedAt":"2026-08-09","verifiedAgainst":"https://www.medinamn.gov/Government/City-Council/Elected-Officials/Dino-DesLauriers"}},{"type":"Feature","geometry":{"type":"Point","coordinates":[-93.574483,45.0159359]},"properties":{"role":"Council Member","city":"Medina","county":null,"ward":null,"wardName":null,"district":null,"stateDistrict":null,"chamber":null,"candidates":[],"isContested":false,"partyUnityPercent":null,"recentVotes":[],"repName":"Braden Rhem","repParty":"Nonpartisan","repPhotoUrl":"https://www.medinamn.gov/files/assets/city/v/2/admin/images/council-members/braden-rhem.jpeg","repEmail":"braden.rhem@medinamn.gov","repPhone":"612-889-4477","termsOfService":[{"termStart":null,"termEnd":null,"current":true,"sourceUrl":"https://www.medinamn.gov/Government/City-Council/Elected-Officials/Braden-Rhem"}],"committees":[],"neighborhoods":[],"officeRoom":null,"profileUrl":"https://www.medinamn.gov/Government/City-Council/Elected-Officials/Braden-Rhem","verifiedAt":"2026-08-09","verifiedAgainst":"https://www.medinamn.gov/Government/City-Council/Elected-Officials/Braden-Rhem"}},{"type":"Feature","geometry":{"type":"Point","coordinates":[-93.574483,45.0159359]},"properties":{"role":"Council Member","city":"Medina","county":null,"ward":null,"wardName":null,"district":null,"stateDistrict":null,"chamber":null,"candidates":[],"isContested":false,"partyUnityPercent":null,"recentVotes":[],"repName":"Mary Morrison","repParty":"Nonpartisan","repPhotoUrl":"https://www.medinamn.gov/files/assets/city/v/1/admin/images/council-members/mary-morrison.jpg","repEmail":"mary.morrison@medinamn.gov","repPhone":null,"termsOfService":[{"termStart":null,"termEnd":null,"current":true,"sourceUrl":"https://www.medinamn.gov/Government/City-Council/Elected-Officials/Mary-Morrison"}],"committees":[],"neighborhoods":[],"officeRoom":null,"profileUrl":"https://www.medinamn.gov/Government/City-Council/Elected-Officials/Mary-Morrison","verifiedAt":"2026-08-09","verifiedAgainst":"https://www.medinamn.gov/Government/City-Council/Elected-Officials/Mary-Morrison"}},{"type":"Feature","geometry":{"type":"Point","coordinates":[-93.574483,45.0159359]},"properties":{"role":"Council Member","city":"Medina","county":null,"ward":null,"wardName":null,"district":null,"stateDistrict":null,"chamber":null,"candidates":[],"isContested":false,"partyUnityPercent":null,"recentVotes":[],"repName":"John Jacob","repParty":"Nonpartisan","repPhotoUrl":"https://www.medinamn.gov/files/assets/city/v/2/admin/images/council-members/john-jacob.jpeg","repEmail":"john.jacob@medinamn.gov","repPhone":"612-669-6094","termsOfService":[{"termStart":null,"termEnd":null,"current":true,"sourceUrl":"https://www.medinamn.gov/Government/City-Council/Elected-Officials/John-Jacob"}],"committees":[],"neighborhoods":[],"officeRoom":null,"profileUrl":"https://www.medinamn.gov/Government/City-Council/Elected-Officials/John-Jacob","verifiedAt":"2026-08-09","verifiedAgainst":"https://www.medinamn.gov/Government/City-Council/Elected-Officials/John-Jacob"}},{"type":"Feature","geometry":{"type":"Point","coordinates":[-93.2503342,45.0525289]},"properties":{"role":"Mayor","city":"Hilltop","county":null,"ward":null,"wardName":null,"district":null,"stateDistrict":null,"chamber":null,"candidates":[],"isContested":false,"partyUnityPercent":null,"recentVotes":[],"repName":"Terry Wiggin","repParty":"Nonpartisan","repPhotoUrl":null,"repEmail":null,"repPhone":null,"termsOfService":[{"termStart":null,"termEnd":null,"current":true,"sourceUrl":"https://hilltopmn.gov/government"}],"committees":["Mayor of Hilltop"],"neighborhoods":[],"officeRoom":null,"profileUrl":"https://hilltopmn.gov/government","verifiedAt":"2026-08-09","verifiedAgainst":"https://hilltopmn.gov/government"}},{"type":"Feature","geometry":{"type":"Point","coordinates":[-93.2503342,45.0525289]},"properties":{"role":"Council Member","city":"Hilltop","county":null,"ward":null,"wardName":null,"district":null,"stateDistrict":null,"chamber":null,"candidates":[],"isContested":false,"partyUnityPercent":null,"recentVotes":[],"repName":"Linda Johnson","repParty":"Nonpartisan","repPhotoUrl":null,"repEmail":null,"repPhone":null,"termsOfService":[{"termStart":null,"termEnd":null,"current":true,"sourceUrl":"https://hilltopmn.gov/government"}],"committees":[],"neighborhoods":[],"officeRoom":null,"profileUrl":"https://hilltopmn.gov/government","verifiedAt":"2026-08-09","verifiedAgainst":"https://hilltopmn.gov/government"}},{"type":"Feature","geometry":{"type":"Point","coordinates":[-93.2503342,45.0525289]},"properties":{"role":"Council Member","city":"Hilltop","county":null,"ward":null,"wardName":null,"district":null,"stateDistrict":null,"chamber":null,"candidates":[],"isContested":false,"partyUnityPercent":null,"recentVotes":[],"repName":"James E. Shear","repParty":"Nonpartisan","repPhotoUrl":null,"repEmail":null,"repPhone":null,"termsOfService":[{"termStart":null,"termEnd":null,"current":true,"sourceUrl":"https://hilltopmn.gov/government"}],"committees":[],"neighborhoods":[],"officeRoom":null,"profileUrl":"https://hilltopmn.gov/government","verifiedAt":"2026-08-09","verifiedAgainst":"https://hilltopmn.gov/government"}},{"type":"Feature","geometry":{"type":"Point","coordinates":[-93.2503342,45.0525289]},"properties":{"role":"Council Member","city":"Hilltop","county":null,"ward":null,"wardName":null,"district":null,"stateDistrict":null,"chamber":null,"candidates":[],"isContested":false,"partyUnityPercent":null,"recentVotes":[],"repName":"Casey Gunter","repParty":"Nonpartisan","repPhotoUrl":null,"repEmail":null,"repPhone":null,"termsOfService":[{"termStart":null,"termEnd":null,"current":true,"sourceUrl":"https://hilltopmn.gov/government"}],"committees":[],"neighborhoods":[],"officeRoom":null,"profileUrl":"https://hilltopmn.gov/government","verifiedAt":"2026-08-09","verifiedAgainst":"https://hilltopmn.gov/government"}},{"type":"Feature","geometry":{"type":"Point","coordinates":[-93.2503342,45.0525289]},"properties":{"role":"Council Member","city":"Hilltop","county":null,"ward":null,"wardName":null,"district":null,"stateDistrict":null,"chamber":null,"candidates":[],"isContested":false,"partyUnityPercent":null,"recentVotes":[],"repName":"Betty Risdahl","repParty":"Nonpartisan","repPhotoUrl":null,"repEmail":null,"repPhone":null,"termsOfService":[{"termStart":null,"termEnd":null,"current":true,"sourceUrl":"https://hilltopmn.gov/government"}],"committees":[],"neighborhoods":[],"officeRoom":null,"profileUrl":"https://hilltopmn.gov/government","verifiedAt":"2026-08-09","verifiedAgainst":"https://hilltopmn.gov/government"}},{"type":"Feature","geometry":{"type":"Point","coordinates":[-93.5122185,44.970839]},"properties":{"role":"Mayor","city":"Wayzata","county":null,"ward":null,"wardName":null,"district":null,"stateDistrict":null,"chamber":null,"candidates":[],"isContested":false,"partyUnityPercent":null,"recentVotes":[],"repName":"Andrew Mullin","repParty":"Nonpartisan","repPhotoUrl":"https://www.wayzata.org/ImageRepository/Document?documentID=6428","repEmail":"AMullin@wayzata.org","repPhone":"952-404-5327","termsOfService":[{"termStart":null,"termEnd":null,"current":true,"sourceUrl":"https://www.wayzata.org/153/City-Council"}],"committees":["Mayor of Wayzata"],"neighborhoods":[],"officeRoom":null,"profileUrl":"https://www.wayzata.org/153/City-Council","verifiedAt":"2026-08-09","verifiedAgainst":"https://www.wayzata.org/153/City-Council"}},{"type":"Feature","geometry":{"type":"Point","coordinates":[-93.5122185,44.970839]},"properties":{"role":"Council Member","city":"Wayzata","county":null,"ward":null,"wardName":null,"district":null,"stateDistrict":null,"chamber":null,"candidates":[],"isContested":false,"partyUnityPercent":null,"recentVotes":[],"repName":"Dan Koch","repParty":"Nonpartisan","repPhotoUrl":"https://www.wayzata.org/ImageRepository/Document?documentID=6430","repEmail":"dkoch@wayzata.org","repPhone":"612-499-3145","termsOfService":[{"termStart":null,"termEnd":null,"current":true,"sourceUrl":"https://www.wayzata.org/153/City-Council"}],"committees":[],"neighborhoods":[],"officeRoom":null,"profileUrl":"https://www.wayzata.org/153/City-Council","verifiedAt":"2026-08-09","verifiedAgainst":"https://www.wayzata.org/153/City-Council"}},{"type":"Feature","geometry":{"type":"Point","coordinates":[-93.5122185,44.970839]},"properties":{"role":"Council Member","city":"Wayzata","county":null,"ward":null,"wardName":null,"district":null,"stateDistrict":null,"chamber":null,"candidates":[],"isContested":false,"partyUnityPercent":null,"recentVotes":[],"repName":"Molly MacDonald","repParty":"Nonpartisan","repPhotoUrl":"https://www.wayzata.org/ImageRepository/Document?documentID=6432","repEmail":"mmacdonald@wayzata.org","repPhone":"612-384-0990","termsOfService":[{"termStart":null,"termEnd":null,"current":true,"sourceUrl":"https://www.wayzata.org/153/City-Council"}],"committees":[],"neighborhoods":[],"officeRoom":null,"profileUrl":"https://www.wayzata.org/153/City-Council","verifiedAt":"2026-08-09","verifiedAgainst":"https://www.wayzata.org/153/City-Council"}},{"type":"Feature","geometry":{"type":"Point","coordinates":[-93.5122185,44.970839]},"properties":{"role":"Council Member","city":"Wayzata","county":null,"ward":null,"wardName":null,"district":null,"stateDistrict":null,"chamber":null,"candidates":[],"isContested":false,"partyUnityPercent":null,"recentVotes":[],"repName":"Alex Plechash","repParty":"Nonpartisan","repPhotoUrl":"https://www.wayzata.org/ImageRepository/Document?documentID=6429","repEmail":"AlexPlechash@wayzata.org","repPhone":"612-801-8222","termsOfService":[{"termStart":null,"termEnd":null,"current":true,"sourceUrl":"https://www.wayzata.org/153/City-Council"}],"committees":[],"neighborhoods":[],"officeRoom":null,"profileUrl":"https://www.wayzata.org/153/City-Council","verifiedAt":"2026-08-09","verifiedAgainst":"https://www.wayzata.org/153/City-Council"}},{"type":"Feature","geometry":{"type":"Point","coordinates":[-93.5122185,44.970839]},"properties":{"role":"Council Member","city":"Wayzata","county":null,"ward":null,"wardName":null,"district":null,"stateDistrict":null,"chamber":null,"candidates":[],"isContested":false,"partyUnityPercent":null,"recentVotes":[],"repName":"Ken Sorensen","repParty":"Nonpartisan","repPhotoUrl":"https://www.wayzata.org/ImageRepository/Document?documentID=6431","repEmail":"ksorensen@wayzata.org","repPhone":"612-270-5258","termsOfService":[{"termStart":null,"termEnd":null,"current":true,"sourceUrl":"https://www.wayzata.org/153/City-Council"}],"committees":[],"neighborhoods":[],"officeRoom":null,"profileUrl":"https://www.wayzata.org/153/City-Council","verifiedAt":"2026-08-09","verifiedAgainst":"https://www.wayzata.org/153/City-Council"}},{"type":"Feature","geometry":{"type":"Point","coordinates":[-93.5427607,45.1021846]},"properties":{"role":"Mayor","city":"Corcoran","county":null,"ward":null,"wardName":null,"district":null,"stateDistrict":null,"chamber":null,"candidates":[],"isContested":false,"partyUnityPercent":null,"recentVotes":[],"repName":"Tom McKee","repParty":"Nonpartisan","repPhotoUrl":"https://www.corcoranmn.gov/UserFiles/Servers/Server_15543680/Image/Our%20Community/Council/Mayor%20Tom%20McKee%20(final%20edit)).png","repEmail":"tmckee@corcoranmn.gov","repPhone":"612-803-8101","termsOfService":[{"termStart":null,"termEnd":null,"current":true,"sourceUrl":"https://www.corcoranmn.gov/our_government/council"}],"committees":["Mayor of Corcoran"],"neighborhoods":[],"officeRoom":null,"profileUrl":"https://www.corcoranmn.gov/our_government/council","verifiedAt":"2026-08-09","verifiedAgainst":"https://www.corcoranmn.gov/our_government/council"}},{"type":"Feature","geometry":{"type":"Point","coordinates":[-93.5427607,45.1021846]},"properties":{"role":"Council Member","city":"Corcoran","county":null,"ward":null,"wardName":null,"district":null,"stateDistrict":null,"chamber":null,"candidates":[],"isContested":false,"partyUnityPercent":null,"recentVotes":[],"repName":"Michelle Friedrich","repParty":"Nonpartisan","repPhotoUrl":"https://www.corcoranmn.gov/UserFiles/Servers/Server_15543680/Image/Our%20Community/Council/Councilmember%20Michelle%20Friedrich%20(final%20edit).png","repEmail":"michelle.friedrich@corcoranmn.gov","repPhone":null,"termsOfService":[{"termStart":null,"termEnd":null,"current":true,"sourceUrl":"https://www.corcoranmn.gov/our_government/council"}],"committees":[],"neighborhoods":[],"officeRoom":null,"profileUrl":"https://www.corcoranmn.gov/our_government/council","verifiedAt":"2026-08-09","verifiedAgainst":"https://www.corcoranmn.gov/our_government/council"}},{"type":"Feature","geometry":{"type":"Point","coordinates":[-93.5427607,45.1021846]},"properties":{"role":"Council Member","city":"Corcoran","county":null,"ward":null,"wardName":null,"district":null,"stateDistrict":null,"chamber":null,"candidates":[],"isContested":false,"partyUnityPercent":null,"recentVotes":[],"repName":"Mark Lanterman","repParty":"Nonpartisan","repPhotoUrl":"https://www.corcoranmn.gov/UserFiles/Servers/Server_15543680/Image/Our%20Community/Council/Councilmember%20Mark%20Lanterman%20(final%20edit)).png","repEmail":"mlanterman@corcoranmn.gov","repPhone":null,"termsOfService":[{"termStart":null,"termEnd":null,"current":true,"sourceUrl":"https://www.corcoranmn.gov/our_government/council"}],"committees":[],"neighborhoods":[],"officeRoom":null,"profileUrl":"https://www.corcoranmn.gov/our_government/council","verifiedAt":"2026-08-09","verifiedAgainst":"https://www.corcoranmn.gov/our_government/council"}},{"type":"Feature","geometry":{"type":"Point","coordinates":[-93.5427607,45.1021846]},"properties":{"role":"Council Member","city":"Corcoran","county":null,"ward":null,"wardName":null,"district":null,"stateDistrict":null,"chamber":null,"candidates":[],"isContested":false,"partyUnityPercent":null,"recentVotes":[],"repName":"Jeremy Nichols","repParty":"Nonpartisan","repPhotoUrl":"https://www.corcoranmn.gov/UserFiles/Servers/Server_15543680/Image/Our%20Community/Council/Councilmember%20Jeremy%20Nichols%20(final%20edit).png","repEmail":"jnichols@corcoranmn.gov","repPhone":null,"termsOfService":[{"termStart":null,"termEnd":null,"current":true,"sourceUrl":"https://www.corcoranmn.gov/our_government/council"}],"committees":[],"neighborhoods":[],"officeRoom":null,"profileUrl":"https://www.corcoranmn.gov/our_government/council","verifiedAt":"2026-08-09","verifiedAgainst":"https://www.corcoranmn.gov/our_government/council"}},{"type":"Feature","geometry":{"type":"Point","coordinates":[-93.5427607,45.1021846]},"properties":{"role":"Council Member","city":"Corcoran","county":null,"ward":null,"wardName":null,"district":null,"stateDistrict":null,"chamber":null,"candidates":[],"isContested":false,"partyUnityPercent":null,"recentVotes":[],"repName":"Dean Vehrenkamp","repParty":"Nonpartisan","repPhotoUrl":"https://www.corcoranmn.gov/UserFiles/Servers/Server_15543680/Image/Our%20Community/Council/Councilmember%20Dean%20Vehrenkamp%20(final%20edit)))).png","repEmail":"dvehrenkamp@corcoranmn.gov","repPhone":"612-309-1885","termsOfService":[{"termStart":null,"termEnd":null,"current":true,"sourceUrl":"https://www.corcoranmn.gov/our_government/council"}],"committees":[],"neighborhoods":[],"officeRoom":null,"profileUrl":"https://www.corcoranmn.gov/our_government/council","verifiedAt":"2026-08-09","verifiedAgainst":"https://www.corcoranmn.gov/our_government/council"}},{"type":"Feature","geometry":{"type":"Point","coordinates":[-93.309613,45.0683729]},"properties":{"role":"Mayor","city":"Brooklyn Center","county":null,"ward":null,"wardName":null,"district":null,"stateDistrict":null,"chamber":null,"candidates":[],"isContested":false,"partyUnityPercent":null,"recentVotes":[],"repName":"April Graves","repParty":"Nonpartisan","repPhotoUrl":null,"repEmail":"mayorgraves@brooklyncentermn.gov","repPhone":"763-910-1783","termsOfService":[{"termStart":"2023-01-01","termEnd":null,"current":true,"sourceUrl":"https://www.brooklyncentermn.gov/government/city-council"}],"committees":["Mayor of Brooklyn Center"],"neighborhoods":[],"officeRoom":null,"profileUrl":"https://www.brooklyncentermn.gov/government/city-council","verifiedAt":"2025-06-01","verifiedAgainst":"http://web.archive.org/web/20250601101528/https://www.brooklyncentermn.gov/government/city-council"}},{"type":"Feature","geometry":{"type":"Point","coordinates":[-93.309613,45.0683729]},"properties":{"role":"Council Member","city":"Brooklyn Center","county":null,"ward":null,"wardName":null,"district":null,"stateDistrict":null,"chamber":null,"candidates":[],"isContested":false,"partyUnityPercent":null,"recentVotes":[],"repName":"Dan Jerzak","repParty":"Nonpartisan","repPhotoUrl":null,"repEmail":"councilmemberjerzak@brooklyncentermn.gov","repPhone":"763-336-0817","termsOfService":[{"termStart":"2023-01-01","termEnd":null,"current":true,"sourceUrl":"https://www.brooklyncentermn.gov/government/city-council"}],"committees":[],"neighborhoods":[],"officeRoom":null,"profileUrl":"https://www.brooklyncentermn.gov/government/city-council","verifiedAt":"2025-06-01","verifiedAgainst":"http://web.archive.org/web/20250601101528/https://www.brooklyncentermn.gov/government/city-council"}},{"type":"Feature","geometry":{"type":"Point","coordinates":[-93.309613,45.0683729]},"properties":{"role":"Council Member","city":"Brooklyn Center","county":null,"ward":null,"wardName":null,"district":null,"stateDistrict":null,"chamber":null,"candidates":[],"isContested":false,"partyUnityPercent":null,"recentVotes":[],"repName":"Teneshia Kragness","repParty":"Nonpartisan","repPhotoUrl":null,"repEmail":"councilmemberkragness@brooklyncentermn.gov","repPhone":"763-910-1784","termsOfService":[{"termStart":"2023-01-01","termEnd":null,"current":true,"sourceUrl":"https://www.brooklyncentermn.gov/government/city-council"}],"committees":[],"neighborhoods":[],"officeRoom":null,"profileUrl":"https://www.brooklyncentermn.gov/government/city-council","verifiedAt":"2025-06-01","verifiedAgainst":"http://web.archive.org/web/20250601101528/https://www.brooklyncentermn.gov/government/city-council"}},{"type":"Feature","geometry":{"type":"Point","coordinates":[-93.309613,45.0683729]},"properties":{"role":"Council Member","city":"Brooklyn Center","county":null,"ward":null,"wardName":null,"district":null,"stateDistrict":null,"chamber":null,"candidates":[],"isContested":false,"partyUnityPercent":null,"recentVotes":[],"repName":"Kris Lawrence-Anderson","repParty":"Nonpartisan","repPhotoUrl":null,"repEmail":"councilmemberlawrence-anderson@brooklyncentermn.gov","repPhone":"763-452-5215","termsOfService":[{"termStart":"2013-01-01","termEnd":null,"current":true,"sourceUrl":"https://www.brooklyncentermn.gov/government/city-council"}],"committees":[],"neighborhoods":[],"officeRoom":null,"profileUrl":"https://www.brooklyncentermn.gov/government/city-council","verifiedAt":"2025-06-01","verifiedAgainst":"http://web.archive.org/web/20250601101528/https://www.brooklyncentermn.gov/government/city-council"}},{"type":"Feature","geometry":{"type":"Point","coordinates":[-93.309613,45.0683729]},"properties":{"role":"Council Member","city":"Brooklyn Center","county":null,"ward":null,"wardName":null,"district":null,"stateDistrict":null,"chamber":null,"candidates":[],"isContested":false,"partyUnityPercent":null,"recentVotes":[],"repName":"Laurie Ann Moore","repParty":"Nonpartisan","repPhotoUrl":null,"repEmail":"councilmembermoore@brooklyncentermn.gov","repPhone":"763-910-1788","termsOfService":[{"termStart":"2025-01-01","termEnd":null,"current":true,"sourceUrl":"https://www.brooklyncentermn.gov/government/city-council"}],"committees":[],"neighborhoods":[],"officeRoom":null,"profileUrl":"https://www.brooklyncentermn.gov/government/city-council","verifiedAt":"2025-06-01","verifiedAgainst":"http://web.archive.org/web/20250601101528/https://www.brooklyncentermn.gov/government/city-council"}},{"type":"Feature","geometry":{"type":"Point","coordinates":[-93.6348163,45.0550815]},"properties":{"role":"Mayor","city":"Loretto","county":null,"ward":null,"wardName":null,"district":null,"stateDistrict":null,"chamber":null,"candidates":[],"isContested":false,"partyUnityPercent":null,"recentVotes":[],"repName":"Kent Koch","repParty":"Nonpartisan","repPhotoUrl":null,"repEmail":"kkoch@ci.loretto.mn.us","repPhone":"763-286-7138","termsOfService":[{"termStart":null,"termEnd":null,"current":true,"sourceUrl":"https://lorettomn.gov/officials"}],"committees":["Mayor of Loretto"],"neighborhoods":[],"officeRoom":null,"profileUrl":"https://lorettomn.gov/officials","verifiedAt":"2026-08-09","verifiedAgainst":"https://lorettomn.gov/officials"}},{"type":"Feature","geometry":{"type":"Point","coordinates":[-93.6348163,45.0550815]},"properties":{"role":"Council Member","city":"Loretto","county":null,"ward":null,"wardName":null,"district":null,"stateDistrict":null,"chamber":null,"candidates":[],"isContested":false,"partyUnityPercent":null,"recentVotes":[],"repName":"Brenda Daniels","repParty":"Nonpartisan","repPhotoUrl":null,"repEmail":"bdaniels@ci.loretto.mn.us","repPhone":"763-479-6341","termsOfService":[{"termStart":null,"termEnd":null,"current":true,"sourceUrl":"https://lorettomn.gov/officials"}],"committees":[],"neighborhoods":[],"officeRoom":null,"profileUrl":"https://lorettomn.gov/officials","verifiedAt":"2026-08-09","verifiedAgainst":"https://lorettomn.gov/officials"}},{"type":"Feature","geometry":{"type":"Point","coordinates":[-93.6348163,45.0550815]},"properties":{"role":"Council Member","city":"Loretto","county":null,"ward":null,"wardName":null,"district":null,"stateDistrict":null,"chamber":null,"candidates":[],"isContested":false,"partyUnityPercent":null,"recentVotes":[],"repName":"Jeff Leuer","repParty":"Nonpartisan","repPhotoUrl":null,"repEmail":"jleuer@ci.loretto.mn.us","repPhone":"612-221-4963","termsOfService":[{"termStart":null,"termEnd":null,"current":true,"sourceUrl":"https://lorettomn.gov/officials"}],"committees":[],"neighborhoods":[],"officeRoom":null,"profileUrl":"https://lorettomn.gov/officials","verifiedAt":"2026-08-09","verifiedAgainst":"https://lorettomn.gov/officials"}},{"type":"Feature","geometry":{"type":"Point","coordinates":[-93.6348163,45.0550815]},"properties":{"role":"Council Member","city":"Loretto","county":null,"ward":null,"wardName":null,"district":null,"stateDistrict":null,"chamber":null,"candidates":[],"isContested":false,"partyUnityPercent":null,"recentVotes":[],"repName":"Melissa Markham","repParty":"Nonpartisan","repPhotoUrl":null,"repEmail":"mmarkham@ci.loretto.mn.us","repPhone":"612-968-7361","termsOfService":[{"termStart":null,"termEnd":null,"current":true,"sourceUrl":"https://lorettomn.gov/officials"}],"committees":[],"neighborhoods":[],"officeRoom":null,"profileUrl":"https://lorettomn.gov/officials","verifiedAt":"2026-08-09","verifiedAgainst":"https://lorettomn.gov/officials"}},{"type":"Feature","geometry":{"type":"Point","coordinates":[-93.6348163,45.0550815]},"properties":{"role":"Council Member","city":"Loretto","county":null,"ward":null,"wardName":null,"district":null,"stateDistrict":null,"chamber":null,"candidates":[],"isContested":false,"partyUnityPercent":null,"recentVotes":[],"repName":"Ben Scanlon","repParty":"Nonpartisan","repPhotoUrl":null,"repEmail":"bscanlon@ci.loretto.mn.us","repPhone":"612-325-0776","termsOfService":[{"termStart":null,"termEnd":null,"current":true,"sourceUrl":"https://lorettomn.gov/officials"}],"committees":[],"neighborhoods":[],"officeRoom":null,"profileUrl":"https://lorettomn.gov/officials","verifiedAt":"2026-08-09","verifiedAgainst":"https://lorettomn.gov/officials"}},{"type":"Feature","geometry":{"type":"Point","coordinates":[-93.5105087,44.9484736]},"properties":{"role":"Mayor","city":"Woodland","county":null,"ward":null,"wardName":null,"district":null,"stateDistrict":null,"chamber":null,"candidates":[],"isContested":false,"partyUnityPercent":null,"recentVotes":[],"repName":"Vince Suerth","repParty":"Nonpartisan","repPhotoUrl":null,"repEmail":"vsuerth.@cityofwoodlandmn.gov","repPhone":"612-600-3346","termsOfService":[{"termStart":null,"termEnd":null,"current":true,"sourceUrl":"https://cityofwoodlandmn.gov/city-council-and-staff/"}],"committees":["Mayor of Woodland"],"neighborhoods":[],"officeRoom":null,"profileUrl":"https://cityofwoodlandmn.gov/city-council-and-staff/","verifiedAt":"2026-08-09","verifiedAgainst":"https://cityofwoodlandmn.gov/city-council-and-staff/"}},{"type":"Feature","geometry":{"type":"Point","coordinates":[-93.5105087,44.9484736]},"properties":{"role":"Council Member","city":"Woodland","county":null,"ward":null,"wardName":null,"district":null,"stateDistrict":null,"chamber":null,"candidates":[],"isContested":false,"partyUnityPercent":null,"recentVotes":[],"repName":"Tom Newberry","repParty":"Nonpartisan","repPhotoUrl":null,"repEmail":"tnewberry@cityofwoodlandmn.gov","repPhone":"651-642-4242","termsOfService":[{"termStart":null,"termEnd":null,"current":true,"sourceUrl":"https://cityofwoodlandmn.gov/city-council-and-staff/"}],"committees":[],"neighborhoods":[],"officeRoom":null,"profileUrl":"https://cityofwoodlandmn.gov/city-council-and-staff/","verifiedAt":"2026-08-09","verifiedAgainst":"https://cityofwoodlandmn.gov/city-council-and-staff/"}},{"type":"Feature","geometry":{"type":"Point","coordinates":[-93.5105087,44.9484736]},"properties":{"role":"Council Member","city":"Woodland","county":null,"ward":null,"wardName":null,"district":null,"stateDistrict":null,"chamber":null,"candidates":[],"isContested":false,"partyUnityPercent":null,"recentVotes":[],"repName":"Dave Daniels","repParty":"Nonpartisan","repPhotoUrl":null,"repEmail":"ddaniels@cityofwoodlandmn.gov","repPhone":"952-484-5357","termsOfService":[{"termStart":null,"termEnd":null,"current":true,"sourceUrl":"https://cityofwoodlandmn.gov/city-council-and-staff/"}],"committees":[],"neighborhoods":[],"officeRoom":null,"profileUrl":"https://cityofwoodlandmn.gov/city-council-and-staff/","verifiedAt":"2026-08-09","verifiedAgainst":"https://cityofwoodlandmn.gov/city-council-and-staff/"}},{"type":"Feature","geometry":{"type":"Point","coordinates":[-93.5105087,44.9484736]},"properties":{"role":"Council Member","city":"Woodland","county":null,"ward":null,"wardName":null,"district":null,"stateDistrict":null,"chamber":null,"candidates":[],"isContested":false,"partyUnityPercent":null,"recentVotes":[],"repName":"Juan Vazquez","repParty":"Nonpartisan","repPhotoUrl":null,"repEmail":"jvazquez@cityofwoodlandmn.gov","repPhone":"612-295-6392","termsOfService":[{"termStart":null,"termEnd":null,"current":true,"sourceUrl":"https://cityofwoodlandmn.gov/city-council-and-staff/"}],"committees":[],"neighborhoods":[],"officeRoom":null,"profileUrl":"https://cityofwoodlandmn.gov/city-council-and-staff/","verifiedAt":"2026-08-09","verifiedAgainst":"https://cityofwoodlandmn.gov/city-council-and-staff/"}},{"type":"Feature","geometry":{"type":"Point","coordinates":[-93.5105087,44.9484736]},"properties":{"role":"Council Member","city":"Woodland","county":null,"ward":null,"wardName":null,"district":null,"stateDistrict":null,"chamber":null,"candidates":[],"isContested":false,"partyUnityPercent":null,"recentVotes":[],"repName":"Hank Zucker","repParty":"Nonpartisan","repPhotoUrl":null,"repEmail":"hzucker@cityofwoodlandmn.gov","repPhone":"952-300-8833","termsOfService":[{"termStart":null,"termEnd":null,"current":true,"sourceUrl":"https://cityofwoodlandmn.gov/city-council-and-staff/"}],"committees":[],"neighborhoods":[],"officeRoom":null,"profileUrl":"https://cityofwoodlandmn.gov/city-council-and-staff/","verifiedAt":"2026-08-09","verifiedAgainst":"https://cityofwoodlandmn.gov/city-council-and-staff/"}}]}