{"type":"FeatureCollection","features":[{"type":"Feature","properties":{"role":"Council Member","city":"Minneapolis","county":null,"ward":1,"wardName":null,"district":null,"stateDistrict":null,"chamber":null,"repName":"Elliott Payne","repParty":"Nonpartisan","repPhotoUrl":"https://www.minneapolismn.gov/media/-www-content-assets/images/headshots/Council-President-Elliott-Payne.jpg","repEmail":null,"repPhone":null,"termsOfService":[{"termStart":"2022-01-01","termEnd":null,"current":true,"sourceUrl":"https://www.minneapolismn.gov/government/city-council/members/ward-1/"}],"committees":["Council President"],"neighborhoods":["Audubon Park","Bottineau","Columbia Park","Como","Holland","Logan Park","Northeast Park","Waite Park","Windom Park"],"officeRoom":"Room 370, City Hall","profileUrl":"https://www.minneapolismn.gov/government/city-council/members/ward-1/","candidates":[],"isContested":false,"partyUnityPercent":null,"recentVotes":[]},"geometry":{"type":"Polygon","coordinates":[[[-93.226929,45.035671],[-93.226845,45.013214],[-93.225667,45.01328],[-93.225357,45.013226],[-93.220497,45.013263],[-93.219758,45.013347],[-93.217871,45.013371],[-93.217675,45.006042],[-93.207714,45.006166],[-93.207636,45.006205],[-93.207558,44.991684],[-93.207587,44.988071],[-93.226911,44.987823],[-93.23459,44.987841],[-93.235732,44.987923],[-93.236072,44.988047],[-93.236174,44.988139],[-93.235953,44.988452],[-93.235835,44.989039],[-93.235863,44.991489],[-93.236618,44.991494],[-93.236714,44.991737],[-93.237008,44.992194],[-93.237692,44.992975],[-93.238104,44.993543],[-93.238257,44.993845],[-93.238509,44.994561],[-93.238692,44.995485],[-93.238699,44.996603],[-93.23854,44.997539],[-93.238159,44.998711],[-93.25753,44.998711],[-93.257553,45.005241],[-93.26767,45.005299],[-93.26767,45.005039],[-93.268872,45.005041],[-93.26886,45.006054],[-93.272753,45.006029],[-93.274436,45.005943],[-93.274889,45.013126],[-93.275073,45.01474],[-93.275893,45.015911],[-93.276603,45.017711],[-93.277466,45.021928],[-93.277931,45.02296],[-93.278146,45.023844],[-93.278629,45.024982],[-93.280025,45.027176],[-93.281184,45.028762],[-93.282192,45.030751],[-93.282696,45.032427],[-93.283215,45.033452],[-93.283426,45.035365],[-93.277969,45.035466],[-93.272826,45.035465],[-93.272029,45.035503],[-93.271726,45.035465],[-93.267607,45.035542],[-93.24721,45.035553],[-93.226929,45.035671]]]}},{"type":"Feature","properties":{"role":"Council Member","city":"Minneapolis","county":null,"ward":2,"wardName":null,"district":null,"stateDistrict":null,"chamber":null,"repName":"Robin Wonsley","repParty":"Nonpartisan","repPhotoUrl":"https://www.minneapolismn.gov/media/-www-content-assets/images/headshots/Ward-2-Robin-Wonsley.jpg","repEmail":null,"repPhone":null,"termsOfService":[{"termStart":null,"termEnd":null,"current":true,"sourceUrl":"https://www.minneapolismn.gov/government/city-council/members/ward-2/"}],"committees":[],"neighborhoods":["Cedar Riverside","Como","Marcy Holmes","Prospect Park","Seward","University of Minnesota"],"officeRoom":"Room 370, City Hall","profileUrl":"https://www.minneapolismn.gov/government/city-council/members/ward-2/","candidates":[],"isContested":false,"partyUnityPercent":null,"recentVotes":[]},"geometry":{"type":"Polygon","coordinates":[[[-93.23204,44.987836],[-93.226911,44.987823],[-93.207587,44.988071],[-93.207777,44.958743],[-93.207757,44.953209],[-93.210028,44.954691],[-93.21276,44.956101],[-93.214554,44.95499],[-93.216118,44.954235],[-93.217834,44.953682],[-93.219467,44.953362],[-93.22068,44.953251],[-93.221878,44.953228],[-93.230003,44.953602],[-93.234711,44.953594],[-93.235153,44.953552],[-93.23555,44.953415],[-93.235962,44.953167],[-93.236259,44.952869],[-93.236285,44.953718],[-93.238205,44.953723],[-93.239072,44.954967],[-93.240161,44.954606],[-93.240845,44.955553],[-93.243221,44.955547],[-93.243749,44.956462],[-93.244686,44.957764],[-93.246004,44.959144],[-93.246849,44.95993],[-93.24667,44.960098],[-93.245689,44.959145],[-93.228264,44.959178],[-93.22818,44.962772],[-93.228195,44.963963],[-93.232582,44.963974],[-93.233174,44.964227],[-93.242178,44.964251],[-93.243206,44.964357],[-93.24421,44.96456],[-93.244072,44.965115],[-93.244071,44.968892],[-93.245663,44.969575],[-93.245659,44.971157],[-93.245697,44.971737],[-93.245775,44.9721],[-93.245887,44.974216],[-93.245818,44.975115],[-93.245701,44.975555],[-93.245791,44.975554],[-93.245657,44.976232],[-93.245636,44.976879],[-93.246194,44.976868],[-93.245824,44.977509],[-93.245178,44.979469],[-93.244624,44.980487],[-93.244265,44.981259],[-93.243777,44.982036],[-93.241193,44.985297],[-93.240699,44.985815],[-93.240055,44.986292],[-93.237831,44.987548],[-93.23729,44.987934],[-93.236718,44.98762],[-93.236174,44.988139],[-93.23591,44.987977],[-93.235376,44.98787],[-93.23204,44.987836]]]}},{"type":"Feature","properties":{"role":"Council Member","city":"Minneapolis","county":null,"ward":3,"wardName":null,"district":null,"stateDistrict":null,"chamber":null,"repName":"Michael Rainville","repParty":"Nonpartisan","repPhotoUrl":"https://www.minneapolismn.gov/media/-www-content-assets/images/headshots/Ward-3-Michael-Rainville.jpg","repEmail":null,"repPhone":null,"termsOfService":[{"termStart":"2022-01-01","termEnd":null,"current":true,"sourceUrl":"https://www.minneapolismn.gov/government/city-council/members/ward-3/"}],"committees":[],"neighborhoods":["Downtown East","Downtown West","Marcy Holmes","North Loop","Nicollet Island","St. Anthony East","St. Anthony West"],"officeRoom":"Room 370, City Hall","profileUrl":"https://www.minneapolismn.gov/government/city-council/members/ward-3/","candidates":[],"isContested":false,"partyUnityPercent":null,"recentVotes":[]},"geometry":{"type":"Polygon","coordinates":[[[-93.268872,45.005041],[-93.26767,45.005039],[-93.26767,45.005299],[-93.257553,45.005241],[-93.25753,44.998711],[-93.238159,44.998711],[-93.23854,44.997539],[-93.238699,44.996603],[-93.238692,44.995485],[-93.238509,44.994561],[-93.238257,44.993845],[-93.238104,44.993543],[-93.237692,44.992975],[-93.237008,44.992194],[-93.236714,44.991737],[-93.236618,44.991494],[-93.235863,44.991489],[-93.235835,44.989039],[-93.235953,44.988452],[-93.236174,44.988139],[-93.236718,44.98762],[-93.23729,44.987934],[-93.237831,44.987548],[-93.240055,44.986292],[-93.240414,44.986051],[-93.240963,44.985562],[-93.242817,44.983292],[-93.244064,44.981613],[-93.245178,44.979469],[-93.245824,44.977509],[-93.246402,44.976548],[-93.247112,44.975821],[-93.248721,44.974723],[-93.249988,44.973695],[-93.250571,44.973102],[-93.252238,44.971192],[-93.252766,44.970506],[-93.253044,44.969997],[-93.253365,44.970189],[-93.255051,44.970955],[-93.261864,44.97382],[-93.26106,44.974777],[-93.262429,44.97535],[-93.260803,44.977268],[-93.270233,44.981297],[-93.271411,44.982101],[-93.272506,44.982936],[-93.274857,44.981244],[-93.275978,44.982044],[-93.276604,44.981598],[-93.27739,44.981201],[-93.278648,44.980755],[-93.279688,44.981616],[-93.276414,44.983848],[-93.277271,44.984308],[-93.276895,44.984541],[-93.277285,44.984687],[-93.278183,44.985245],[-93.281898,44.987915],[-93.282875,44.988697],[-93.279419,44.991108],[-93.279816,44.991905],[-93.279818,44.991995],[-93.276375,44.99202],[-93.273645,44.992864],[-93.275768,44.99652],[-93.275431,44.998988],[-93.274723,45.002559],[-93.274424,45.00441],[-93.274436,45.005943],[-93.272753,45.006029],[-93.26886,45.006054],[-93.268872,45.005041]]]}},{"type":"Feature","properties":{"role":"Council Member","city":"Minneapolis","county":null,"ward":4,"wardName":null,"district":null,"stateDistrict":null,"chamber":null,"repName":"LaTrisha Vetaw","repParty":"Nonpartisan","repPhotoUrl":"https://www.minneapolismn.gov/media/-www-content-assets/images/headshots/Ward-4-LaTrisha-Vetaw.jpg","repEmail":null,"repPhone":null,"termsOfService":[{"termStart":null,"termEnd":null,"current":true,"sourceUrl":"https://www.minneapolismn.gov/government/city-council/members/ward-4/"}],"committees":[],"neighborhoods":["Camden Industrial","Cleveland","Folwell","Jordan","Lind-Bohanon","McKinley","Victory","Webber-Camden","Willard-Hay"],"officeRoom":"Room 370, City Hall","profileUrl":"https://www.minneapolismn.gov/government/city-council/members/ward-4/","candidates":[],"isContested":false,"partyUnityPercent":null,"recentVotes":[]},"geometry":{"type":"Polygon","coordinates":[[[-93.319496,45.05125],[-93.30938,45.051235],[-93.299194,45.051136],[-93.283524,45.051121],[-93.282226,45.051165],[-93.281445,45.047173],[-93.280826,45.043565],[-93.282126,45.039665],[-93.283426,45.035365],[-93.283215,45.033452],[-93.282696,45.032427],[-93.282192,45.030751],[-93.281184,45.028762],[-93.280025,45.027176],[-93.278629,45.024982],[-93.278146,45.023844],[-93.277931,45.02296],[-93.277466,45.021928],[-93.276603,45.017711],[-93.275893,45.015911],[-93.275073,45.01474],[-93.274889,45.013126],[-93.28801,45.013111],[-93.309509,45.013245],[-93.309486,45.006027],[-93.31852,45.006042],[-93.318513,45.011705],[-93.318491,45.013489],[-93.318436,45.014252],[-93.318436,45.020473],[-93.318794,45.035458],[-93.31942,45.035461],[-93.319427,45.036709],[-93.319224,45.036938],[-93.319315,45.040419],[-93.323233,45.040448],[-93.322953,45.042107],[-93.322606,45.042644],[-93.319433,45.041902],[-93.31942,45.045788],[-93.319496,45.05125]]]}},{"type":"Feature","properties":{"role":"Council Member","city":"Minneapolis","county":null,"ward":5,"wardName":null,"district":null,"stateDistrict":null,"chamber":null,"repName":"Pearll Warren","repParty":"Nonpartisan","repPhotoUrl":"https://www.minneapolismn.gov/media/-www-content-assets/images/headshots/Ward-5-Pearll-Warren.jpg","repEmail":null,"repPhone":null,"termsOfService":[{"termStart":null,"termEnd":null,"current":true,"sourceUrl":"https://www.minneapolismn.gov/government/city-council/members/ward-5/"}],"committees":[],"neighborhoods":["Harrison","Hawthorne","Jordan","Near-North","North Loop","Sumner-Glenwood","Willard-Hay"],"officeRoom":"Room 370, City Hall","profileUrl":"https://www.minneapolismn.gov/government/city-council/members/ward-5/","candidates":[],"isContested":false,"partyUnityPercent":null,"recentVotes":[]},"geometry":{"type":"Polygon","coordinates":[[[-93.299362,45.013176],[-93.28801,45.013111],[-93.274889,45.013126],[-93.274425,45.005765],[-93.274424,45.00441],[-93.274723,45.002559],[-93.275431,44.998988],[-93.275768,44.99652],[-93.273645,44.992864],[-93.276375,44.99202],[-93.279818,44.991995],[-93.279816,44.991905],[-93.279419,44.991108],[-93.282875,44.988697],[-93.281898,44.987915],[-93.278183,44.985245],[-93.277285,44.984687],[-93.276895,44.984541],[-93.277271,44.984308],[-93.276414,44.983848],[-93.279688,44.981616],[-93.278648,44.980755],[-93.27877,44.980721],[-93.279506,44.980231],[-93.280893,44.979104],[-93.281533,44.97893],[-93.281608,44.976978],[-93.281351,44.976478],[-93.281683,44.976104],[-93.282294,44.97571],[-93.28272,44.975558],[-93.283426,44.975429],[-93.288049,44.975091],[-93.288073,44.977656],[-93.289894,44.977055],[-93.29758,44.977066],[-93.299472,44.976381],[-93.300572,44.976105],[-93.301168,44.976045],[-93.302184,44.976114],[-93.304013,44.976641],[-93.30509,44.976628],[-93.305278,44.976671],[-93.305449,44.976881],[-93.305594,44.977239],[-93.305843,44.977411],[-93.306119,44.977505],[-93.307279,44.977576],[-93.309088,44.977906],[-93.309615,44.977814],[-93.310287,44.977835],[-93.311007,44.977935],[-93.311632,44.978228],[-93.312337,44.978442],[-93.312841,44.978675],[-93.313173,44.978959],[-93.31351,44.979163],[-93.313789,44.979618],[-93.314346,44.980736],[-93.318504,44.980747],[-93.318469,44.981737],[-93.318446,45.001041],[-93.3186,45.001741],[-93.318534,45.001825],[-93.31852,45.006042],[-93.309486,45.006027],[-93.309509,45.013245],[-93.299362,45.013176]]]}},{"type":"Feature","properties":{"role":"Council Member","city":"Minneapolis","county":null,"ward":6,"wardName":null,"district":null,"stateDistrict":null,"chamber":null,"repName":"Jamal Osman","repParty":"Nonpartisan","repPhotoUrl":"https://www.minneapolismn.gov/media/-www-content-assets/images/headshots/Ward-6-Jamal-Osman.jpg","repEmail":null,"repPhone":null,"termsOfService":[{"termStart":null,"termEnd":null,"current":true,"sourceUrl":"https://www.minneapolismn.gov/government/city-council/members/ward-6/"}],"committees":["Council Vice-President"],"neighborhoods":["Cedar Riverside","Elliot Park","Phillips West","Seward","Stevens Square-Loring Heights","Ventura Village"],"officeRoom":"Room 370, City Hall","profileUrl":"https://www.minneapolismn.gov/government/city-council/members/ward-6/","candidates":[],"isContested":false,"partyUnityPercent":null,"recentVotes":[]},"geometry":{"type":"Polygon","coordinates":[[[-93.245781,44.975616],[-93.245791,44.975554],[-93.245701,44.975555],[-93.245818,44.975115],[-93.245887,44.974216],[-93.245775,44.9721],[-93.245697,44.971737],[-93.245659,44.971157],[-93.245663,44.969575],[-93.244071,44.968892],[-93.244072,44.965115],[-93.24421,44.96456],[-93.243206,44.964357],[-93.242178,44.964251],[-93.233174,44.964227],[-93.232582,44.963974],[-93.228195,44.963963],[-93.22818,44.962772],[-93.228264,44.959178],[-93.245689,44.959145],[-93.24667,44.960098],[-93.246849,44.95993],[-93.247944,44.960915],[-93.248566,44.960934],[-93.24984,44.96093],[-93.249832,44.959135],[-93.262558,44.959118],[-93.262672,44.948357],[-93.274627,44.948353],[-93.274551,44.94967],[-93.274449,44.950001],[-93.273983,44.950948],[-93.273487,44.95162],[-93.27021,44.955528],[-93.269819,44.956143],[-93.269529,44.956757],[-93.269367,44.957587],[-93.269344,44.957981],[-93.269436,44.958709],[-93.269686,44.959573],[-93.26977,44.960085],[-93.269697,44.962692],[-93.277817,44.962696],[-93.277817,44.966394],[-93.277162,44.966553],[-93.275784,44.966775],[-93.274802,44.966837],[-93.27416,44.966823],[-93.272703,44.966702],[-93.269756,44.966096],[-93.269776,44.966984],[-93.269721,44.968067],[-93.26926,44.96996],[-93.269149,44.970223],[-93.268796,44.970581],[-93.267876,44.971119],[-93.263789,44.975922],[-93.26106,44.974777],[-93.261864,44.97382],[-93.255051,44.970955],[-93.253365,44.970189],[-93.253044,44.969997],[-93.252766,44.970506],[-93.252238,44.971192],[-93.250218,44.973465],[-93.248721,44.974723],[-93.247112,44.975821],[-93.246558,44.976356],[-93.246194,44.976868],[-93.245636,44.976879],[-93.245657,44.976232],[-93.245781,44.975616]]]}},{"type":"Feature","properties":{"role":"Council Member","city":"Minneapolis","county":null,"ward":7,"wardName":null,"district":null,"stateDistrict":null,"chamber":null,"repName":"Elizabeth Shaffer","repParty":"Nonpartisan","repPhotoUrl":"https://www.minneapolismn.gov/media/-www-content-assets/images/headshots/Ward-7-Elizabeth-Shaffer.jpg","repEmail":null,"repPhone":null,"termsOfService":[{"termStart":null,"termEnd":null,"current":true,"sourceUrl":"https://www.minneapolismn.gov/government/city-council/members/ward-7/"}],"committees":[],"neighborhoods":["Bryn Mawr","Cedar-Isles-Dean","Downtown West","East Isles","Kenwood","Linden Hills","Loring Park","Lowry Hill"],"officeRoom":"Room 370, City Hall","profileUrl":"https://www.minneapolismn.gov/government/city-council/members/ward-7/","candidates":[],"isContested":false,"partyUnityPercent":null,"recentVotes":[]},"geometry":{"type":"Polygon","coordinates":[[[-93.270233,44.981297],[-93.260803,44.977268],[-93.262429,44.97535],[-93.263789,44.975922],[-93.267876,44.971119],[-93.268467,44.970797],[-93.269059,44.970348],[-93.269236,44.970049],[-93.269721,44.968067],[-93.269776,44.966984],[-93.269756,44.966096],[-93.272703,44.966702],[-93.27416,44.966823],[-93.274802,44.966837],[-93.275784,44.966775],[-93.277162,44.966553],[-93.277817,44.966394],[-93.277817,44.962696],[-93.288002,44.9627],[-93.28796,44.962798],[-93.287964,44.965491],[-93.288062,44.965482],[-93.288147,44.96576],[-93.288199,44.966597],[-93.28811,44.968087],[-93.288179,44.967718],[-93.288254,44.967586],[-93.288624,44.966286],[-93.288742,44.966043],[-93.290062,44.964402],[-93.291556,44.962703],[-93.291759,44.962382],[-93.291817,44.96217],[-93.292725,44.960918],[-93.296789,44.955543],[-93.298264,44.952194],[-93.298279,44.949257],[-93.305,44.949268],[-93.305008,44.94838],[-93.305481,44.94849],[-93.307148,44.949304],[-93.3072,44.949233],[-93.307035,44.949185],[-93.307037,44.948933],[-93.306676,44.948248],[-93.306579,44.947822],[-93.306313,44.947254],[-93.305998,44.946397],[-93.305379,44.945278],[-93.30519,44.944814],[-93.304164,44.943229],[-93.303944,44.942824],[-93.303906,44.942629],[-93.30394,44.941977],[-93.303874,44.941135],[-93.303996,44.940145],[-93.304222,44.939106],[-93.304208,44.938776],[-93.304275,44.938546],[-93.304365,44.937758],[-93.304525,44.937358],[-93.304904,44.936748],[-93.305313,44.936284],[-93.306547,44.935488],[-93.307428,44.93504],[-93.307923,44.934847],[-93.307714,44.934507],[-93.308698,44.934123],[-93.309084,44.934043],[-93.310302,44.933628],[-93.310336,44.933822],[-93.310473,44.934019],[-93.311413,44.934035],[-93.312011,44.934144],[-93.31277,44.93441],[-93.313675,44.934975],[-93.314346,44.935162],[-93.315277,44.935215],[-93.317192,44.935032],[-93.31916,44.93502],[-93.319717,44.935078],[-93.320084,44.935234],[-93.320229,44.935345],[-93.320427,44.935612],[-93.320488,44.935913],[-93.320442,44.936543],[-93.320366,44.936852],[-93.320091,44.937454],[-93.319908,44.93774],[-93.322624,44.937759],[-93.322627,44.935955],[-93.323532,44.936022],[-93.323544,44.935415],[-93.323271,44.935367],[-93.323268,44.934093],[-93.323906,44.934036],[-93.329025,44.934063],[-93.329004,44.939824],[-93.329155,44.940685],[-93.329163,44.941422],[-93.329109,44.944378],[-93.328826,44.945608],[-93.32888,44.946621],[-93.32885,44.948544],[-93.328903,44.948781],[-93.328748,44.949763],[-93.328791,44.95053],[-93.328654,44.977142],[-93.327763,44.977188],[-93.318407,44.977158],[-93.318372,44.977298],[-93.318524,44.97783],[-93.318504,44.980747],[-93.314346,44.980736],[-93.313789,44.979618],[-93.31351,44.979163],[-93.313173,44.978959],[-93.312841,44.978675],[-93.312337,44.978442],[-93.311632,44.978228],[-93.311007,44.977935],[-93.310287,44.977835],[-93.309615,44.977814],[-93.309088,44.977906],[-93.307279,44.977576],[-93.306119,44.977505],[-93.305843,44.977411],[-93.305594,44.977239],[-93.305449,44.976881],[-93.305278,44.976671],[-93.30509,44.976628],[-93.304013,44.976641],[-93.302184,44.976114],[-93.301168,44.976045],[-93.300572,44.976105],[-93.299472,44.976381],[-93.29758,44.977066],[-93.289894,44.977055],[-93.288073,44.977656],[-93.288049,44.975091],[-93.283426,44.975429],[-93.28272,44.975558],[-93.282085,44.975815],[-93.281683,44.976104],[-93.281351,44.976478],[-93.281608,44.976978],[-93.281533,44.97893],[-93.280893,44.979104],[-93.279506,44.980231],[-93.27877,44.980721],[-93.27739,44.981201],[-93.276604,44.981598],[-93.275978,44.982044],[-93.274857,44.981244],[-93.272506,44.982936],[-93.271411,44.982101],[-93.270233,44.981297]]]}},{"type":"Feature","properties":{"role":"Council Member","city":"Minneapolis","county":null,"ward":8,"wardName":null,"district":null,"stateDistrict":null,"chamber":null,"repName":"Soren Stevenson","repParty":"Nonpartisan","repPhotoUrl":"https://www.minneapolismn.gov/media/-www-content-assets/images/headshots/Ward-8-Soren-Stevenson.jpg","repEmail":null,"repPhone":null,"termsOfService":[{"termStart":null,"termEnd":null,"current":true,"sourceUrl":"https://www.minneapolismn.gov/government/city-council/members/ward-8/"}],"committees":[],"neighborhoods":["Bancroft","Bryant","Central","Field","King Field","Lyndale","Northrop","Regina"],"officeRoom":"Room 370, City Hall","profileUrl":"https://www.minneapolismn.gov/government/city-council/members/ward-8/","candidates":[],"isContested":false,"partyUnityPercent":null,"recentVotes":[]},"geometry":{"type":"Polygon","coordinates":[[[-93.286732,44.948363],[-93.267761,44.948353],[-93.267593,44.937775],[-93.262527,44.937761],[-93.262475,44.934148],[-93.247345,44.934116],[-93.247322,44.925148],[-93.262535,44.925139],[-93.262642,44.916107],[-93.262642,44.912483],[-93.265198,44.912487],[-93.265205,44.911991],[-93.265762,44.91251],[-93.266106,44.912655],[-93.266472,44.912716],[-93.269234,44.91267],[-93.269623,44.912582],[-93.269951,44.912415],[-93.270332,44.912468],[-93.275045,44.912427],[-93.275049,44.919661],[-93.288315,44.919567],[-93.288269,44.930457],[-93.288094,44.948364],[-93.286732,44.948363]]]}},{"type":"Feature","properties":{"role":"Council Member","city":"Minneapolis","county":null,"ward":9,"wardName":null,"district":null,"stateDistrict":null,"chamber":null,"repName":"Jason Chavez","repParty":"Nonpartisan","repPhotoUrl":"https://www.minneapolismn.gov/media/-www-content-assets/images/headshots/Ward-9-Jason-Chavez.jpg","repEmail":null,"repPhone":null,"termsOfService":[{"termStart":"2022-01-01","termEnd":null,"current":true,"sourceUrl":"https://www.minneapolismn.gov/government/city-council/members/ward-9/"}],"committees":[],"neighborhoods":["Central","Corcoran","East Phillips","Midtown Phillips","Howe","Longfellow","Powderhorn Park"],"officeRoom":"Room 370, City Hall","profileUrl":"https://www.minneapolismn.gov/government/city-council/members/ward-9/","candidates":[],"isContested":false,"partyUnityPercent":null,"recentVotes":[]},"geometry":{"type":"Polygon","coordinates":[[[-93.248566,44.960934],[-93.247944,44.960915],[-93.246004,44.959144],[-93.245086,44.958223],[-93.244278,44.957223],[-93.243749,44.956462],[-93.243221,44.955547],[-93.240845,44.955553],[-93.240161,44.954606],[-93.239072,44.954967],[-93.238205,44.953723],[-93.236285,44.953718],[-93.236259,44.952869],[-93.235962,44.953167],[-93.23555,44.953415],[-93.235153,44.953552],[-93.234711,44.953594],[-93.230003,44.953602],[-93.221878,44.953228],[-93.220383,44.953271],[-93.220383,44.951973],[-93.217842,44.951969],[-93.21785,44.941425],[-93.229088,44.94135],[-93.22653,44.937722],[-93.223906,44.93413],[-93.228726,44.934082],[-93.231239,44.937717],[-93.237206,44.937733],[-93.247353,44.937733],[-93.247345,44.934116],[-93.262475,44.934148],[-93.262527,44.937761],[-93.267593,44.937775],[-93.267761,44.948353],[-93.262672,44.948357],[-93.262558,44.959118],[-93.249832,44.959135],[-93.24984,44.96093],[-93.248566,44.960934]]]}},{"type":"Feature","properties":{"role":"Council Member","city":"Minneapolis","county":null,"ward":10,"wardName":null,"district":null,"stateDistrict":null,"chamber":null,"repName":"Aisha Chughtai","repParty":"Nonpartisan","repPhotoUrl":"https://www.minneapolismn.gov/media/-www-content-assets/images/headshots/Ward-10-Aisha-Chughtai.jpg","repEmail":null,"repPhone":null,"termsOfService":[{"termStart":"2022-01-01","termEnd":null,"current":true,"sourceUrl":"https://www.minneapolismn.gov/government/city-council/members/ward-10/"}],"committees":[],"neighborhoods":["East Bde Maka Ska","East Isles","Lowry Hill East","South Uptown","Whittier"],"officeRoom":"Room 370, City Hall","profileUrl":"https://www.minneapolismn.gov/government/city-council/members/ward-10/","candidates":[],"isContested":false,"partyUnityPercent":null,"recentVotes":[]},"geometry":{"type":"Polygon","coordinates":[[[-93.288098,44.965598],[-93.288062,44.965482],[-93.287964,44.965491],[-93.28796,44.962798],[-93.288002,44.9627],[-93.269697,44.962692],[-93.26977,44.960085],[-93.269686,44.959573],[-93.269436,44.958709],[-93.269344,44.957981],[-93.269367,44.957587],[-93.269529,44.956757],[-93.269819,44.956143],[-93.27021,44.955528],[-93.273487,44.95162],[-93.273983,44.950948],[-93.274449,44.950001],[-93.274551,44.94967],[-93.274627,44.948353],[-93.288094,44.948364],[-93.288208,44.937717],[-93.304012,44.937717],[-93.304195,44.937151],[-93.30434,44.936878],[-93.304509,44.936616],[-93.304947,44.936126],[-93.305493,44.935692],[-93.30718,44.934734],[-93.307714,44.934507],[-93.307923,44.934847],[-93.307428,44.93504],[-93.306547,44.935488],[-93.305313,44.936284],[-93.304904,44.936748],[-93.304525,44.937358],[-93.304365,44.937758],[-93.304275,44.938546],[-93.304208,44.938776],[-93.304222,44.939106],[-93.303996,44.940145],[-93.303874,44.941135],[-93.30394,44.941977],[-93.303906,44.942629],[-93.303944,44.942824],[-93.304164,44.943229],[-93.304607,44.943866],[-93.304877,44.944379],[-93.30519,44.944814],[-93.305379,44.945278],[-93.305775,44.945957],[-93.305998,44.946397],[-93.306313,44.947254],[-93.306579,44.947822],[-93.306676,44.948248],[-93.307037,44.948933],[-93.307035,44.949185],[-93.3072,44.949233],[-93.307148,44.949304],[-93.305481,44.94849],[-93.305008,44.94838],[-93.305,44.949268],[-93.298279,44.949257],[-93.298264,44.952194],[-93.296789,44.955543],[-93.292725,44.960918],[-93.291817,44.96217],[-93.291759,44.962382],[-93.291556,44.962703],[-93.290062,44.964402],[-93.288742,44.966043],[-93.288624,44.966286],[-93.288254,44.967586],[-93.288179,44.967718],[-93.28811,44.968087],[-93.288199,44.966597],[-93.288165,44.965889],[-93.288098,44.965598]]]}},{"type":"Feature","properties":{"role":"Council Member","city":"Minneapolis","county":null,"ward":11,"wardName":null,"district":null,"stateDistrict":null,"chamber":null,"repName":"Jamison Whiting","repParty":"Nonpartisan","repPhotoUrl":"https://www.minneapolismn.gov/media/-www-content-assets/images/headshots/Ward-11-Jamison-Whiting.jpg","repEmail":null,"repPhone":null,"termsOfService":[{"termStart":null,"termEnd":null,"current":true,"sourceUrl":"https://www.minneapolismn.gov/government/city-council/members/ward-11/"}],"committees":[],"neighborhoods":["Diamond Lake","Field","Hale","Keewaydin","Northrop","Page","Tangletown","Wenonah","Windom"],"officeRoom":"Room 370, City Hall","profileUrl":"https://www.minneapolismn.gov/government/city-council/members/ward-11/","candidates":[],"isContested":false,"partyUnityPercent":null,"recentVotes":[]},"geometry":{"type":"Polygon","coordinates":[[[-93.247322,44.925133],[-93.244786,44.925125],[-93.244774,44.923317],[-93.246048,44.923321],[-93.246002,44.916046],[-93.242546,44.916058],[-93.239365,44.916393],[-93.232211,44.916421],[-93.232147,44.914375],[-93.232189,44.910776],[-93.222854,44.910806],[-93.222961,44.897152],[-93.228094,44.897103],[-93.228097,44.89687],[-93.231759,44.896864],[-93.231764,44.89562],[-93.232391,44.895626],[-93.232399,44.895138],[-93.234955,44.895115],[-93.234947,44.896091],[-93.232384,44.896111],[-93.23238,44.896869],[-93.238676,44.896974],[-93.239979,44.896935],[-93.241282,44.897005],[-93.24128,44.897133],[-93.241859,44.897138],[-93.241861,44.896994],[-93.242531,44.897],[-93.242531,44.897676],[-93.24323,44.89768],[-93.243235,44.897338],[-93.243806,44.897339],[-93.243813,44.897079],[-93.244514,44.897078],[-93.244503,44.897235],[-93.245054,44.897241],[-93.245071,44.896613],[-93.244988,44.895992],[-93.247144,44.896014],[-93.247161,44.897643],[-93.248323,44.897648],[-93.248314,44.897945],[-93.254639,44.89793],[-93.254648,44.89701],[-93.255251,44.89701],[-93.255287,44.895439],[-93.254608,44.895423],[-93.254646,44.894329],[-93.254158,44.894501],[-93.254066,44.894341],[-93.254101,44.89256],[-93.252945,44.892525],[-93.252846,44.892483],[-93.252899,44.890717],[-93.257167,44.890715],[-93.258364,44.890481],[-93.259238,44.890437],[-93.265372,44.890643],[-93.276824,44.890554],[-93.277301,44.890347],[-93.277831,44.890204],[-93.279031,44.890051],[-93.289994,44.8901],[-93.292107,44.890057],[-93.293224,44.889896],[-93.293629,44.889787],[-93.295793,44.890146],[-93.295579,44.890758],[-93.295375,44.891122],[-93.294846,44.891785],[-93.29378,44.892863],[-93.291443,44.894889],[-93.290448,44.895961],[-93.290047,44.896562],[-93.289095,44.89831],[-93.288764,44.899051],[-93.288458,44.900093],[-93.288294,44.900853],[-93.288254,44.912308],[-93.288315,44.919567],[-93.275049,44.919661],[-93.275045,44.912427],[-93.270332,44.912468],[-93.269951,44.912415],[-93.269623,44.912582],[-93.269234,44.91267],[-93.266472,44.912716],[-93.266106,44.912655],[-93.265762,44.91251],[-93.265205,44.911991],[-93.265198,44.912487],[-93.262642,44.912483],[-93.262642,44.916107],[-93.262535,44.925139],[-93.247322,44.925133]]]}},{"type":"Feature","properties":{"role":"Council Member","city":"Minneapolis","county":null,"ward":12,"wardName":null,"district":null,"stateDistrict":null,"chamber":null,"repName":"Aurin Chowdhury","repParty":"Nonpartisan","repPhotoUrl":"https://www.minneapolismn.gov/media/-www-content-assets/images/headshots/Ward-12-Aurin-Chowdhury.jpg","repEmail":null,"repPhone":null,"termsOfService":[{"termStart":null,"termEnd":null,"current":true,"sourceUrl":"https://www.minneapolismn.gov/government/city-council/members/ward-12/"}],"committees":[],"neighborhoods":["Cooper","Ericsson","Hiawatha","Howe","Keewaydin","Minnehaha","Morris Park","Standish"],"officeRoom":"Room 370, City Hall","profileUrl":"https://www.minneapolismn.gov/government/city-council/members/ward-12/","candidates":[],"isContested":false,"partyUnityPercent":null,"recentVotes":[]},"geometry":{"type":"Polygon","coordinates":[[[-93.20775,44.953035],[-93.203597,44.950978],[-93.202056,44.948376],[-93.200104,44.941506],[-93.200623,44.937876],[-93.200791,44.934301],[-93.199789,44.927033],[-93.201359,44.919764],[-93.201129,44.916793],[-93.200367,44.909625],[-93.198737,44.907761],[-93.194042,44.905414],[-93.207596,44.905392],[-93.207687,44.896317],[-93.210753,44.896313],[-93.210756,44.894708],[-93.210875,44.893695],[-93.210893,44.893092],[-93.216266,44.893086],[-93.217175,44.893697],[-93.217189,44.896144],[-93.219028,44.896118],[-93.219033,44.894897],[-93.220372,44.894897],[-93.222638,44.896048],[-93.222588,44.896821],[-93.221437,44.896825],[-93.221049,44.896965],[-93.219774,44.896965],[-93.219383,44.896729],[-93.219024,44.896742],[-93.219018,44.897903],[-93.220346,44.89728],[-93.220347,44.897133],[-93.222961,44.897152],[-93.222854,44.910806],[-93.232189,44.910776],[-93.232147,44.914375],[-93.232211,44.916421],[-93.239365,44.916393],[-93.242546,44.916058],[-93.246002,44.916046],[-93.246048,44.923321],[-93.244774,44.923317],[-93.244786,44.925125],[-93.247322,44.925133],[-93.24736,44.937715],[-93.231239,44.937717],[-93.228726,44.934082],[-93.223906,44.93413],[-93.22653,44.937722],[-93.229088,44.94135],[-93.21785,44.941425],[-93.217842,44.951969],[-93.220383,44.951973],[-93.220383,44.953271],[-93.219467,44.953362],[-93.218346,44.95356],[-93.216675,44.954025],[-93.215057,44.954716],[-93.21276,44.956101],[-93.210028,44.954691],[-93.207757,44.953209],[-93.20775,44.953035]]]}},{"type":"Feature","properties":{"role":"Council Member","city":"Minneapolis","county":null,"ward":13,"wardName":null,"district":null,"stateDistrict":null,"chamber":null,"repName":"Linea Palmisano","repParty":"Nonpartisan","repPhotoUrl":"https://www.minneapolismn.gov/media/-www-content-assets/images/headshots/Ward-13-Linea-Palmisano.jpg","repEmail":null,"repPhone":null,"termsOfService":[{"termStart":"2014-01-01","termEnd":null,"current":true,"sourceUrl":"https://www.minneapolismn.gov/government/city-council/members/ward-13/"}],"committees":[],"neighborhoods":["Armatage","East Harriet","Fulton","Kenny","Linden Hills","Lynnhurst"],"officeRoom":"Room 370, City Hall","profileUrl":"https://www.minneapolismn.gov/government/city-council/members/ward-13/","candidates":[],"isContested":false,"partyUnityPercent":null,"recentVotes":[]},"geometry":{"type":"Polygon","coordinates":[[[-93.322624,44.937759],[-93.319908,44.93774],[-93.320091,44.937454],[-93.320366,44.936852],[-93.320442,44.936543],[-93.320488,44.935913],[-93.320427,44.935612],[-93.320229,44.935345],[-93.320084,44.935234],[-93.319717,44.935078],[-93.31916,44.93502],[-93.317192,44.935032],[-93.315277,44.935215],[-93.314346,44.935162],[-93.313675,44.934975],[-93.31277,44.93441],[-93.312011,44.934144],[-93.311413,44.934035],[-93.310473,44.934019],[-93.310336,44.933822],[-93.310302,44.933628],[-93.309084,44.934043],[-93.308698,44.934123],[-93.307781,44.934475],[-93.30718,44.934734],[-93.305493,44.935692],[-93.304947,44.936126],[-93.304509,44.936616],[-93.304195,44.937151],[-93.304012,44.937717],[-93.288208,44.937717],[-93.288315,44.923183],[-93.288254,44.912308],[-93.288294,44.900853],[-93.288522,44.899846],[-93.288764,44.899051],[-93.289328,44.897834],[-93.290282,44.896189],[-93.290842,44.895504],[-93.291443,44.894889],[-93.29378,44.892863],[-93.294846,44.891785],[-93.295375,44.891122],[-93.295579,44.890758],[-93.295793,44.890146],[-93.297797,44.890327],[-93.306595,44.890644],[-93.308661,44.890605],[-93.312353,44.890715],[-93.318825,44.890752],[-93.318817,44.905239],[-93.328995,44.905308],[-93.329109,44.91972],[-93.329025,44.934063],[-93.323906,44.934036],[-93.323268,44.934093],[-93.323271,44.935367],[-93.323544,44.935415],[-93.323532,44.936022],[-93.322627,44.935955],[-93.322624,44.937759]]]}},{"type":"Feature","properties":{"role":"Council Member","city":"St. Paul","county":null,"ward":1,"wardName":null,"district":null,"stateDistrict":null,"chamber":null,"repName":"Councilmember Anika Bowie","repParty":"Nonpartisan","repPhotoUrl":"https://stpaul.maps.arcgis.com/sharing/rest/content/items/2c09c917839848aa849b8ec157baa3ef/data","repEmail":"ward1@ci.stpaul.mn.us","repPhone":"651-266-8610","termsOfService":[{"termStart":"2024-01-01","termEnd":"2027-12-31","current":true,"sourceUrl":"https://www.stpaul.gov/department/city-council/ward-1"}],"committees":["Chair, Public Safety Committee","Vice Chair, Library Board"],"neighborhoods":["Thomas-Dale (Frogtown)","Summit-University","North End","Lexington-Hamline"],"officeRoom":"Room 310-A, City Hall","profileUrl":"https://www.stpaul.gov/department/city-council/ward-1","candidates":[],"isContested":false,"partyUnityPercent":null,"recentVotes":[{"voteId":"legistar-stpaul-vote-215871-129955","identifier":"RES 26-1257","title":"Approving the application for change of ownership to the Liquor On Sale, Liquor On Sale - Sunday, and Liquor Outdoor Service Area (Patio) licenses (License ID #DSIBLLIQ-001019-2026) now held by Taberna Castiza LLC d/b/a Tasca Madrid for the premises located at 173 Western Ave N.","option":"absent","result":"pass","date":"2026-08-05","sourceUrl":"https://stpaul.legistar.com/LegislationDetail.aspx?ID=8155929&GUID=4580AF7C-3099-4F11-A1B4-B3D36A2FB476"},{"voteId":"legistar-stpaul-vote-215795-129983","identifier":"RES 26-1262","title":"Approving the Memorandum of Agreement between the City of Saint Paul and the International Brotherhood of Electrical Workers, Local 110, for the purpose of establishing mandatory contributions for the utilization of the Minnesota Paid Leave program.","option":"absent","result":"pass","date":"2026-08-05","sourceUrl":"https://stpaul.legistar.com/LegislationDetail.aspx?ID=8155374&GUID=C2E9C4CF-E607-4040-A293-16928FD53A32"},{"voteId":"legistar-stpaul-vote-215796-129955","identifier":"RES 26-1264","title":"Approving the Legislative Hearing Officer's recommendation for the application submitted by Raider Liquor LLC (License ID# DSIBLLOFS-000922-2026), d/b/a Dabbler Depot, for a Liquor Off Sale License, located at 1545 7th St W.","option":"absent","result":"pass","date":"2026-08-05","sourceUrl":"https://stpaul.legistar.com/LegislationDetail.aspx?ID=8154935&GUID=DD7B1136-6292-419D-9D8F-571218D9B26A"},{"voteId":"legistar-stpaul-vote-215797-129955","identifier":"RES 26-1266","title":"Approving the Legislative Hearing Officer's recommendation for the application submitted by Hoodie’s Coffee Den LLC (License ID# DSIBLLIQ-000958-2026), d/b/a Catzen Coffee, for Wine On Sale, Malt On Sale (Strong) and Entertainment (A) Licenses, located at 1416 Grand Avenue.","option":"absent","result":"pass","date":"2026-08-05","sourceUrl":"https://stpaul.legistar.com/LegislationDetail.aspx?ID=8154936&GUID=E73C1DAF-5E54-4527-BDF2-93E38B12B620"},{"voteId":"legistar-stpaul-vote-215830-130144","identifier":"RLH VO 26-32","title":"Appeal of Jamie Rasmussen to a Fire Inspection Notice of Condemnation and Order to Remain Vacant at 1875 NEBRASKA AVENUE EAST.","option":"yes","result":"pass","date":"2026-08-05","sourceUrl":"https://stpaul.legistar.com/LegislationDetail.aspx?ID=8155086&GUID=5051A364-B2BE-40E2-96F4-471EAC04141A"}]},"geometry":{"type":"Polygon","coordinates":[[[-93.105963,44.9558],[-93.106044,44.952374],[-93.105976,44.952038],[-93.105846,44.951735],[-93.105476,44.951443],[-93.107322,44.949131],[-93.106647,44.948716],[-93.106171,44.948531],[-93.104724,44.947676],[-93.104454,44.947189],[-93.104316,44.946782],[-93.107039,44.944787],[-93.109595,44.942792],[-93.110564,44.942164],[-93.112096,44.941327],[-93.113151,44.941362],[-93.126205,44.941345],[-93.146503,44.941396],[-93.146605,44.941515],[-93.146604,44.941291],[-93.149167,44.941278],[-93.151726,44.941321],[-93.152975,44.941518],[-93.152885,44.941362],[-93.154259,44.941298],[-93.167001,44.941309],[-93.167013,44.947851],[-93.16711,44.94808],[-93.167112,44.949342],[-93.166958,44.949343],[-93.16699,44.952086],[-93.166947,44.955678],[-93.146624,44.955727],[-93.146588,44.967349],[-93.141539,44.966653],[-93.141525,44.970203],[-93.126361,44.970168],[-93.126369,44.968364],[-93.121248,44.968373],[-93.121244,44.970182],[-93.114844,44.970199],[-93.114846,44.971057],[-93.106065,44.971101],[-93.105961,44.971083],[-93.105966,44.970221],[-93.10153,44.970195],[-93.101484,44.973793],[-93.096379,44.973781],[-93.096375,44.972883],[-93.094198,44.972864],[-93.094187,44.967103],[-93.09234,44.967093],[-93.089302,44.966737],[-93.090488,44.963444],[-93.0909,44.959653],[-93.0909,44.958717],[-93.091039,44.957867],[-93.092277,44.957872],[-93.092876,44.957807],[-93.093329,44.957693],[-93.093897,44.957477],[-93.095936,44.95644],[-93.097005,44.955976],[-93.097446,44.955861],[-93.102215,44.955857],[-93.103776,44.955793],[-93.105963,44.9558]]]}},{"type":"Feature","properties":{"role":"Council Member","city":"St. Paul","county":null,"ward":2,"wardName":null,"district":null,"stateDistrict":null,"chamber":null,"repName":"Councilmember Rebecca Noecker","repParty":"Nonpartisan","repPhotoUrl":"https://stpaul.maps.arcgis.com/sharing/rest/content/items/ea9f25eca8aa4882a8badfcde0548541/data","repEmail":"ward2@ci.stpaul.mn.us","repPhone":"651-266-8620","termsOfService":[{"termStart":"2024-01-01","termEnd":"2027-12-31","current":true,"sourceUrl":"https://www.stpaul.gov/department/city-council/ward-2"}],"committees":["President of the City Council","Chair, Council Operations Committee","Chair, Policy Committee","Chair, Audit Committee"],"neighborhoods":["West 7th Street","West Side","Summit Hill","Railroad Island","Lowertown","Downtown"],"officeRoom":"Room 310-B, City Hall","profileUrl":"https://www.stpaul.gov/department/city-council/ward-2","candidates":[],"isContested":false,"partyUnityPercent":null,"recentVotes":[{"voteId":"legistar-stpaul-vote-215871-129952","identifier":"RES 26-1257","title":"Approving the application for change of ownership to the Liquor On Sale, Liquor On Sale - Sunday, and Liquor Outdoor Service Area (Patio) licenses (License ID #DSIBLLIQ-001019-2026) now held by Taberna Castiza LLC d/b/a Tasca Madrid for the premises located at 173 Western Ave N.","option":"yes","result":"pass","date":"2026-08-05","sourceUrl":"https://stpaul.legistar.com/LegislationDetail.aspx?ID=8155929&GUID=4580AF7C-3099-4F11-A1B4-B3D36A2FB476"},{"voteId":"legistar-stpaul-vote-215795-129980","identifier":"RES 26-1262","title":"Approving the Memorandum of Agreement between the City of Saint Paul and the International Brotherhood of Electrical Workers, Local 110, for the purpose of establishing mandatory contributions for the utilization of the Minnesota Paid Leave program.","option":"yes","result":"pass","date":"2026-08-05","sourceUrl":"https://stpaul.legistar.com/LegislationDetail.aspx?ID=8155374&GUID=C2E9C4CF-E607-4040-A293-16928FD53A32"},{"voteId":"legistar-stpaul-vote-215796-129952","identifier":"RES 26-1264","title":"Approving the Legislative Hearing Officer's recommendation for the application submitted by Raider Liquor LLC (License ID# DSIBLLOFS-000922-2026), d/b/a Dabbler Depot, for a Liquor Off Sale License, located at 1545 7th St W.","option":"yes","result":"pass","date":"2026-08-05","sourceUrl":"https://stpaul.legistar.com/LegislationDetail.aspx?ID=8154935&GUID=DD7B1136-6292-419D-9D8F-571218D9B26A"},{"voteId":"legistar-stpaul-vote-215797-129952","identifier":"RES 26-1266","title":"Approving the Legislative Hearing Officer's recommendation for the application submitted by Hoodie’s Coffee Den LLC (License ID# DSIBLLIQ-000958-2026), d/b/a Catzen Coffee, for Wine On Sale, Malt On Sale (Strong) and Entertainment (A) Licenses, located at 1416 Grand Avenue.","option":"yes","result":"pass","date":"2026-08-05","sourceUrl":"https://stpaul.legistar.com/LegislationDetail.aspx?ID=8154936&GUID=E73C1DAF-5E54-4527-BDF2-93E38B12B620"},{"voteId":"legistar-stpaul-vote-215830-130141","identifier":"RLH VO 26-32","title":"Appeal of Jamie Rasmussen to a Fire Inspection Notice of Condemnation and Order to Remain Vacant at 1875 NEBRASKA AVENUE EAST.","option":"yes","result":"pass","date":"2026-08-05","sourceUrl":"https://stpaul.legistar.com/LegislationDetail.aspx?ID=8155086&GUID=5051A364-B2BE-40E2-96F4-471EAC04141A"}]},"geometry":{"type":"Polygon","coordinates":[[[-93.083442,44.964837],[-93.082459,44.965149],[-93.07754,44.965343],[-93.076087,44.965467],[-93.076082,44.961425],[-93.076899,44.960891],[-93.077201,44.96061],[-93.077451,44.960285],[-93.077945,44.959384],[-93.078275,44.958659],[-93.078354,44.958351],[-93.078319,44.955904],[-93.078903,44.955637],[-93.077948,44.954478],[-93.076612,44.951962],[-93.075684,44.951013],[-93.075313,44.95073],[-93.074838,44.950463],[-93.073835,44.950056],[-93.066782,44.947818],[-93.062639,44.946274],[-93.061485,44.945923],[-93.062687,44.944649],[-93.056676,44.942196],[-93.052123,44.938584],[-93.049937,44.934744],[-93.049451,44.931822],[-93.049682,44.927788],[-93.050745,44.926003],[-93.051228,44.923026],[-93.050297,44.920312],[-93.04985,44.919924],[-93.050888,44.919501],[-93.065388,44.919527],[-93.09091,44.919668],[-93.090935,44.923236],[-93.092222,44.92327],[-93.096041,44.923287],[-93.096024,44.919679],[-93.107027,44.919756],[-93.128629,44.919648],[-93.128499,44.919689],[-93.129221,44.920288],[-93.129475,44.920564],[-93.13109,44.919456],[-93.131441,44.91965],[-93.143465,44.919667],[-93.143468,44.920562],[-93.144653,44.920561],[-93.144968,44.925454],[-93.144922,44.926111],[-93.144734,44.926929],[-93.144941,44.92693],[-93.144704,44.927552],[-93.144389,44.928147],[-93.143636,44.92917],[-93.14286,44.929862],[-93.142287,44.930248],[-93.141663,44.93059],[-93.144931,44.930573],[-93.144949,44.930804],[-93.145112,44.931012],[-93.146584,44.931775],[-93.146583,44.932058],[-93.146983,44.932173],[-93.147695,44.93251],[-93.148298,44.932867],[-93.149254,44.933635],[-93.150042,44.934514],[-93.150437,44.935158],[-93.150628,44.935581],[-93.151346,44.937856],[-93.152146,44.940682],[-93.152401,44.941269],[-93.152523,44.941449],[-93.151726,44.941321],[-93.149167,44.941278],[-93.146604,44.941291],[-93.146605,44.941515],[-93.146503,44.941396],[-93.126205,44.941345],[-93.113151,44.941362],[-93.112096,44.941327],[-93.110564,44.942164],[-93.109595,44.942792],[-93.107039,44.944787],[-93.104316,44.946782],[-93.104454,44.947189],[-93.104724,44.947676],[-93.106171,44.948531],[-93.106647,44.948716],[-93.107322,44.949131],[-93.105476,44.951443],[-93.105846,44.951735],[-93.105976,44.952038],[-93.106044,44.952374],[-93.105963,44.9558],[-93.103776,44.955793],[-93.102215,44.955857],[-93.097446,44.955861],[-93.097005,44.955976],[-93.095936,44.95644],[-93.093897,44.957477],[-93.093329,44.957693],[-93.092876,44.957807],[-93.092277,44.957872],[-93.091039,44.957867],[-93.0909,44.958717],[-93.0909,44.959653],[-93.090488,44.963444],[-93.089302,44.966737],[-93.087138,44.966575],[-93.086027,44.966375],[-93.085055,44.966085],[-93.084608,44.965893],[-93.08421,44.965648],[-93.083442,44.964837]]]}},{"type":"Feature","properties":{"role":"Council Member","city":"St. Paul","county":null,"ward":3,"wardName":null,"district":null,"stateDistrict":null,"chamber":null,"repName":"Councilmember Saura Jost","repParty":"Nonpartisan","repPhotoUrl":"https://stpaul.maps.arcgis.com/sharing/rest/content/items/063f01b3588f4a98b73de1893fbefba7/data","repEmail":"ward3@ci.stpaul.mn.us","repPhone":"651-266-8630","termsOfService":[{"termStart":"2024-01-01","termEnd":"2027-12-31","current":true,"sourceUrl":"https://www.stpaul.gov/department/city-council/ward-3"}],"committees":["Chair, Library Board","Vice Chair, Housing and Redevelopment Authority"],"neighborhoods":["Highland Park","Macalester-Groveland","West End"],"officeRoom":"Room 310-C, City Hall","profileUrl":"https://www.stpaul.gov/department/city-council/ward-3","candidates":[],"isContested":false,"partyUnityPercent":null,"recentVotes":[{"voteId":"legistar-stpaul-vote-215871-129956","identifier":"RES 26-1257","title":"Approving the application for change of ownership to the Liquor On Sale, Liquor On Sale - Sunday, and Liquor Outdoor Service Area (Patio) licenses (License ID #DSIBLLIQ-001019-2026) now held by Taberna Castiza LLC d/b/a Tasca Madrid for the premises located at 173 Western Ave N.","option":"yes","result":"pass","date":"2026-08-05","sourceUrl":"https://stpaul.legistar.com/LegislationDetail.aspx?ID=8155929&GUID=4580AF7C-3099-4F11-A1B4-B3D36A2FB476"},{"voteId":"legistar-stpaul-vote-215795-129984","identifier":"RES 26-1262","title":"Approving the Memorandum of Agreement between the City of Saint Paul and the International Brotherhood of Electrical Workers, Local 110, for the purpose of establishing mandatory contributions for the utilization of the Minnesota Paid Leave program.","option":"yes","result":"pass","date":"2026-08-05","sourceUrl":"https://stpaul.legistar.com/LegislationDetail.aspx?ID=8155374&GUID=C2E9C4CF-E607-4040-A293-16928FD53A32"},{"voteId":"legistar-stpaul-vote-215796-129956","identifier":"RES 26-1264","title":"Approving the Legislative Hearing Officer's recommendation for the application submitted by Raider Liquor LLC (License ID# DSIBLLOFS-000922-2026), d/b/a Dabbler Depot, for a Liquor Off Sale License, located at 1545 7th St W.","option":"yes","result":"pass","date":"2026-08-05","sourceUrl":"https://stpaul.legistar.com/LegislationDetail.aspx?ID=8154935&GUID=DD7B1136-6292-419D-9D8F-571218D9B26A"},{"voteId":"legistar-stpaul-vote-215797-129956","identifier":"RES 26-1266","title":"Approving the Legislative Hearing Officer's recommendation for the application submitted by Hoodie’s Coffee Den LLC (License ID# DSIBLLIQ-000958-2026), d/b/a Catzen Coffee, for Wine On Sale, Malt On Sale (Strong) and Entertainment (A) Licenses, located at 1416 Grand Avenue.","option":"yes","result":"pass","date":"2026-08-05","sourceUrl":"https://stpaul.legistar.com/LegislationDetail.aspx?ID=8154936&GUID=E73C1DAF-5E54-4527-BDF2-93E38B12B620"},{"voteId":"legistar-stpaul-vote-215830-130145","identifier":"RLH VO 26-32","title":"Appeal of Jamie Rasmussen to a Fire Inspection Notice of Condemnation and Order to Remain Vacant at 1875 NEBRASKA AVENUE EAST.","option":"yes","result":"pass","date":"2026-08-05","sourceUrl":"https://stpaul.legistar.com/LegislationDetail.aspx?ID=8155086&GUID=5051A364-B2BE-40E2-96F4-471EAC04141A"}]},"geometry":{"type":"Polygon","coordinates":[[[-93.201207,44.917803],[-93.201359,44.919764],[-93.199789,44.927033],[-93.200791,44.934301],[-93.187379,44.934329],[-93.177208,44.934286],[-93.177195,44.939019],[-93.182292,44.939032],[-93.182289,44.941332],[-93.178583,44.941378],[-93.170497,44.941305],[-93.159337,44.941314],[-93.156822,44.941278],[-93.154259,44.941298],[-93.152885,44.941362],[-93.152975,44.941518],[-93.152523,44.941449],[-93.152401,44.941269],[-93.152146,44.940682],[-93.151346,44.937856],[-93.150628,44.935581],[-93.150437,44.935158],[-93.150042,44.934514],[-93.149254,44.933635],[-93.148298,44.932867],[-93.147695,44.93251],[-93.146983,44.932173],[-93.146583,44.932058],[-93.146584,44.931775],[-93.145112,44.931012],[-93.144949,44.930804],[-93.144931,44.930573],[-93.141663,44.93059],[-93.142287,44.930248],[-93.14286,44.929862],[-93.143636,44.92917],[-93.144389,44.928147],[-93.144704,44.927552],[-93.144941,44.92693],[-93.144734,44.926929],[-93.144922,44.926111],[-93.144968,44.925454],[-93.144653,44.920561],[-93.143468,44.920562],[-93.143465,44.919667],[-93.131441,44.91965],[-93.13109,44.919456],[-93.129475,44.920564],[-93.129221,44.920288],[-93.128499,44.919689],[-93.12871,44.919648],[-93.131941,44.916025],[-93.132788,44.912406],[-93.133671,44.910265],[-93.136493,44.906102],[-93.137593,44.90519],[-93.146682,44.899307],[-93.149109,44.897443],[-93.15161,44.894748],[-93.1539,44.892898],[-93.156864,44.891865],[-93.161727,44.890841],[-93.164346,44.89034],[-93.168919,44.888204],[-93.172102,44.887399],[-93.175689,44.887405],[-93.178539,44.888338],[-93.177964,44.889641],[-93.177999,44.891176],[-93.177218,44.893928],[-93.178522,44.894179],[-93.182763,44.894292],[-93.18739,44.89512],[-93.190385,44.897987],[-93.190848,44.899878],[-93.190676,44.901217],[-93.192214,44.904376],[-93.193722,44.905254],[-93.198737,44.907761],[-93.200367,44.909625],[-93.201207,44.917803]]]}},{"type":"Feature","properties":{"role":"Council Member","city":"St. Paul","county":null,"ward":4,"wardName":null,"district":null,"stateDistrict":null,"chamber":null,"repName":"Councilmember Molly Coleman","repParty":"Nonpartisan","repPhotoUrl":"https://stpaul.maps.arcgis.com/sharing/rest/content/items/9e095df039fa4e06874096289a5a44be/data","repEmail":"ward4@ci.stpaul.mn.us","repPhone":"651-266-8640","termsOfService":[{"termStart":"2024-01-01","termEnd":"2027-12-31","current":true,"sourceUrl":"https://www.stpaul.gov/department/city-council/ward-4"}],"committees":["Vice Chair, Public Safety Committee","Vice Chair, Audit Committee"],"neighborhoods":["Hamline-Midway","Merriam Park","Saint Anthony Park","Como"],"officeRoom":"Room 310-D, City Hall","profileUrl":"https://www.stpaul.gov/department/city-council/ward-4","candidates":[],"isContested":false,"partyUnityPercent":null,"recentVotes":[{"voteId":"legistar-stpaul-vote-215871-129958","identifier":"RES 26-1257","title":"Approving the application for change of ownership to the Liquor On Sale, Liquor On Sale - Sunday, and Liquor Outdoor Service Area (Patio) licenses (License ID #DSIBLLIQ-001019-2026) now held by Taberna Castiza LLC d/b/a Tasca Madrid for the premises located at 173 Western Ave N.","option":"yes","result":"pass","date":"2026-08-05","sourceUrl":"https://stpaul.legistar.com/LegislationDetail.aspx?ID=8155929&GUID=4580AF7C-3099-4F11-A1B4-B3D36A2FB476"},{"voteId":"legistar-stpaul-vote-215795-129986","identifier":"RES 26-1262","title":"Approving the Memorandum of Agreement between the City of Saint Paul and the International Brotherhood of Electrical Workers, Local 110, for the purpose of establishing mandatory contributions for the utilization of the Minnesota Paid Leave program.","option":"yes","result":"pass","date":"2026-08-05","sourceUrl":"https://stpaul.legistar.com/LegislationDetail.aspx?ID=8155374&GUID=C2E9C4CF-E607-4040-A293-16928FD53A32"},{"voteId":"legistar-stpaul-vote-215796-129958","identifier":"RES 26-1264","title":"Approving the Legislative Hearing Officer's recommendation for the application submitted by Raider Liquor LLC (License ID# DSIBLLOFS-000922-2026), d/b/a Dabbler Depot, for a Liquor Off Sale License, located at 1545 7th St W.","option":"yes","result":"pass","date":"2026-08-05","sourceUrl":"https://stpaul.legistar.com/LegislationDetail.aspx?ID=8154935&GUID=DD7B1136-6292-419D-9D8F-571218D9B26A"},{"voteId":"legistar-stpaul-vote-215797-129958","identifier":"RES 26-1266","title":"Approving the Legislative Hearing Officer's recommendation for the application submitted by Hoodie’s Coffee Den LLC (License ID# DSIBLLIQ-000958-2026), d/b/a Catzen Coffee, for Wine On Sale, Malt On Sale (Strong) and Entertainment (A) Licenses, located at 1416 Grand Avenue.","option":"yes","result":"pass","date":"2026-08-05","sourceUrl":"https://stpaul.legistar.com/LegislationDetail.aspx?ID=8154936&GUID=E73C1DAF-5E54-4527-BDF2-93E38B12B620"},{"voteId":"legistar-stpaul-vote-215830-130147","identifier":"RLH VO 26-32","title":"Appeal of Jamie Rasmussen to a Fire Inspection Notice of Condemnation and Order to Remain Vacant at 1875 NEBRASKA AVENUE EAST.","option":"yes","result":"pass","date":"2026-08-05","sourceUrl":"https://stpaul.legistar.com/LegislationDetail.aspx?ID=8155086&GUID=5051A364-B2BE-40E2-96F4-471EAC04141A"}]},"geometry":{"type":"Polygon","coordinates":[[[-93.207684,44.974746],[-93.207587,44.988071],[-93.198711,44.988118],[-93.19867,44.988077],[-93.197987,44.988077],[-93.197987,44.988015],[-93.197857,44.98809],[-93.18719,44.988086],[-93.187302,44.977244],[-93.178127,44.977264],[-93.167135,44.977305],[-93.167153,44.979],[-93.167023,44.985096],[-93.167057,44.986905],[-93.167022,44.988165],[-93.156617,44.98823],[-93.156808,44.977405],[-93.15445,44.977409],[-93.153953,44.977524],[-93.152914,44.977945],[-93.152277,44.978044],[-93.151601,44.977961],[-93.150977,44.977653],[-93.150487,44.977525],[-93.148001,44.977502],[-93.146508,44.977429],[-93.146557,44.975629],[-93.146624,44.955727],[-93.166947,44.955678],[-93.16699,44.952086],[-93.166958,44.949343],[-93.167112,44.949342],[-93.16711,44.94808],[-93.167013,44.947851],[-93.167001,44.941309],[-93.178583,44.941378],[-93.182289,44.941332],[-93.182292,44.939032],[-93.177195,44.939019],[-93.177208,44.934286],[-93.187379,44.934329],[-93.200791,44.934301],[-93.200623,44.937876],[-93.200104,44.941506],[-93.202056,44.948376],[-93.203597,44.950978],[-93.20775,44.953035],[-93.207787,44.956402],[-93.207684,44.974746]]]}},{"type":"Feature","properties":{"role":"Council Member","city":"St. Paul","county":null,"ward":5,"wardName":null,"district":null,"stateDistrict":null,"chamber":null,"repName":"Councilmember HwaJeong Kim","repParty":"Nonpartisan","repPhotoUrl":"https://stpaul.maps.arcgis.com/sharing/rest/content/items/73858f2f9bc846fb8ca137cbf077a245/data","repEmail":"ward5@ci.stpaul.mn.us","repPhone":"651-266-8650","termsOfService":[{"termStart":"2024-01-01","termEnd":"2027-12-31","current":true,"sourceUrl":"https://www.stpaul.gov/department/city-council/ward-5"}],"committees":["Council Vice President (2024-2026)"],"neighborhoods":["Como","Payne-Phalen","North End"],"officeRoom":"Room 320-A, City Hall","profileUrl":"https://www.stpaul.gov/department/city-council/ward-5","candidates":[],"isContested":false,"partyUnityPercent":null,"recentVotes":[{"voteId":"legistar-stpaul-vote-215871-129954","identifier":"RES 26-1257","title":"Approving the application for change of ownership to the Liquor On Sale, Liquor On Sale - Sunday, and Liquor Outdoor Service Area (Patio) licenses (License ID #DSIBLLIQ-001019-2026) now held by Taberna Castiza LLC d/b/a Tasca Madrid for the premises located at 173 Western Ave N.","option":"yes","result":"pass","date":"2026-08-05","sourceUrl":"https://stpaul.legistar.com/LegislationDetail.aspx?ID=8155929&GUID=4580AF7C-3099-4F11-A1B4-B3D36A2FB476"},{"voteId":"legistar-stpaul-vote-215795-129982","identifier":"RES 26-1262","title":"Approving the Memorandum of Agreement between the City of Saint Paul and the International Brotherhood of Electrical Workers, Local 110, for the purpose of establishing mandatory contributions for the utilization of the Minnesota Paid Leave program.","option":"yes","result":"pass","date":"2026-08-05","sourceUrl":"https://stpaul.legistar.com/LegislationDetail.aspx?ID=8155374&GUID=C2E9C4CF-E607-4040-A293-16928FD53A32"},{"voteId":"legistar-stpaul-vote-215796-129954","identifier":"RES 26-1264","title":"Approving the Legislative Hearing Officer's recommendation for the application submitted by Raider Liquor LLC (License ID# DSIBLLOFS-000922-2026), d/b/a Dabbler Depot, for a Liquor Off Sale License, located at 1545 7th St W.","option":"yes","result":"pass","date":"2026-08-05","sourceUrl":"https://stpaul.legistar.com/LegislationDetail.aspx?ID=8154935&GUID=DD7B1136-6292-419D-9D8F-571218D9B26A"},{"voteId":"legistar-stpaul-vote-215797-129954","identifier":"RES 26-1266","title":"Approving the Legislative Hearing Officer's recommendation for the application submitted by Hoodie’s Coffee Den LLC (License ID# DSIBLLIQ-000958-2026), d/b/a Catzen Coffee, for Wine On Sale, Malt On Sale (Strong) and Entertainment (A) Licenses, located at 1416 Grand Avenue.","option":"yes","result":"pass","date":"2026-08-05","sourceUrl":"https://stpaul.legistar.com/LegislationDetail.aspx?ID=8154936&GUID=E73C1DAF-5E54-4527-BDF2-93E38B12B620"},{"voteId":"legistar-stpaul-vote-215830-130143","identifier":"RLH VO 26-32","title":"Appeal of Jamie Rasmussen to a Fire Inspection Notice of Condemnation and Order to Remain Vacant at 1875 NEBRASKA AVENUE EAST.","option":"yes","result":"pass","date":"2026-08-05","sourceUrl":"https://stpaul.legistar.com/LegislationDetail.aspx?ID=8155086&GUID=5051A364-B2BE-40E2-96F4-471EAC04141A"}]},"geometry":{"type":"Polygon","coordinates":[[[-93.07608,44.973807],[-93.076087,44.965467],[-93.07754,44.965343],[-93.082459,44.965149],[-93.083442,44.964837],[-93.083976,44.965443],[-93.084438,44.965799],[-93.085055,44.966085],[-93.086027,44.966375],[-93.087138,44.966575],[-93.089302,44.966737],[-93.09234,44.967093],[-93.094187,44.967103],[-93.094198,44.972864],[-93.096375,44.972883],[-93.096379,44.973781],[-93.101484,44.973793],[-93.10153,44.970195],[-93.105966,44.970221],[-93.105961,44.971083],[-93.106065,44.971101],[-93.114846,44.971057],[-93.114844,44.970199],[-93.121244,44.970182],[-93.121248,44.968373],[-93.126369,44.968364],[-93.126361,44.970168],[-93.141525,44.970203],[-93.141539,44.966653],[-93.146588,44.967349],[-93.146557,44.975629],[-93.146508,44.977429],[-93.148001,44.977502],[-93.150487,44.977525],[-93.150977,44.977653],[-93.151601,44.977961],[-93.152277,44.978044],[-93.152914,44.977945],[-93.153953,44.977524],[-93.15445,44.977409],[-93.156808,44.977405],[-93.156555,44.99184],[-93.146464,44.991976],[-93.123936,44.991749],[-93.122081,44.991799],[-93.105878,44.991867],[-93.086292,44.991791],[-93.076208,44.991915],[-93.066099,44.991978],[-93.065986,44.980211],[-93.072988,44.980149],[-93.072984,44.977453],[-93.076079,44.977421],[-93.07608,44.973807]]]}},{"type":"Feature","properties":{"role":"Council Member","city":"St. Paul","county":null,"ward":6,"wardName":null,"district":null,"stateDistrict":null,"chamber":null,"repName":"Councilmember Nelsie Yang","repParty":"Nonpartisan","repPhotoUrl":"https://stpaul.maps.arcgis.com/sharing/rest/content/items/5868a3e7e59d4f6990a2c9b06e573c29/data","repEmail":"ward6@ci.stpaul.mn.us","repPhone":"651-266-8660","termsOfService":[{"termStart":"2020-01-01","termEnd":"2027-12-31","current":true,"sourceUrl":"https://www.stpaul.gov/department/city-council/ward-6"}],"committees":["Council Vice President","Vice Chair, Budget Committee","Vice Chair, Council Operations Committee"],"neighborhoods":["Frost Lake","Hayden Heights","Hazel Park","Payne-Phalen","Phalen Village","Prosperity Heights"],"officeRoom":"Room 320-B, City Hall","profileUrl":"https://www.stpaul.gov/department/city-council/ward-6","candidates":[],"isContested":false,"partyUnityPercent":null,"recentVotes":[{"voteId":"legistar-stpaul-vote-215871-129953","identifier":"RES 26-1257","title":"Approving the application for change of ownership to the Liquor On Sale, Liquor On Sale - Sunday, and Liquor Outdoor Service Area (Patio) licenses (License ID #DSIBLLIQ-001019-2026) now held by Taberna Castiza LLC d/b/a Tasca Madrid for the premises located at 173 Western Ave N.","option":"yes","result":"pass","date":"2026-08-05","sourceUrl":"https://stpaul.legistar.com/LegislationDetail.aspx?ID=8155929&GUID=4580AF7C-3099-4F11-A1B4-B3D36A2FB476"},{"voteId":"legistar-stpaul-vote-215795-129981","identifier":"RES 26-1262","title":"Approving the Memorandum of Agreement between the City of Saint Paul and the International Brotherhood of Electrical Workers, Local 110, for the purpose of establishing mandatory contributions for the utilization of the Minnesota Paid Leave program.","option":"yes","result":"pass","date":"2026-08-05","sourceUrl":"https://stpaul.legistar.com/LegislationDetail.aspx?ID=8155374&GUID=C2E9C4CF-E607-4040-A293-16928FD53A32"},{"voteId":"legistar-stpaul-vote-215796-129953","identifier":"RES 26-1264","title":"Approving the Legislative Hearing Officer's recommendation for the application submitted by Raider Liquor LLC (License ID# DSIBLLOFS-000922-2026), d/b/a Dabbler Depot, for a Liquor Off Sale License, located at 1545 7th St W.","option":"yes","result":"pass","date":"2026-08-05","sourceUrl":"https://stpaul.legistar.com/LegislationDetail.aspx?ID=8154935&GUID=DD7B1136-6292-419D-9D8F-571218D9B26A"},{"voteId":"legistar-stpaul-vote-215797-129953","identifier":"RES 26-1266","title":"Approving the Legislative Hearing Officer's recommendation for the application submitted by Hoodie’s Coffee Den LLC (License ID# DSIBLLIQ-000958-2026), d/b/a Catzen Coffee, for Wine On Sale, Malt On Sale (Strong) and Entertainment (A) Licenses, located at 1416 Grand Avenue.","option":"yes","result":"pass","date":"2026-08-05","sourceUrl":"https://stpaul.legistar.com/LegislationDetail.aspx?ID=8154936&GUID=E73C1DAF-5E54-4527-BDF2-93E38B12B620"},{"voteId":"legistar-stpaul-vote-215830-130142","identifier":"RLH VO 26-32","title":"Appeal of Jamie Rasmussen to a Fire Inspection Notice of Condemnation and Order to Remain Vacant at 1875 NEBRASKA AVENUE EAST.","option":"yes","result":"pass","date":"2026-08-05","sourceUrl":"https://stpaul.legistar.com/LegislationDetail.aspx?ID=8155086&GUID=5051A364-B2BE-40E2-96F4-471EAC04141A"}]},"geometry":{"type":"Polygon","coordinates":[[[-93.06095,44.963047],[-93.063639,44.963084],[-93.076089,44.962981],[-93.076079,44.977421],[-93.072984,44.977453],[-93.072988,44.980149],[-93.065986,44.980211],[-93.066099,44.991978],[-93.045055,44.992016],[-93.025222,44.991949],[-93.005064,44.991989],[-93.005087,44.984761],[-93.005003,44.982542],[-93.005099,44.98111],[-93.005113,44.968559],[-93.006538,44.969054],[-93.008335,44.969203],[-93.009073,44.969149],[-93.010611,44.969242],[-93.015176,44.969088],[-93.015981,44.968984],[-93.017189,44.968738],[-93.020237,44.967729],[-93.025296,44.967721],[-93.025301,44.966688],[-93.041633,44.966712],[-93.041627,44.964933],[-93.043668,44.96493],[-93.043663,44.96311],[-93.055871,44.963035],[-93.06095,44.963047]]]}},{"type":"Feature","properties":{"role":"Council Member","city":"St. Paul","county":null,"ward":7,"wardName":null,"district":null,"stateDistrict":null,"chamber":null,"repName":"Councilmember Cheniqua Johnson","repParty":"Nonpartisan","repPhotoUrl":"https://stpaul.maps.arcgis.com/sharing/rest/content/items/1bfe114937f84edbbe57e07830023d6b/data","repEmail":"ward7@ci.stpaul.mn.us","repPhone":"651-266-8670","termsOfService":[{"termStart":"2024-01-01","termEnd":"2027-12-31","current":true,"sourceUrl":"https://www.stpaul.gov/department/city-council/ward-7-cheniqua-johnson"}],"committees":["Chair, Housing and Redevelopment Authority","Chair, Budget Committee","Vice Chair, Policy Committee"],"neighborhoods":["Dayton's Bluff","Battle Creek","Conway","Mounds Park","Swede Hollow"],"officeRoom":"Room 320-C, City Hall","profileUrl":"https://www.stpaul.gov/department/city-council/ward-7-cheniqua-johnson","candidates":[],"isContested":false,"partyUnityPercent":null,"recentVotes":[{"voteId":"legistar-stpaul-vote-215871-129957","identifier":"RES 26-1257","title":"Approving the application for change of ownership to the Liquor On Sale, Liquor On Sale - Sunday, and Liquor Outdoor Service Area (Patio) licenses (License ID #DSIBLLIQ-001019-2026) now held by Taberna Castiza LLC d/b/a Tasca Madrid for the premises located at 173 Western Ave N.","option":"yes","result":"pass","date":"2026-08-05","sourceUrl":"https://stpaul.legistar.com/LegislationDetail.aspx?ID=8155929&GUID=4580AF7C-3099-4F11-A1B4-B3D36A2FB476"},{"voteId":"legistar-stpaul-vote-215795-129985","identifier":"RES 26-1262","title":"Approving the Memorandum of Agreement between the City of Saint Paul and the International Brotherhood of Electrical Workers, Local 110, for the purpose of establishing mandatory contributions for the utilization of the Minnesota Paid Leave program.","option":"yes","result":"pass","date":"2026-08-05","sourceUrl":"https://stpaul.legistar.com/LegislationDetail.aspx?ID=8155374&GUID=C2E9C4CF-E607-4040-A293-16928FD53A32"},{"voteId":"legistar-stpaul-vote-215796-129957","identifier":"RES 26-1264","title":"Approving the Legislative Hearing Officer's recommendation for the application submitted by Raider Liquor LLC (License ID# DSIBLLOFS-000922-2026), d/b/a Dabbler Depot, for a Liquor Off Sale License, located at 1545 7th St W.","option":"yes","result":"pass","date":"2026-08-05","sourceUrl":"https://stpaul.legistar.com/LegislationDetail.aspx?ID=8154935&GUID=DD7B1136-6292-419D-9D8F-571218D9B26A"},{"voteId":"legistar-stpaul-vote-215797-129957","identifier":"RES 26-1266","title":"Approving the Legislative Hearing Officer's recommendation for the application submitted by Hoodie’s Coffee Den LLC (License ID# DSIBLLIQ-000958-2026), d/b/a Catzen Coffee, for Wine On Sale, Malt On Sale (Strong) and Entertainment (A) Licenses, located at 1416 Grand Avenue.","option":"yes","result":"pass","date":"2026-08-05","sourceUrl":"https://stpaul.legistar.com/LegislationDetail.aspx?ID=8154936&GUID=E73C1DAF-5E54-4527-BDF2-93E38B12B620"},{"voteId":"legistar-stpaul-vote-215830-130146","identifier":"RLH VO 26-32","title":"Appeal of Jamie Rasmussen to a Fire Inspection Notice of Condemnation and Order to Remain Vacant at 1875 NEBRASKA AVENUE EAST.","option":"yes","result":"pass","date":"2026-08-05","sourceUrl":"https://stpaul.legistar.com/LegislationDetail.aspx?ID=8155086&GUID=5051A364-B2BE-40E2-96F4-471EAC04141A"}]},"geometry":{"type":"Polygon","coordinates":[[[-93.076612,44.951962],[-93.077948,44.954478],[-93.078903,44.955637],[-93.078319,44.955904],[-93.078354,44.958351],[-93.078275,44.958659],[-93.077945,44.959384],[-93.077451,44.960285],[-93.077201,44.96061],[-93.076899,44.960891],[-93.076082,44.961425],[-93.076089,44.962981],[-93.063639,44.963084],[-93.055871,44.963035],[-93.043663,44.96311],[-93.043668,44.96493],[-93.041627,44.964933],[-93.041633,44.966712],[-93.025301,44.966688],[-93.025296,44.967721],[-93.020237,44.967729],[-93.017189,44.968738],[-93.015981,44.968984],[-93.015176,44.969088],[-93.010611,44.969242],[-93.009073,44.969149],[-93.008335,44.969203],[-93.006538,44.969054],[-93.005113,44.968559],[-93.005039,44.959441],[-93.00491,44.959439],[-93.004828,44.954353],[-93.004834,44.954159],[-93.005013,44.954185],[-93.004998,44.952301],[-93.005047,44.950472],[-93.00484,44.935282],[-93.004816,44.919443],[-93.004618,44.912242],[-93.00433,44.896531],[-93.004324,44.891585],[-93.004424,44.890767],[-93.020044,44.89075],[-93.024607,44.894074],[-93.034733,44.897831],[-93.042125,44.905101],[-93.045179,44.912307],[-93.051642,44.919502],[-93.050888,44.919501],[-93.04985,44.919924],[-93.050297,44.920312],[-93.051228,44.923026],[-93.050745,44.926003],[-93.049682,44.927788],[-93.049451,44.931822],[-93.049937,44.934744],[-93.052123,44.938584],[-93.056676,44.942196],[-93.062687,44.944649],[-93.061485,44.945923],[-93.062639,44.946274],[-93.066782,44.947818],[-93.073371,44.949892],[-93.07427,44.950217],[-93.075313,44.95073],[-93.075684,44.951013],[-93.076612,44.951962]]]}},{"type":"Feature","properties":{"role":"Council Member","city":"Bloomington","county":null,"ward":2,"wardName":null,"district":null,"stateDistrict":null,"chamber":null,"repName":"Shawn Nelson","repParty":"Nonpartisan","repPhotoUrl":"https://www.bloomingtonmn.gov/sites/default/files/styles/240x336/public/2026-02/Nelson-Shawn-2026.jpg?h=59969086&itok=c44_JY5w","repEmail":"snelson@BloomingtonMN.gov","repPhone":"952-479-0471","termsOfService":[{"termStart":null,"termEnd":null,"current":true,"sourceUrl":"https://www.bloomingtonmn.gov/cc/city-councilmembers-and-district-maps"}],"committees":[],"neighborhoods":[],"officeRoom":null,"profileUrl":"https://www.bloomingtonmn.gov/cc/city-councilmembers-and-district-maps","candidates":[],"isContested":false,"partyUnityPercent":null,"recentVotes":[]},"geometry":{"type":"Polygon","coordinates":[[[-93.362961,44.833157],[-93.361458,44.835381],[-93.361176,44.835911],[-93.360909,44.836762],[-93.360863,44.837086],[-93.360863,44.837735],[-93.361016,44.838513],[-93.364083,44.848652],[-93.364174,44.849125],[-93.364205,44.849823],[-93.36364,44.853852],[-93.364045,44.853897],[-93.364426,44.853901],[-93.3648,44.853821],[-93.366928,44.852806],[-93.367524,44.852406],[-93.36911,44.851181],[-93.36966,44.850853],[-93.370339,44.850556],[-93.370827,44.850163],[-93.371292,44.849892],[-93.371521,44.849648],[-93.373307,44.845177],[-93.37574,44.839795],[-93.375809,44.839463],[-93.375817,44.838997],[-93.375344,44.837052],[-93.375313,44.836705],[-93.375412,44.836365],[-93.376374,44.834957],[-93.377076,44.833641],[-93.377137,44.833256],[-93.377121,44.833035],[-93.376641,44.831604],[-93.376671,44.831272],[-93.376839,44.830967],[-93.377236,44.830517],[-93.378334,44.829777],[-93.378464,44.829583],[-93.37864,44.828846],[-93.378769,44.828595],[-93.379654,44.827958],[-93.379726,44.82785],[-93.379756,44.827608],[-93.381321,44.827544],[-93.381737,44.827649],[-93.382347,44.827996],[-93.383103,44.828583],[-93.383423,44.8289],[-93.384713,44.830601],[-93.385003,44.831101],[-93.385163,44.831627],[-93.385498,44.833283],[-93.385949,44.834549],[-93.386292,44.834946],[-93.388497,44.836983],[-93.388558,44.837189],[-93.388596,44.838574],[-93.388665,44.838765],[-93.38897,44.838959],[-93.389298,44.839077],[-93.390129,44.839157],[-93.390435,44.83931],[-93.390747,44.839638],[-93.390908,44.840145],[-93.39087,44.840283],[-93.390923,44.840779],[-93.39122,44.841645],[-93.391243,44.841847],[-93.392449,44.841355],[-93.392678,44.841172],[-93.393196,44.840603],[-93.393549,44.840375],[-93.394852,44.839997],[-93.395226,44.83984],[-93.395607,44.839466],[-93.395859,44.838684],[-93.396141,44.838349],[-93.397431,44.837296],[-93.397817,44.837139],[-93.398665,44.836971],[-93.398541,44.835758],[-93.398468,44.833261],[-93.398444,44.819252],[-93.398405,44.818745],[-93.398448,44.818279],[-93.398475,44.812809],[-93.398403,44.808268],[-93.398479,44.807322],[-93.398373,44.804596],[-93.398366,44.802458],[-93.39848,44.800875],[-93.39854,44.8006],[-93.398592,44.798535],[-93.397826,44.797788],[-93.397265,44.797433],[-93.396416,44.796965],[-93.395966,44.796904],[-93.39186,44.798101],[-93.391018,44.798438],[-93.39018,44.79856],[-93.388573,44.798608],[-93.387634,44.798471],[-93.386336,44.79809],[-93.385724,44.797808],[-93.385296,44.797478],[-93.384834,44.796971],[-93.384229,44.795203],[-93.383698,44.792815],[-93.382983,44.79077],[-93.381572,44.787131],[-93.380856,44.785699],[-93.380325,44.785393],[-93.379364,44.785311],[-93.377658,44.78549],[-93.375647,44.785993],[-93.371941,44.787233],[-93.368813,44.788173],[-93.367688,44.78846],[-93.366216,44.788909],[-93.364957,44.789139],[-93.36454,44.789114],[-93.363184,44.788825],[-93.359911,44.786588],[-93.358033,44.785572],[-93.357325,44.785518],[-93.355408,44.785603],[-93.354959,44.78568],[-93.354378,44.786354],[-93.353533,44.787619],[-93.35293,44.788431],[-93.352664,44.788892],[-93.352219,44.789434],[-93.35189,44.789901],[-93.351833,44.790072],[-93.351464,44.790545],[-93.351208,44.79076],[-93.350373,44.791217],[-93.349925,44.791345],[-93.349453,44.79141],[-93.347876,44.791373],[-93.347405,44.791251],[-93.34691,44.791049],[-93.346632,44.790828],[-93.345883,44.789941],[-93.345374,44.789458],[-93.344858,44.789051],[-93.343816,44.788471],[-93.342979,44.788122],[-93.341834,44.787509],[-93.341189,44.787223],[-93.340055,44.786834],[-93.33939,44.78663],[-93.337356,44.786354],[-93.336753,44.786394],[-93.336241,44.786517],[-93.33572,44.786681],[-93.335058,44.786994],[-93.33275,44.788735],[-93.332009,44.789513],[-93.331528,44.789891],[-93.330578,44.790606],[-93.329597,44.791107],[-93.32972,44.791962],[-93.329621,44.792267],[-93.329628,44.793],[-93.329674,44.793148],[-93.329964,44.79356],[-93.331284,44.794785],[-93.331154,44.795201],[-93.331368,44.795864],[-93.331345,44.796299],[-93.331665,44.796856],[-93.330361,44.79691],[-93.329789,44.797039],[-93.329644,44.797181],[-93.329621,44.797268],[-93.329598,44.79847],[-93.328766,44.798481],[-93.328415,44.798664],[-93.328324,44.798878],[-93.328301,44.801117],[-93.327622,44.801094],[-93.32708,44.803105],[-93.327011,44.803837],[-93.327011,44.806603],[-93.329552,44.806622],[-93.329522,44.819256],[-93.348999,44.819146],[-93.350418,44.818926],[-93.350396,44.833442],[-93.351262,44.833202],[-93.353196,44.832806],[-93.354996,44.833115],[-93.35566,44.833176],[-93.362961,44.833157]]]}},{"type":"Feature","properties":{"role":"Council Member","city":"Bloomington","county":null,"ward":4,"wardName":null,"district":null,"stateDistrict":null,"chamber":null,"repName":"Victor Rivas","repParty":"Nonpartisan","repPhotoUrl":"https://www.bloomingtonmn.gov/sites/default/files/styles/240x336/public/2026-02/Rivas-Victor-2026.jpg?h=59969086&itok=tEn3ybvl","repEmail":"vrivas@bloomingtonmn.gov","repPhone":"651-247-5199","termsOfService":[{"termStart":null,"termEnd":null,"current":true,"sourceUrl":"https://www.bloomingtonmn.gov/cc/city-councilmembers-and-district-maps"}],"committees":[],"neighborhoods":[],"officeRoom":null,"profileUrl":"https://www.bloomingtonmn.gov/cc/city-councilmembers-and-district-maps","candidates":[],"isContested":false,"partyUnityPercent":null,"recentVotes":[]},"geometry":{"type":"Polygon","coordinates":[[[-93.284034,44.862054],[-93.288322,44.861994],[-93.288395,44.855175],[-93.288434,44.853849],[-93.288514,44.85365],[-93.28859,44.840718],[-93.298432,44.840758],[-93.298354,44.839656],[-93.298253,44.839155],[-93.298031,44.838363],[-93.297737,44.83772],[-93.297382,44.837079],[-93.295105,44.833527],[-93.294907,44.833527],[-93.293939,44.831939],[-93.292833,44.83025],[-93.292314,44.829202],[-93.292154,44.828757],[-93.291682,44.827309],[-93.29149,44.826306],[-93.264534,44.826279],[-93.263524,44.826316],[-93.262965,44.826453],[-93.261689,44.827259],[-93.252343,44.83371],[-93.247872,44.837544],[-93.24791,44.847958],[-93.247624,44.847959],[-93.247663,44.847079],[-93.247626,44.846194],[-93.247508,44.845608],[-93.247295,44.844933],[-93.246837,44.843961],[-93.246476,44.843348],[-93.246041,44.842735],[-93.243337,44.839342],[-93.242149,44.838006],[-93.240344,44.835786],[-93.23873,44.833628],[-93.23727,44.831782],[-93.235888,44.830245],[-93.235105,44.829511],[-93.232,44.827313],[-93.232511,44.827005],[-93.232073,44.826717],[-93.230901,44.82749],[-93.227469,44.829094],[-93.225175,44.82975],[-93.221976,44.830537],[-93.221753,44.830648],[-93.221116,44.830815],[-93.220533,44.831061],[-93.219071,44.832246],[-93.221262,44.835454],[-93.221712,44.836234],[-93.221858,44.836617],[-93.221923,44.836968],[-93.221821,44.837737],[-93.221116,44.838485],[-93.220255,44.838848],[-93.21901,44.838939],[-93.216495,44.838714],[-93.212426,44.839423],[-93.211445,44.83975],[-93.210921,44.840332],[-93.209073,44.841959],[-93.20826,44.842878],[-93.208055,44.843289],[-93.207764,44.843634],[-93.205805,44.848002],[-93.203414,44.852364],[-93.20291,44.853043],[-93.198308,44.858172],[-93.197288,44.860122],[-93.197882,44.86194],[-93.197948,44.862008],[-93.198118,44.862015],[-93.198844,44.862012],[-93.198638,44.861832],[-93.20118,44.862016],[-93.209333,44.862026],[-93.223085,44.861993],[-93.224631,44.861926],[-93.225438,44.861835],[-93.229134,44.861872],[-93.229142,44.861977],[-93.243722,44.861953],[-93.249862,44.861895],[-93.253001,44.861918],[-93.256573,44.861865],[-93.256894,44.861804],[-93.257996,44.861871],[-93.263061,44.861904],[-93.268157,44.861858],[-93.271569,44.861928],[-93.273532,44.861775],[-93.274477,44.861753],[-93.278315,44.86179],[-93.282585,44.862027],[-93.284034,44.862054]]]}},{"type":"Feature","properties":{"role":"Council Member","city":"Bloomington","county":null,"ward":1,"wardName":null,"district":null,"stateDistrict":null,"chamber":null,"repName":"Dwayne Lowman","repParty":"Nonpartisan","repPhotoUrl":"https://www.bloomingtonmn.gov/sites/default/files/styles/240x336/public/2026-02/Lowman-Dwayne-2026.jpg?h=59969086&itok=PB1EelDt","repEmail":"dlowman@BloomingtonMN.gov","repPhone":"952-270-2377","termsOfService":[{"termStart":null,"termEnd":null,"current":true,"sourceUrl":"https://www.bloomingtonmn.gov/cc/city-councilmembers-and-district-maps"}],"committees":[],"neighborhoods":[],"officeRoom":null,"profileUrl":"https://www.bloomingtonmn.gov/cc/city-councilmembers-and-district-maps","candidates":[],"isContested":false,"partyUnityPercent":null,"recentVotes":[]},"geometry":{"type":"Polygon","coordinates":[[[-93.232073,44.826717],[-93.232511,44.827005],[-93.232,44.827313],[-93.235105,44.829511],[-93.235888,44.830245],[-93.23727,44.831782],[-93.23873,44.833628],[-93.240344,44.835786],[-93.242149,44.838006],[-93.243337,44.839342],[-93.246041,44.842735],[-93.246476,44.843348],[-93.246837,44.843961],[-93.247295,44.844933],[-93.247508,44.845608],[-93.247626,44.846194],[-93.247663,44.847079],[-93.247624,44.847959],[-93.24791,44.847958],[-93.247872,44.837544],[-93.252343,44.83371],[-93.261689,44.827259],[-93.262827,44.826531],[-93.263124,44.826399],[-93.263524,44.826316],[-93.264534,44.826279],[-93.268357,44.826271],[-93.308869,44.826332],[-93.32457,44.826432],[-93.324952,44.826443],[-93.32575,44.826575],[-93.3265,44.826805],[-93.327185,44.827099],[-93.328003,44.827304],[-93.328741,44.827378],[-93.329903,44.827382],[-93.331124,44.827267],[-93.331887,44.827061],[-93.332589,44.82676],[-93.334671,44.825669],[-93.335877,44.825306],[-93.336884,44.825188],[-93.339653,44.825165],[-93.340462,44.825043],[-93.342278,44.824559],[-93.343453,44.824425],[-93.344246,44.824459],[-93.345391,44.824692],[-93.346093,44.824959],[-93.3471,44.825505],[-93.348008,44.825802],[-93.348656,44.82589],[-93.350396,44.825913],[-93.350418,44.818926],[-93.348999,44.819146],[-93.329522,44.819256],[-93.329552,44.806622],[-93.327011,44.806603],[-93.327011,44.803837],[-93.32708,44.803105],[-93.327622,44.801094],[-93.328301,44.801117],[-93.328324,44.798878],[-93.328415,44.798664],[-93.328766,44.798481],[-93.329598,44.79847],[-93.329621,44.797268],[-93.329644,44.797181],[-93.329789,44.797039],[-93.330361,44.79691],[-93.331665,44.796856],[-93.331345,44.796299],[-93.331368,44.795864],[-93.331154,44.795201],[-93.331284,44.794785],[-93.329964,44.79356],[-93.329674,44.793148],[-93.329628,44.793],[-93.329621,44.792267],[-93.32972,44.791962],[-93.329597,44.791107],[-93.32732,44.792217],[-93.325737,44.792674],[-93.319415,44.792825],[-93.316575,44.792599],[-93.31413,44.792479],[-93.307137,44.793954],[-93.306311,44.794054],[-93.304426,44.79442],[-93.301061,44.796115],[-93.298186,44.797433],[-93.294113,44.799028],[-93.289085,44.800394],[-93.286513,44.801317],[-93.285309,44.802075],[-93.284075,44.804552],[-93.283703,44.804996],[-93.282847,44.805655],[-93.282228,44.805967],[-93.281781,44.806135],[-93.281151,44.806303],[-93.280322,44.806387],[-93.27535,44.806644],[-93.272468,44.806882],[-93.268152,44.807722],[-93.261365,44.809356],[-93.252695,44.811194],[-93.251881,44.811484],[-93.251205,44.812008],[-93.249879,44.813592],[-93.249034,44.814471],[-93.246858,44.81595],[-93.245223,44.816789],[-93.244303,44.817361],[-93.243192,44.81782],[-93.242155,44.818443],[-93.23998,44.819872],[-93.239359,44.820207],[-93.234928,44.824619],[-93.232585,44.826392],[-93.232073,44.826717]]]}},{"type":"Feature","properties":{"role":"Council Member","city":"Bloomington","county":null,"ward":3,"wardName":null,"district":null,"stateDistrict":null,"chamber":null,"repName":"Lona Dallessandro","repParty":"Nonpartisan","repPhotoUrl":"https://www.bloomingtonmn.gov/sites/default/files/styles/240x336/public/2026-02/Dallessandro-Lona-2026.jpg?h=59969086&itok=YmLq0W4U","repEmail":"LDallessandro@BloomingtonMN.gov","repPhone":"612-231-6824","termsOfService":[{"termStart":null,"termEnd":null,"current":true,"sourceUrl":"https://www.bloomingtonmn.gov/cc/city-councilmembers-and-district-maps"}],"committees":[],"neighborhoods":[],"officeRoom":null,"profileUrl":"https://www.bloomingtonmn.gov/cc/city-councilmembers-and-district-maps","candidates":[],"isContested":false,"partyUnityPercent":null,"recentVotes":[]},"geometry":{"type":"Polygon","coordinates":[[[-93.350705,44.862077],[-93.350742,44.862756],[-93.350828,44.8629],[-93.351285,44.863258],[-93.354489,44.863253],[-93.354483,44.862063],[-93.37869,44.861969],[-93.386554,44.861999],[-93.386575,44.860109],[-93.389694,44.859973],[-93.391433,44.860075],[-93.392211,44.860274],[-93.393289,44.860849],[-93.394156,44.861113],[-93.39433,44.861263],[-93.394424,44.861453],[-93.395079,44.861341],[-93.395374,44.862031],[-93.398781,44.862045],[-93.398865,44.860687],[-93.398785,44.859444],[-93.398734,44.851592],[-93.398585,44.849522],[-93.398651,44.846676],[-93.398793,44.843382],[-93.398874,44.842713],[-93.398916,44.840357],[-93.398877,44.839345],[-93.398665,44.836971],[-93.397817,44.837139],[-93.397431,44.837296],[-93.396141,44.838349],[-93.395859,44.838684],[-93.395607,44.839466],[-93.395226,44.83984],[-93.394852,44.839997],[-93.393549,44.840375],[-93.393196,44.840603],[-93.392678,44.841172],[-93.392449,44.841355],[-93.391243,44.841847],[-93.39122,44.841645],[-93.390923,44.840779],[-93.39087,44.840283],[-93.390908,44.840145],[-93.390747,44.839638],[-93.390435,44.83931],[-93.390129,44.839157],[-93.389298,44.839077],[-93.38897,44.838959],[-93.388665,44.838765],[-93.388596,44.838574],[-93.388558,44.837189],[-93.388497,44.836983],[-93.386292,44.834946],[-93.385949,44.834549],[-93.385498,44.833283],[-93.385163,44.831627],[-93.385003,44.831101],[-93.384713,44.830601],[-93.383423,44.8289],[-93.383103,44.828583],[-93.382347,44.827996],[-93.381737,44.827649],[-93.381321,44.827544],[-93.379756,44.827608],[-93.379726,44.82785],[-93.379654,44.827958],[-93.378769,44.828595],[-93.37864,44.828846],[-93.378464,44.829583],[-93.378334,44.829777],[-93.377236,44.830517],[-93.376839,44.830967],[-93.376671,44.831272],[-93.376641,44.831604],[-93.377121,44.833035],[-93.377137,44.833256],[-93.377076,44.833641],[-93.376374,44.834957],[-93.375412,44.836365],[-93.375313,44.836705],[-93.375344,44.837052],[-93.375817,44.838997],[-93.375809,44.839463],[-93.37574,44.839795],[-93.373307,44.845177],[-93.371521,44.849648],[-93.371292,44.849892],[-93.370827,44.850163],[-93.370339,44.850556],[-93.36966,44.850853],[-93.36911,44.851181],[-93.367524,44.852406],[-93.366928,44.852806],[-93.3648,44.853821],[-93.364426,44.853901],[-93.364045,44.853897],[-93.36364,44.853852],[-93.364205,44.849823],[-93.364174,44.849125],[-93.364083,44.848652],[-93.361016,44.838513],[-93.360863,44.837735],[-93.360863,44.837086],[-93.360909,44.836762],[-93.361176,44.835911],[-93.361458,44.835381],[-93.362961,44.833157],[-93.35566,44.833176],[-93.354996,44.833115],[-93.353196,44.832806],[-93.351262,44.833202],[-93.350396,44.833442],[-93.350396,44.825913],[-93.348656,44.82589],[-93.348008,44.825802],[-93.3471,44.825505],[-93.346093,44.824959],[-93.345391,44.824692],[-93.344246,44.824459],[-93.343453,44.824425],[-93.342278,44.824559],[-93.340462,44.825043],[-93.339653,44.825165],[-93.336884,44.825188],[-93.335877,44.825306],[-93.334671,44.825669],[-93.332589,44.82676],[-93.331887,44.827061],[-93.331124,44.827267],[-93.330315,44.82737],[-93.328741,44.827378],[-93.328003,44.827304],[-93.327185,44.827099],[-93.3265,44.826805],[-93.32575,44.826575],[-93.324952,44.826443],[-93.32457,44.826432],[-93.308869,44.826332],[-93.29149,44.826306],[-93.291682,44.827309],[-93.292154,44.828757],[-93.292314,44.829202],[-93.292833,44.83025],[-93.293939,44.831939],[-93.294907,44.833527],[-93.295105,44.833527],[-93.297382,44.837079],[-93.297737,44.83772],[-93.298031,44.838363],[-93.298253,44.839155],[-93.298354,44.839656],[-93.298432,44.840758],[-93.28859,44.840718],[-93.288514,44.85365],[-93.288434,44.853849],[-93.288395,44.855175],[-93.288322,44.861994],[-93.299223,44.861912],[-93.304397,44.861916],[-93.308685,44.862079],[-93.311354,44.862035],[-93.313744,44.862073],[-93.318836,44.862006],[-93.320183,44.861901],[-93.321167,44.861752],[-93.323392,44.861223],[-93.323921,44.861027],[-93.323903,44.861934],[-93.325611,44.861943],[-93.325894,44.862007],[-93.331092,44.861977],[-93.34092,44.862024],[-93.345696,44.861916],[-93.349572,44.861916],[-93.349996,44.862073],[-93.350705,44.862077]]]}},{"type":"Feature","properties":{"role":"Council Member","city":"Plymouth","county":null,"ward":3,"wardName":null,"district":null,"stateDistrict":null,"chamber":null,"repName":"Scott Aldrich","repParty":"Nonpartisan","repPhotoUrl":"https://www.plymouthmn.gov/home/showpublishedimage/13000/638775647154170000","repEmail":"saldrich@plymouthmn.gov","repPhone":"763-509-5003","termsOfService":[{"termStart":null,"termEnd":null,"current":true,"sourceUrl":"https://www.plymouthmn.gov/departments/city-council/city-council-members"}],"committees":[],"neighborhoods":[],"officeRoom":null,"profileUrl":"https://www.plymouthmn.gov/departments/city-council/city-council-members","candidates":[],"isContested":false,"partyUnityPercent":null,"recentVotes":[]},"geometry":{"type":"Polygon","coordinates":[[[-93.427208,45.033516],[-93.428482,45.03349],[-93.430207,45.033291],[-93.433617,45.032612],[-93.437775,45.031598],[-93.439972,45.030865],[-93.44382,45.029332],[-93.444909,45.028969],[-93.446216,45.028384],[-93.44693,45.02821],[-93.449295,45.02792],[-93.450083,45.027922],[-93.45119,45.028101],[-93.454248,45.028983],[-93.454885,45.029093],[-93.45557,45.029133],[-93.461342,45.029126],[-93.461424,45.01836],[-93.462807,45.018386],[-93.463433,45.018554],[-93.463974,45.018918],[-93.464757,45.019865],[-93.465093,45.020129],[-93.465749,45.020394],[-93.466489,45.020471],[-93.467093,45.020445],[-93.467528,45.020355],[-93.467903,45.020179],[-93.468622,45.019653],[-93.469195,45.019436],[-93.469631,45.019399],[-93.472012,45.019425],[-93.472776,45.019304],[-93.473396,45.018964],[-93.473549,45.018813],[-93.47394,45.01821],[-93.473597,45.018072],[-93.47317,45.017815],[-93.471975,45.016791],[-93.471814,45.016611],[-93.471594,45.016218],[-93.471511,45.015797],[-93.471518,45.015594],[-93.468345,45.014298],[-93.465965,45.013479],[-93.458613,45.011509],[-93.457175,45.011003],[-93.457092,45.006162],[-93.457113,45.003379],[-93.457178,45.002199],[-93.457512,45.000309],[-93.458011,44.996671],[-93.458627,44.992946],[-93.45884,44.99134],[-93.45958,44.987021],[-93.45998,44.978558],[-93.450611,44.978617],[-93.447625,44.978711],[-93.44479,44.978726],[-93.444126,44.978883],[-93.443209,44.978953],[-93.441006,44.978743],[-93.430901,44.978848],[-93.416547,44.978594],[-93.40429,44.978499],[-93.400427,44.97851],[-93.400611,44.982047],[-93.400587,44.983049],[-93.400657,44.986187],[-93.400683,44.991755],[-93.400801,44.996203],[-93.400881,45.002061],[-93.400888,45.003804],[-93.400647,45.016674],[-93.400708,45.022037],[-93.400723,45.033322],[-93.407013,45.033303],[-93.417252,45.033039],[-93.420105,45.0331],[-93.427208,45.033516]],[[-93.418949,44.993101],[-93.420825,44.993109],[-93.420848,44.996006],[-93.420939,44.99646],[-93.420947,44.996821],[-93.421225,44.997539],[-93.421527,44.997988],[-93.421893,44.998379],[-93.422357,44.998751],[-93.422892,44.999073],[-93.426996,45.001053],[-93.427464,45.00144],[-93.427699,45.001729],[-93.42787,45.002062],[-93.427952,45.00239],[-93.427928,45.002889],[-93.427814,45.003212],[-93.427621,45.003524],[-93.427071,45.004109],[-93.426159,45.004807],[-93.425371,45.005226],[-93.424827,45.005447],[-93.423918,45.005716],[-93.423262,45.005822],[-93.422577,45.005871],[-93.421849,45.005854],[-93.420858,45.005714],[-93.420213,45.005543],[-93.419302,45.005172],[-93.418524,45.004689],[-93.414214,45.001138],[-93.413919,45.000863],[-93.413683,45.000561],[-93.413486,45.000166],[-93.413386,44.999728],[-93.41342,44.999212],[-93.413531,44.998875],[-93.415224,44.996255],[-93.415517,44.995921],[-93.415716,44.995965],[-93.415881,44.995649],[-93.41555,44.995518],[-93.415724,44.995297],[-93.415157,44.995045],[-93.414492,44.994819],[-93.414946,44.994236],[-93.415745,44.994444],[-93.415758,44.993361],[-93.417023,44.993366],[-93.417027,44.993092],[-93.415762,44.993087],[-93.41576,44.992905],[-93.417089,44.992911],[-93.417331,44.9922],[-93.420333,44.992202],[-93.420332,44.992926],[-93.418949,44.99292],[-93.418949,44.993101]]]}},{"type":"Feature","properties":{"role":"Council Member","city":"Plymouth","county":null,"ward":1,"wardName":null,"district":null,"stateDistrict":null,"chamber":null,"repName":"Kimberly Nelson","repParty":"Nonpartisan","repPhotoUrl":"https://www.plymouthmn.gov/home/showpublishedimage/12998/638775647365700000","repEmail":"knelson@plymouthmn.gov","repPhone":"763-509-5001","termsOfService":[{"termStart":null,"termEnd":null,"current":true,"sourceUrl":"https://www.plymouthmn.gov/departments/city-council/city-council-members"}],"committees":[],"neighborhoods":[],"officeRoom":null,"profileUrl":"https://www.plymouthmn.gov/departments/city-council/city-council-members","candidates":[],"isContested":false,"partyUnityPercent":null,"recentVotes":[]},"geometry":{"type":"Polygon","coordinates":[[[-93.48171,45.065761],[-93.502092,45.065595],[-93.517365,45.065618],[-93.517357,45.064903],[-93.518296,45.065308],[-93.518822,45.065442],[-93.522087,45.065567],[-93.522039,45.058392],[-93.522208,45.051055],[-93.522288,45.043688],[-93.522367,45.042117],[-93.521495,45.041573],[-93.522392,45.041611],[-93.52266,45.036271],[-93.522216,45.028989],[-93.522229,45.027535],[-93.521386,45.027676],[-93.520409,45.027748],[-93.518891,45.02768],[-93.517983,45.027523],[-93.513199,45.026467],[-93.512001,45.026108],[-93.508133,45.024273],[-93.507203,45.023891],[-93.507278,45.032155],[-93.502686,45.02895],[-93.490798,45.020814],[-93.490244,45.020499],[-93.489402,45.020111],[-93.487968,45.019596],[-93.486929,45.019329],[-93.485981,45.019151],[-93.481053,45.018701],[-93.478968,45.01832],[-93.47786,45.018024],[-93.476807,45.017672],[-93.471518,45.015594],[-93.471511,45.015797],[-93.471594,45.016218],[-93.471814,45.016611],[-93.471975,45.016791],[-93.47317,45.017815],[-93.473597,45.018072],[-93.47394,45.01821],[-93.473549,45.018813],[-93.473396,45.018964],[-93.472776,45.019304],[-93.472012,45.019425],[-93.469631,45.019399],[-93.469195,45.019436],[-93.468622,45.019653],[-93.467903,45.020179],[-93.467528,45.020355],[-93.467093,45.020445],[-93.466238,45.020467],[-93.465513,45.020325],[-93.465093,45.020129],[-93.464757,45.019865],[-93.463974,45.018918],[-93.463433,45.018554],[-93.462807,45.018386],[-93.461424,45.01836],[-93.461341,45.029247],[-93.461405,45.036336],[-93.461509,45.041581],[-93.461465,45.041834],[-93.461453,45.042688],[-93.461475,45.044743],[-93.461543,45.045751],[-93.461539,45.046557],[-93.469007,45.046312],[-93.469961,45.046307],[-93.470862,45.046392],[-93.471729,45.046582],[-93.472382,45.046799],[-93.478272,45.049504],[-93.478666,45.049642],[-93.479988,45.049939],[-93.480896,45.050007],[-93.481812,45.049969],[-93.481849,45.06432],[-93.48171,45.065761]]]}},{"type":"Feature","properties":{"role":"Council Member","city":"Plymouth","county":null,"ward":2,"wardName":null,"district":null,"stateDistrict":null,"chamber":null,"repName":"Julie Peterson","repParty":"Nonpartisan","repPhotoUrl":"https://www.plymouthmn.gov/home/showpublishedimage/12996/638775647645630000","repEmail":"jpeterson@plymouthmn.gov","repPhone":"763-509-5002","termsOfService":[{"termStart":null,"termEnd":null,"current":true,"sourceUrl":"https://www.plymouthmn.gov/departments/city-council/city-council-members"}],"committees":[],"neighborhoods":[],"officeRoom":null,"profileUrl":"https://www.plymouthmn.gov/departments/city-council/city-council-members","candidates":[],"isContested":false,"partyUnityPercent":null,"recentVotes":[]},"geometry":{"type":"Polygon","coordinates":[[[-93.502982,45.02916],[-93.507278,45.032155],[-93.507203,45.023891],[-93.508133,45.024273],[-93.512001,45.026108],[-93.513199,45.026467],[-93.517983,45.027523],[-93.518891,45.02768],[-93.520409,45.027748],[-93.521386,45.027676],[-93.522229,45.027535],[-93.522393,45.026446],[-93.522282,45.021918],[-93.522383,45.014345],[-93.522556,44.9816],[-93.512071,44.981782],[-93.512011,44.980051],[-93.511938,44.979995],[-93.51146,44.980038],[-93.511014,44.979655],[-93.510719,44.979318],[-93.510506,44.978218],[-93.509325,44.978233],[-93.509113,44.978317],[-93.508663,44.978325],[-93.508237,44.978518],[-93.507057,44.97915],[-93.502225,44.982053],[-93.502152,44.978403],[-93.489781,44.978494],[-93.45998,44.978558],[-93.45958,44.987021],[-93.45884,44.99134],[-93.458627,44.992946],[-93.458011,44.996671],[-93.457512,45.000309],[-93.457178,45.002199],[-93.457113,45.003379],[-93.457092,45.006162],[-93.457175,45.011003],[-93.458613,45.011509],[-93.46532,45.013297],[-93.466932,45.013793],[-93.468345,45.014298],[-93.476603,45.017597],[-93.478228,45.018127],[-93.479341,45.018404],[-93.480862,45.018676],[-93.485209,45.019059],[-93.48617,45.019182],[-93.487563,45.019485],[-93.488959,45.019934],[-93.489912,45.020338],[-93.490798,45.020814],[-93.502982,45.02916]]]}},{"type":"Feature","properties":{"role":"Council Member","city":"Plymouth","county":null,"ward":4,"wardName":null,"district":null,"stateDistrict":null,"chamber":null,"repName":"Julie Pointner","repParty":"Nonpartisan","repPhotoUrl":"https://www.plymouthmn.gov/home/showpublishedimage/11569/638134355229800000","repEmail":"jpointner@plymouthmn.gov","repPhone":"763-509-5004","termsOfService":[{"termStart":null,"termEnd":null,"current":true,"sourceUrl":"https://www.plymouthmn.gov/departments/city-council/city-council-members"}],"committees":[],"neighborhoods":[],"officeRoom":null,"profileUrl":"https://www.plymouthmn.gov/departments/city-council/city-council-members","candidates":[],"isContested":false,"partyUnityPercent":null,"recentVotes":[]},"geometry":{"type":"Polygon","coordinates":[[[-93.444892,45.06569],[-93.44588,45.066051],[-93.446625,45.066395],[-93.447289,45.065679],[-93.460897,45.065746],[-93.48171,45.065761],[-93.481849,45.06432],[-93.481812,45.049969],[-93.480896,45.050007],[-93.479988,45.049939],[-93.478666,45.049642],[-93.478272,45.049504],[-93.472382,45.046799],[-93.471729,45.046582],[-93.470862,45.046392],[-93.469961,45.046307],[-93.469007,45.046312],[-93.461539,45.046557],[-93.461543,45.045751],[-93.461475,45.044743],[-93.461453,45.042688],[-93.461465,45.041834],[-93.461509,45.041581],[-93.461405,45.036336],[-93.461342,45.029126],[-93.45557,45.029133],[-93.454885,45.029093],[-93.454248,45.028983],[-93.45119,45.028101],[-93.450083,45.027922],[-93.449295,45.02792],[-93.44693,45.02821],[-93.446216,45.028384],[-93.444909,45.028969],[-93.44382,45.029332],[-93.439972,45.030865],[-93.437775,45.031598],[-93.434365,45.032444],[-93.432862,45.032769],[-93.430207,45.033291],[-93.428482,45.03349],[-93.426575,45.033493],[-93.420105,45.0331],[-93.417252,45.033039],[-93.407013,45.033303],[-93.400723,45.033322],[-93.400685,45.039142],[-93.400789,45.043897],[-93.400806,45.048091],[-93.400703,45.065744],[-93.413187,45.065642],[-93.43963,45.065647],[-93.439633,45.065874],[-93.440505,45.065868],[-93.440804,45.065727],[-93.440806,45.065214],[-93.441392,45.064715],[-93.444892,45.06569]]]}},{"type":"Feature","properties":{"role":"Council Member","city":"Minnetonka","county":null,"ward":3,"wardName":null,"district":null,"stateDistrict":null,"chamber":null,"repName":"Paula Ramaley","repParty":"Nonpartisan","repPhotoUrl":"https://www.minnetonkamn.gov/home/showpublishedimage/4031/638436738102070000","repEmail":"pramaley@minnetonkamn.gov","repPhone":"952-222-0105","termsOfService":[{"termStart":null,"termEnd":null,"current":true,"sourceUrl":"https://www.minnetonkamn.gov/government/city-council-mayor/ward-3"}],"committees":[],"neighborhoods":[],"officeRoom":null,"profileUrl":"https://www.minnetonkamn.gov/government/city-council-mayor/ward-3","candidates":[],"isContested":false,"partyUnityPercent":null,"recentVotes":[]},"geometry":{"type":"Polygon","coordinates":[[[-93.441104,44.97876],[-93.443209,44.978953],[-93.444126,44.978883],[-93.44479,44.978726],[-93.447625,44.978711],[-93.450611,44.978617],[-93.49441,44.978475],[-93.493887,44.976898],[-93.494121,44.974942],[-93.491396,44.97443],[-93.49008,44.976485],[-93.487929,44.978059],[-93.485278,44.976211],[-93.487447,44.974712],[-93.486427,44.972687],[-93.485293,44.972613],[-93.485254,44.971324],[-93.483379,44.971342],[-93.483438,44.973918],[-93.481838,44.973941],[-93.481708,44.973941],[-93.481728,44.971356],[-93.47656,44.971386],[-93.476608,44.965805],[-93.486736,44.96585],[-93.486753,44.967389],[-93.488766,44.967398],[-93.488781,44.965746],[-93.489193,44.965738],[-93.489207,44.964098],[-93.491987,44.96411],[-93.492004,44.958434],[-93.491912,44.956279],[-93.492029,44.955638],[-93.492358,44.955094],[-93.49288,44.954498],[-93.497313,44.951139],[-93.497794,44.950724],[-93.498609,44.950421],[-93.499565,44.950477],[-93.499847,44.95065],[-93.500682,44.952189],[-93.502071,44.953468],[-93.502068,44.951325],[-93.502175,44.949227],[-93.502238,44.94553],[-93.507278,44.945616],[-93.507456,44.939218],[-93.502353,44.939196],[-93.502419,44.934792],[-93.502861,44.927719],[-93.503312,44.92228],[-93.503258,44.919138],[-93.503126,44.918758],[-93.503078,44.916505],[-93.503185,44.913904],[-93.503359,44.913843],[-93.503357,44.913666],[-93.493368,44.917165],[-93.493369,44.917261],[-93.491329,44.917995],[-93.490206,44.91835],[-93.488771,44.918727],[-93.482412,44.919736],[-93.4824,44.919615],[-93.476093,44.920642],[-93.467876,44.92191],[-93.467514,44.927227],[-93.462471,44.92722],[-93.453957,44.927433],[-93.45382,44.930035],[-93.453865,44.930146],[-93.453061,44.930184],[-93.45427,44.932181],[-93.456217,44.935565],[-93.456484,44.93611],[-93.456833,44.937092],[-93.456922,44.937896],[-93.456931,44.938709],[-93.456479,44.941692],[-93.456432,44.942521],[-93.456489,44.943802],[-93.456781,44.944876],[-93.458929,44.949718],[-93.459437,44.951301],[-93.459607,44.952054],[-93.459696,44.952773],[-93.45989,44.955887],[-93.460348,44.964761],[-93.460628,44.968957],[-93.460668,44.970122],[-93.460627,44.971038],[-93.459317,44.970959],[-93.457015,44.970922],[-93.446266,44.970855],[-93.434571,44.970906],[-93.430919,44.970862],[-93.430995,44.975115],[-93.430928,44.975736],[-93.430966,44.97669],[-93.430901,44.978846],[-93.441104,44.97876]]]}},{"type":"Feature","properties":{"role":"Council Member","city":"Minnetonka","county":null,"ward":4,"wardName":null,"district":null,"stateDistrict":null,"chamber":null,"repName":"Kissy Coakley","repParty":"Nonpartisan","repPhotoUrl":"https://www.minnetonkamn.gov/home/showpublishedimage/1687/638436738813470000","repEmail":"kcoakley@minnetonkamn.gov","repPhone":"952-486-9670","termsOfService":[{"termStart":null,"termEnd":null,"current":true,"sourceUrl":"https://www.minnetonkamn.gov/government/city-council-mayor/ward-4"}],"committees":[],"neighborhoods":[],"officeRoom":null,"profileUrl":"https://www.minnetonkamn.gov/government/city-council-mayor/ward-4","candidates":[],"isContested":false,"partyUnityPercent":null,"recentVotes":[]},"geometry":{"type":"Polygon","coordinates":[[[-93.503258,44.919138],[-93.503312,44.92228],[-93.502861,44.927719],[-93.502419,44.934792],[-93.5024,44.93633],[-93.503302,44.936308],[-93.503891,44.936223],[-93.505861,44.935651],[-93.506965,44.935049],[-93.507433,44.934721],[-93.50762,44.934502],[-93.507821,44.92881],[-93.511795,44.927658],[-93.513033,44.927664],[-93.513067,44.92729],[-93.51833,44.925881],[-93.518326,44.924448],[-93.518235,44.923977],[-93.518334,44.920401],[-93.520672,44.92046],[-93.520831,44.916703],[-93.523399,44.916779],[-93.523335,44.911475],[-93.523133,44.911553],[-93.523363,44.891465],[-93.519669,44.891533],[-93.516538,44.891654],[-93.514069,44.891689],[-93.513726,44.891648],[-93.501068,44.89185],[-93.49759,44.891966],[-93.493493,44.892294],[-93.492272,44.892335],[-93.490862,44.892264],[-93.488064,44.891939],[-93.486242,44.891869],[-93.480669,44.891681],[-93.473033,44.891605],[-93.470356,44.891682],[-93.469884,44.892064],[-93.469479,44.892483],[-93.468735,44.893582],[-93.467522,44.895817],[-93.466294,44.897248],[-93.465897,44.897885],[-93.465561,44.898568],[-93.465317,44.899357],[-93.465073,44.901036],[-93.465088,44.901535],[-93.465271,44.902905],[-93.465146,44.904191],[-93.465271,44.904499],[-93.463828,44.905468],[-93.462701,44.905982],[-93.462716,44.912896],[-93.462937,44.919945],[-93.462764,44.922716],[-93.476093,44.920642],[-93.4824,44.919615],[-93.482412,44.919736],[-93.488771,44.918727],[-93.490206,44.91835],[-93.491329,44.917995],[-93.493369,44.917261],[-93.493368,44.917165],[-93.503357,44.913666],[-93.503359,44.913843],[-93.503185,44.913904],[-93.503078,44.916505],[-93.503126,44.918758],[-93.503258,44.919138]]]}},{"type":"Feature","properties":{"role":"Council Member","city":"Minnetonka","county":null,"ward":1,"wardName":null,"district":null,"stateDistrict":null,"chamber":null,"repName":"Patsy Foster-Bolton","repParty":"Nonpartisan","repPhotoUrl":"https://www.minnetonkamn.gov/home/showpublishedimage/4029/638436736809070000","repEmail":"pbolton@minnetonkamn.gov","repPhone":"952-314-8638","termsOfService":[{"termStart":null,"termEnd":null,"current":true,"sourceUrl":"https://www.minnetonkamn.gov/government/city-council-mayor/ward-1"}],"committees":[],"neighborhoods":[],"officeRoom":null,"profileUrl":"https://www.minnetonkamn.gov/government/city-council-mayor/ward-1","candidates":[],"isContested":false,"partyUnityPercent":null,"recentVotes":[]},"geometry":{"type":"Polygon","coordinates":[[[-93.456606,44.940757],[-93.456824,44.939575],[-93.456931,44.938709],[-93.456886,44.93736],[-93.45669,44.936664],[-93.456377,44.93586],[-93.456217,44.935565],[-93.45427,44.932181],[-93.453061,44.930184],[-93.453865,44.930146],[-93.45382,44.930035],[-93.453957,44.927433],[-93.462471,44.92722],[-93.467514,44.927227],[-93.467876,44.92191],[-93.462764,44.922716],[-93.462937,44.919945],[-93.462716,44.912896],[-93.462701,44.905982],[-93.463828,44.905468],[-93.465271,44.904499],[-93.465146,44.904191],[-93.465271,44.902905],[-93.465088,44.901535],[-93.465073,44.901036],[-93.465317,44.899357],[-93.465577,44.898526],[-93.465897,44.897885],[-93.466294,44.897248],[-93.467522,44.895817],[-93.468735,44.893582],[-93.469306,44.892708],[-93.469672,44.892269],[-93.470356,44.891682],[-93.462358,44.891749],[-93.462239,44.891615],[-93.461979,44.891466],[-93.461571,44.891342],[-93.460709,44.89169],[-93.460407,44.891765],[-93.459954,44.891794],[-93.454166,44.891814],[-93.453349,44.891791],[-93.452664,44.89167],[-93.452449,44.891723],[-93.452294,44.891827],[-93.452293,44.891759],[-93.441496,44.891753],[-93.421858,44.891833],[-93.419683,44.891983],[-93.419375,44.892149],[-93.418626,44.892267],[-93.418355,44.891903],[-93.41787,44.892029],[-93.412087,44.892273],[-93.409325,44.89209],[-93.408419,44.892093],[-93.406845,44.891949],[-93.405845,44.89193],[-93.40163,44.89165],[-93.401522,44.898027],[-93.401416,44.898918],[-93.401459,44.900181],[-93.401306,44.906142],[-93.403814,44.906128],[-93.403809,44.906309],[-93.406589,44.906312],[-93.406593,44.906131],[-93.406674,44.90613],[-93.406924,44.906169],[-93.422006,44.90635],[-93.422312,44.912463],[-93.422134,44.917535],[-93.423366,44.917238],[-93.423137,44.920921],[-93.427044,44.920887],[-93.427018,44.921738],[-93.427829,44.921853],[-93.427814,44.923414],[-93.42824,44.923438],[-93.428215,44.924433],[-93.426721,44.92448],[-93.426645,44.926137],[-93.427301,44.926115],[-93.427414,44.926422],[-93.427735,44.926972],[-93.428417,44.92788],[-93.428655,44.927974],[-93.428915,44.928791],[-93.428915,44.929252],[-93.428848,44.929759],[-93.426828,44.929741],[-93.426793,44.931186],[-93.426289,44.931551],[-93.423767,44.93153],[-93.422645,44.931581],[-93.42431,44.932427],[-93.422744,44.932706],[-93.421092,44.9328],[-93.421013,44.935101],[-93.421045,44.936907],[-93.419588,44.936911],[-93.419581,44.93914],[-93.416015,44.939186],[-93.416001,44.942437],[-93.421126,44.942444],[-93.421073,44.945749],[-93.423616,44.94552],[-93.423584,44.944794],[-93.424904,44.944622],[-93.427536,44.944153],[-93.430962,44.943333],[-93.432129,44.943188],[-93.434525,44.943135],[-93.435776,44.943058],[-93.439499,44.942532],[-93.449257,44.940464],[-93.45002,44.9404],[-93.450646,44.940422],[-93.454624,44.940909],[-93.455353,44.940911],[-93.456606,44.940757]]]}},{"type":"Feature","properties":{"role":"Council Member","city":"Minnetonka","county":null,"ward":2,"wardName":null,"district":null,"stateDistrict":null,"chamber":null,"repName":"Amanda Maxwell","repParty":"Nonpartisan","repPhotoUrl":"https://www.minnetonkamn.gov/home/showpublishedimage/5566/639087423947130000","repEmail":"amaxwell@minnetonkamn.gov","repPhone":"612-466-0729","termsOfService":[{"termStart":null,"termEnd":null,"current":true,"sourceUrl":"https://www.minnetonkamn.gov/government/city-council-mayor/ward-2"}],"committees":[],"neighborhoods":[],"officeRoom":null,"profileUrl":"https://www.minnetonkamn.gov/government/city-council-mayor/ward-2","candidates":[],"isContested":false,"partyUnityPercent":null,"recentVotes":[]},"geometry":{"type":"Polygon","coordinates":[[[-93.410519,44.973375],[-93.410474,44.978561],[-93.416547,44.978594],[-93.430901,44.978848],[-93.430966,44.97669],[-93.430928,44.975736],[-93.430995,44.975115],[-93.430919,44.970862],[-93.434571,44.970906],[-93.446266,44.970855],[-93.457015,44.970922],[-93.459317,44.970959],[-93.460627,44.971038],[-93.460668,44.970122],[-93.460628,44.968957],[-93.460385,44.965413],[-93.45989,44.955887],[-93.459674,44.952523],[-93.459437,44.951301],[-93.459051,44.950048],[-93.456781,44.944876],[-93.456533,44.944006],[-93.456451,44.943501],[-93.456432,44.942521],[-93.456479,44.941692],[-93.456606,44.940757],[-93.455353,44.940911],[-93.454624,44.940909],[-93.450646,44.940422],[-93.449639,44.940422],[-93.448891,44.940529],[-93.439499,44.942532],[-93.435776,44.943058],[-93.434525,44.943135],[-93.432129,44.943188],[-93.430962,44.943333],[-93.427948,44.944069],[-93.424849,44.944629],[-93.425247,44.94598],[-93.425477,44.945981],[-93.425457,44.947494],[-93.423833,44.947931],[-93.421038,44.948386],[-93.421031,44.948891],[-93.410891,44.949557],[-93.41092,44.945954],[-93.410874,44.942341],[-93.410958,44.94163],[-93.410967,44.940486],[-93.405773,44.940473],[-93.405754,44.938715],[-93.400625,44.938755],[-93.400627,44.940516],[-93.39875,44.940518],[-93.398768,44.940944],[-93.398854,44.941354],[-93.399355,44.942316],[-93.400627,44.942312],[-93.400627,44.943705],[-93.400473,44.946095],[-93.400428,44.950119],[-93.400709,44.953594],[-93.400736,44.956705],[-93.400647,44.964053],[-93.405564,44.964116],[-93.40557,44.967124],[-93.40471,44.967116],[-93.404701,44.967726],[-93.405571,44.967732],[-93.405569,44.970048],[-93.404613,44.970048],[-93.404611,44.971338],[-93.404283,44.971338],[-93.40426,44.973591],[-93.410519,44.973375]]]}},{"type":"Feature","properties":{"role":"Council Member","city":"St. Louis Park","county":null,"ward":3,"wardName":null,"district":null,"stateDistrict":null,"chamber":null,"repName":"Sue Budd","repParty":"Nonpartisan","repPhotoUrl":"https://www.stlouisparkmn.gov/home/showpublishedimage/6966/639046881809400000","repEmail":"sbudd@stlouisparkmn.gov","repPhone":"612-523-5834","termsOfService":[{"termStart":null,"termEnd":null,"current":true,"sourceUrl":"https://www.stlouisparkmn.gov/government/city-council/mayor-council-members/ward-3"}],"committees":[],"neighborhoods":[],"officeRoom":null,"profileUrl":"https://www.stlouisparkmn.gov/government/city-council/mayor-council-members/ward-3","candidates":[],"isContested":false,"partyUnityPercent":null,"recentVotes":[]},"geometry":{"type":"Polygon","coordinates":[[[-93.370812,44.949532],[-93.370946,44.956835],[-93.383417,44.954375],[-93.386771,44.953531],[-93.3978,44.950566],[-93.398967,44.95032],[-93.400428,44.950082],[-93.400473,44.946095],[-93.400627,44.943705],[-93.400627,44.942312],[-93.399355,44.942316],[-93.398854,44.941354],[-93.398768,44.940944],[-93.39875,44.940518],[-93.400627,44.940516],[-93.400625,44.938755],[-93.400664,44.938754],[-93.400605,44.935092],[-93.395655,44.935132],[-93.395659,44.934489],[-93.391593,44.934846],[-93.389404,44.935093],[-93.380847,44.936248],[-93.367053,44.938193],[-93.36536,44.938294],[-93.363918,44.938218],[-93.3627,44.938095],[-93.362987,44.938798],[-93.363068,44.939347],[-93.363053,44.939629],[-93.362956,44.940033],[-93.362786,44.940442],[-93.362625,44.940697],[-93.362285,44.941109],[-93.361904,44.94146],[-93.358419,44.943952],[-93.357931,44.944541],[-93.35767,44.944999],[-93.357522,44.945443],[-93.357464,44.945897],[-93.357536,44.94953],[-93.360599,44.949629],[-93.370812,44.949532]]]}},{"type":"Feature","properties":{"role":"Council Member","city":"St. Louis Park","county":null,"ward":1,"wardName":null,"district":null,"stateDistrict":null,"chamber":null,"repName":"Daniel Bashore","repParty":"Nonpartisan","repPhotoUrl":"https://www.stlouisparkmn.gov/home/showpublishedimage/6958/639046881787430000","repEmail":"dbashore@stlouisparkmn.gov","repPhone":"612-523-5702","termsOfService":[{"termStart":null,"termEnd":null,"current":true,"sourceUrl":"https://www.stlouisparkmn.gov/government/city-council/mayor-council-members/ward-1"}],"committees":[],"neighborhoods":[],"officeRoom":null,"profileUrl":"https://www.stlouisparkmn.gov/government/city-council/mayor-council-members/ward-1","candidates":[],"isContested":false,"partyUnityPercent":null,"recentVotes":[]},"geometry":{"type":"Polygon","coordinates":[[[-93.328819,44.959143],[-93.328776,44.965058],[-93.370946,44.956835],[-93.370812,44.949531],[-93.360599,44.949629],[-93.357536,44.94953],[-93.357464,44.945897],[-93.357522,44.945443],[-93.357739,44.944855],[-93.35804,44.944389],[-93.358419,44.943952],[-93.361762,44.941568],[-93.362165,44.94123],[-93.36255,44.940793],[-93.362786,44.940442],[-93.362956,44.940033],[-93.363053,44.939629],[-93.363068,44.939347],[-93.362987,44.938798],[-93.3627,44.938095],[-93.362009,44.938022],[-93.361061,44.938029],[-93.360142,44.938092],[-93.359286,44.938212],[-93.356437,44.939063],[-93.355026,44.939572],[-93.353697,44.940143],[-93.352149,44.94102],[-93.348979,44.943133],[-93.348066,44.943601],[-93.348062,44.943719],[-93.347898,44.943793],[-93.347956,44.941128],[-93.348034,44.94086],[-93.33895,44.943926],[-93.336318,44.944662],[-93.334184,44.945386],[-93.333484,44.945536],[-93.332763,44.945624],[-93.330215,44.945653],[-93.328827,44.945818],[-93.32888,44.946621],[-93.32885,44.948544],[-93.328903,44.948781],[-93.328851,44.949138],[-93.328819,44.959143]]]}},{"type":"Feature","properties":{"role":"Council Member","city":"St. Louis Park","county":null,"ward":4,"wardName":null,"district":null,"stateDistrict":null,"chamber":null,"repName":"Tim Brausen","repParty":"Nonpartisan","repPhotoUrl":"https://www.stlouisparkmn.gov/home/showpublishedimage/6968/639046881814570000","repEmail":"tbrausen@stlouisparkmn.gov","repPhone":"612-523-5678","termsOfService":[{"termStart":null,"termEnd":null,"current":true,"sourceUrl":"https://www.stlouisparkmn.gov/government/city-council/mayor-council-members/ward-4"}],"committees":[],"neighborhoods":[],"officeRoom":null,"profileUrl":"https://www.stlouisparkmn.gov/government/city-council/mayor-council-members/ward-4","candidates":[],"isContested":false,"partyUnityPercent":null,"recentVotes":[]},"geometry":{"type":"Polygon","coordinates":[[[-93.405934,44.978509],[-93.410474,44.978561],[-93.410519,44.973372],[-93.40426,44.973591],[-93.404283,44.971338],[-93.404611,44.971338],[-93.404613,44.970048],[-93.405569,44.970048],[-93.405571,44.967732],[-93.404701,44.967726],[-93.40471,44.967116],[-93.40557,44.967124],[-93.405564,44.964116],[-93.400647,44.964053],[-93.400736,44.956705],[-93.400709,44.953594],[-93.400428,44.950082],[-93.398967,44.95032],[-93.3978,44.950566],[-93.386771,44.953531],[-93.383417,44.954375],[-93.328776,44.965058],[-93.328764,44.966468],[-93.339024,44.96654],[-93.344024,44.966663],[-93.34405,44.970222],[-93.349474,44.970315],[-93.349494,44.971073],[-93.351139,44.971072],[-93.351138,44.970982],[-93.359326,44.970959],[-93.359321,44.97105],[-93.38182,44.971062],[-93.40064,44.971337],[-93.400378,44.978521],[-93.405934,44.978509]]]}},{"type":"Feature","properties":{"role":"Council Member","city":"St. Louis Park","county":null,"ward":2,"wardName":null,"district":null,"stateDistrict":null,"chamber":null,"repName":"Jim Engelking","repParty":"Nonpartisan","repPhotoUrl":"https://www.stlouisparkmn.gov/home/showpublishedimage/6960/639046881792530000","repEmail":"jengelking@stlouisparkmn.gov","repPhone":"612-449-0989","termsOfService":[{"termStart":null,"termEnd":null,"current":true,"sourceUrl":"https://www.stlouisparkmn.gov/government/city-council/mayor-council-members/ward-2"}],"committees":[],"neighborhoods":[],"officeRoom":null,"profileUrl":"https://www.stlouisparkmn.gov/government/city-council/mayor-council-members/ward-2","candidates":[],"isContested":false,"partyUnityPercent":null,"recentVotes":[]},"geometry":{"type":"Polygon","coordinates":[[[-93.328826,44.945808],[-93.330215,44.945653],[-93.332763,44.945624],[-93.333484,44.945536],[-93.334184,44.945386],[-93.336318,44.944662],[-93.33895,44.943926],[-93.348034,44.94086],[-93.347956,44.941128],[-93.347898,44.943793],[-93.348062,44.943719],[-93.348066,44.943601],[-93.348979,44.943133],[-93.352149,44.94102],[-93.353697,44.940143],[-93.355026,44.939572],[-93.356437,44.939063],[-93.359286,44.938212],[-93.360142,44.938092],[-93.361661,44.938014],[-93.363646,44.938198],[-93.36536,44.938294],[-93.367053,44.938193],[-93.385425,44.935618],[-93.385428,44.935228],[-93.385155,44.935227],[-93.385017,44.935384],[-93.384928,44.935269],[-93.384925,44.9351],[-93.380842,44.935029],[-93.380814,44.929609],[-93.379373,44.930076],[-93.379937,44.929809],[-93.380355,44.929397],[-93.379222,44.929117],[-93.379267,44.928938],[-93.379286,44.927834],[-93.379031,44.927835],[-93.379026,44.926037],[-93.375747,44.926223],[-93.37575,44.926317],[-93.374811,44.926398],[-93.374092,44.926552],[-93.37069,44.927525],[-93.370735,44.920679],[-93.360664,44.92069],[-93.35039,44.920596],[-93.349656,44.92053],[-93.349682,44.91976],[-93.339294,44.919761],[-93.339289,44.920196],[-93.33887,44.920301],[-93.339094,44.920794],[-93.339004,44.920813],[-93.339542,44.921983],[-93.339598,44.921972],[-93.340223,44.923364],[-93.340214,44.92346],[-93.339273,44.923459],[-93.339249,44.930611],[-93.329072,44.930564],[-93.329013,44.939873],[-93.329155,44.940685],[-93.329163,44.941422],[-93.329109,44.944378],[-93.328834,44.945543],[-93.328826,44.945808]]]}},{"type":"Feature","properties":{"role":"Council Member","city":"Richfield","county":null,"ward":3,"wardName":null,"district":null,"stateDistrict":null,"chamber":null,"repName":"Rori A. Coleman-Woods","repParty":"Nonpartisan","repPhotoUrl":"https://www.richfieldmn.gov/ImageRepository/Document?documentID=904","repEmail":"RColeman-Woods@RichfieldMN.gov","repPhone":"612-490-2776","termsOfService":[{"termStart":null,"termEnd":null,"current":true,"sourceUrl":"https://www.richfieldmn.gov/directory.aspx?eid=64"}],"committees":[],"neighborhoods":[],"officeRoom":null,"profileUrl":"https://www.richfieldmn.gov/directory.aspx?eid=64","candidates":[],"isContested":false,"partyUnityPercent":null,"recentVotes":[]},"geometry":{"type":"Polygon","coordinates":[[[-93.26785,44.890626],[-93.268089,44.869105],[-93.274438,44.869102],[-93.274477,44.861753],[-93.273532,44.861775],[-93.271569,44.861928],[-93.247933,44.861942],[-93.247906,44.878111],[-93.246561,44.878113],[-93.246472,44.879913],[-93.246257,44.881228],[-93.246081,44.881525],[-93.245891,44.881703],[-93.245065,44.882134],[-93.244912,44.882316],[-93.244827,44.882592],[-93.244859,44.882803],[-93.244986,44.88303],[-93.245323,44.883287],[-93.245686,44.8834],[-93.245685,44.88361],[-93.246509,44.883605],[-93.246472,44.888775],[-93.247857,44.888765],[-93.247796,44.89072],[-93.25718,44.890722],[-93.257951,44.890547],[-93.25881,44.890457],[-93.264842,44.890645],[-93.26785,44.890626]]]}},{"type":"Feature","properties":{"role":"Council Member","city":"Richfield","county":null,"ward":1,"wardName":null,"district":null,"stateDistrict":null,"chamber":null,"repName":"Walter Burk","repParty":"Nonpartisan","repPhotoUrl":"https://www.richfieldmn.gov/ImageRepository/Document?documentID=910","repEmail":"WBurk@RichfieldMN.gov","repPhone":"651-236-0563","termsOfService":[{"termStart":null,"termEnd":null,"current":true,"sourceUrl":"https://www.richfieldmn.gov/directory.aspx?eid=62"}],"committees":[],"neighborhoods":[],"officeRoom":null,"profileUrl":"https://www.richfieldmn.gov/directory.aspx?eid=62","candidates":[],"isContested":false,"partyUnityPercent":null,"recentVotes":[]},"geometry":{"type":"Polygon","coordinates":[[[-93.318825,44.89082],[-93.318762,44.876364],[-93.318834,44.862006],[-93.313744,44.862073],[-93.311354,44.862035],[-93.308685,44.862079],[-93.304397,44.861916],[-93.298456,44.861916],[-93.298977,44.866653],[-93.299021,44.86758],[-93.299006,44.869271],[-93.298878,44.870909],[-93.297451,44.870907],[-93.297267,44.870875],[-93.296968,44.870705],[-93.296627,44.870582],[-93.296005,44.870492],[-93.295401,44.87057],[-93.294688,44.870888],[-93.294504,44.870911],[-93.288402,44.870896],[-93.288424,44.872696],[-93.288608,44.873751],[-93.28913,44.87571],[-93.289167,44.876287],[-93.289043,44.876755],[-93.288474,44.878078],[-93.28795,44.879593],[-93.287877,44.87985],[-93.287795,44.880845],[-93.28772,44.881134],[-93.286521,44.88339],[-93.288522,44.883347],[-93.289045,44.883252],[-93.289944,44.882988],[-93.290509,44.882927],[-93.291075,44.882977],[-93.292794,44.883375],[-93.293267,44.88344],[-93.295926,44.883421],[-93.296273,44.886795],[-93.296307,44.887585],[-93.296184,44.8889],[-93.29585,44.890154],[-93.297797,44.890327],[-93.306595,44.890644],[-93.308661,44.890605],[-93.312353,44.890715],[-93.318825,44.890752],[-93.318825,44.89082]]]}},{"type":"Feature","properties":{"role":"Council Member","city":"Richfield","county":null,"ward":2,"wardName":null,"district":null,"stateDistrict":null,"chamber":null,"repName":"Sean Hayford Oleary","repParty":"Nonpartisan","repPhotoUrl":"https://www.richfieldmn.gov/ImageRepository/Document?documentID=906","repEmail":"SHayfordoleary@RichfieldMN.gov","repPhone":"612-605-8837","termsOfService":[{"termStart":null,"termEnd":null,"current":true,"sourceUrl":"https://www.richfieldmn.gov/directory.aspx?eid=63"}],"committees":[],"neighborhoods":[],"officeRoom":null,"profileUrl":"https://www.richfieldmn.gov/directory.aspx?eid=63","candidates":[],"isContested":false,"partyUnityPercent":null,"recentVotes":[]},"geometry":{"type":"Polygon","coordinates":[[[-93.26785,44.890626],[-93.276824,44.890566],[-93.277062,44.890447],[-93.277839,44.890212],[-93.27873,44.890075],[-93.279528,44.890044],[-93.290144,44.890105],[-93.292257,44.890049],[-93.293232,44.889904],[-93.293637,44.889795],[-93.29585,44.890154],[-93.296184,44.8889],[-93.296307,44.887585],[-93.296273,44.886795],[-93.295926,44.883421],[-93.293267,44.88344],[-93.292794,44.883375],[-93.291075,44.882977],[-93.290509,44.882927],[-93.289944,44.882988],[-93.289045,44.883252],[-93.288522,44.883347],[-93.286521,44.88339],[-93.28772,44.881134],[-93.287795,44.880845],[-93.287877,44.87985],[-93.28795,44.879593],[-93.288474,44.878078],[-93.289043,44.876755],[-93.289167,44.876287],[-93.28913,44.87571],[-93.288608,44.873751],[-93.288424,44.872696],[-93.288402,44.870896],[-93.294504,44.870911],[-93.294688,44.870888],[-93.295401,44.87057],[-93.296005,44.870492],[-93.296627,44.870582],[-93.296968,44.870705],[-93.297267,44.870875],[-93.297451,44.870907],[-93.298878,44.870909],[-93.299006,44.869271],[-93.299021,44.86758],[-93.298977,44.866653],[-93.298456,44.861916],[-93.301328,44.861915],[-93.295092,44.861915],[-93.284034,44.862054],[-93.282585,44.862027],[-93.278315,44.86179],[-93.274477,44.861753],[-93.274438,44.869102],[-93.268089,44.869105],[-93.26785,44.890626]]]}},{"type":"Feature","properties":{"role":"Council Member","city":"Champlin","county":null,"ward":3,"wardName":null,"district":null,"stateDistrict":null,"chamber":null,"repName":"Rachel Wales","repParty":"Nonpartisan","repPhotoUrl":"https://www.champlinmn.gov/ImageRepository/Document?documentID=5657","repEmail":"RWales@champlinmn.gov","repPhone":null,"termsOfService":[{"termStart":"2026-05-18","termEnd":null,"current":true,"sourceUrl":"https://www.champlinmn.gov/directory.aspx?EID=36"}],"committees":[],"neighborhoods":[],"officeRoom":null,"profileUrl":"https://www.champlinmn.gov/directory.aspx?EID=36","candidates":[],"isContested":false,"partyUnityPercent":null,"recentVotes":[]},"geometry":{"type":"Polygon","coordinates":[[[-93.360642,45.163506],[-93.360634,45.166268],[-93.355965,45.166237],[-93.354256,45.164307],[-93.353386,45.164734],[-93.352906,45.165074],[-93.35228,45.165402],[-93.35363,45.16687],[-93.354439,45.168156],[-93.35466,45.168358],[-93.355034,45.168599],[-93.355652,45.16882],[-93.355378,45.169278],[-93.354019,45.170204],[-93.354404,45.170666],[-93.356163,45.172475],[-93.358235,45.174264],[-93.358838,45.174973],[-93.375438,45.178672],[-93.379939,45.181372],[-93.386831,45.185665],[-93.387213,45.18502],[-93.387473,45.184332],[-93.387322,45.183978],[-93.387354,45.183776],[-93.387592,45.18369],[-93.387751,45.183704],[-93.38823,45.184007],[-93.388649,45.184133],[-93.388941,45.184133],[-93.389406,45.184009],[-93.388955,45.183392],[-93.388482,45.182923],[-93.386067,45.18131],[-93.385284,45.180695],[-93.38749,45.180687],[-93.387482,45.179856],[-93.387635,45.17973],[-93.389023,45.18002],[-93.38968,45.180024],[-93.389641,45.179707],[-93.389115,45.178849],[-93.389102,45.178418],[-93.388817,45.178418],[-93.388321,45.178326],[-93.388199,45.178257],[-93.388153,45.178158],[-93.388161,45.177201],[-93.388314,45.17714],[-93.389084,45.177132],[-93.38917,45.176886],[-93.389177,45.17653],[-93.388172,45.176527],[-93.387903,45.176443],[-93.387858,45.176277],[-93.387836,45.175656],[-93.387855,45.175493],[-93.387924,45.175408],[-93.387721,45.175233],[-93.387256,45.175198],[-93.387111,45.175126],[-93.387059,45.174466],[-93.387168,45.174377],[-93.38811,45.174383],[-93.388193,45.174498],[-93.388353,45.175357],[-93.388654,45.17535],[-93.389794,45.174838],[-93.39044,45.174748],[-93.390812,45.174607],[-93.390152,45.173897],[-93.390088,45.17373],[-93.390076,45.173477],[-93.391788,45.173437],[-93.391331,45.166537],[-93.380814,45.166344],[-93.380913,45.160962],[-93.370331,45.160916],[-93.370011,45.161065],[-93.369919,45.161236],[-93.36982,45.161633],[-93.369492,45.161984],[-93.368958,45.162171],[-93.368406,45.162186],[-93.368248,45.162564],[-93.368237,45.163149],[-93.366593,45.163155],[-93.366326,45.163239],[-93.366005,45.163472],[-93.3657,45.16354],[-93.360642,45.163506]]]}},{"type":"Feature","properties":{"role":"Council Member","city":"Champlin","county":null,"ward":1,"wardName":null,"district":null,"stateDistrict":null,"chamber":null,"repName":"Jessica Tesdall","repParty":"Nonpartisan","repPhotoUrl":"https://www.champlinmn.gov/ImageRepository/Document?documentID=2082","repEmail":"jtesdall@champlinmn.gov","repPhone":"763-421-8100 ext. 237","termsOfService":[{"termStart":null,"termEnd":null,"current":true,"sourceUrl":"https://www.champlinmn.gov/directory.aspx?EID=34"}],"committees":[],"neighborhoods":[],"officeRoom":null,"profileUrl":"https://www.champlinmn.gov/directory.aspx?EID=34","candidates":[],"isContested":false,"partyUnityPercent":null,"recentVotes":[]},"geometry":{"type":"Polygon","coordinates":[[[-93.422027,45.1717],[-93.419464,45.174317],[-93.418473,45.175084],[-93.417839,45.175652],[-93.417046,45.17651],[-93.416695,45.176983],[-93.416466,45.177494],[-93.416375,45.178028],[-93.416382,45.178296],[-93.416497,45.178822],[-93.417115,45.180443],[-93.417061,45.180684],[-93.416771,45.180832],[-93.415528,45.180722],[-93.414542,45.180706],[-93.414489,45.180572],[-93.414233,45.180464],[-93.413125,45.180434],[-93.412657,45.180337],[-93.41241,45.180174],[-93.411749,45.179447],[-93.411661,45.179198],[-93.411789,45.178861],[-93.411796,45.178705],[-93.411715,45.17852],[-93.411549,45.178316],[-93.411261,45.178159],[-93.411093,45.178137],[-93.410926,45.178155],[-93.410508,45.17841],[-93.410129,45.178525],[-93.409924,45.17852],[-93.409508,45.17839],[-93.407751,45.176923],[-93.407307,45.176465],[-93.407066,45.176359],[-93.406857,45.176314],[-93.406291,45.176366],[-93.405806,45.176337],[-93.405477,45.176198],[-93.404787,45.175727],[-93.404316,45.17564],[-93.403819,45.175756],[-93.403527,45.175748],[-93.403412,45.175703],[-93.403133,45.175411],[-93.402918,45.175327],[-93.402552,45.175354],[-93.402392,45.175444],[-93.402113,45.175723],[-93.401719,45.175828],[-93.401356,45.175774],[-93.400943,45.175563],[-93.400567,45.175437],[-93.399515,45.175297],[-93.399097,45.175297],[-93.398263,45.175463],[-93.397916,45.175441],[-93.397695,45.175349],[-93.397167,45.174899],[-93.397038,45.174668],[-93.397074,45.174384],[-93.397034,45.174369],[-93.396664,45.174331],[-93.395817,45.174373],[-93.39557,45.174611],[-93.395447,45.174651],[-93.395333,45.174519],[-93.395081,45.17442],[-93.393685,45.174397],[-93.39328,45.173455],[-93.391788,45.173437],[-93.390076,45.173477],[-93.390088,45.17373],[-93.390152,45.173897],[-93.390812,45.174607],[-93.39044,45.174748],[-93.389794,45.174838],[-93.388654,45.17535],[-93.388353,45.175357],[-93.388193,45.174498],[-93.38811,45.174383],[-93.387168,45.174377],[-93.387098,45.174409],[-93.387053,45.17455],[-93.387111,45.175126],[-93.387256,45.175198],[-93.387721,45.175233],[-93.387924,45.175408],[-93.387855,45.175493],[-93.387836,45.175656],[-93.387858,45.176277],[-93.387903,45.176443],[-93.388172,45.176527],[-93.389177,45.17653],[-93.38917,45.176886],[-93.389084,45.177132],[-93.388314,45.17714],[-93.388161,45.177201],[-93.388153,45.178158],[-93.388199,45.178257],[-93.388321,45.178326],[-93.388817,45.178418],[-93.389102,45.178418],[-93.389115,45.178849],[-93.389641,45.179707],[-93.38968,45.180024],[-93.389023,45.18002],[-93.387635,45.17973],[-93.387482,45.179856],[-93.38749,45.180687],[-93.385284,45.180695],[-93.386067,45.18131],[-93.388482,45.182923],[-93.388955,45.183392],[-93.389406,45.184009],[-93.388941,45.184133],[-93.388649,45.184133],[-93.38823,45.184007],[-93.387751,45.183704],[-93.387592,45.18369],[-93.387354,45.183776],[-93.387322,45.183978],[-93.387473,45.184332],[-93.387213,45.18502],[-93.386831,45.185665],[-93.390016,45.187648],[-93.391196,45.188742],[-93.392518,45.189758],[-93.394043,45.190681],[-93.395639,45.191372],[-93.41204,45.198172],[-93.41524,45.200673],[-93.422461,45.211431],[-93.422384,45.195553],[-93.422096,45.18036],[-93.422027,45.1717]]]}},{"type":"Feature","properties":{"role":"Council Member","city":"Champlin","county":null,"ward":4,"wardName":null,"district":null,"stateDistrict":null,"chamber":null,"repName":"Lorraine Coan","repParty":"Nonpartisan","repPhotoUrl":"https://www.champlinmn.gov/ImageRepository/Document?documentID=5543","repEmail":"lcoan@champlinmn.gov","repPhone":"763-421-8100 ext. 239","termsOfService":[{"termStart":"2026-04-27","termEnd":null,"current":true,"sourceUrl":"https://www.champlinmn.gov/directory.aspx?EID=90"}],"committees":[],"neighborhoods":[],"officeRoom":null,"profileUrl":"https://www.champlinmn.gov/directory.aspx?EID=90","candidates":[],"isContested":false,"partyUnityPercent":null,"recentVotes":[]},"geometry":{"type":"Polygon","coordinates":[[[-93.351329,45.166534],[-93.352898,45.168582],[-93.353555,45.169648],[-93.354019,45.170204],[-93.355378,45.169278],[-93.355652,45.16882],[-93.355034,45.168599],[-93.35466,45.168358],[-93.354439,45.168156],[-93.35363,45.16687],[-93.35228,45.165402],[-93.352906,45.165074],[-93.353386,45.164734],[-93.354256,45.164307],[-93.355965,45.166237],[-93.360634,45.166268],[-93.360642,45.163506],[-93.3657,45.16354],[-93.366005,45.163472],[-93.366326,45.163239],[-93.366593,45.163155],[-93.368237,45.163149],[-93.368248,45.162564],[-93.368406,45.162186],[-93.368958,45.162171],[-93.369492,45.161984],[-93.36982,45.161633],[-93.369919,45.161236],[-93.370011,45.161065],[-93.370331,45.160916],[-93.380913,45.160962],[-93.380913,45.161003],[-93.383995,45.161023],[-93.385316,45.160952],[-93.385323,45.160721],[-93.385376,45.160599],[-93.385804,45.160221],[-93.385895,45.160107],[-93.385987,45.159848],[-93.385941,45.159581],[-93.385392,45.15881],[-93.385819,45.158604],[-93.386017,45.158387],[-93.386094,45.158139],[-93.386055,45.157883],[-93.385239,45.155762],[-93.38527,45.155438],[-93.385346,45.155281],[-93.385643,45.154976],[-93.38472,45.154309],[-93.384484,45.153988],[-93.3844,45.153633],[-93.3844,45.151989],[-93.37526,45.152002],[-93.350396,45.151829],[-93.333104,45.151588],[-93.332913,45.151733],[-93.332921,45.151773],[-93.332544,45.151587],[-93.332381,45.151585],[-93.332033,45.151338],[-93.331512,45.151864],[-93.330979,45.151571],[-93.328424,45.151534],[-93.330574,45.153035],[-93.333663,45.154354],[-93.335757,45.15515],[-93.337857,45.156164],[-93.340168,45.157407],[-93.346237,45.160173],[-93.348423,45.16274],[-93.351329,45.166534]]]}},{"type":"Feature","properties":{"role":"Council Member","city":"Champlin","county":null,"ward":2,"wardName":null,"district":null,"stateDistrict":null,"chamber":null,"repName":"Tom Moe","repParty":"Nonpartisan","repPhotoUrl":"https://www.champlinmn.gov/ImageRepository/Document?documentID=2084","repEmail":"tmoe@champlinmn.gov","repPhone":"763-421-8100 ext. 228","termsOfService":[{"termStart":null,"termEnd":null,"current":true,"sourceUrl":"https://www.champlinmn.gov/directory.aspx?EID=35"}],"committees":[],"neighborhoods":[],"officeRoom":null,"profileUrl":"https://www.champlinmn.gov/directory.aspx?EID=35","candidates":[],"isContested":false,"partyUnityPercent":null,"recentVotes":[]},"geometry":{"type":"Polygon","coordinates":[[[-93.411261,45.178159],[-93.411549,45.178316],[-93.411715,45.17852],[-93.411796,45.178705],[-93.411789,45.178861],[-93.411661,45.179198],[-93.411749,45.179447],[-93.41241,45.180174],[-93.412657,45.180337],[-93.413125,45.180434],[-93.414233,45.180464],[-93.414489,45.180572],[-93.414542,45.180706],[-93.415528,45.180722],[-93.416558,45.180836],[-93.416771,45.180832],[-93.417008,45.180737],[-93.417115,45.180535],[-93.417099,45.180352],[-93.416497,45.178822],[-93.416382,45.178296],[-93.416375,45.178028],[-93.416466,45.177494],[-93.416695,45.176983],[-93.417046,45.17651],[-93.417839,45.175652],[-93.418473,45.175084],[-93.419464,45.174317],[-93.422142,45.17154],[-93.422165,45.171334],[-93.421972,45.166752],[-93.421931,45.162915],[-93.421867,45.161792],[-93.421648,45.152251],[-93.421343,45.152291],[-93.401619,45.152043],[-93.3844,45.151989],[-93.3844,45.153633],[-93.384484,45.153988],[-93.38472,45.154309],[-93.385643,45.154976],[-93.385346,45.155281],[-93.38527,45.155438],[-93.385239,45.155762],[-93.386055,45.157883],[-93.386094,45.158139],[-93.386017,45.158387],[-93.385819,45.158604],[-93.385392,45.15881],[-93.385941,45.159581],[-93.385987,45.159848],[-93.385956,45.159981],[-93.385804,45.160221],[-93.385376,45.160599],[-93.385323,45.160721],[-93.385316,45.160952],[-93.383995,45.161023],[-93.380913,45.161003],[-93.380814,45.166344],[-93.391331,45.166537],[-93.391788,45.173437],[-93.39328,45.173455],[-93.393685,45.174397],[-93.395081,45.17442],[-93.395333,45.174519],[-93.395447,45.174651],[-93.39557,45.174611],[-93.395817,45.174373],[-93.396664,45.174331],[-93.397034,45.174369],[-93.397074,45.174384],[-93.397038,45.174668],[-93.397167,45.174899],[-93.397695,45.175349],[-93.397916,45.175441],[-93.398263,45.175463],[-93.399097,45.175297],[-93.399515,45.175297],[-93.400567,45.175437],[-93.400943,45.175563],[-93.401356,45.175774],[-93.401719,45.175828],[-93.402113,45.175723],[-93.402392,45.175444],[-93.402734,45.175316],[-93.40301,45.17535],[-93.403198,45.175467],[-93.403412,45.175703],[-93.403659,45.175774],[-93.404316,45.17564],[-93.404614,45.175671],[-93.404909,45.175794],[-93.405477,45.176198],[-93.405806,45.176337],[-93.406291,45.176366],[-93.406857,45.176314],[-93.407307,45.176465],[-93.407751,45.176923],[-93.409079,45.178045],[-93.409508,45.17839],[-93.409725,45.178476],[-93.409924,45.17852],[-93.410317,45.178493],[-93.410926,45.178155],[-93.411261,45.178159]]]}},{"type":"Feature","properties":{"role":"Council Member","city":"Crystal","county":null,"ward":4,"wardName":null,"district":null,"stateDistrict":null,"chamber":null,"repName":"David Cummings","repParty":"Nonpartisan","repPhotoUrl":"https://www.crystalmn.gov/UserFiles/Servers/Server_10879634/Image/Government/City%20Council/Cummingsweb.jpg","repEmail":"david.cummings@crystalmn.gov","repPhone":"952-479-0816","termsOfService":[{"termStart":null,"termEnd":null,"current":true,"sourceUrl":"https://www.crystalmn.gov/how_do_i____/contact/city_council_members"}],"committees":[],"neighborhoods":[],"officeRoom":null,"profileUrl":"https://www.crystalmn.gov/how_do_i____/contact/city_council_members","candidates":[],"isContested":false,"partyUnityPercent":null,"recentVotes":[]},"geometry":{"type":"Polygon","coordinates":[[[-93.358419,45.06568],[-93.370263,45.065674],[-93.370263,45.061099],[-93.370682,45.061101],[-93.370673,45.061988],[-93.373917,45.062017],[-93.380437,45.061983],[-93.380463,45.05828],[-93.378563,45.058304],[-93.378556,45.054699],[-93.377282,45.054696],[-93.377283,45.055624],[-93.37671,45.055631],[-93.376648,45.05838],[-93.375263,45.058376],[-93.375297,45.055614],[-93.374756,45.055618],[-93.374759,45.054692],[-93.376107,45.054693],[-93.376111,45.053842],[-93.375724,45.05384],[-93.375778,45.051967],[-93.373078,45.051973],[-93.373059,45.054688],[-93.374118,45.05469],[-93.374116,45.056238],[-93.372833,45.056231],[-93.372864,45.054688],[-93.370972,45.05468],[-93.370963,45.055686],[-93.369968,45.055683],[-93.369993,45.05468],[-93.365601,45.054669],[-93.363442,45.052426],[-93.357231,45.047756],[-93.343514,45.048993],[-93.34243,45.048973],[-93.341355,45.048851],[-93.339814,45.04847],[-93.339797,45.053651],[-93.339575,45.05448],[-93.339288,45.055987],[-93.339168,45.05626],[-93.338517,45.056996],[-93.338356,45.057085],[-93.338451,45.058262],[-93.339614,45.058251],[-93.339695,45.06573],[-93.358419,45.06568]]]}},{"type":"Feature","properties":{"role":"Council Member","city":"Crystal","county":null,"ward":2,"wardName":null,"district":null,"stateDistrict":null,"chamber":null,"repName":"Traci Kamish","repParty":"Nonpartisan","repPhotoUrl":"https://www.crystalmn.gov/UserFiles/Servers/Server_10879634/Image/Government/City%20Council/Kamish-web.jpg","repEmail":"traci.kamish@crystalmn.gov","repPhone":"763-220-0670","termsOfService":[{"termStart":null,"termEnd":null,"current":true,"sourceUrl":"https://www.crystalmn.gov/how_do_i____/contact/city_council_members"}],"committees":[],"neighborhoods":[],"officeRoom":null,"profileUrl":"https://www.crystalmn.gov/how_do_i____/contact/city_council_members","candidates":[],"isContested":false,"partyUnityPercent":null,"recentVotes":[]},"geometry":{"type":"Polygon","coordinates":[[[-93.356255,45.029599],[-93.356265,45.032719],[-93.349493,45.032626],[-93.349488,45.0355],[-93.357552,45.03555],[-93.357552,45.0364],[-93.360108,45.036412],[-93.360077,45.024411],[-93.363923,45.024415],[-93.364014,45.024334],[-93.364014,45.022717],[-93.36512,45.022721],[-93.365128,45.014618],[-93.366402,45.014618],[-93.366448,45.010369],[-93.366623,45.009694],[-93.366372,45.009045],[-93.366562,45.008385],[-93.366585,45.007313],[-93.357835,45.007272],[-93.357848,45.006888],[-93.356479,45.006893],[-93.356465,45.007267],[-93.355027,45.007309],[-93.35323,45.007252],[-93.349191,45.007238],[-93.349276,45.009689],[-93.349287,45.016978],[-93.344747,45.016964],[-93.344063,45.016911],[-93.333802,45.016896],[-93.333796,45.017654],[-93.333702,45.018696],[-93.333695,45.020512],[-93.349617,45.020524],[-93.349607,45.021463],[-93.349537,45.022264],[-93.349503,45.025348],[-93.356246,45.025357],[-93.356255,45.029599]]]}},{"type":"Feature","properties":{"role":"Council Member","city":"Crystal","county":null,"ward":1,"wardName":null,"district":null,"stateDistrict":null,"chamber":null,"repName":"Therese Kiser","repParty":"Nonpartisan","repPhotoUrl":"https://www.crystalmn.gov/UserFiles/Servers/Server_10879634/Image/Government/City%20Council/Kiser%20web.jpg","repEmail":"therese.kiser@crystalmn.gov","repPhone":"763-458-0030","termsOfService":[{"termStart":null,"termEnd":null,"current":true,"sourceUrl":"https://www.crystalmn.gov/how_do_i____/contact/city_council_members"}],"committees":[],"neighborhoods":[],"officeRoom":null,"profileUrl":"https://www.crystalmn.gov/how_do_i____/contact/city_council_members","candidates":[],"isContested":false,"partyUnityPercent":null,"recentVotes":[]},"geometry":{"type":"MultiPolygon","coordinates":[[[[-93.370241,45.013635],[-93.370293,45.007336],[-93.366585,45.007313],[-93.366562,45.008385],[-93.366372,45.009045],[-93.366623,45.009694],[-93.366448,45.010369],[-93.366402,45.014618],[-93.365128,45.014618],[-93.36512,45.022721],[-93.364014,45.022717],[-93.364014,45.024334],[-93.363923,45.024415],[-93.360077,45.024411],[-93.360108,45.036412],[-93.371019,45.036455],[-93.370996,45.033728],[-93.37025,45.033723],[-93.370173,45.021893],[-93.372704,45.021897],[-93.372704,45.018184],[-93.377759,45.018253],[-93.377741,45.014625],[-93.380295,45.014626],[-93.380262,45.020102],[-93.385402,45.020096],[-93.385409,45.016472],[-93.39044,45.016507],[-93.390391,45.011046],[-93.380303,45.01093],[-93.375163,45.010935],[-93.375162,45.013658],[-93.370241,45.013635]]],[[[-93.380257,45.025067],[-93.380249,45.021901],[-93.375,45.021893],[-93.375036,45.026891],[-93.380265,45.02694],[-93.380257,45.025067]]]]}},{"type":"Feature","properties":{"role":"Council Member","city":"Crystal","county":null,"ward":3,"wardName":null,"district":null,"stateDistrict":null,"chamber":null,"repName":"John Budziszewski","repParty":"Nonpartisan","repPhotoUrl":"https://www.crystalmn.gov/UserFiles/Servers/Server_10879634/Image/Government/City%20Council/Budziszewski,-John-web.jpg","repEmail":"john.budziszewski@crystalmn.gov","repPhone":"612-207-3704","termsOfService":[{"termStart":null,"termEnd":null,"current":true,"sourceUrl":"https://www.crystalmn.gov/how_do_i____/contact/city_council_members"}],"committees":[],"neighborhoods":[],"officeRoom":null,"profileUrl":"https://www.crystalmn.gov/how_do_i____/contact/city_council_members","candidates":[],"isContested":false,"partyUnityPercent":null,"recentVotes":[]},"geometry":{"type":"Polygon","coordinates":[[[-93.339814,45.04847],[-93.341355,45.048851],[-93.34243,45.048973],[-93.343514,45.048993],[-93.357231,45.047756],[-93.363442,45.052426],[-93.365601,45.054669],[-93.369295,45.054678],[-93.369332,45.053767],[-93.370159,45.053774],[-93.370152,45.05468],[-93.370364,45.05468],[-93.370374,45.053776],[-93.371211,45.053783],[-93.371201,45.054682],[-93.371546,45.054684],[-93.37155,45.053785],[-93.372629,45.053799],[-93.372621,45.054686],[-93.372864,45.054688],[-93.372884,45.047304],[-93.370404,45.047297],[-93.370316,45.044594],[-93.370316,45.04369],[-93.372826,45.04369],[-93.372795,45.03645],[-93.357552,45.0364],[-93.357552,45.03555],[-93.349915,45.035504],[-93.349939,45.038279],[-93.350048,45.039191],[-93.350056,45.040005],[-93.341828,45.039971],[-93.339843,45.040004],[-93.339814,45.04847]]]}},{"type":"Feature","properties":{"role":"Council Member","city":"Robbinsdale","county":null,"ward":1,"wardName":null,"district":null,"stateDistrict":null,"chamber":null,"repName":"Raymond Blackledge","repParty":"Nonpartisan","repPhotoUrl":"https://www.robbinsdalemn.gov/ImageRepository/Document?documentID=1547","repEmail":"rblackledge@robbinsdalemn.gov","repPhone":"612-501-0201","termsOfService":[{"termStart":"2025-01-07","termEnd":null,"current":true,"sourceUrl":"https://www.robbinsdalemn.gov/directory.aspx?eid=7"}],"committees":[],"neighborhoods":[],"officeRoom":null,"profileUrl":"https://www.robbinsdalemn.gov/directory.aspx?eid=7","candidates":[],"isContested":false,"partyUnityPercent":null,"recentVotes":[]},"geometry":{"type":"Polygon","coordinates":[[[-93.349915,45.035504],[-93.349488,45.0355],[-93.349493,45.032626],[-93.356265,45.032719],[-93.356255,45.029599],[-93.354973,45.029583],[-93.353699,45.029641],[-93.3537,45.027819],[-93.347316,45.027748],[-93.339035,45.027729],[-93.339066,45.028641],[-93.337517,45.029572],[-93.336193,45.030548],[-93.335488,45.031208],[-93.334778,45.03175],[-93.334458,45.031376],[-93.333657,45.030682],[-93.332871,45.03114],[-93.332726,45.031281],[-93.332703,45.031369],[-93.331398,45.031376],[-93.331353,45.032624],[-93.33152,45.03315],[-93.331498,45.033429],[-93.328934,45.03344],[-93.329003,45.035035],[-93.328942,45.035221],[-93.328415,45.035633],[-93.326432,45.035694],[-93.326439,45.036671],[-93.329506,45.036782],[-93.329562,45.039846],[-93.331022,45.039658],[-93.331165,45.039704],[-93.331413,45.040066],[-93.33155,45.040172],[-93.331693,45.040208],[-93.332186,45.039927],[-93.332511,45.03954],[-93.332675,45.039111],[-93.332804,45.038451],[-93.33293,45.038279],[-93.333136,45.038175],[-93.333449,45.038031],[-93.333724,45.038078],[-93.334002,45.038032],[-93.334708,45.037818],[-93.33493,45.037879],[-93.335159,45.038179],[-93.335472,45.038336],[-93.335945,45.038237],[-93.336803,45.037719],[-93.337165,45.03776],[-93.337464,45.037879],[-93.337845,45.038151],[-93.338061,45.038544],[-93.338252,45.038693],[-93.338391,45.038727],[-93.33902,45.038586],[-93.339092,45.038839],[-93.334559,45.040376],[-93.339842,45.04034],[-93.339843,45.040004],[-93.340736,45.039972],[-93.350056,45.040005],[-93.350048,45.039191],[-93.349939,45.038279],[-93.349915,45.035504]]]}},{"type":"Feature","properties":{"role":"Council Member","city":"Robbinsdale","county":null,"ward":2,"wardName":null,"district":null,"stateDistrict":null,"chamber":null,"repName":"Jason Greenberg","repParty":"Nonpartisan","repPhotoUrl":"https://www.robbinsdalemn.gov/ImageRepository/Document?documentID=1545","repEmail":"jgreenberg@robbinsdalemn.gov","repPhone":"612-567-3905","termsOfService":[{"termStart":"2024-08-20","termEnd":null,"current":true,"sourceUrl":"https://www.robbinsdalemn.gov/directory.aspx?eid=8"}],"committees":[],"neighborhoods":[],"officeRoom":null,"profileUrl":"https://www.robbinsdalemn.gov/directory.aspx?eid=8","candidates":[],"isContested":false,"partyUnityPercent":null,"recentVotes":[]},"geometry":{"type":"Polygon","coordinates":[[[-93.323861,45.040306],[-93.329569,45.040449],[-93.329581,45.040802],[-93.329687,45.041181],[-93.330233,45.042382],[-93.331261,45.041714],[-93.332705,45.041041],[-93.333627,45.040691],[-93.339092,45.038839],[-93.33902,45.038586],[-93.338391,45.038727],[-93.338252,45.038693],[-93.338061,45.038544],[-93.337845,45.038151],[-93.337464,45.037879],[-93.337165,45.03776],[-93.336803,45.037719],[-93.335945,45.038237],[-93.335472,45.038336],[-93.335159,45.038179],[-93.33493,45.037879],[-93.334708,45.037818],[-93.334002,45.038032],[-93.333724,45.038078],[-93.333449,45.038031],[-93.33293,45.038279],[-93.332804,45.038451],[-93.332675,45.039111],[-93.332511,45.03954],[-93.332186,45.039927],[-93.331693,45.040208],[-93.33155,45.040172],[-93.331413,45.040066],[-93.331165,45.039704],[-93.331022,45.039658],[-93.329562,45.039846],[-93.329506,45.036782],[-93.326439,45.036671],[-93.326432,45.035694],[-93.328415,45.035633],[-93.328942,45.035221],[-93.329003,45.035035],[-93.328934,45.03344],[-93.331498,45.033429],[-93.33152,45.03315],[-93.331353,45.032624],[-93.331398,45.031376],[-93.332703,45.031369],[-93.332726,45.031281],[-93.332871,45.03114],[-93.333657,45.030682],[-93.334458,45.031376],[-93.334778,45.03175],[-93.335488,45.031208],[-93.336193,45.030548],[-93.335148,45.029599],[-93.333723,45.02841],[-93.331986,45.026567],[-93.330959,45.025709],[-93.328929,45.024273],[-93.328613,45.023884],[-93.327834,45.022451],[-93.327471,45.021887],[-93.326583,45.020791],[-93.325656,45.019886],[-93.319733,45.014672],[-93.318731,45.013662],[-93.318761,45.013514],[-93.3185,45.013435],[-93.318444,45.01426],[-93.318444,45.020481],[-93.318802,45.035466],[-93.319427,45.035459],[-93.319435,45.036717],[-93.319232,45.036946],[-93.319313,45.040188],[-93.323861,45.040306]]]}},{"type":"Feature","properties":{"role":"Council Member","city":"Robbinsdale","county":null,"ward":3,"wardName":null,"district":null,"stateDistrict":null,"chamber":null,"repName":"Mia Parisian","repParty":"Nonpartisan","repPhotoUrl":"https://www.robbinsdalemn.gov/ImageRepository/Document?documentID=1546","repEmail":"mparisian@robbinsdalemn.gov","repPhone":"612-501-9499","termsOfService":[{"termStart":"2023-01-01","termEnd":null,"current":true,"sourceUrl":"https://www.robbinsdalemn.gov/directory.aspx?eid=9"}],"committees":[],"neighborhoods":[],"officeRoom":null,"profileUrl":"https://www.robbinsdalemn.gov/directory.aspx?eid=9","candidates":[],"isContested":false,"partyUnityPercent":null,"recentVotes":[]},"geometry":{"type":"Polygon","coordinates":[[[-93.328629,45.023641],[-93.328974,45.024084],[-93.329411,45.024478],[-93.331289,45.025778],[-93.332302,45.026639],[-93.333913,45.028325],[-93.333723,45.02841],[-93.335148,45.029599],[-93.336193,45.030548],[-93.337517,45.029572],[-93.339066,45.028641],[-93.339035,45.027729],[-93.347316,45.027748],[-93.3537,45.027819],[-93.353699,45.029641],[-93.354973,45.029583],[-93.356255,45.029599],[-93.356246,45.025357],[-93.349503,45.025348],[-93.349537,45.022264],[-93.349607,45.021463],[-93.349617,45.020524],[-93.336251,45.020512],[-93.336365,45.024121],[-93.335416,45.024121],[-93.333481,45.021843],[-93.333054,45.021191],[-93.332756,45.020508],[-93.332421,45.020512],[-93.332421,45.021267],[-93.333359,45.022103],[-93.333672,45.022446],[-93.33368,45.022763],[-93.331169,45.022747],[-93.33033,45.022007],[-93.329239,45.022656],[-93.328792,45.022264],[-93.328611,45.022763],[-93.328629,45.023641]]]}},{"type":"Feature","properties":{"role":"Council Member","city":"Robbinsdale","county":null,"ward":4,"wardName":null,"district":null,"stateDistrict":null,"chamber":null,"repName":"Alejandro Caceres Aranda","repParty":"Nonpartisan","repPhotoUrl":"https://www.robbinsdalemn.gov/ImageRepository/Document?documentID=1968","repEmail":"acaceresaranda@robbinsdalemn.gov","repPhone":"612-701-2250","termsOfService":[{"termStart":"2026-02-04","termEnd":null,"current":true,"sourceUrl":"https://www.robbinsdalemn.gov/directory.aspx?eid=10"}],"committees":[],"neighborhoods":[],"officeRoom":null,"profileUrl":"https://www.robbinsdalemn.gov/directory.aspx?eid=10","candidates":[],"isContested":false,"partyUnityPercent":null,"recentVotes":[]},"geometry":{"type":"Polygon","coordinates":[[[-93.3185,45.013435],[-93.318761,45.013514],[-93.318731,45.013662],[-93.319733,45.014672],[-93.325656,45.019886],[-93.326583,45.020791],[-93.327471,45.021887],[-93.327834,45.022451],[-93.328613,45.023884],[-93.328929,45.024273],[-93.330959,45.025709],[-93.331986,45.026567],[-93.333723,45.02841],[-93.333913,45.028325],[-93.332324,45.026661],[-93.331811,45.026199],[-93.330742,45.025376],[-93.329411,45.024478],[-93.328974,45.024084],[-93.328629,45.023641],[-93.328606,45.022932],[-93.328638,45.022626],[-93.328792,45.022264],[-93.329239,45.022656],[-93.33033,45.022007],[-93.331169,45.022747],[-93.33368,45.022763],[-93.333672,45.022446],[-93.333359,45.022103],[-93.332421,45.021267],[-93.332421,45.020512],[-93.332756,45.020508],[-93.333054,45.021191],[-93.333481,45.021843],[-93.335416,45.024121],[-93.336365,45.024121],[-93.336251,45.020512],[-93.333695,45.020512],[-93.333702,45.018696],[-93.333796,45.017654],[-93.333848,45.010719],[-93.333794,45.00969],[-93.333802,45.007847],[-93.333875,45.007111],[-93.333882,45.006118],[-93.318528,45.00605],[-93.3185,45.013435]]]}},{"type":"Feature","properties":{"role":"Council Member","city":"Blaine","county":null,"ward":2,"wardName":null,"district":null,"stateDistrict":null,"chamber":null,"repName":"Jess Robertson","repParty":"Nonpartisan","repPhotoUrl":"https://www.blainemn.gov/ImageRepository/Document?documentID=15383","repEmail":"jrobertson@blainemn.gov","repPhone":"(763) 607-2233","termsOfService":[{"termStart":null,"termEnd":null,"current":true,"sourceUrl":"https://www.blainemn.gov/directory.aspx?eid=333"}],"committees":[],"neighborhoods":[],"officeRoom":null,"profileUrl":"https://www.blainemn.gov/directory.aspx?eid=333","candidates":[],"isContested":false,"partyUnityPercent":null,"recentVotes":[]},"geometry":{"type":"Polygon","coordinates":[[[-93.185932,45.196904],[-93.190882,45.196975],[-93.1908,45.196617],[-93.191092,45.195959],[-93.191745,45.19499],[-93.191908,45.194594],[-93.191977,45.194251],[-93.191999,45.193325],[-93.192928,45.193352],[-93.194191,45.193245],[-93.194778,45.193096],[-93.195351,45.192886],[-93.196156,45.192412],[-93.197818,45.190169],[-93.199519,45.188646],[-93.199833,45.188283],[-93.199936,45.187854],[-93.200121,45.187511],[-93.200493,45.187053],[-93.20077,45.186812],[-93.201597,45.186455],[-93.204075,45.186118],[-93.204916,45.185902],[-93.209356,45.183999],[-93.210222,45.18385],[-93.211057,45.183912],[-93.211219,45.183471],[-93.211309,45.183375],[-93.212793,45.182952],[-93.21293,45.182803],[-93.212942,45.18263],[-93.213235,45.182655],[-93.21348,45.182764],[-93.214043,45.183247],[-93.214353,45.183329],[-93.219558,45.183363],[-93.219549,45.184992],[-93.220633,45.184985],[-93.221255,45.185068],[-93.221404,45.185149],[-93.222115,45.185888],[-93.222218,45.186281],[-93.225159,45.186307],[-93.226636,45.186199],[-93.228485,45.186158],[-93.229291,45.186001],[-93.229848,45.185723],[-93.232882,45.183893],[-93.233107,45.183715],[-93.233221,45.183528],[-93.233509,45.183232],[-93.233658,45.183136],[-93.234185,45.183014],[-93.240223,45.18304],[-93.240674,45.183002],[-93.24163,45.18277],[-93.242157,45.182716],[-93.266059,45.182514],[-93.26618,45.168211],[-93.265585,45.168087],[-93.264478,45.168036],[-93.251215,45.168189],[-93.251218,45.168129],[-93.250985,45.168126],[-93.235258,45.168165],[-93.235255,45.168277],[-93.224646,45.16808],[-93.213949,45.168088],[-93.212837,45.168003],[-93.211915,45.167833],[-93.212801,45.166808],[-93.213661,45.165655],[-93.214223,45.164805],[-93.214422,45.16435],[-93.214516,45.163878],[-93.214864,45.159518],[-93.214836,45.159157],[-93.214727,45.158762],[-93.213682,45.156211],[-93.213352,45.155465],[-93.213008,45.155],[-93.212417,45.154469],[-93.21172,45.154046],[-93.210784,45.153725],[-93.209946,45.15358],[-93.209174,45.153537],[-93.202623,45.153527],[-93.195311,45.153434],[-93.194322,45.153287],[-93.193776,45.153119],[-93.193494,45.152983],[-93.192936,45.152652],[-93.192491,45.152229],[-93.192189,45.151746],[-93.192033,45.151215],[-93.192051,45.150605],[-93.192725,45.145712],[-93.19271,45.145161],[-93.192573,45.14462],[-93.192382,45.144251],[-93.192123,45.143919],[-93.191718,45.143545],[-93.191318,45.14326],[-93.190401,45.14283],[-93.189302,45.142583],[-93.187988,45.142505],[-93.185606,45.142483],[-93.184415,45.143791],[-93.183341,45.144742],[-93.182276,45.145584],[-93.179532,45.147582],[-93.179101,45.147806],[-93.178852,45.147805],[-93.178681,45.147932],[-93.173834,45.1479],[-93.173811,45.146062],[-93.163469,45.145999],[-93.163348,45.153267],[-93.147357,45.153009],[-93.142965,45.153039],[-93.142639,45.171076],[-93.142543,45.18226],[-93.142531,45.196373],[-93.161415,45.196645],[-93.185932,45.196904]]]}},{"type":"Feature","properties":{"role":"Council Member","city":"Blaine","county":null,"ward":2,"wardName":null,"district":null,"stateDistrict":null,"chamber":null,"repName":"Leslie Larson","repParty":"Nonpartisan","repPhotoUrl":"https://www.blainemn.gov/ImageRepository/Document?documentID=15914","repEmail":"leslielarson@blainemn.gov","repPhone":"(612) 489-9651","termsOfService":[{"termStart":null,"termEnd":null,"current":true,"sourceUrl":"https://www.blainemn.gov/directory.aspx?eid=422"}],"committees":[],"neighborhoods":[],"officeRoom":null,"profileUrl":"https://www.blainemn.gov/directory.aspx?eid=422","candidates":[],"isContested":false,"partyUnityPercent":null,"recentVotes":[]},"geometry":{"type":"Polygon","coordinates":[[[-93.185932,45.196904],[-93.190882,45.196975],[-93.1908,45.196617],[-93.191092,45.195959],[-93.191745,45.19499],[-93.191908,45.194594],[-93.191977,45.194251],[-93.191999,45.193325],[-93.192928,45.193352],[-93.194191,45.193245],[-93.194778,45.193096],[-93.195351,45.192886],[-93.196156,45.192412],[-93.197818,45.190169],[-93.199519,45.188646],[-93.199833,45.188283],[-93.199936,45.187854],[-93.200121,45.187511],[-93.200493,45.187053],[-93.20077,45.186812],[-93.201597,45.186455],[-93.204075,45.186118],[-93.204916,45.185902],[-93.209356,45.183999],[-93.210222,45.18385],[-93.211057,45.183912],[-93.211219,45.183471],[-93.211309,45.183375],[-93.212793,45.182952],[-93.21293,45.182803],[-93.212942,45.18263],[-93.213235,45.182655],[-93.21348,45.182764],[-93.214043,45.183247],[-93.214353,45.183329],[-93.219558,45.183363],[-93.219549,45.184992],[-93.220633,45.184985],[-93.221255,45.185068],[-93.221404,45.185149],[-93.222115,45.185888],[-93.222218,45.186281],[-93.225159,45.186307],[-93.226636,45.186199],[-93.228485,45.186158],[-93.229291,45.186001],[-93.229848,45.185723],[-93.232882,45.183893],[-93.233107,45.183715],[-93.233221,45.183528],[-93.233509,45.183232],[-93.233658,45.183136],[-93.234185,45.183014],[-93.240223,45.18304],[-93.240674,45.183002],[-93.24163,45.18277],[-93.242157,45.182716],[-93.266059,45.182514],[-93.26618,45.168211],[-93.265585,45.168087],[-93.264478,45.168036],[-93.251215,45.168189],[-93.251218,45.168129],[-93.250985,45.168126],[-93.235258,45.168165],[-93.235255,45.168277],[-93.224646,45.16808],[-93.213949,45.168088],[-93.212837,45.168003],[-93.211915,45.167833],[-93.212801,45.166808],[-93.213661,45.165655],[-93.214223,45.164805],[-93.214422,45.16435],[-93.214516,45.163878],[-93.214864,45.159518],[-93.214836,45.159157],[-93.214727,45.158762],[-93.213682,45.156211],[-93.213352,45.155465],[-93.213008,45.155],[-93.212417,45.154469],[-93.21172,45.154046],[-93.210784,45.153725],[-93.209946,45.15358],[-93.209174,45.153537],[-93.202623,45.153527],[-93.195311,45.153434],[-93.194322,45.153287],[-93.193776,45.153119],[-93.193494,45.152983],[-93.192936,45.152652],[-93.192491,45.152229],[-93.192189,45.151746],[-93.192033,45.151215],[-93.192051,45.150605],[-93.192725,45.145712],[-93.19271,45.145161],[-93.192573,45.14462],[-93.192382,45.144251],[-93.192123,45.143919],[-93.191718,45.143545],[-93.191318,45.14326],[-93.190401,45.14283],[-93.189302,45.142583],[-93.187988,45.142505],[-93.185606,45.142483],[-93.184415,45.143791],[-93.183341,45.144742],[-93.182276,45.145584],[-93.179532,45.147582],[-93.179101,45.147806],[-93.178852,45.147805],[-93.178681,45.147932],[-93.173834,45.1479],[-93.173811,45.146062],[-93.163469,45.145999],[-93.163348,45.153267],[-93.147357,45.153009],[-93.142965,45.153039],[-93.142639,45.171076],[-93.142543,45.18226],[-93.142531,45.196373],[-93.161415,45.196645],[-93.185932,45.196904]]]}},{"type":"Feature","properties":{"role":"Council Member","city":"Blaine","county":null,"ward":1,"wardName":null,"district":null,"stateDistrict":null,"chamber":null,"repName":"Tom Newland","repParty":"Nonpartisan","repPhotoUrl":"https://www.blainemn.gov/ImageRepository/Document?documentID=14360","repEmail":"tnewland@blainemn.gov","repPhone":"(612) 961-1811","termsOfService":[{"termStart":null,"termEnd":null,"current":true,"sourceUrl":"https://www.blainemn.gov/directory.aspx?eid=379"}],"committees":[],"neighborhoods":[],"officeRoom":null,"profileUrl":"https://www.blainemn.gov/directory.aspx?eid=379","candidates":[],"isContested":false,"partyUnityPercent":null,"recentVotes":[]},"geometry":{"type":"Polygon","coordinates":[[[-93.231789,45.168199],[-93.235255,45.168277],[-93.235258,45.168165],[-93.250985,45.168126],[-93.251218,45.168129],[-93.251215,45.168189],[-93.264478,45.168036],[-93.265649,45.168094],[-93.26618,45.168211],[-93.266535,45.150694],[-93.266897,45.12456],[-93.237968,45.124591],[-93.238735,45.124774],[-93.235713,45.124787],[-93.235719,45.1246],[-93.225373,45.124499],[-93.198883,45.124384],[-93.198798,45.118624],[-93.188611,45.118577],[-93.188671,45.124325],[-93.1534,45.124231],[-93.153358,45.127779],[-93.158554,45.127828],[-93.158416,45.138788],[-93.163587,45.138893],[-93.163709,45.131531],[-93.18417,45.131568],[-93.184181,45.135194],[-93.174294,45.135159],[-93.173915,45.135391],[-93.173893,45.137662],[-93.180617,45.137702],[-93.181029,45.138931],[-93.173898,45.138918],[-93.173748,45.145864],[-93.173811,45.146062],[-93.178922,45.146109],[-93.178852,45.147805],[-93.179101,45.147806],[-93.179532,45.147582],[-93.181134,45.146439],[-93.183341,45.144742],[-93.184415,45.143791],[-93.185606,45.142483],[-93.187909,45.142503],[-93.189139,45.142565],[-93.189883,45.142684],[-93.190585,45.142897],[-93.191333,45.143269],[-93.191979,45.143775],[-93.192397,45.144276],[-93.192638,45.144817],[-93.192723,45.145271],[-93.192725,45.145712],[-93.192051,45.150605],[-93.192033,45.151215],[-93.192178,45.15172],[-93.192464,45.152195],[-93.192887,45.152614],[-93.193385,45.152925],[-93.193739,45.153106],[-93.194245,45.153267],[-93.195294,45.153433],[-93.202623,45.153527],[-93.209174,45.153537],[-93.209994,45.153585],[-93.210806,45.153731],[-93.21172,45.154046],[-93.212446,45.154491],[-93.213063,45.155064],[-93.213352,45.155465],[-93.213682,45.156211],[-93.214727,45.158762],[-93.214839,45.159171],[-93.214864,45.159518],[-93.214515,45.163892],[-93.214422,45.16435],[-93.214223,45.164805],[-93.213661,45.165655],[-93.212801,45.166808],[-93.211915,45.167833],[-93.212837,45.168003],[-93.213949,45.168088],[-93.224646,45.16808],[-93.231789,45.168199]]]}},{"type":"Feature","properties":{"role":"Council Member","city":"Blaine","county":null,"ward":1,"wardName":null,"district":null,"stateDistrict":null,"chamber":null,"repName":"Chris Ford","repParty":"Nonpartisan","repPhotoUrl":"https://www.blainemn.gov/ImageRepository/Document?documentID=18457","repEmail":"cford@blainemn.gov","repPhone":"(612) 494-8275","termsOfService":[{"termStart":null,"termEnd":null,"current":true,"sourceUrl":"https://www.blainemn.gov/directory.aspx?eid=469"}],"committees":[],"neighborhoods":[],"officeRoom":null,"profileUrl":"https://www.blainemn.gov/directory.aspx?eid=469","candidates":[],"isContested":false,"partyUnityPercent":null,"recentVotes":[]},"geometry":{"type":"Polygon","coordinates":[[[-93.231789,45.168199],[-93.235255,45.168277],[-93.235258,45.168165],[-93.250985,45.168126],[-93.251218,45.168129],[-93.251215,45.168189],[-93.264478,45.168036],[-93.265649,45.168094],[-93.26618,45.168211],[-93.266535,45.150694],[-93.266897,45.12456],[-93.237968,45.124591],[-93.238735,45.124774],[-93.235713,45.124787],[-93.235719,45.1246],[-93.225373,45.124499],[-93.198883,45.124384],[-93.198798,45.118624],[-93.188611,45.118577],[-93.188671,45.124325],[-93.1534,45.124231],[-93.153358,45.127779],[-93.158554,45.127828],[-93.158416,45.138788],[-93.163587,45.138893],[-93.163709,45.131531],[-93.18417,45.131568],[-93.184181,45.135194],[-93.174294,45.135159],[-93.173915,45.135391],[-93.173893,45.137662],[-93.180617,45.137702],[-93.181029,45.138931],[-93.173898,45.138918],[-93.173748,45.145864],[-93.173811,45.146062],[-93.178922,45.146109],[-93.178852,45.147805],[-93.179101,45.147806],[-93.179532,45.147582],[-93.181134,45.146439],[-93.183341,45.144742],[-93.184415,45.143791],[-93.185606,45.142483],[-93.187909,45.142503],[-93.189139,45.142565],[-93.189883,45.142684],[-93.190585,45.142897],[-93.191333,45.143269],[-93.191979,45.143775],[-93.192397,45.144276],[-93.192638,45.144817],[-93.192723,45.145271],[-93.192725,45.145712],[-93.192051,45.150605],[-93.192033,45.151215],[-93.192178,45.15172],[-93.192464,45.152195],[-93.192887,45.152614],[-93.193385,45.152925],[-93.193739,45.153106],[-93.194245,45.153267],[-93.195294,45.153433],[-93.202623,45.153527],[-93.209174,45.153537],[-93.209994,45.153585],[-93.210806,45.153731],[-93.21172,45.154046],[-93.212446,45.154491],[-93.213063,45.155064],[-93.213352,45.155465],[-93.213682,45.156211],[-93.214727,45.158762],[-93.214839,45.159171],[-93.214864,45.159518],[-93.214515,45.163892],[-93.214422,45.16435],[-93.214223,45.164805],[-93.213661,45.165655],[-93.212801,45.166808],[-93.211915,45.167833],[-93.212837,45.168003],[-93.213949,45.168088],[-93.224646,45.16808],[-93.231789,45.168199]]]}},{"type":"Feature","properties":{"role":"Council Member","city":"Blaine","county":null,"ward":3,"wardName":null,"district":null,"stateDistrict":null,"chamber":null,"repName":"Terra Fleming","repParty":"Nonpartisan","repPhotoUrl":"https://www.blainemn.gov/ImageRepository/Document?documentID=15284","repEmail":"tfleming@blainemn.gov","repPhone":"(612) 513-5231","termsOfService":[{"termStart":null,"termEnd":null,"current":true,"sourceUrl":"https://www.blainemn.gov/directory.aspx?eid=423"}],"committees":[],"neighborhoods":[],"officeRoom":null,"profileUrl":"https://www.blainemn.gov/directory.aspx?eid=423","candidates":[],"isContested":false,"partyUnityPercent":null,"recentVotes":[]},"geometry":{"type":"Polygon","coordinates":[[[-93.244999,45.211475],[-93.265867,45.211527],[-93.265851,45.197195],[-93.266059,45.182514],[-93.242157,45.182716],[-93.24163,45.18277],[-93.240674,45.183002],[-93.240223,45.18304],[-93.234185,45.183014],[-93.233658,45.183136],[-93.233509,45.183232],[-93.233221,45.183528],[-93.233107,45.183715],[-93.232882,45.183893],[-93.229848,45.185723],[-93.229291,45.186001],[-93.228485,45.186158],[-93.226636,45.186199],[-93.225159,45.186307],[-93.222218,45.186281],[-93.222115,45.185888],[-93.221404,45.185149],[-93.221255,45.185068],[-93.220633,45.184985],[-93.219549,45.184992],[-93.219558,45.183363],[-93.214353,45.183329],[-93.214043,45.183247],[-93.21348,45.182764],[-93.213235,45.182655],[-93.212942,45.18263],[-93.21293,45.182803],[-93.212793,45.182952],[-93.211309,45.183375],[-93.211219,45.183471],[-93.211057,45.183912],[-93.210222,45.18385],[-93.209356,45.183999],[-93.204916,45.185902],[-93.204075,45.186118],[-93.201597,45.186455],[-93.20077,45.186812],[-93.200493,45.187053],[-93.200121,45.187511],[-93.199936,45.187854],[-93.199833,45.188283],[-93.199519,45.188646],[-93.197818,45.190169],[-93.196156,45.192412],[-93.195351,45.192886],[-93.194778,45.193096],[-93.194191,45.193245],[-93.192928,45.193352],[-93.191999,45.193325],[-93.191977,45.194251],[-93.191908,45.194594],[-93.191745,45.19499],[-93.191092,45.195959],[-93.1908,45.196617],[-93.190882,45.196975],[-93.184371,45.196868],[-93.161415,45.196645],[-93.142531,45.196373],[-93.142349,45.210959],[-93.166384,45.21119],[-93.203501,45.211433],[-93.244999,45.211475]]]}},{"type":"Feature","properties":{"role":"Council Member","city":"Blaine","county":null,"ward":3,"wardName":null,"district":null,"stateDistrict":null,"chamber":null,"repName":"Chris Massoglia","repParty":"Nonpartisan","repPhotoUrl":"https://www.blainemn.gov/ImageRepository/Document?documentID=11407","repEmail":"cmassoglia@blainemn.gov","repPhone":"(612) 524-9447","termsOfService":[{"termStart":null,"termEnd":null,"current":true,"sourceUrl":"https://www.blainemn.gov/directory.aspx?eid=380"}],"committees":[],"neighborhoods":[],"officeRoom":null,"profileUrl":"https://www.blainemn.gov/directory.aspx?eid=380","candidates":[],"isContested":false,"partyUnityPercent":null,"recentVotes":[]},"geometry":{"type":"Polygon","coordinates":[[[-93.244999,45.211475],[-93.265867,45.211527],[-93.265851,45.197195],[-93.266059,45.182514],[-93.242157,45.182716],[-93.24163,45.18277],[-93.240674,45.183002],[-93.240223,45.18304],[-93.234185,45.183014],[-93.233658,45.183136],[-93.233509,45.183232],[-93.233221,45.183528],[-93.233107,45.183715],[-93.232882,45.183893],[-93.229848,45.185723],[-93.229291,45.186001],[-93.228485,45.186158],[-93.226636,45.186199],[-93.225159,45.186307],[-93.222218,45.186281],[-93.222115,45.185888],[-93.221404,45.185149],[-93.221255,45.185068],[-93.220633,45.184985],[-93.219549,45.184992],[-93.219558,45.183363],[-93.214353,45.183329],[-93.214043,45.183247],[-93.21348,45.182764],[-93.213235,45.182655],[-93.212942,45.18263],[-93.21293,45.182803],[-93.212793,45.182952],[-93.211309,45.183375],[-93.211219,45.183471],[-93.211057,45.183912],[-93.210222,45.18385],[-93.209356,45.183999],[-93.204916,45.185902],[-93.204075,45.186118],[-93.201597,45.186455],[-93.20077,45.186812],[-93.200493,45.187053],[-93.200121,45.187511],[-93.199936,45.187854],[-93.199833,45.188283],[-93.199519,45.188646],[-93.197818,45.190169],[-93.196156,45.192412],[-93.195351,45.192886],[-93.194778,45.193096],[-93.194191,45.193245],[-93.192928,45.193352],[-93.191999,45.193325],[-93.191977,45.194251],[-93.191908,45.194594],[-93.191745,45.19499],[-93.191092,45.195959],[-93.1908,45.196617],[-93.190882,45.196975],[-93.184371,45.196868],[-93.161415,45.196645],[-93.142531,45.196373],[-93.142349,45.210959],[-93.166384,45.21119],[-93.203501,45.211433],[-93.244999,45.211475]]]}},{"type":"Feature","properties":{"role":"Council Member","city":"Brooklyn Park","county":null,"ward":1,"wardName":"Central District","district":null,"stateDistrict":null,"chamber":null,"repName":"Nichole Klonowski","repParty":"Nonpartisan","repPhotoUrl":"https://www.brooklynpark.org/wp-content/uploads/2023/01/Nichole-Klonowski-e1673535427571.jpg","repEmail":"nichole.klonowski@brooklynpark.org","repPhone":"763-493-8372","termsOfService":[{"termStart":"2022-01-01","termEnd":null,"current":true,"sourceUrl":"https://www.brooklynpark.org/contact/nichole-klonowski/"}],"committees":[],"neighborhoods":[],"officeRoom":null,"profileUrl":"https://www.brooklynpark.org/contact/nichole-klonowski/","candidates":[],"isContested":false,"partyUnityPercent":null,"recentVotes":[]},"geometry":{"type":"Polygon","coordinates":[[[-93.3457,45.145032],[-93.346085,45.145197],[-93.346389,45.145185],[-93.346767,45.144866],[-93.347494,45.144962],[-93.347522,45.145077],[-93.348748,45.144855],[-93.348697,45.144693],[-93.349361,45.144695],[-93.349488,45.144954],[-93.350066,45.14473],[-93.350054,45.144699],[-93.350514,45.144701],[-93.350648,45.144931],[-93.351333,45.144704],[-93.352156,45.144707],[-93.352758,45.144517],[-93.353171,45.144711],[-93.353514,45.144711],[-93.35365,45.144575],[-93.354076,45.144715],[-93.354267,45.144716],[-93.354683,45.14435],[-93.355878,45.144145],[-93.357403,45.144729],[-93.36096,45.144742],[-93.360995,45.143926],[-93.36076,45.143925],[-93.360085,45.141392],[-93.359761,45.140675],[-93.358473,45.13738],[-93.358047,45.136063],[-93.357557,45.134919],[-93.357019,45.133245],[-93.356582,45.132331],[-93.356332,45.131607],[-93.35621,45.130809],[-93.356274,45.129207],[-93.356258,45.126475],[-93.356339,45.1232],[-93.359826,45.123101],[-93.366486,45.12323],[-93.376633,45.12333],[-93.376816,45.112534],[-93.376924,45.111256],[-93.376975,45.109046],[-93.376945,45.105343],[-93.376925,45.104485],[-93.376868,45.10427],[-93.376829,45.100627],[-93.375837,45.100763],[-93.371942,45.101627],[-93.371777,45.101622],[-93.370552,45.103424],[-93.370278,45.103623],[-93.369927,45.103753],[-93.369568,45.103794],[-93.367051,45.103806],[-93.365899,45.103932],[-93.364693,45.103787],[-93.364197,45.103779],[-93.362465,45.103951],[-93.362137,45.103901],[-93.361748,45.103676],[-93.361618,45.103459],[-93.361573,45.103062],[-93.361519,45.102944],[-93.361328,45.102745],[-93.361039,45.102608],[-93.360703,45.102562],[-93.360703,45.1026],[-93.356514,45.102604],[-93.356423,45.095383],[-93.353279,45.095402],[-93.352791,45.095452],[-93.352082,45.095612],[-93.351548,45.095818],[-93.351082,45.096085],[-93.349694,45.097161],[-93.349099,45.097504],[-93.348435,45.097771],[-93.34771,45.097954],[-93.346955,45.09805],[-93.346321,45.098069],[-93.336449,45.09808],[-93.3359,45.09821],[-93.333573,45.099373],[-93.332932,45.099511],[-93.331643,45.099549],[-93.330803,45.099465],[-93.320992,45.097187],[-93.321152,45.101735],[-93.321109,45.108946],[-93.320992,45.113509],[-93.321563,45.11379],[-93.321148,45.114217],[-93.320977,45.114147],[-93.320934,45.11613],[-93.326133,45.116107],[-93.326275,45.116247],[-93.326697,45.116028],[-93.326776,45.116105],[-93.327063,45.116103],[-93.327128,45.116167],[-93.32725,45.116103],[-93.331065,45.116085],[-93.331007,45.119029],[-93.331461,45.119148],[-93.331344,45.119371],[-93.331002,45.119281],[-93.330998,45.119534],[-93.331227,45.119595],[-93.33111,45.119818],[-93.330527,45.119665],[-93.330052,45.119668],[-93.330031,45.119709],[-93.329907,45.119669],[-93.328394,45.11968],[-93.328355,45.121629],[-93.328526,45.121626],[-93.328558,45.122151],[-93.328232,45.122154],[-93.328242,45.122678],[-93.328397,45.122676],[-93.328388,45.123261],[-93.32076,45.123331],[-93.320763,45.130507],[-93.320597,45.139522],[-93.325648,45.139475],[-93.325494,45.144826],[-93.340696,45.14466],[-93.34572,45.144681],[-93.3457,45.145032]]]}},{"type":"Feature","properties":{"role":"Council Member","city":"Brooklyn Park","county":null,"ward":1,"wardName":"Central District","district":null,"stateDistrict":null,"chamber":null,"repName":"Shelle Page","repParty":"Nonpartisan","repPhotoUrl":"https://www.brooklynpark.org/wp-content/uploads/2025/01/shelle-page-copy.jpg","repEmail":"shelle.page@brooklynpark.org","repPhone":"763-493-8040","termsOfService":[{"termStart":"2025-01-06","termEnd":null,"current":true,"sourceUrl":"https://www.brooklynpark.org/contact/shelle-page/"}],"committees":[],"neighborhoods":[],"officeRoom":null,"profileUrl":"https://www.brooklynpark.org/contact/shelle-page/","candidates":[],"isContested":false,"partyUnityPercent":null,"recentVotes":[]},"geometry":{"type":"Polygon","coordinates":[[[-93.3457,45.145032],[-93.346085,45.145197],[-93.346389,45.145185],[-93.346767,45.144866],[-93.347494,45.144962],[-93.347522,45.145077],[-93.348748,45.144855],[-93.348697,45.144693],[-93.349361,45.144695],[-93.349488,45.144954],[-93.350066,45.14473],[-93.350054,45.144699],[-93.350514,45.144701],[-93.350648,45.144931],[-93.351333,45.144704],[-93.352156,45.144707],[-93.352758,45.144517],[-93.353171,45.144711],[-93.353514,45.144711],[-93.35365,45.144575],[-93.354076,45.144715],[-93.354267,45.144716],[-93.354683,45.14435],[-93.355878,45.144145],[-93.357403,45.144729],[-93.36096,45.144742],[-93.360995,45.143926],[-93.36076,45.143925],[-93.360085,45.141392],[-93.359761,45.140675],[-93.358473,45.13738],[-93.358047,45.136063],[-93.357557,45.134919],[-93.357019,45.133245],[-93.356582,45.132331],[-93.356332,45.131607],[-93.35621,45.130809],[-93.356274,45.129207],[-93.356258,45.126475],[-93.356339,45.1232],[-93.359826,45.123101],[-93.366486,45.12323],[-93.376633,45.12333],[-93.376816,45.112534],[-93.376924,45.111256],[-93.376975,45.109046],[-93.376945,45.105343],[-93.376925,45.104485],[-93.376868,45.10427],[-93.376829,45.100627],[-93.375837,45.100763],[-93.371942,45.101627],[-93.371777,45.101622],[-93.370552,45.103424],[-93.370278,45.103623],[-93.369927,45.103753],[-93.369568,45.103794],[-93.367051,45.103806],[-93.365899,45.103932],[-93.364693,45.103787],[-93.364197,45.103779],[-93.362465,45.103951],[-93.362137,45.103901],[-93.361748,45.103676],[-93.361618,45.103459],[-93.361573,45.103062],[-93.361519,45.102944],[-93.361328,45.102745],[-93.361039,45.102608],[-93.360703,45.102562],[-93.360703,45.1026],[-93.356514,45.102604],[-93.356423,45.095383],[-93.353279,45.095402],[-93.352791,45.095452],[-93.352082,45.095612],[-93.351548,45.095818],[-93.351082,45.096085],[-93.349694,45.097161],[-93.349099,45.097504],[-93.348435,45.097771],[-93.34771,45.097954],[-93.346955,45.09805],[-93.346321,45.098069],[-93.336449,45.09808],[-93.3359,45.09821],[-93.333573,45.099373],[-93.332932,45.099511],[-93.331643,45.099549],[-93.330803,45.099465],[-93.320992,45.097187],[-93.321152,45.101735],[-93.321109,45.108946],[-93.320992,45.113509],[-93.321563,45.11379],[-93.321148,45.114217],[-93.320977,45.114147],[-93.320934,45.11613],[-93.326133,45.116107],[-93.326275,45.116247],[-93.326697,45.116028],[-93.326776,45.116105],[-93.327063,45.116103],[-93.327128,45.116167],[-93.32725,45.116103],[-93.331065,45.116085],[-93.331007,45.119029],[-93.331461,45.119148],[-93.331344,45.119371],[-93.331002,45.119281],[-93.330998,45.119534],[-93.331227,45.119595],[-93.33111,45.119818],[-93.330527,45.119665],[-93.330052,45.119668],[-93.330031,45.119709],[-93.329907,45.119669],[-93.328394,45.11968],[-93.328355,45.121629],[-93.328526,45.121626],[-93.328558,45.122151],[-93.328232,45.122154],[-93.328242,45.122678],[-93.328397,45.122676],[-93.328388,45.123261],[-93.32076,45.123331],[-93.320763,45.130507],[-93.320597,45.139522],[-93.325648,45.139475],[-93.325494,45.144826],[-93.340696,45.14466],[-93.34572,45.144681],[-93.3457,45.145032]]]}},{"type":"Feature","properties":{"role":"Council Member","city":"Brooklyn Park","county":null,"ward":2,"wardName":"East District","district":null,"stateDistrict":null,"chamber":null,"repName":"Christian Eriksen","repParty":"Nonpartisan","repPhotoUrl":"https://www.brooklynpark.org/wp-content/uploads/2023/01/Christian-Eriksen-e1673535748609.jpg","repEmail":"christian.eriksen@brooklynpark.org","repPhone":"763-493-8097","termsOfService":[{"termStart":"2022-01-01","termEnd":null,"current":true,"sourceUrl":"https://www.brooklynpark.org/contact/christian-eriksen/"}],"committees":[],"neighborhoods":[],"officeRoom":null,"profileUrl":"https://www.brooklynpark.org/contact/christian-eriksen/","candidates":[],"isContested":false,"partyUnityPercent":null,"recentVotes":[]},"geometry":{"type":"Polygon","coordinates":[[[-93.333195,45.151589],[-93.350396,45.151829],[-93.370971,45.151957],[-93.371206,45.144824],[-93.364173,45.144766],[-93.364218,45.143398],[-93.363759,45.143394],[-93.363502,45.143941],[-93.363314,45.144029],[-93.363024,45.143893],[-93.36223,45.143936],[-93.361862,45.143797],[-93.360995,45.143926],[-93.36096,45.144742],[-93.357403,45.144729],[-93.355878,45.144145],[-93.354683,45.14435],[-93.354267,45.144716],[-93.354076,45.144715],[-93.35365,45.144575],[-93.353514,45.144711],[-93.353171,45.144711],[-93.352758,45.144517],[-93.352156,45.144707],[-93.351333,45.144704],[-93.350648,45.144931],[-93.350514,45.144701],[-93.350054,45.144699],[-93.350066,45.14473],[-93.349488,45.144954],[-93.349361,45.144695],[-93.348697,45.144693],[-93.348748,45.144855],[-93.347522,45.145077],[-93.347494,45.144962],[-93.346767,45.144866],[-93.346389,45.145185],[-93.346085,45.145197],[-93.3457,45.145032],[-93.34572,45.144681],[-93.340696,45.14466],[-93.325494,45.144826],[-93.325648,45.139475],[-93.320597,45.139522],[-93.320763,45.130507],[-93.32076,45.123331],[-93.328388,45.123261],[-93.328397,45.122676],[-93.328242,45.122678],[-93.328232,45.122154],[-93.328558,45.122151],[-93.328526,45.121626],[-93.328355,45.121629],[-93.328394,45.11968],[-93.329907,45.119669],[-93.330031,45.119709],[-93.330052,45.119668],[-93.330527,45.119665],[-93.33111,45.119818],[-93.331227,45.119595],[-93.330998,45.119534],[-93.331002,45.119281],[-93.331344,45.119371],[-93.331461,45.119148],[-93.331007,45.119029],[-93.331065,45.116085],[-93.32725,45.116103],[-93.327128,45.116167],[-93.327063,45.116103],[-93.326776,45.116105],[-93.326697,45.116028],[-93.326275,45.116247],[-93.326133,45.116107],[-93.320934,45.11613],[-93.320977,45.114147],[-93.321148,45.114217],[-93.321563,45.11379],[-93.320992,45.113509],[-93.321109,45.108946],[-93.321152,45.101735],[-93.320992,45.097187],[-93.330529,45.099411],[-93.331643,45.099549],[-93.332932,45.099511],[-93.333359,45.099442],[-93.333763,45.099289],[-93.3359,45.09821],[-93.336449,45.09808],[-93.346321,45.098069],[-93.347336,45.098011],[-93.348076,45.097874],[-93.348771,45.097645],[-93.349404,45.09734],[-93.349694,45.097161],[-93.351082,45.096085],[-93.351548,45.095818],[-93.352082,45.095612],[-93.352791,45.095452],[-93.353279,45.095402],[-93.356423,45.095383],[-93.356364,45.095169],[-93.356333,45.094088],[-93.356367,45.092234],[-93.356263,45.087262],[-93.352341,45.087265],[-93.351792,45.087326],[-93.351273,45.087471],[-93.351136,45.087265],[-93.320747,45.087378],[-93.300431,45.087232],[-93.281113,45.087186],[-93.28101,45.086856],[-93.280978,45.086541],[-93.281042,45.085754],[-93.281019,45.085257],[-93.280886,45.084608],[-93.280876,45.084395],[-93.280928,45.084185],[-93.28104,45.083987],[-93.281331,45.08369],[-93.281542,45.083552],[-93.282183,45.083289],[-93.282769,45.082895],[-93.283161,45.082395],[-93.283732,45.080999],[-93.284006,45.080562],[-93.284092,45.080301],[-93.284293,45.078234],[-93.28433,45.07738],[-93.284306,45.076526],[-93.283837,45.075287],[-93.283627,45.074304],[-93.28329,45.073494],[-93.283004,45.073074],[-93.282581,45.072782],[-93.281879,45.072668],[-93.281227,45.072725],[-93.280773,45.072937],[-93.280607,45.073092],[-93.280462,45.073358],[-93.280341,45.074184],[-93.28016,45.075005],[-93.279804,45.076136],[-93.279596,45.077016],[-93.279541,45.0775],[-93.279621,45.078883],[-93.279546,45.080039],[-93.279554,45.081073],[-93.279629,45.08192],[-93.279766,45.082763],[-93.279964,45.0836],[-93.280062,45.087183],[-93.280042,45.090764],[-93.279463,45.09435],[-93.27942,45.096392],[-93.279249,45.097029],[-93.279172,45.09746],[-93.279138,45.098178],[-93.278567,45.100937],[-93.278543,45.101276],[-93.278632,45.102247],[-93.278757,45.102887],[-93.278943,45.103521],[-93.27942,45.104629],[-93.279695,45.105079],[-93.280452,45.105984],[-93.281396,45.106765],[-93.282514,45.107421],[-93.284129,45.108211],[-93.286631,45.109712],[-93.287202,45.110129],[-93.288485,45.111277],[-93.28875,45.11145],[-93.289385,45.11169],[-93.290314,45.111825],[-93.29064,45.111926],[-93.292187,45.112763],[-93.293259,45.113508],[-93.294145,45.114367],[-93.294819,45.115317],[-93.295342,45.116429],[-93.295554,45.117051],[-93.29574,45.117885],[-93.295971,45.119466],[-93.295889,45.120956],[-93.295935,45.121348],[-93.296042,45.121734],[-93.296529,45.122966],[-93.296658,45.123496],[-93.296725,45.12403],[-93.296746,45.125415],[-93.296841,45.125896],[-93.296997,45.126369],[-93.297212,45.12683],[-93.297814,45.127701],[-93.298196,45.128104],[-93.29921,45.128957],[-93.299674,45.129407],[-93.300168,45.129986],[-93.300755,45.130904],[-93.300995,45.131431],[-93.301243,45.132138],[-93.301443,45.132533],[-93.302014,45.13327],[-93.302373,45.133571],[-93.302753,45.134157],[-93.303157,45.134496],[-93.303404,45.134485],[-93.303719,45.134363],[-93.30421,45.134323],[-93.304537,45.134386],[-93.304763,45.134512],[-93.305321,45.135087],[-93.305827,45.135775],[-93.307105,45.136878],[-93.307724,45.137474],[-93.308692,45.138586],[-93.309301,45.139585],[-93.309718,45.140394],[-93.310076,45.141216],[-93.310248,45.141738],[-93.310566,45.142353],[-93.310837,45.142744],[-93.311539,45.143458],[-93.312428,45.144058],[-93.312932,45.144308],[-93.314154,45.144763],[-93.315973,45.145272],[-93.31851,45.145715],[-93.320453,45.146136],[-93.321612,45.146511],[-93.322358,45.146828],[-93.32306,45.147191],[-93.324018,45.147818],[-93.324814,45.1485],[-93.325503,45.149283],[-93.326493,45.150178],[-93.327242,45.150757],[-93.328415,45.151534],[-93.330979,45.151571],[-93.331512,45.151864],[-93.332033,45.151338],[-93.332381,45.151585],[-93.332544,45.151587],[-93.332921,45.151773],[-93.332913,45.151733],[-93.333104,45.151588],[-93.333195,45.151589]]]}},{"type":"Feature","properties":{"role":"Council Member","city":"Brooklyn Park","county":null,"ward":2,"wardName":"East District","district":null,"stateDistrict":null,"chamber":null,"repName":"Amanda Cheng Xiong","repParty":"Nonpartisan","repPhotoUrl":"https://www.brooklynpark.org/wp-content/uploads/2025/01/amanda-cheng-xiong-copy.jpg","repEmail":"amanda.xiong@brooklynpark.org","repPhone":"763-493-8010","termsOfService":[{"termStart":"2025-01-06","termEnd":null,"current":true,"sourceUrl":"https://www.brooklynpark.org/contact/amanda-cheng-xiong/"}],"committees":[],"neighborhoods":[],"officeRoom":null,"profileUrl":"https://www.brooklynpark.org/contact/amanda-cheng-xiong/","candidates":[],"isContested":false,"partyUnityPercent":null,"recentVotes":[]},"geometry":{"type":"Polygon","coordinates":[[[-93.333195,45.151589],[-93.350396,45.151829],[-93.370971,45.151957],[-93.371206,45.144824],[-93.364173,45.144766],[-93.364218,45.143398],[-93.363759,45.143394],[-93.363502,45.143941],[-93.363314,45.144029],[-93.363024,45.143893],[-93.36223,45.143936],[-93.361862,45.143797],[-93.360995,45.143926],[-93.36096,45.144742],[-93.357403,45.144729],[-93.355878,45.144145],[-93.354683,45.14435],[-93.354267,45.144716],[-93.354076,45.144715],[-93.35365,45.144575],[-93.353514,45.144711],[-93.353171,45.144711],[-93.352758,45.144517],[-93.352156,45.144707],[-93.351333,45.144704],[-93.350648,45.144931],[-93.350514,45.144701],[-93.350054,45.144699],[-93.350066,45.14473],[-93.349488,45.144954],[-93.349361,45.144695],[-93.348697,45.144693],[-93.348748,45.144855],[-93.347522,45.145077],[-93.347494,45.144962],[-93.346767,45.144866],[-93.346389,45.145185],[-93.346085,45.145197],[-93.3457,45.145032],[-93.34572,45.144681],[-93.340696,45.14466],[-93.325494,45.144826],[-93.325648,45.139475],[-93.320597,45.139522],[-93.320763,45.130507],[-93.32076,45.123331],[-93.328388,45.123261],[-93.328397,45.122676],[-93.328242,45.122678],[-93.328232,45.122154],[-93.328558,45.122151],[-93.328526,45.121626],[-93.328355,45.121629],[-93.328394,45.11968],[-93.329907,45.119669],[-93.330031,45.119709],[-93.330052,45.119668],[-93.330527,45.119665],[-93.33111,45.119818],[-93.331227,45.119595],[-93.330998,45.119534],[-93.331002,45.119281],[-93.331344,45.119371],[-93.331461,45.119148],[-93.331007,45.119029],[-93.331065,45.116085],[-93.32725,45.116103],[-93.327128,45.116167],[-93.327063,45.116103],[-93.326776,45.116105],[-93.326697,45.116028],[-93.326275,45.116247],[-93.326133,45.116107],[-93.320934,45.11613],[-93.320977,45.114147],[-93.321148,45.114217],[-93.321563,45.11379],[-93.320992,45.113509],[-93.321109,45.108946],[-93.321152,45.101735],[-93.320992,45.097187],[-93.330529,45.099411],[-93.331643,45.099549],[-93.332932,45.099511],[-93.333359,45.099442],[-93.333763,45.099289],[-93.3359,45.09821],[-93.336449,45.09808],[-93.346321,45.098069],[-93.347336,45.098011],[-93.348076,45.097874],[-93.348771,45.097645],[-93.349404,45.09734],[-93.349694,45.097161],[-93.351082,45.096085],[-93.351548,45.095818],[-93.352082,45.095612],[-93.352791,45.095452],[-93.353279,45.095402],[-93.356423,45.095383],[-93.356364,45.095169],[-93.356333,45.094088],[-93.356367,45.092234],[-93.356263,45.087262],[-93.352341,45.087265],[-93.351792,45.087326],[-93.351273,45.087471],[-93.351136,45.087265],[-93.320747,45.087378],[-93.300431,45.087232],[-93.281113,45.087186],[-93.28101,45.086856],[-93.280978,45.086541],[-93.281042,45.085754],[-93.281019,45.085257],[-93.280886,45.084608],[-93.280876,45.084395],[-93.280928,45.084185],[-93.28104,45.083987],[-93.281331,45.08369],[-93.281542,45.083552],[-93.282183,45.083289],[-93.282769,45.082895],[-93.283161,45.082395],[-93.283732,45.080999],[-93.284006,45.080562],[-93.284092,45.080301],[-93.284293,45.078234],[-93.28433,45.07738],[-93.284306,45.076526],[-93.283837,45.075287],[-93.283627,45.074304],[-93.28329,45.073494],[-93.283004,45.073074],[-93.282581,45.072782],[-93.281879,45.072668],[-93.281227,45.072725],[-93.280773,45.072937],[-93.280607,45.073092],[-93.280462,45.073358],[-93.280341,45.074184],[-93.28016,45.075005],[-93.279804,45.076136],[-93.279596,45.077016],[-93.279541,45.0775],[-93.279621,45.078883],[-93.279546,45.080039],[-93.279554,45.081073],[-93.279629,45.08192],[-93.279766,45.082763],[-93.279964,45.0836],[-93.280062,45.087183],[-93.280042,45.090764],[-93.279463,45.09435],[-93.27942,45.096392],[-93.279249,45.097029],[-93.279172,45.09746],[-93.279138,45.098178],[-93.278567,45.100937],[-93.278543,45.101276],[-93.278632,45.102247],[-93.278757,45.102887],[-93.278943,45.103521],[-93.27942,45.104629],[-93.279695,45.105079],[-93.280452,45.105984],[-93.281396,45.106765],[-93.282514,45.107421],[-93.284129,45.108211],[-93.286631,45.109712],[-93.287202,45.110129],[-93.288485,45.111277],[-93.28875,45.11145],[-93.289385,45.11169],[-93.290314,45.111825],[-93.29064,45.111926],[-93.292187,45.112763],[-93.293259,45.113508],[-93.294145,45.114367],[-93.294819,45.115317],[-93.295342,45.116429],[-93.295554,45.117051],[-93.29574,45.117885],[-93.295971,45.119466],[-93.295889,45.120956],[-93.295935,45.121348],[-93.296042,45.121734],[-93.296529,45.122966],[-93.296658,45.123496],[-93.296725,45.12403],[-93.296746,45.125415],[-93.296841,45.125896],[-93.296997,45.126369],[-93.297212,45.12683],[-93.297814,45.127701],[-93.298196,45.128104],[-93.29921,45.128957],[-93.299674,45.129407],[-93.300168,45.129986],[-93.300755,45.130904],[-93.300995,45.131431],[-93.301243,45.132138],[-93.301443,45.132533],[-93.302014,45.13327],[-93.302373,45.133571],[-93.302753,45.134157],[-93.303157,45.134496],[-93.303404,45.134485],[-93.303719,45.134363],[-93.30421,45.134323],[-93.304537,45.134386],[-93.304763,45.134512],[-93.305321,45.135087],[-93.305827,45.135775],[-93.307105,45.136878],[-93.307724,45.137474],[-93.308692,45.138586],[-93.309301,45.139585],[-93.309718,45.140394],[-93.310076,45.141216],[-93.310248,45.141738],[-93.310566,45.142353],[-93.310837,45.142744],[-93.311539,45.143458],[-93.312428,45.144058],[-93.312932,45.144308],[-93.314154,45.144763],[-93.315973,45.145272],[-93.31851,45.145715],[-93.320453,45.146136],[-93.321612,45.146511],[-93.322358,45.146828],[-93.32306,45.147191],[-93.324018,45.147818],[-93.324814,45.1485],[-93.325503,45.149283],[-93.326493,45.150178],[-93.327242,45.150757],[-93.328415,45.151534],[-93.330979,45.151571],[-93.331512,45.151864],[-93.332033,45.151338],[-93.332381,45.151585],[-93.332544,45.151587],[-93.332921,45.151773],[-93.332913,45.151733],[-93.333104,45.151588],[-93.333195,45.151589]]]}},{"type":"Feature","properties":{"role":"Council Member","city":"Brooklyn Park","county":null,"ward":3,"wardName":"West District","district":null,"stateDistrict":null,"chamber":null,"repName":"Maria Tran","repParty":"Nonpartisan","repPhotoUrl":"https://www.brooklynpark.org/wp-content/uploads/2019/06/Maria-Tran-Image-scaled-e1709677467466.jpg","repEmail":"maria.tran@brooklynpark.org","repPhone":"763-315-8442","termsOfService":[{"termStart":"2022-01-01","termEnd":null,"current":true,"sourceUrl":"https://www.brooklynpark.org/contact/maria-tran/"}],"committees":[],"neighborhoods":[],"officeRoom":null,"profileUrl":"https://www.brooklynpark.org/contact/maria-tran/","candidates":[],"isContested":false,"partyUnityPercent":null,"recentVotes":[]},"geometry":{"type":"Polygon","coordinates":[[[-93.379002,45.151985],[-93.391396,45.151982],[-93.401584,45.152042],[-93.401931,45.137718],[-93.402071,45.123238],[-93.388909,45.123288],[-93.388949,45.122434],[-93.389084,45.12174],[-93.391018,45.114743],[-93.391391,45.112685],[-93.391581,45.1107],[-93.396398,45.110659],[-93.395673,45.109676],[-93.397221,45.109658],[-93.398098,45.11064],[-93.402292,45.110604],[-93.402312,45.108791],[-93.402091,45.10171],[-93.402159,45.090242],[-93.402131,45.087461],[-93.401849,45.080265],[-93.400539,45.065725],[-93.390514,45.065599],[-93.380401,45.06574],[-93.370267,45.065674],[-93.349828,45.06571],[-93.351034,45.080087],[-93.351187,45.087265],[-93.351136,45.087265],[-93.351273,45.087471],[-93.351792,45.087326],[-93.352341,45.087265],[-93.356263,45.087262],[-93.356367,45.092234],[-93.356333,45.094088],[-93.356364,45.095169],[-93.356423,45.095383],[-93.356514,45.102604],[-93.360703,45.1026],[-93.360703,45.102562],[-93.361039,45.102608],[-93.361328,45.102745],[-93.361519,45.102944],[-93.361573,45.103062],[-93.361618,45.103459],[-93.361748,45.103676],[-93.362137,45.103901],[-93.362465,45.103951],[-93.364197,45.103779],[-93.364693,45.103787],[-93.365899,45.103932],[-93.367051,45.103806],[-93.369728,45.103787],[-93.37011,45.103699],[-93.370552,45.103424],[-93.371777,45.101622],[-93.371942,45.101627],[-93.375837,45.100763],[-93.376829,45.100627],[-93.376868,45.10427],[-93.376925,45.104485],[-93.376945,45.105343],[-93.376975,45.109046],[-93.376924,45.111256],[-93.376816,45.112534],[-93.376633,45.12333],[-93.366486,45.12323],[-93.359826,45.123101],[-93.356339,45.1232],[-93.356258,45.126475],[-93.356274,45.129207],[-93.35621,45.130809],[-93.356332,45.131607],[-93.356433,45.131972],[-93.357019,45.133245],[-93.357557,45.134919],[-93.358047,45.136063],[-93.358473,45.13738],[-93.359761,45.140675],[-93.360085,45.141392],[-93.36076,45.143925],[-93.361862,45.143797],[-93.36223,45.143936],[-93.363024,45.143893],[-93.363314,45.144029],[-93.363502,45.143941],[-93.363759,45.143394],[-93.364218,45.143398],[-93.364173,45.144766],[-93.371206,45.144824],[-93.370971,45.151957],[-93.37526,45.152002],[-93.379002,45.151985]]]}},{"type":"Feature","properties":{"role":"Council Member","city":"Brooklyn Park","county":null,"ward":3,"wardName":"West District","district":null,"stateDistrict":null,"chamber":null,"repName":"Tony McGarvey","repParty":"Nonpartisan","repPhotoUrl":"https://www.brooklynpark.org/wp-content/uploads/2026/04/Tony-McGarvey.jpg","repEmail":"tony.mcgarvey@brooklynpark.org","repPhone":"763-315-8496","termsOfService":[{"termStart":"2023-01-01","termEnd":null,"current":true,"sourceUrl":"https://www.brooklynpark.org/contact/tony-mcgarvey/"}],"committees":[],"neighborhoods":[],"officeRoom":null,"profileUrl":"https://www.brooklynpark.org/contact/tony-mcgarvey/","candidates":[],"isContested":false,"partyUnityPercent":null,"recentVotes":[]},"geometry":{"type":"Polygon","coordinates":[[[-93.379002,45.151985],[-93.391396,45.151982],[-93.401584,45.152042],[-93.401931,45.137718],[-93.402071,45.123238],[-93.388909,45.123288],[-93.388949,45.122434],[-93.389084,45.12174],[-93.391018,45.114743],[-93.391391,45.112685],[-93.391581,45.1107],[-93.396398,45.110659],[-93.395673,45.109676],[-93.397221,45.109658],[-93.398098,45.11064],[-93.402292,45.110604],[-93.402312,45.108791],[-93.402091,45.10171],[-93.402159,45.090242],[-93.402131,45.087461],[-93.401849,45.080265],[-93.400539,45.065725],[-93.390514,45.065599],[-93.380401,45.06574],[-93.370267,45.065674],[-93.349828,45.06571],[-93.351034,45.080087],[-93.351187,45.087265],[-93.351136,45.087265],[-93.351273,45.087471],[-93.351792,45.087326],[-93.352341,45.087265],[-93.356263,45.087262],[-93.356367,45.092234],[-93.356333,45.094088],[-93.356364,45.095169],[-93.356423,45.095383],[-93.356514,45.102604],[-93.360703,45.1026],[-93.360703,45.102562],[-93.361039,45.102608],[-93.361328,45.102745],[-93.361519,45.102944],[-93.361573,45.103062],[-93.361618,45.103459],[-93.361748,45.103676],[-93.362137,45.103901],[-93.362465,45.103951],[-93.364197,45.103779],[-93.364693,45.103787],[-93.365899,45.103932],[-93.367051,45.103806],[-93.369728,45.103787],[-93.37011,45.103699],[-93.370552,45.103424],[-93.371777,45.101622],[-93.371942,45.101627],[-93.375837,45.100763],[-93.376829,45.100627],[-93.376868,45.10427],[-93.376925,45.104485],[-93.376945,45.105343],[-93.376975,45.109046],[-93.376924,45.111256],[-93.376816,45.112534],[-93.376633,45.12333],[-93.366486,45.12323],[-93.359826,45.123101],[-93.356339,45.1232],[-93.356258,45.126475],[-93.356274,45.129207],[-93.35621,45.130809],[-93.356332,45.131607],[-93.356433,45.131972],[-93.357019,45.133245],[-93.357557,45.134919],[-93.358047,45.136063],[-93.358473,45.13738],[-93.359761,45.140675],[-93.360085,45.141392],[-93.36076,45.143925],[-93.361862,45.143797],[-93.36223,45.143936],[-93.363024,45.143893],[-93.363314,45.144029],[-93.363502,45.143941],[-93.363759,45.143394],[-93.364218,45.143398],[-93.364173,45.144766],[-93.371206,45.144824],[-93.370971,45.151957],[-93.37526,45.152002],[-93.379002,45.151985]]]}},{"type":"Feature","properties":{"role":"Council Member","city":"Coon Rapids","county":null,"ward":1,"wardName":null,"district":null,"stateDistrict":null,"chamber":null,"repName":"Brad Greskowiak","repParty":"Nonpartisan","repPhotoUrl":"https://www.coonrapidsmn.gov/ImageRepository/Document?documentID=13431","repEmail":null,"repPhone":"763-757-6944","termsOfService":[{"termStart":null,"termEnd":null,"current":true,"sourceUrl":"https://www.coonrapidsmn.gov/Directory.aspx?EID=4"}],"committees":[],"neighborhoods":[],"officeRoom":null,"profileUrl":"https://www.coonrapidsmn.gov/Directory.aspx?EID=4","candidates":[],"isContested":false,"partyUnityPercent":null,"recentVotes":[]},"geometry":{"type":"Polygon","coordinates":[[[-93.367334,45.202957],[-93.365607,45.202959],[-93.365671,45.201161],[-93.363028,45.201165],[-93.363122,45.198467],[-93.361563,45.197522],[-93.362128,45.197521],[-93.351524,45.19105],[-93.34853,45.189165],[-93.347405,45.188383],[-93.345476,45.18692],[-93.345167,45.187111],[-93.343346,45.185667],[-93.343012,45.185708],[-93.337822,45.185739],[-93.337896,45.180945],[-93.330713,45.175315],[-93.329289,45.17529],[-93.329024,45.175345],[-93.323427,45.175251],[-93.323424,45.175696],[-93.317738,45.175611],[-93.317647,45.178472],[-93.317522,45.179334],[-93.317357,45.179713],[-93.314247,45.183398],[-93.314128,45.183409],[-93.312529,45.185323],[-93.310859,45.187516],[-93.309488,45.189762],[-93.308722,45.190851],[-93.308038,45.191764],[-93.307072,45.192851],[-93.30675,45.193616],[-93.306686,45.194289],[-93.306636,45.196901],[-93.306546,45.198637],[-93.306523,45.208845],[-93.306446,45.209618],[-93.306402,45.212145],[-93.308681,45.212163],[-93.310353,45.211947],[-93.310805,45.211968],[-93.311819,45.212177],[-93.316708,45.212287],[-93.317146,45.212354],[-93.31838,45.212827],[-93.318948,45.21293],[-93.319749,45.212898],[-93.320142,45.212816],[-93.320885,45.212538],[-93.321424,45.212393],[-93.321846,45.212362],[-93.327366,45.212421],[-93.337144,45.212394],[-93.346377,45.212303],[-93.346322,45.21244],[-93.348059,45.212432],[-93.348061,45.212295],[-93.362636,45.212315],[-93.362675,45.211219],[-93.364909,45.209715],[-93.365006,45.206974],[-93.365378,45.206723],[-93.365436,45.204514],[-93.367269,45.204529],[-93.367334,45.202957]]]}},{"type":"Feature","properties":{"role":"Council Member","city":"Coon Rapids","county":null,"ward":5,"wardName":null,"district":null,"stateDistrict":null,"chamber":null,"repName":"Brian Armstrong","repParty":"Nonpartisan","repPhotoUrl":"https://www.coonrapidsmn.gov/ImageRepository/Document?documentID=14795","repEmail":null,"repPhone":"612-868-1455","termsOfService":[{"termStart":null,"termEnd":null,"current":true,"sourceUrl":"https://www.coonrapidsmn.gov/Directory.aspx?EID=282"}],"committees":[],"neighborhoods":[],"officeRoom":null,"profileUrl":"https://www.coonrapidsmn.gov/Directory.aspx?EID=282","candidates":[],"isContested":false,"partyUnityPercent":null,"recentVotes":[]},"geometry":{"type":"Polygon","coordinates":[[[-93.298084,45.13014],[-93.297598,45.129583],[-93.297626,45.12953],[-93.297297,45.129196],[-93.296666,45.128359],[-93.295914,45.127323],[-93.295582,45.126718],[-93.295482,45.126468],[-93.295398,45.125098],[-93.295554,45.124273],[-93.295612,45.124272],[-93.295418,45.123457],[-93.295266,45.123458],[-93.295007,45.122534],[-93.294097,45.12138],[-93.29148,45.119987],[-93.290791,45.119199],[-93.287694,45.119257],[-93.287692,45.119642],[-93.285415,45.120092],[-93.285472,45.120219],[-93.284864,45.120217],[-93.284276,45.118663],[-93.277885,45.118712],[-93.280476,45.124442],[-93.266936,45.124559],[-93.266768,45.139956],[-93.266276,45.168027],[-93.266106,45.183474],[-93.26695,45.183279],[-93.267392,45.182955],[-93.272502,45.183332],[-93.273382,45.183257],[-93.274073,45.183262],[-93.274722,45.183617],[-93.275198,45.184097],[-93.275631,45.184155],[-93.275557,45.18304],[-93.275562,45.181725],[-93.275732,45.1798],[-93.275928,45.178516],[-93.276456,45.177451],[-93.284766,45.179953],[-93.284646,45.180183],[-93.284588,45.180443],[-93.284611,45.180728],[-93.284703,45.180962],[-93.284871,45.181197],[-93.285864,45.182209],[-93.286463,45.18306],[-93.287268,45.182819],[-93.287852,45.182745],[-93.288881,45.182508],[-93.289223,45.18249],[-93.289555,45.182542],[-93.289455,45.18074],[-93.289571,45.180447],[-93.291239,45.18095],[-93.292005,45.181093],[-93.29247,45.181154],[-93.294279,45.181244],[-93.294314,45.178884],[-93.294231,45.176737],[-93.294165,45.168725],[-93.294043,45.164725],[-93.293968,45.15881],[-93.293365,45.158845],[-93.292845,45.158795],[-93.291611,45.158814],[-93.288058,45.157922],[-93.285415,45.157785],[-93.284645,45.157829],[-93.283858,45.158095],[-93.279744,45.153913],[-93.279422,45.153481],[-93.279245,45.153077],[-93.279299,45.149821],[-93.275897,45.14979],[-93.277073,45.147766],[-93.277439,45.147334],[-93.279354,45.146183],[-93.279574,45.146176],[-93.282633,45.144427],[-93.283424,45.144057],[-93.283498,45.143958],[-93.28609,45.142744],[-93.286779,45.142376],[-93.287214,45.142025],[-93.287916,45.141177],[-93.288025,45.141128],[-93.288387,45.140769],[-93.288342,45.140685],[-93.288439,45.1406],[-93.28951,45.139924],[-93.290857,45.139173],[-93.290397,45.138526],[-93.291347,45.13798],[-93.292342,45.137291],[-93.293082,45.136617],[-93.294442,45.134965],[-93.298084,45.13014]]]}},{"type":"Feature","properties":{"role":"Council Member","city":"Coon Rapids","county":null,"ward":2,"wardName":null,"district":null,"stateDistrict":null,"chamber":null,"repName":"Peter Butler","repParty":"Nonpartisan","repPhotoUrl":"https://www.coonrapidsmn.gov/ImageRepository/Document?documentID=18433","repEmail":null,"repPhone":"612-481-1061","termsOfService":[{"termStart":null,"termEnd":null,"current":true,"sourceUrl":"https://www.coonrapidsmn.gov/Directory.aspx?EID=295"}],"committees":[],"neighborhoods":[],"officeRoom":null,"profileUrl":"https://www.coonrapidsmn.gov/Directory.aspx?EID=295","candidates":[],"isContested":false,"partyUnityPercent":null,"recentVotes":[]},"geometry":{"type":"Polygon","coordinates":[[[-93.317738,45.175612],[-93.308994,45.175449],[-93.308268,45.175554],[-93.307896,45.175702],[-93.307648,45.175827],[-93.306944,45.176365],[-93.306321,45.175948],[-93.305789,45.175443],[-93.305403,45.175041],[-93.304977,45.174424],[-93.302912,45.175522],[-93.300173,45.173673],[-93.30015,45.174003],[-93.294146,45.169869],[-93.294231,45.176737],[-93.294314,45.178884],[-93.294279,45.181244],[-93.29247,45.181154],[-93.292005,45.181093],[-93.291239,45.18095],[-93.289571,45.180447],[-93.289455,45.18074],[-93.289555,45.182542],[-93.289223,45.18249],[-93.288881,45.182508],[-93.287852,45.182745],[-93.287268,45.182819],[-93.286463,45.18306],[-93.285864,45.182209],[-93.284871,45.181197],[-93.284703,45.180962],[-93.284611,45.180728],[-93.284588,45.180443],[-93.284646,45.180183],[-93.284766,45.179953],[-93.276456,45.177451],[-93.275928,45.178516],[-93.275732,45.1798],[-93.275562,45.181725],[-93.275557,45.18304],[-93.275631,45.184155],[-93.275198,45.184097],[-93.274722,45.183617],[-93.274073,45.183262],[-93.273382,45.183257],[-93.272502,45.183332],[-93.267392,45.182955],[-93.26695,45.183279],[-93.266106,45.183474],[-93.265884,45.197076],[-93.265855,45.21162],[-93.276003,45.211679],[-93.306369,45.212047],[-93.306368,45.212145],[-93.306402,45.212145],[-93.306446,45.209618],[-93.306523,45.208845],[-93.306546,45.198637],[-93.306636,45.196901],[-93.306686,45.194289],[-93.30675,45.193616],[-93.307072,45.192851],[-93.308038,45.191764],[-93.308722,45.190851],[-93.309488,45.189762],[-93.310859,45.187516],[-93.312529,45.185323],[-93.314128,45.183409],[-93.314247,45.183398],[-93.317357,45.179713],[-93.317522,45.179334],[-93.317647,45.178472],[-93.317738,45.175612]],[[-93.294279,45.181244],[-93.294336,45.182029],[-93.294281,45.181273],[-93.294279,45.181244]]]}},{"type":"Feature","properties":{"role":"Council Member","city":"Coon Rapids","county":null,"ward":3,"wardName":null,"district":null,"stateDistrict":null,"chamber":null,"repName":"Sean Novack","repParty":"Nonpartisan","repPhotoUrl":"https://www.coonrapidsmn.gov/ImageRepository/Document?documentID=14794","repEmail":null,"repPhone":"612-391-1284","termsOfService":[{"termStart":null,"termEnd":null,"current":true,"sourceUrl":"https://www.coonrapidsmn.gov/Directory.aspx?EID=283"}],"committees":[],"neighborhoods":[],"officeRoom":null,"profileUrl":"https://www.coonrapidsmn.gov/Directory.aspx?EID=283","candidates":[],"isContested":false,"partyUnityPercent":null,"recentVotes":[]},"geometry":{"type":"Polygon","coordinates":[[[-93.339202,45.171504],[-93.332686,45.168552],[-93.330332,45.167414],[-93.318039,45.161051],[-93.318029,45.16015],[-93.317973,45.160161],[-93.318115,45.153735],[-93.318124,45.150145],[-93.317428,45.150059],[-93.307883,45.149822],[-93.307849,45.148615],[-93.309937,45.147374],[-93.31001,45.147044],[-93.310083,45.146024],[-93.309806,45.146007],[-93.30979,45.146183],[-93.309198,45.146153],[-93.307983,45.14597],[-93.306875,45.145959],[-93.306258,45.145822],[-93.305898,45.145732],[-93.305655,45.145578],[-93.304921,45.144873],[-93.304545,45.144221],[-93.304036,45.142265],[-93.30366,45.141065],[-93.303361,45.140545],[-93.302937,45.139592],[-93.302849,45.139176],[-93.301679,45.136662],[-93.301141,45.13578],[-93.299369,45.133279],[-93.29893,45.13163],[-93.298547,45.130827],[-93.298084,45.13014],[-93.294442,45.134965],[-93.293082,45.136617],[-93.292342,45.137291],[-93.291347,45.13798],[-93.290397,45.138526],[-93.290857,45.139173],[-93.28951,45.139924],[-93.288439,45.1406],[-93.288342,45.140685],[-93.288387,45.140769],[-93.288025,45.141128],[-93.287916,45.141177],[-93.287214,45.142025],[-93.286779,45.142376],[-93.28609,45.142744],[-93.283498,45.143958],[-93.283424,45.144057],[-93.282633,45.144427],[-93.279574,45.146176],[-93.279354,45.146183],[-93.277439,45.147334],[-93.277073,45.147766],[-93.275897,45.14979],[-93.279299,45.149821],[-93.279245,45.153077],[-93.279422,45.153481],[-93.279744,45.153913],[-93.283858,45.158095],[-93.284645,45.157829],[-93.285415,45.157785],[-93.288058,45.157922],[-93.291611,45.158814],[-93.292845,45.158795],[-93.293365,45.158845],[-93.293968,45.15881],[-93.294043,45.164725],[-93.294165,45.168725],[-93.294146,45.169869],[-93.30015,45.174003],[-93.300173,45.173673],[-93.302912,45.175522],[-93.304977,45.174424],[-93.305403,45.175041],[-93.305789,45.175443],[-93.306321,45.175948],[-93.306944,45.176365],[-93.307648,45.175827],[-93.307896,45.175702],[-93.308268,45.175554],[-93.308994,45.175449],[-93.317738,45.175612],[-93.317766,45.174717],[-93.317738,45.175611],[-93.323424,45.175696],[-93.323427,45.175251],[-93.329024,45.175345],[-93.329289,45.17529],[-93.330713,45.175315],[-93.337896,45.180945],[-93.338189,45.173277],[-93.33826,45.172478],[-93.338434,45.172095],[-93.339202,45.171504]]]}},{"type":"Feature","properties":{"role":"Council Member","city":"Coon Rapids","county":null,"ward":4,"wardName":null,"district":null,"stateDistrict":null,"chamber":null,"repName":"Christopher Geisler","repParty":"Nonpartisan","repPhotoUrl":"https://www.coonrapidsmn.gov/ImageRepository/Document?documentID=18432","repEmail":null,"repPhone":"763-458-1928","termsOfService":[{"termStart":null,"termEnd":null,"current":true,"sourceUrl":"https://www.coonrapidsmn.gov/Directory.aspx?EID=296"}],"committees":[],"neighborhoods":[],"officeRoom":null,"profileUrl":"https://www.coonrapidsmn.gov/Directory.aspx?EID=296","candidates":[],"isContested":false,"partyUnityPercent":null,"recentVotes":[]},"geometry":{"type":"MultiPolygon","coordinates":[[[[-93.373541,45.187018],[-93.373476,45.180609],[-93.373431,45.17995],[-93.373531,45.17995],[-93.373528,45.179215],[-93.371384,45.178429],[-93.370843,45.17826],[-93.369615,45.177978],[-93.366763,45.177931],[-93.365804,45.177857],[-93.363966,45.177512],[-93.362962,45.177219],[-93.360757,45.176688],[-93.359174,45.176276],[-93.356994,45.175429],[-93.356409,45.175185],[-93.355927,45.174834],[-93.355309,45.174476],[-93.354532,45.173316],[-93.353738,45.171905],[-93.352542,45.170966],[-93.351558,45.169833],[-93.351416,45.169589],[-93.350984,45.169237],[-93.350713,45.168814],[-93.350425,45.16857],[-93.35015,45.167934],[-93.349194,45.167081],[-93.348559,45.166423],[-93.34829,45.165932],[-93.348207,45.16567],[-93.347939,45.164308],[-93.347029,45.163161],[-93.346989,45.162884],[-93.346667,45.162701],[-93.345597,45.161317],[-93.344954,45.160614],[-93.344467,45.160231],[-93.343644,45.159746],[-93.341691,45.158784],[-93.34032,45.158247],[-93.338403,45.157328],[-93.337808,45.156774],[-93.335891,45.155957],[-93.332238,45.154822],[-93.331652,45.154683],[-93.331466,45.154698],[-93.330118,45.15426],[-93.329917,45.154298],[-93.329531,45.154223],[-93.329149,45.154021],[-93.328768,45.153747],[-93.328423,45.153634],[-93.327937,45.153197],[-93.327283,45.152866],[-93.326512,45.152399],[-93.324943,45.151329],[-93.323804,45.150425],[-93.323476,45.14999],[-93.323303,45.149903],[-93.322592,45.149143],[-93.321149,45.147756],[-93.319568,45.147099],[-93.318213,45.146808],[-93.317476,45.146726],[-93.315497,45.146733],[-93.314585,45.146785],[-93.313657,45.146611],[-93.313016,45.146414],[-93.312665,45.146358],[-93.312519,45.146461],[-93.312571,45.14657],[-93.313155,45.146733],[-93.313146,45.146836],[-93.313084,45.146885],[-93.312451,45.146794],[-93.312056,45.1468],[-93.31149,45.147007],[-93.310889,45.147079],[-93.310417,45.147007],[-93.310253,45.14709],[-93.31001,45.147044],[-93.309937,45.147374],[-93.307849,45.148615],[-93.307883,45.149822],[-93.317428,45.150059],[-93.318124,45.150145],[-93.318115,45.153735],[-93.317973,45.160161],[-93.318029,45.16015],[-93.318039,45.161051],[-93.330332,45.167414],[-93.332686,45.168552],[-93.339202,45.171504],[-93.338434,45.172095],[-93.33826,45.172478],[-93.338189,45.173277],[-93.337867,45.181597],[-93.337822,45.185739],[-93.343012,45.185708],[-93.343346,45.185667],[-93.345167,45.187111],[-93.345476,45.18692],[-93.347405,45.188383],[-93.34853,45.189165],[-93.351524,45.19105],[-93.362128,45.197521],[-93.368248,45.197508],[-93.368289,45.190272],[-93.373538,45.190396],[-93.373541,45.187018]]],[[[-93.312174,45.14596],[-93.311942,45.14574],[-93.31117,45.145337],[-93.310793,45.145067],[-93.3104,45.14468],[-93.310285,45.144621],[-93.310037,45.144597],[-93.309837,45.144454],[-93.308934,45.144107],[-93.307529,45.143377],[-93.307057,45.143212],[-93.306704,45.142968],[-93.305862,45.142522],[-93.305716,45.142494],[-93.305652,45.142575],[-93.305533,45.143037],[-93.305577,45.143472],[-93.306019,45.144639],[-93.306271,45.145045],[-93.306533,45.145293],[-93.30665,45.145327],[-93.306821,45.145299],[-93.307549,45.145],[-93.308496,45.144841],[-93.308773,45.144986],[-93.309438,45.145162],[-93.310172,45.14522],[-93.311724,45.146081],[-93.312049,45.146109],[-93.312174,45.146022],[-93.312174,45.14596]]]]}},{"type":"Feature","properties":{"role":"Council Member","city":"Fridley","county":null,"ward":3,"wardName":null,"district":null,"stateDistrict":null,"chamber":null,"repName":"Ann Bolkcom","repParty":"Nonpartisan","repPhotoUrl":null,"repEmail":"Ann.Bolkcom@FridleyMN.gov","repPhone":"612-308-2096","termsOfService":[{"termStart":null,"termEnd":null,"current":true,"sourceUrl":"https://www.fridleymn.gov/Your-Government/City-Council-Commissions/Meet-Your-Council/Ann-Bolkcom"}],"committees":[],"neighborhoods":[],"officeRoom":null,"profileUrl":"https://www.fridleymn.gov/Your-Government/City-Council-Commissions/Meet-Your-Council/Ann-Bolkcom","candidates":[],"isContested":false,"partyUnityPercent":null,"recentVotes":[]},"geometry":{"type":"Polygon","coordinates":[[[-93.290743,45.119204],[-93.290597,45.118932],[-93.290625,45.118825],[-93.290552,45.118715],[-93.290586,45.118513],[-93.290504,45.11836],[-93.2904,45.117872],[-93.290157,45.117355],[-93.289971,45.116298],[-93.289217,45.114516],[-93.288866,45.113376],[-93.288539,45.112846],[-93.288145,45.112443],[-93.28744,45.111914],[-93.287027,45.111534],[-93.286495,45.110901],[-93.284754,45.109602],[-93.282695,45.108439],[-93.282184,45.108064],[-93.281604,45.107724],[-93.280568,45.107528],[-93.279412,45.106976],[-93.279009,45.1067],[-93.278374,45.105925],[-93.277626,45.104498],[-93.277488,45.104164],[-93.277445,45.103878],[-93.277446,45.103713],[-93.277546,45.103556],[-93.277463,45.103272],[-93.27719,45.103126],[-93.277061,45.102792],[-93.276908,45.101797],[-93.276995,45.100682],[-93.277131,45.100343],[-93.277136,45.099972],[-93.277526,45.09894],[-93.277638,45.098341],[-93.277628,45.098105],[-93.277867,45.096724],[-93.277865,45.095941],[-93.278027,45.095076],[-93.278174,45.094637],[-93.278162,45.094248],[-93.278631,45.092374],[-93.278749,45.092008],[-93.278862,45.091871],[-93.27892,45.091403],[-93.279147,45.090412],[-93.278964,45.089977],[-93.278938,45.089807],[-93.279071,45.089201],[-93.278363,45.088379],[-93.278291,45.088176],[-93.278148,45.088036],[-93.278044,45.087772],[-93.277807,45.087429],[-93.277716,45.087083],[-93.277694,45.086309],[-93.277853,45.085855],[-93.277788,45.084908],[-93.277861,45.084602],[-93.277824,45.084609],[-93.277732,45.084008],[-93.277674,45.084021],[-93.277514,45.083533],[-93.277547,45.083527],[-93.277474,45.082752],[-93.277398,45.082314],[-93.277324,45.082314],[-93.277383,45.081831],[-93.277693,45.081495],[-93.277876,45.081194],[-93.277941,45.080835],[-93.278085,45.080547],[-93.278071,45.07894],[-93.27728,45.078943],[-93.277314,45.077145],[-93.276838,45.07612],[-93.277046,45.07478],[-93.27807,45.073537],[-93.278948,45.072888],[-93.279827,45.072007],[-93.280188,45.070482],[-93.280315,45.06918],[-93.280988,45.067801],[-93.282825,45.064622],[-93.282741,45.064621],[-93.282838,45.064517],[-93.282871,45.06436],[-93.282949,45.063101],[-93.283011,45.062722],[-93.283123,45.062467],[-93.283172,45.061956],[-93.283258,45.061716],[-93.28329,45.061221],[-93.283483,45.060189],[-93.283451,45.059934],[-93.282961,45.058124],[-93.282843,45.057461],[-93.282832,45.057046],[-93.282622,45.056231],[-93.282106,45.055039],[-93.281842,45.054749],[-93.281611,45.054605],[-93.281557,45.054536],[-93.281595,45.054468],[-93.281507,45.054334],[-93.281037,45.053853],[-93.280838,45.053504],[-93.28074,45.053081],[-93.280541,45.052651],[-93.280111,45.052121],[-93.279283,45.051439],[-93.278907,45.051234],[-93.278509,45.05128],[-93.278386,45.051253],[-93.278289,45.051123],[-93.2783,45.050982],[-93.278466,45.050826],[-93.27852,45.050681],[-93.278638,45.050087],[-93.278869,45.049699],[-93.279058,45.049257],[-93.279616,45.048426],[-93.279578,45.047782],[-93.279514,45.047752],[-93.279331,45.047821],[-93.279213,45.047672],[-93.279245,45.047581],[-93.279503,45.047413],[-93.279067,45.045425],[-93.279013,45.044049],[-93.279475,45.043162],[-93.279459,45.04307],[-93.279652,45.042914],[-93.279663,45.042499],[-93.280309,45.041104],[-93.280588,45.039964],[-93.280938,45.039196],[-93.281129,45.038933],[-93.281164,45.038492],[-93.281134,45.037924],[-93.281172,45.037758],[-93.281225,45.037573],[-93.28159,45.037139],[-93.281778,45.036728],[-93.281782,45.03643],[-93.282034,45.035474],[-93.272288,45.035516],[-93.272359,45.039118],[-93.27224,45.039119],[-93.272278,45.04083],[-93.267818,45.040876],[-93.268001,45.050011],[-93.26302,45.050008],[-93.26309,45.062667],[-93.263164,45.065942],[-93.263155,45.068904],[-93.263366,45.070571],[-93.26346,45.075273],[-93.268312,45.075263],[-93.26841,45.078971],[-93.270795,45.078967],[-93.270269,45.086187],[-93.263505,45.086165],[-93.263847,45.107913],[-93.263746,45.12456],[-93.280476,45.124442],[-93.277885,45.118712],[-93.284276,45.118663],[-93.284864,45.120217],[-93.285472,45.120219],[-93.285415,45.120092],[-93.287692,45.119642],[-93.287694,45.119257],[-93.290743,45.119204]]]}},{"type":"Feature","properties":{"role":"Council Member","city":"Fridley","county":null,"ward":1,"wardName":null,"district":null,"stateDistrict":null,"chamber":null,"repName":"Luke Cardona","repParty":"Nonpartisan","repPhotoUrl":null,"repEmail":"Luke.Cardona@FridleyMN.gov","repPhone":"763-334-2810","termsOfService":[{"termStart":"2025-03-04","termEnd":null,"current":true,"sourceUrl":"https://www.fridleymn.gov/Your-Government/City-Council-Commissions/Meet-Your-Council/Luke-Cardona"}],"committees":[],"neighborhoods":[],"officeRoom":null,"profileUrl":"https://www.fridleymn.gov/Your-Government/City-Council-Commissions/Meet-Your-Council/Luke-Cardona","candidates":[],"isContested":false,"partyUnityPercent":null,"recentVotes":[]},"geometry":{"type":"Polygon","coordinates":[[[-93.270795,45.078967],[-93.26841,45.078971],[-93.268312,45.075263],[-93.26346,45.075273],[-93.263366,45.070571],[-93.263155,45.068904],[-93.263164,45.065942],[-93.263117,45.064478],[-93.247535,45.064428],[-93.24755,45.061727],[-93.236726,45.061666],[-93.236775,45.066195],[-93.24775,45.067632],[-93.24766,45.069978],[-93.247349,45.07167],[-93.247837,45.071674],[-93.248349,45.071457],[-93.248692,45.071466],[-93.248987,45.071607],[-93.249128,45.07177],[-93.249176,45.071929],[-93.249218,45.072689],[-93.249359,45.073099],[-93.251126,45.074218],[-93.251353,45.074408],[-93.251468,45.074572],[-93.251577,45.074866],[-93.251693,45.078867],[-93.25067,45.078866],[-93.250446,45.078954],[-93.250049,45.079607],[-93.24951,45.079993],[-93.249689,45.080163],[-93.249778,45.080323],[-93.249778,45.080871],[-93.249595,45.081085],[-93.2489,45.081447],[-93.249167,45.081789],[-93.249283,45.086104],[-93.243485,45.086069],[-93.243748,45.100512],[-93.247749,45.100539],[-93.247737,45.105262],[-93.24781,45.105699],[-93.247809,45.107836],[-93.25961,45.10793],[-93.260902,45.107753],[-93.263836,45.107159],[-93.263505,45.086165],[-93.270269,45.086187],[-93.270795,45.078967]]]}},{"type":"Feature","properties":{"role":"Council Member","city":"Fridley","county":null,"ward":2,"wardName":null,"district":null,"stateDistrict":null,"chamber":null,"repName":"Ryan Evanson","repParty":"Nonpartisan","repPhotoUrl":null,"repEmail":"Ryan.Evanson@FridleyMN.gov","repPhone":"612-325-1329","termsOfService":[{"termStart":null,"termEnd":null,"current":true,"sourceUrl":"https://www.fridleymn.gov/Your-Government/City-Council-Commissions/Meet-Your-Council/Ryan-Evanson"}],"committees":[],"neighborhoods":[],"officeRoom":null,"profileUrl":"https://www.fridleymn.gov/Your-Government/City-Council-Commissions/Meet-Your-Council/Ryan-Evanson","candidates":[],"isContested":false,"partyUnityPercent":null,"recentVotes":[]},"geometry":{"type":"Polygon","coordinates":[[[-93.251693,45.078867],[-93.251601,45.075262],[-93.251577,45.074866],[-93.251468,45.074572],[-93.251353,45.074408],[-93.251126,45.074218],[-93.249359,45.073099],[-93.249218,45.072689],[-93.249176,45.071929],[-93.249128,45.07177],[-93.248987,45.071607],[-93.248692,45.071466],[-93.248349,45.071457],[-93.247837,45.071674],[-93.247349,45.07167],[-93.24766,45.069978],[-93.24775,45.067632],[-93.236775,45.066195],[-93.236726,45.061666],[-93.227172,45.061605],[-93.227659,45.085844],[-93.227751,45.093198],[-93.227816,45.107031],[-93.228876,45.107065],[-93.229401,45.107136],[-93.231664,45.107668],[-93.23272,45.107714],[-93.247809,45.107836],[-93.24781,45.105699],[-93.247737,45.105262],[-93.247749,45.100539],[-93.243748,45.100512],[-93.243485,45.086069],[-93.249283,45.086104],[-93.249167,45.081789],[-93.2489,45.081447],[-93.249595,45.081085],[-93.249778,45.080871],[-93.249778,45.080323],[-93.249689,45.080163],[-93.24951,45.079993],[-93.250049,45.079607],[-93.250446,45.078954],[-93.25067,45.078866],[-93.251693,45.078867]]]}},{"type":"Feature","properties":{"role":"Council Member","city":"Ramsey","county":null,"ward":1,"wardName":null,"district":null,"stateDistrict":null,"chamber":null,"repName":"Michael Olson","repParty":"Nonpartisan","repPhotoUrl":"https://www.cityoframseymn.gov/media/lgummcou/document.jpg","repEmail":"molson@cityoframsey.com","repPhone":"763-576-4363","termsOfService":[{"termStart":null,"termEnd":null,"current":true,"sourceUrl":"t"}],"committees":[],"neighborhoods":[],"officeRoom":null,"profileUrl":"t","candidates":[],"isContested":false,"partyUnityPercent":null,"recentVotes":[]},"geometry":{"type":"Polygon","coordinates":[[[-93.449827,45.252263],[-93.449826,45.25198],[-93.446318,45.251989],[-93.445913,45.251948],[-93.445474,45.251829],[-93.44506,45.251633],[-93.444764,45.251384],[-93.444569,45.251104],[-93.444458,45.250806],[-93.444387,45.249537],[-93.444259,45.249239],[-93.443819,45.248775],[-93.443532,45.248614],[-93.443101,45.24849],[-93.442519,45.248425],[-93.43949,45.248388],[-93.439034,45.248281],[-93.438561,45.248097],[-93.437539,45.247568],[-93.437159,45.24745],[-93.4365,45.247367],[-93.428485,45.247361],[-93.427954,45.247433],[-93.42685,45.247703],[-93.424731,45.247769],[-93.421682,45.248433],[-93.420903,45.248522],[-93.405688,45.248568],[-93.405186,45.248514],[-93.403088,45.248463],[-93.38857,45.248518],[-93.388587,45.255808],[-93.389408,45.255471],[-93.390241,45.255054],[-93.390738,45.254882],[-93.391261,45.254799],[-93.39177,45.254804],[-93.392206,45.254884],[-93.392733,45.255121],[-93.393261,45.255596],[-93.39336,45.255797],[-93.393444,45.256143],[-93.393446,45.256459],[-93.39329,45.257142],[-93.393109,45.257668],[-93.393068,45.25799],[-93.39312,45.258135],[-93.393324,45.258339],[-93.393496,45.258409],[-93.393897,45.258456],[-93.395108,45.258398],[-93.395945,45.258465],[-93.396751,45.258757],[-93.397321,45.259056],[-93.397777,45.25949],[-93.398072,45.260068],[-93.39803,45.260615],[-93.397533,45.261895],[-93.397469,45.262693],[-93.397587,45.263034],[-93.397819,45.263326],[-93.398157,45.263482],[-93.398603,45.263599],[-93.400062,45.2638],[-93.400569,45.263906],[-93.401153,45.264121],[-93.401615,45.264434],[-93.402017,45.264779],[-93.402226,45.265146],[-93.402329,45.265576],[-93.402222,45.266702],[-93.402231,45.267975],[-93.401666,45.269468],[-93.401286,45.271073],[-93.401342,45.271278],[-93.40152,45.2715],[-93.402159,45.271844],[-93.402796,45.271961],[-93.40427,45.272097],[-93.404915,45.272219],[-93.405376,45.272374],[-93.405746,45.272536],[-93.405993,45.272784],[-93.406179,45.27307],[-93.406312,45.273406],[-93.406346,45.273871],[-93.406257,45.275341],[-93.406585,45.276223],[-93.406634,45.276618],[-93.406621,45.276921],[-93.406531,45.277237],[-93.406113,45.277796],[-93.406016,45.278127],[-93.406033,45.278447],[-93.406382,45.279003],[-93.406708,45.279414],[-93.406786,45.279657],[-93.406874,45.280182],[-93.407181,45.281201],[-93.407093,45.281754],[-93.406467,45.282211],[-93.405923,45.282397],[-93.405272,45.282546],[-93.403977,45.282756],[-93.403381,45.283007],[-93.403068,45.283241],[-93.402878,45.283529],[-93.402773,45.283823],[-93.40276,45.284213],[-93.403063,45.284754],[-93.403181,45.285192],[-93.403192,45.285577],[-93.403034,45.286059],[-93.402631,45.286564],[-93.401775,45.288124],[-93.401189,45.288878],[-93.400869,45.289118],[-93.400202,45.289266],[-93.399535,45.289231],[-93.398965,45.289027],[-93.398526,45.288741],[-93.397565,45.288442],[-93.397303,45.288377],[-93.396744,45.288439],[-93.396071,45.288761],[-93.395652,45.289206],[-93.394994,45.289485],[-93.392231,45.29041],[-93.390417,45.291092],[-93.389547,45.291295],[-93.38897,45.291337],[-93.388403,45.291171],[-93.387369,45.290662],[-93.38605,45.290487],[-93.38507,45.290515],[-93.383483,45.29077],[-93.382976,45.29082],[-93.382604,45.290797],[-93.382316,45.290619],[-93.382145,45.29031],[-93.382007,45.289857],[-93.381952,45.289261],[-93.38171,45.288534],[-93.381092,45.287578],[-93.37973,45.286068],[-93.379102,45.285545],[-93.37822,45.28513],[-93.377542,45.28487],[-93.3769,45.284741],[-93.376359,45.284743],[-93.374858,45.285237],[-93.374318,45.285274],[-93.373793,45.285204],[-93.372034,45.284829],[-93.371593,45.284675],[-93.370898,45.284331],[-93.370438,45.283665],[-93.370402,45.283462],[-93.370435,45.283188],[-93.370332,45.282949],[-93.370195,45.282807],[-93.36984,45.2827],[-93.369401,45.28275],[-93.369013,45.282894],[-93.368761,45.283062],[-93.368342,45.28354],[-93.367844,45.284938],[-93.368188,45.285998],[-93.368326,45.286284],[-93.368495,45.286426],[-93.368732,45.28645],[-93.368952,45.286413],[-93.369355,45.286126],[-93.370081,45.285944],[-93.370436,45.285991],[-93.371198,45.28629],[-93.371775,45.286658],[-93.372591,45.287443],[-93.372832,45.288086],[-93.372989,45.288753],[-93.373063,45.289827],[-93.373235,45.290167],[-93.373456,45.290405],[-93.374033,45.290833],[-93.37444,45.290951],[-93.375336,45.291115],[-93.376046,45.291124],[-93.376249,45.291207],[-93.37637,45.291505],[-93.375968,45.292151],[-93.375396,45.292546],[-93.374992,45.292702],[-93.374062,45.292658],[-93.373266,45.292422],[-93.372673,45.292173],[-93.371841,45.291544],[-93.371654,45.291449],[-93.371299,45.291379],[-93.369762,45.291562],[-93.369274,45.291767],[-93.369224,45.291946],[-93.369259,45.292101],[-93.369395,45.292291],[-93.370107,45.292551],[-93.370462,45.292562],[-93.371001,45.292334],[-93.371372,45.292261],[-93.371745,45.292367],[-93.372084,45.292593],[-93.372238,45.292855],[-93.372256,45.293057],[-93.372118,45.293202],[-93.371918,45.293287],[-93.371518,45.293289],[-93.371039,45.293375],[-93.37072,45.293574],[-93.370405,45.294309],[-93.370327,45.294648],[-93.37033,45.295043],[-93.370452,45.29541],[-93.370653,45.295607],[-93.371173,45.295549],[-93.371692,45.295406],[-93.372051,45.295263],[-93.372808,45.294781],[-93.373407,45.294525],[-93.374047,45.294523],[-93.37476,45.294763],[-93.375451,45.295196],[-93.375614,45.295562],[-93.376541,45.296604],[-93.377424,45.297053],[-93.377666,45.297391],[-93.377748,45.297673],[-93.377594,45.298549],[-93.377505,45.298741],[-93.405404,45.29904],[-93.42911,45.299179],[-93.439315,45.299283],[-93.446902,45.299297],[-93.446523,45.298829],[-93.446152,45.298083],[-93.445688,45.295965],[-93.445502,45.295339],[-93.445148,45.294533],[-93.444609,45.293691],[-93.443675,45.292676],[-93.441218,45.290615],[-93.440425,45.289841],[-93.440063,45.289221],[-93.439886,45.28875],[-93.439805,45.288217],[-93.439828,45.287248],[-93.440072,45.283509],[-93.439735,45.273729],[-93.430231,45.273733],[-93.430278,45.265189],[-93.430338,45.265044],[-93.43047,45.264953],[-93.431818,45.264494],[-93.432084,45.264477],[-93.432523,45.264629],[-93.432775,45.264642],[-93.433474,45.264379],[-93.43383,45.264314],[-93.433934,45.263732],[-93.434114,45.263431],[-93.438282,45.265695],[-93.438962,45.266157],[-93.439305,45.266516],[-93.439446,45.266442],[-93.439594,45.266289],[-93.439646,45.266139],[-93.439794,45.260277],[-93.43986,45.260001],[-93.439999,45.25974],[-93.440427,45.259333],[-93.441013,45.259061],[-93.441546,45.258957],[-93.443249,45.258827],[-93.443739,45.258706],[-93.444112,45.258551],[-93.446903,45.256595],[-93.448631,45.255528],[-93.449208,45.254955],[-93.44957,45.2543],[-93.44968,45.253837],[-93.449827,45.252263]]]}},{"type":"Feature","properties":{"role":"Council Member","city":"Ramsey","county":null,"ward":2,"wardName":null,"district":null,"stateDistrict":null,"chamber":null,"repName":"Eric Peters","repParty":"Nonpartisan","repPhotoUrl":"https://www.cityoframseymn.gov/media/555abt5i/document.jpg","repEmail":"epeters@cityoframsey.com","repPhone":"763-576-4366","termsOfService":[{"termStart":null,"termEnd":null,"current":true,"sourceUrl":"t"}],"committees":[],"neighborhoods":[],"officeRoom":null,"profileUrl":"t","candidates":[],"isContested":false,"partyUnityPercent":null,"recentVotes":[]},"geometry":{"type":"Polygon","coordinates":[[[-93.512684,45.246843],[-93.511808,45.246564],[-93.511344,45.246349],[-93.511037,45.246365],[-93.510255,45.246085],[-93.509558,45.245739],[-93.509224,45.245496],[-93.508472,45.245217],[-93.508226,45.245189],[-93.508041,45.24511],[-93.50737,45.244686],[-93.506032,45.24409],[-93.504705,45.243633],[-93.503658,45.243329],[-93.502905,45.243195],[-93.501833,45.243093],[-93.50179,45.250111],[-93.499679,45.248236],[-93.49912,45.247887],[-93.498623,45.247658],[-93.497987,45.247495],[-93.497537,45.247441],[-93.49608,45.247477],[-93.494515,45.247589],[-93.493989,45.247711],[-93.491682,45.248482],[-93.491078,45.248571],[-93.486537,45.248558],[-93.485839,45.248493],[-93.473205,45.248474],[-93.471765,45.248507],[-93.47091,45.248598],[-93.47005,45.248763],[-93.469768,45.248898],[-93.46959,45.249055],[-93.469445,45.249358],[-93.469455,45.250771],[-93.469341,45.251169],[-93.469137,45.251437],[-93.468789,45.251694],[-93.468418,45.25185],[-93.467933,45.251943],[-93.462665,45.25193],[-93.460046,45.252081],[-93.449826,45.25198],[-93.449789,45.252914],[-93.449596,45.254224],[-93.44926,45.254885],[-93.448976,45.255222],[-93.448631,45.255528],[-93.446903,45.256595],[-93.444112,45.258551],[-93.443739,45.258706],[-93.443249,45.258827],[-93.441546,45.258957],[-93.441013,45.259061],[-93.440427,45.259333],[-93.439999,45.25974],[-93.43986,45.260001],[-93.439794,45.260277],[-93.439646,45.266139],[-93.439594,45.266289],[-93.439446,45.266442],[-93.439305,45.266516],[-93.438962,45.266157],[-93.438282,45.265695],[-93.434114,45.263431],[-93.433934,45.263732],[-93.43383,45.264314],[-93.433474,45.264379],[-93.432775,45.264642],[-93.432483,45.264619],[-93.432122,45.264483],[-93.431889,45.264479],[-93.43047,45.264953],[-93.430338,45.265044],[-93.430278,45.265189],[-93.430231,45.273733],[-93.439735,45.273729],[-93.440072,45.283509],[-93.439828,45.287248],[-93.439805,45.288217],[-93.439886,45.28875],[-93.440063,45.289221],[-93.440425,45.289841],[-93.441218,45.290615],[-93.443675,45.292676],[-93.444609,45.293691],[-93.445148,45.294533],[-93.445502,45.295339],[-93.445688,45.295965],[-93.446152,45.298083],[-93.446523,45.298829],[-93.446902,45.299297],[-93.486935,45.299399],[-93.510986,45.299325],[-93.511604,45.284927],[-93.512055,45.270492],[-93.512684,45.246843]],[[-93.450157,45.275925],[-93.449932,45.276036],[-93.449917,45.276043],[-93.450157,45.275925]]]}},{"type":"Feature","properties":{"role":"Council Member","city":"Ramsey","county":null,"ward":3,"wardName":null,"district":null,"stateDistrict":null,"chamber":null,"repName":"Dan Specht","repParty":"Nonpartisan","repPhotoUrl":"https://www.cityoframseymn.gov/media/nsad02sm/document.jpg","repEmail":"dspecht@cityoframsey.com","repPhone":"763-576-4361","termsOfService":[{"termStart":null,"termEnd":null,"current":true,"sourceUrl":"p"}],"committees":[],"neighborhoods":[],"officeRoom":null,"profileUrl":"p","candidates":[],"isContested":false,"partyUnityPercent":null,"recentVotes":[]},"geometry":{"type":"Polygon","coordinates":[[[-93.501833,45.243093],[-93.501569,45.243089],[-93.501361,45.242996],[-93.501226,45.242833],[-93.500317,45.242207],[-93.499664,45.241854],[-93.498887,45.241806],[-93.498668,45.241747],[-93.498485,45.241636],[-93.497391,45.241478],[-93.497075,45.241342],[-93.496602,45.240982],[-93.496233,45.240531],[-93.496073,45.240244],[-93.495945,45.239873],[-93.495869,45.239418],[-93.496078,45.238363],[-93.496544,45.237595],[-93.496829,45.236876],[-93.496799,45.23619],[-93.496527,45.235609],[-93.495562,45.234833],[-93.495269,45.234654],[-93.49468,45.233929],[-93.494561,45.233836],[-93.494415,45.233816],[-93.494198,45.233508],[-93.493889,45.233386],[-93.493058,45.232727],[-93.492655,45.232316],[-93.491136,45.231166],[-93.490811,45.230959],[-93.489402,45.230495],[-93.488642,45.23006],[-93.488321,45.229749],[-93.48802,45.229223],[-93.487288,45.228521],[-93.48596,45.227466],[-93.485557,45.227081],[-93.484703,45.22657],[-93.483587,45.226152],[-93.481832,45.225682],[-93.480594,45.22561],[-93.478079,45.225938],[-93.477448,45.225898],[-93.476975,45.225951],[-93.47626,45.226092],[-93.474615,45.226742],[-93.471202,45.227212],[-93.470245,45.227266],[-93.469294,45.227047],[-93.467718,45.226873],[-93.466447,45.226432],[-93.465968,45.22639],[-93.465426,45.226265],[-93.464549,45.225874],[-93.463098,45.224988],[-93.462213,45.224234],[-93.461347,45.223413],[-93.460822,45.223035],[-93.460381,45.222758],[-93.459577,45.22243],[-93.458643,45.222408],[-93.458243,45.222453],[-93.456525,45.223068],[-93.455445,45.223254],[-93.454835,45.223257],[-93.453923,45.223122],[-93.453338,45.222781],[-93.452811,45.222208],[-93.452176,45.221688],[-93.451918,45.221269],[-93.451671,45.220739],[-93.451218,45.220191],[-93.448087,45.218897],[-93.447316,45.218492],[-93.446219,45.21781],[-93.444942,45.217429],[-93.444048,45.217286],[-93.442749,45.21723],[-93.440885,45.217488],[-93.440086,45.217739],[-93.43982,45.217878],[-93.437628,45.218349],[-93.435894,45.218794],[-93.434909,45.218951],[-93.434254,45.218979],[-93.43219,45.218841],[-93.430468,45.218147],[-93.429835,45.217787],[-93.427862,45.216808],[-93.42565,45.216251],[-93.424299,45.215604],[-93.424202,45.215447],[-93.423454,45.215654],[-93.423209,45.215782],[-93.42259,45.215906],[-93.422307,45.216016],[-93.421636,45.217222],[-93.421761,45.21726],[-93.421454,45.217762],[-93.420458,45.217316],[-93.419435,45.218985],[-93.419432,45.219434],[-93.420072,45.21943],[-93.420039,45.226579],[-93.426949,45.226621],[-93.426956,45.227315],[-93.425046,45.227326],[-93.425025,45.229317],[-93.423745,45.229323],[-93.423705,45.231983],[-93.423522,45.232246],[-93.422852,45.232571],[-93.422632,45.232814],[-93.422603,45.234397],[-93.424214,45.234389],[-93.424796,45.23443],[-93.425143,45.234591],[-93.425498,45.235109],[-93.426114,45.234947],[-93.426763,45.234904],[-93.427506,45.235034],[-93.428889,45.235086],[-93.42895,45.235628],[-93.429035,45.235914],[-93.429383,45.236736],[-93.429452,45.237105],[-93.429441,45.239157],[-93.429325,45.24004],[-93.429141,45.240469],[-93.42888,45.240809],[-93.428561,45.241167],[-93.427929,45.241657],[-93.427281,45.242271],[-93.426819,45.242952],[-93.426686,45.243452],[-93.426422,45.245809],[-93.426149,45.24771],[-93.42685,45.247703],[-93.427954,45.247433],[-93.428485,45.247361],[-93.4365,45.247367],[-93.437159,45.24745],[-93.437539,45.247568],[-93.438561,45.248097],[-93.439034,45.248281],[-93.43949,45.248388],[-93.442519,45.248425],[-93.443101,45.24849],[-93.443532,45.248614],[-93.443819,45.248775],[-93.444259,45.249239],[-93.444387,45.249537],[-93.444458,45.250806],[-93.444569,45.251104],[-93.444764,45.251384],[-93.44506,45.251633],[-93.445474,45.251829],[-93.445913,45.251948],[-93.446318,45.251989],[-93.449828,45.25198],[-93.460046,45.252081],[-93.462665,45.25193],[-93.467933,45.251943],[-93.468418,45.25185],[-93.468789,45.251694],[-93.469137,45.251437],[-93.469341,45.251169],[-93.469455,45.250771],[-93.469445,45.249358],[-93.46959,45.249055],[-93.469768,45.248898],[-93.47005,45.248763],[-93.47091,45.248598],[-93.471765,45.248507],[-93.473205,45.248474],[-93.485839,45.248493],[-93.486537,45.248558],[-93.491078,45.248571],[-93.491682,45.248482],[-93.493989,45.247711],[-93.494515,45.247589],[-93.49608,45.247477],[-93.497537,45.247441],[-93.497987,45.247495],[-93.498623,45.247658],[-93.49912,45.247887],[-93.499679,45.248236],[-93.501766,45.25009],[-93.501833,45.243093]],[[-93.449686,45.226696],[-93.442637,45.224418],[-93.449684,45.226695],[-93.449686,45.226696]]]}},{"type":"Feature","properties":{"role":"Council Member","city":"Ramsey","county":null,"ward":4,"wardName":null,"district":null,"stateDistrict":null,"chamber":null,"repName":"Shanna Stewart","repParty":"Nonpartisan","repPhotoUrl":"https://www.cityoframseymn.gov/media/twijfk1e/document.jpg","repEmail":"sstewart@cityoframsey.com","repPhone":"763-576-4360","termsOfService":[{"termStart":null,"termEnd":null,"current":true,"sourceUrl":"s"}],"committees":[],"neighborhoods":[],"officeRoom":null,"profileUrl":"s","candidates":[],"isContested":false,"partyUnityPercent":null,"recentVotes":[]},"geometry":{"type":"Polygon","coordinates":[[[-93.429453,45.237517],[-93.429452,45.237105],[-93.429383,45.236736],[-93.429035,45.235914],[-93.42895,45.235628],[-93.428889,45.235086],[-93.427506,45.235034],[-93.426763,45.234904],[-93.426114,45.234947],[-93.425498,45.235109],[-93.425143,45.234591],[-93.424796,45.23443],[-93.424214,45.234389],[-93.422603,45.234397],[-93.422632,45.232814],[-93.422852,45.232571],[-93.423522,45.232246],[-93.423705,45.231983],[-93.423745,45.229323],[-93.425025,45.229317],[-93.425046,45.227326],[-93.426956,45.227315],[-93.426949,45.226621],[-93.420664,45.226604],[-93.41984,45.226564],[-93.419121,45.226428],[-93.417054,45.22547],[-93.416506,45.225312],[-93.416084,45.22525],[-93.410139,45.225078],[-93.405708,45.224803],[-93.402866,45.22456],[-93.399907,45.224209],[-93.399268,45.22421],[-93.398674,45.22428],[-93.396965,45.224754],[-93.395962,45.223185],[-93.392234,45.223165],[-93.391968,45.223417],[-93.391761,45.223734],[-93.391435,45.224073],[-93.39177,45.224999],[-93.391742,45.225337],[-93.391531,45.225991],[-93.390732,45.226757],[-93.390417,45.226968],[-93.389874,45.227703],[-93.389212,45.229082],[-93.389153,45.229323],[-93.389178,45.229866],[-93.389419,45.230237],[-93.390016,45.230441],[-93.392752,45.230684],[-93.393255,45.230788],[-93.393825,45.230979],[-93.394115,45.231159],[-93.394815,45.23173],[-93.395602,45.232251],[-93.396198,45.232824],[-93.396318,45.233204],[-93.396362,45.233763],[-93.39613,45.234136],[-93.395707,45.234558],[-93.395546,45.234841],[-93.395496,45.235034],[-93.395602,45.23551],[-93.395821,45.235925],[-93.395923,45.23664],[-93.395863,45.237251],[-93.395685,45.23773],[-93.395472,45.23807],[-93.395043,45.238508],[-93.394645,45.238689],[-93.394056,45.23875],[-93.393126,45.238534],[-93.392138,45.238469],[-93.391167,45.238596],[-93.390699,45.238753],[-93.390307,45.238959],[-93.390014,45.239243],[-93.389757,45.240873],[-93.388926,45.242614],[-93.388495,45.243292],[-93.388102,45.243789],[-93.387528,45.244197],[-93.387312,45.2443],[-93.386556,45.244515],[-93.386033,45.244605],[-93.384654,45.244541],[-93.384147,45.244474],[-93.383729,45.244481],[-93.382964,45.244591],[-93.381962,45.244984],[-93.381146,45.245407],[-93.38065,45.245723],[-93.380403,45.245957],[-93.380139,45.246485],[-93.380102,45.2467],[-93.380064,45.24712],[-93.380121,45.247704],[-93.380383,45.248294],[-93.380625,45.248601],[-93.381001,45.248965],[-93.381643,45.249245],[-93.383472,45.249911],[-93.384168,45.250349],[-93.384436,45.250574],[-93.38467,45.250863],[-93.38477,45.25117],[-93.384808,45.251534],[-93.384722,45.251956],[-93.384457,45.252421],[-93.383885,45.253215],[-93.383719,45.253637],[-93.383695,45.253976],[-93.383744,45.254382],[-93.384099,45.254849],[-93.384517,45.255149],[-93.384798,45.255286],[-93.385899,45.255621],[-93.387382,45.255836],[-93.388369,45.255865],[-93.388587,45.255808],[-93.38857,45.248518],[-93.403088,45.248463],[-93.405186,45.248514],[-93.405688,45.248568],[-93.420903,45.248522],[-93.421682,45.248433],[-93.424731,45.247769],[-93.426149,45.24771],[-93.426422,45.245809],[-93.426686,45.243452],[-93.426819,45.242952],[-93.427281,45.242271],[-93.427929,45.241657],[-93.428561,45.241167],[-93.429141,45.240469],[-93.429325,45.24004],[-93.4294,45.239664],[-93.429453,45.237517]]]}},{"type":"Feature","properties":{"role":"Council Member","city":"Rochester","county":null,"ward":6,"wardName":null,"district":null,"stateDistrict":null,"chamber":null,"repName":"Dan Doering","repParty":"Nonpartisan","repPhotoUrl":"https://www.rochestermn.gov/media/eqbn0nfa/doering.png","repEmail":"ddoering@rochestermn.gov","repPhone":"714-309-0314","termsOfService":[{"termStart":null,"termEnd":null,"current":true,"sourceUrl":"https://www.rochestermn.gov/council-administration/city-council/councilmembers/"}],"committees":[],"neighborhoods":[],"officeRoom":null,"profileUrl":"https://www.rochestermn.gov/council-administration/city-council/councilmembers/","candidates":[],"isContested":false,"partyUnityPercent":null,"recentVotes":[]},"geometry":{"type":"MultiPolygon","coordinates":[[[[-92.50858,44.04904],[-92.50381,44.04456],[-92.50327,44.04412],[-92.50221,44.04351],[-92.50062,44.04353],[-92.49485,44.04346],[-92.49199,44.04349],[-92.49057,44.04347],[-92.48991,44.04338],[-92.48858,44.04333],[-92.48729,44.04332],[-92.486341,44.043357],[-92.486022,44.043438],[-92.485819,44.043397],[-92.481129,44.04341],[-92.47347,44.04336],[-92.471767,44.043339],[-92.471771,44.043299],[-92.47,44.04332],[-92.47,44.04357],[-92.46995,44.04368],[-92.4685,44.04506],[-92.465002,44.043068],[-92.464719,44.043701],[-92.464605,44.044473],[-92.4644,44.045348],[-92.463765,44.046531],[-92.463384,44.047122],[-92.46272,44.047479],[-92.462414,44.047723],[-92.462142,44.048147],[-92.462103,44.048559],[-92.462365,44.04923],[-92.462807,44.049748],[-92.462858,44.050031],[-92.462854,44.050392],[-92.46271,44.050559],[-92.46237,44.050609],[-92.462065,44.050736],[-92.461975,44.050877],[-92.461936,44.051135],[-92.462041,44.051393],[-92.462325,44.051601],[-92.462682,44.051667],[-92.463074,44.051823],[-92.463177,44.052275],[-92.463048,44.052738],[-92.463081,44.053034],[-92.463346,44.053332],[-92.464341,44.053929],[-92.465088,44.05413],[-92.46559,44.054103],[-92.465803,44.054233],[-92.466545,44.055215],[-92.466667,44.055538],[-92.4667,44.055796],[-92.466572,44.056169],[-92.466066,44.056837],[-92.466326,44.057714],[-92.466375,44.058191],[-92.46632,44.058332],[-92.465887,44.058807],[-92.465774,44.059477],[-92.466287,44.06011],[-92.466551,44.060537],[-92.466708,44.060885],[-92.466652,44.061194],[-92.466301,44.061547],[-92.466322,44.061646],[-92.46315,44.06156],[-92.46143,44.06126],[-92.45876,44.06047],[-92.458754,44.064909],[-92.461268,44.066224],[-92.463793,44.066922],[-92.463801,44.064972],[-92.465517,44.064987],[-92.465572,44.065137],[-92.465494,44.065286],[-92.464672,44.06598],[-92.464508,44.066241],[-92.464459,44.066533],[-92.464547,44.066642],[-92.467148,44.066348],[-92.468804,44.066533],[-92.468729,44.074233],[-92.470742,44.072938],[-92.471117,44.072632],[-92.471542,44.072186],[-92.471869,44.07172],[-92.473417,44.069071],[-92.473652,44.068601],[-92.473821,44.068127],[-92.473728,44.075926],[-92.468713,44.075864],[-92.468677,44.079466],[-92.473685,44.079538],[-92.473685,44.079744],[-92.479568,44.079821],[-92.479569,44.081174],[-92.478693,44.081167],[-92.478694,44.083174],[-92.483705,44.083213],[-92.483704,44.085268],[-92.485797,44.085284],[-92.485797,44.086793],[-92.485137,44.086788],[-92.484999,44.087375],[-92.485279,44.087885],[-92.486473,44.08803],[-92.48676,44.088651],[-92.488267,44.088652],[-92.488269,44.087655],[-92.48871,44.08766],[-92.48871,44.07964],[-92.49962,44.07969],[-92.50811,44.07961],[-92.50654,44.0769],[-92.50143,44.0677],[-92.49939,44.06424],[-92.4971,44.06001],[-92.49608,44.05789],[-92.49435,44.054628],[-92.493734,44.05263],[-92.493362,44.052339],[-92.49318,44.052068],[-92.493042,44.05172],[-92.492923,44.051208],[-92.4924,44.05029],[-92.49477,44.05025],[-92.5,44.05026],[-92.50071,44.05023],[-92.50265,44.04991],[-92.50326,44.05008],[-92.50348,44.05008],[-92.50361,44.05003],[-92.50374,44.0499],[-92.50375,44.04915],[-92.5048,44.04917],[-92.50547,44.0497],[-92.50572,44.04977],[-92.50722,44.04977],[-92.5079,44.04995],[-92.50804,44.04993],[-92.5082,44.04979],[-92.50826,44.04929],[-92.50858,44.04904]]],[[[-92.461291,44.068559],[-92.458797,44.068532],[-92.458798,44.069819],[-92.459685,44.069829],[-92.459685,44.070515],[-92.461288,44.070534],[-92.461291,44.068559]]]]}},{"type":"Feature","properties":{"role":"Council Member","city":"Rochester","county":null,"ward":4,"wardName":null,"district":null,"stateDistrict":null,"chamber":null,"repName":"Andy Friederichs","repParty":"Nonpartisan","repPhotoUrl":"https://www.rochestermn.gov/media/ojifp3j1/friederichs.png","repEmail":"afriederichs@rochestermn.gov","repPhone":"507-993-6830","termsOfService":[{"termStart":null,"termEnd":null,"current":true,"sourceUrl":"https://www.rochestermn.gov/council-administration/city-council/councilmembers/"}],"committees":[],"neighborhoods":[],"officeRoom":null,"profileUrl":"https://www.rochestermn.gov/council-administration/city-council/councilmembers/","candidates":[],"isContested":false,"partyUnityPercent":null,"recentVotes":[]},"geometry":{"type":"Polygon","coordinates":[[[-92.4711,44.0216],[-92.46302,44.02155],[-92.463048,44.019289],[-92.46315,44.01929],[-92.46315,44.01844],[-92.46314,44.01706],[-92.46298,44.01706],[-92.46291,44.01428],[-92.4629,44.01256],[-92.463006,44.00708],[-92.4587,44.00709],[-92.45866,43.99995],[-92.4491,43.99993],[-92.4485,43.99996],[-92.447478,44.000103],[-92.446167,44.000493],[-92.445475,43.999757],[-92.44522,43.99931],[-92.44302,43.9937],[-92.44253,43.99215],[-92.44203,43.98949],[-92.43865,43.98911],[-92.43429,43.98855],[-92.43306,43.98818],[-92.42996,43.98676],[-92.42824,43.98607],[-92.42488,43.98511],[-92.42377,43.98481],[-92.42312,43.9847],[-92.41869,43.98419],[-92.4137,43.98269],[-92.40909,43.98173],[-92.408924,43.981656],[-92.408789,43.981768],[-92.404041,43.98174],[-92.404042,43.980022],[-92.399034,43.979998],[-92.3972,43.97817],[-92.398831,43.978193],[-92.3988,43.973348],[-92.395432,43.973322],[-92.395299,43.97288],[-92.393297,43.972892],[-92.393531,43.973592],[-92.393889,43.973594],[-92.39298,43.974075],[-92.392758,43.973949],[-92.391441,43.972879],[-92.390632,43.972874],[-92.391985,43.973699],[-92.392901,43.974551],[-92.391027,43.975532],[-92.391614,43.976117],[-92.393488,43.975137],[-92.393825,43.975474],[-92.393842,43.978061],[-92.391512,43.978041],[-92.39151,43.979834],[-92.390393,43.979831],[-92.390404,43.980012],[-92.394946,43.98004],[-92.394946,43.980814],[-92.3925,43.980796],[-92.3925,43.981664],[-92.392815,43.981666],[-92.392815,43.982662],[-92.396827,43.98269],[-92.396826,43.983834],[-92.394125,43.983815],[-92.394125,43.984454],[-92.394695,43.984458],[-92.394695,43.985289],[-92.398695,43.985314],[-92.398729,43.987119],[-92.393837,43.987091],[-92.393839,43.988901],[-92.396378,43.988919],[-92.39636,43.988014],[-92.398741,43.98803],[-92.398797,43.992468],[-92.398922,43.992468],[-92.398959,44.006969],[-92.388916,44.00693],[-92.388926,44.010424],[-92.393048,44.01051],[-92.392948,44.011802],[-92.396129,44.011955],[-92.396123,44.010585],[-92.396481,44.010586],[-92.396481,44.011977],[-92.399009,44.012097],[-92.398999,44.010995],[-92.402334,44.011028],[-92.402337,44.011212],[-92.399191,44.011181],[-92.399192,44.011302],[-92.399287,44.011301],[-92.399289,44.011562],[-92.399671,44.011855],[-92.402351,44.011985],[-92.402356,44.012259],[-92.402745,44.012274],[-92.402733,44.011032],[-92.403998,44.011044],[-92.404012,44.012476],[-92.40619,44.01248],[-92.41915,44.01193],[-92.41915,44.02001],[-92.41929,44.02141],[-92.43805,44.02164],[-92.43874,44.02156],[-92.438745,44.026283],[-92.439067,44.026261],[-92.439206,44.026327],[-92.439456,44.027111],[-92.439461,44.027399],[-92.439387,44.027901],[-92.439511,44.028254],[-92.440158,44.028386],[-92.440356,44.028545],[-92.440713,44.028671],[-92.44115,44.029061],[-92.441512,44.029189],[-92.441797,44.029178],[-92.442407,44.028919],[-92.442598,44.028947],[-92.442714,44.02905],[-92.443028,44.029027],[-92.443102,44.028992],[-92.443129,44.028854],[-92.443225,44.028858],[-92.444356,44.029325],[-92.445753,44.029348],[-92.446025,44.029443],[-92.446106,44.029574],[-92.446439,44.029731],[-92.446914,44.029842],[-92.447413,44.029849],[-92.447791,44.029758],[-92.448329,44.029432],[-92.448999,44.029311],[-92.450223,44.028825],[-92.45052,44.028816],[-92.451213,44.028901],[-92.45167,44.028755],[-92.452162,44.028696],[-92.452729,44.028466],[-92.453092,44.028375],[-92.453434,44.028346],[-92.453754,44.028379],[-92.455843,44.029017],[-92.456026,44.029156],[-92.456428,44.029349],[-92.456721,44.02932],[-92.457233,44.029483],[-92.457421,44.029483],[-92.457521,44.029458],[-92.457608,44.02932],[-92.457733,44.028745],[-92.458021,44.028208],[-92.459196,44.027133],[-92.459321,44.02687],[-92.459321,44.02662],[-92.458858,44.025974],[-92.45919,44.026044],[-92.458843,44.025331],[-92.46012,44.02534],[-92.46011,44.02538],[-92.46031,44.0254],[-92.46081,44.02568],[-92.46144,44.02621],[-92.46174,44.0264],[-92.46303,44.02673],[-92.46537,44.0272],[-92.46734,44.02721],[-92.4678,44.02728],[-92.46925,44.0277],[-92.47094,44.02807],[-92.47093,44.02683],[-92.47102,44.02472],[-92.47102,44.02255],[-92.4711,44.0216]],[[-92.398871,44.010719],[-92.398681,44.010731],[-92.398679,44.010594],[-92.398869,44.010595],[-92.398871,44.010719]]]}},{"type":"Feature","properties":{"role":"Council Member","city":"Rochester","county":null,"ward":2,"wardName":null,"district":null,"stateDistrict":null,"chamber":null,"repName":"Nick Miller","repParty":"Nonpartisan","repPhotoUrl":"https://www.rochestermn.gov/media/3iwn0na3/miller.png","repEmail":"nmiller@rochestermn.gov","repPhone":"507-850-2131","termsOfService":[{"termStart":null,"termEnd":null,"current":true,"sourceUrl":"https://www.rochestermn.gov/council-administration/city-council/councilmembers/"}],"committees":[],"neighborhoods":[],"officeRoom":null,"profileUrl":"https://www.rochestermn.gov/council-administration/city-council/councilmembers/","candidates":[],"isContested":false,"partyUnityPercent":null,"recentVotes":[]},"geometry":{"type":"Polygon","coordinates":[[[-92.546241,44.015368],[-92.539811,44.016802],[-92.533578,44.017277],[-92.533356,44.017012],[-92.531886,44.017106],[-92.531888,44.016937],[-92.531159,44.017024],[-92.531154,44.017447],[-92.528746,44.017456],[-92.528772,44.015404],[-92.52614,44.015428],[-92.526125,44.014519],[-92.526127,44.014337],[-92.528023,44.01432],[-92.528023,44.014501],[-92.528783,44.014494],[-92.528786,44.010844],[-92.525555,44.010874],[-92.525554,44.011712],[-92.522327,44.011741],[-92.522324,44.014555],[-92.517205,44.014579],[-92.517192,44.01403],[-92.513729,44.014014],[-92.513723,44.012985],[-92.512459,44.012512],[-92.511776,44.0122],[-92.510989,44.011733],[-92.510314,44.011202],[-92.509816,44.01069],[-92.509333,44.010023],[-92.50895,44.009208],[-92.50882,44.008746],[-92.508874,44.008755],[-92.508848,44.00861],[-92.50864,44.00842],[-92.5071,44.00851],[-92.5061,44.00901],[-92.50503,44.00912],[-92.50415,44.00941],[-92.50128,44.00938],[-92.50078,44.00966],[-92.5004,44.00976],[-92.49966,44.01034],[-92.49909,44.01071],[-92.49881,44.01077],[-92.49749,44.01077],[-92.49683,44.01058],[-92.49568,44.01009],[-92.49516,44.01007],[-92.49428,44.01014],[-92.49412,44.01012],[-92.49384,44.00999],[-92.49299,44.00937],[-92.492,44.00776],[-92.49145,44.00704],[-92.4909,44.00654],[-92.49026,44.00607],[-92.48946,44.00565],[-92.489,44.00545],[-92.48856,44.00533],[-92.488306,44.005316],[-92.48783,44.0054],[-92.48698,44.00536],[-92.48624,44.00499],[-92.48501,44.00627],[-92.48469,44.00653],[-92.48443,44.0067],[-92.48387,44.0069],[-92.48316,44.00703],[-92.47106,44.00703],[-92.463006,44.00708],[-92.4629,44.01256],[-92.46291,44.01428],[-92.46298,44.01706],[-92.46314,44.01706],[-92.46315,44.01844],[-92.46315,44.01929],[-92.463048,44.019289],[-92.46302,44.02155],[-92.4711,44.0216],[-92.47102,44.02255],[-92.47102,44.02472],[-92.47093,44.02683],[-92.47094,44.02807],[-92.472524,44.028144],[-92.472556,44.028033],[-92.47699,44.02805],[-92.4805,44.02819],[-92.48103,44.02832],[-92.4817,44.02856],[-92.483188,44.029502],[-92.48391,44.029818],[-92.485267,44.030129],[-92.48811,44.0304],[-92.488126,44.031338],[-92.48782,44.0351],[-92.48747,44.04187],[-92.48749,44.04237],[-92.48764,44.04333],[-92.48858,44.04333],[-92.48991,44.04338],[-92.49057,44.04347],[-92.49199,44.04349],[-92.49485,44.04346],[-92.50062,44.04353],[-92.50305,44.04351],[-92.50318,44.04356],[-92.51801,44.0436],[-92.52029,44.04359],[-92.537206,44.043202],[-92.540778,44.043161],[-92.54078,44.043026],[-92.538878,44.043015],[-92.530504,44.043205],[-92.530456,44.042084],[-92.529659,44.042102],[-92.529681,44.043224],[-92.526041,44.043307],[-92.526177,44.042639],[-92.526098,44.040813],[-92.526327,44.040862],[-92.526415,44.040648],[-92.524096,44.040151],[-92.5241,44.039866],[-92.528372,44.040736],[-92.530206,44.040993],[-92.531777,44.041144],[-92.532937,44.041213],[-92.535219,44.041251],[-92.536797,44.0412],[-92.538896,44.041036],[-92.538899,44.040723],[-92.536564,44.040745],[-92.53393,44.040554],[-92.532026,44.040264],[-92.528897,44.039611],[-92.528912,44.038756],[-92.532261,44.039462],[-92.534544,44.039792],[-92.534508,44.039971],[-92.536725,44.040116],[-92.538909,44.040094],[-92.538936,44.037429],[-92.541007,44.037437],[-92.541038,44.034305],[-92.538883,44.034045],[-92.538698,44.028797],[-92.543329,44.028812],[-92.543331,44.025958],[-92.543718,44.025958],[-92.543719,44.025229],[-92.53372,44.025249],[-92.533677,44.021672],[-92.534448,44.021777],[-92.535182,44.021976],[-92.537675,44.023092],[-92.53867,44.023361],[-92.538661,44.021645],[-92.540033,44.02023],[-92.540074,44.018791],[-92.543735,44.018055],[-92.546241,44.018055],[-92.546241,44.015368]],[[-92.538883,44.034045],[-92.538927,44.035286],[-92.538224,44.035299],[-92.538175,44.033963],[-92.538883,44.034045]],[[-92.53175,44.021799],[-92.530271,44.021792],[-92.529415,44.02167],[-92.531748,44.021664],[-92.53175,44.021799]],[[-92.528191,44.021674],[-92.521116,44.021695],[-92.521111,44.020189],[-92.522301,44.020149],[-92.525843,44.020416],[-92.526562,44.020514],[-92.527262,44.020705],[-92.528174,44.021075],[-92.528191,44.021674]],[[-92.51597,44.021394],[-92.515963,44.021691],[-92.51467,44.021686],[-92.51597,44.021394]]]}},{"type":"Feature","properties":{"role":"Council Member","city":"Rochester","county":null,"ward":5,"wardName":null,"district":null,"stateDistrict":null,"chamber":null,"repName":"Shaun C. Palmer","repParty":"Nonpartisan","repPhotoUrl":"https://www.rochestermn.gov/media/12bj5wvb/palmer.jpg","repEmail":"palmerward5@gmail.com","repPhone":"507-254-9484","termsOfService":[{"termStart":null,"termEnd":null,"current":true,"sourceUrl":"https://www.rochestermn.gov/council-administration/city-council/councilmembers/"}],"committees":[],"neighborhoods":[],"officeRoom":null,"profileUrl":"https://www.rochestermn.gov/council-administration/city-council/councilmembers/","candidates":[],"isContested":false,"partyUnityPercent":null,"recentVotes":[]},"geometry":{"type":"Polygon","coordinates":[[[-92.488126,44.031338],[-92.48811,44.0304],[-92.485267,44.030129],[-92.48391,44.029818],[-92.483188,44.029502],[-92.4817,44.02856],[-92.48074,44.02824],[-92.48017,44.02816],[-92.47807,44.02812],[-92.47699,44.02805],[-92.472556,44.028033],[-92.472524,44.028144],[-92.47088,44.02807],[-92.46925,44.0277],[-92.4678,44.02728],[-92.46734,44.02721],[-92.46537,44.0272],[-92.46218,44.02653],[-92.46174,44.0264],[-92.46144,44.02621],[-92.46081,44.02568],[-92.46031,44.0254],[-92.46011,44.02538],[-92.46012,44.02534],[-92.458843,44.025331],[-92.45919,44.026044],[-92.458858,44.025974],[-92.459321,44.02662],[-92.459321,44.02687],[-92.459196,44.027133],[-92.458021,44.028208],[-92.457733,44.028745],[-92.457608,44.02932],[-92.457521,44.029458],[-92.457421,44.029483],[-92.457233,44.029483],[-92.456721,44.02932],[-92.456428,44.029349],[-92.456026,44.029156],[-92.455843,44.029017],[-92.453754,44.028379],[-92.453434,44.028346],[-92.453092,44.028375],[-92.452729,44.028466],[-92.452162,44.028696],[-92.45167,44.028755],[-92.451213,44.028901],[-92.45052,44.028816],[-92.450223,44.028825],[-92.448999,44.029311],[-92.448329,44.029432],[-92.447791,44.029758],[-92.447413,44.029849],[-92.446914,44.029842],[-92.446439,44.029731],[-92.446106,44.029574],[-92.446025,44.029443],[-92.445753,44.029348],[-92.444356,44.029325],[-92.443225,44.028858],[-92.443129,44.028854],[-92.443102,44.028992],[-92.443028,44.029027],[-92.442714,44.02905],[-92.442598,44.028947],[-92.442407,44.028919],[-92.441797,44.029178],[-92.441512,44.029189],[-92.44115,44.029061],[-92.440713,44.028671],[-92.440356,44.028545],[-92.440158,44.028386],[-92.439511,44.028254],[-92.439387,44.027901],[-92.439461,44.027399],[-92.439456,44.027111],[-92.439206,44.026327],[-92.439067,44.026261],[-92.438745,44.026283],[-92.43874,44.02156],[-92.43805,44.02164],[-92.41929,44.02141],[-92.41915,44.02001],[-92.41915,44.01193],[-92.40619,44.01248],[-92.404012,44.012476],[-92.404015,44.012782],[-92.39439,44.012358],[-92.394401,44.014205],[-92.395011,44.014207],[-92.395259,44.016807],[-92.398708,44.020543],[-92.399061,44.020609],[-92.399064,44.021352],[-92.409092,44.021428],[-92.414085,44.021421],[-92.41399,44.029896],[-92.4157,44.029896],[-92.417536,44.029788],[-92.419361,44.029567],[-92.421081,44.029269],[-92.421055,44.032254],[-92.41898,44.032236],[-92.418473,44.032657],[-92.417873,44.034011],[-92.416641,44.034404],[-92.417398,44.035813],[-92.415119,44.035806],[-92.415027,44.035412],[-92.41424,44.034953],[-92.412901,44.034949],[-92.413499,44.035801],[-92.411708,44.035796],[-92.411384,44.035581],[-92.411292,44.035229],[-92.411288,44.034874],[-92.411395,44.034527],[-92.411607,44.034207],[-92.411914,44.033929],[-92.412268,44.033722],[-92.411986,44.033583],[-92.412579,44.032936],[-92.413374,44.03294],[-92.413375,44.032858],[-92.412618,44.032853],[-92.411544,44.032441],[-92.411459,44.032309],[-92.406344,44.032413],[-92.404922,44.034661],[-92.406214,44.034667],[-92.407502,44.03646],[-92.408096,44.036097],[-92.410686,44.037482],[-92.410674,44.039387],[-92.408898,44.039381],[-92.408886,44.049606],[-92.409804,44.04944],[-92.410132,44.050541],[-92.410436,44.050971],[-92.411491,44.050673],[-92.411547,44.05079],[-92.412474,44.050616],[-92.412583,44.05272],[-92.411618,44.052752],[-92.410782,44.052546],[-92.410883,44.053194],[-92.413676,44.053193],[-92.415016,44.053885],[-92.415833,44.053788],[-92.41687,44.053793],[-92.417321,44.053207],[-92.417387,44.05296],[-92.417334,44.052699],[-92.417045,44.052371],[-92.416814,44.051959],[-92.418891,44.051968],[-92.418848,44.057448],[-92.423934,44.057464],[-92.423919,44.064661],[-92.428974,44.064682],[-92.428975,44.068313],[-92.430803,44.068133],[-92.431029,44.069709],[-92.432434,44.069712],[-92.432454,44.071907],[-92.428975,44.071899],[-92.428974,44.075508],[-92.4291,44.075509],[-92.4291,44.077215],[-92.429067,44.077388],[-92.428978,44.077539],[-92.430371,44.078129],[-92.430548,44.077924],[-92.432596,44.079356],[-92.432923,44.079821],[-92.433239,44.081027],[-92.433555,44.08101],[-92.43397,44.081086],[-92.434578,44.081421],[-92.434897,44.081528],[-92.435149,44.081539],[-92.435398,44.081488],[-92.434431,44.079918],[-92.434418,44.079083],[-92.432352,44.077214],[-92.432659,44.076467],[-92.434767,44.077746],[-92.435961,44.077157],[-92.438635,44.080222],[-92.439316,44.079188],[-92.439344,44.07713],[-92.440791,44.076062],[-92.441148,44.076065],[-92.441142,44.076419],[-92.441323,44.077549],[-92.441795,44.077741],[-92.442788,44.077755],[-92.443656,44.07742],[-92.444611,44.077883],[-92.445699,44.077585],[-92.446062,44.076562],[-92.44669,44.07611],[-92.446707,44.074967],[-92.447197,44.074936],[-92.447106,44.074668],[-92.446931,44.074447],[-92.446088,44.073771],[-92.446105,44.072992],[-92.445247,44.072982],[-92.445257,44.072484],[-92.445194,44.072484],[-92.445204,44.07199],[-92.442434,44.07196],[-92.442437,44.070945],[-92.445252,44.070976],[-92.445256,44.069706],[-92.447777,44.069733],[-92.447779,44.069643],[-92.448215,44.069647],[-92.448376,44.068908],[-92.448702,44.068019],[-92.448712,44.064858],[-92.449969,44.064867],[-92.45007,44.064739],[-92.450579,44.064871],[-92.451582,44.064878],[-92.452589,44.063573],[-92.453066,44.06268],[-92.453732,44.062696],[-92.453751,44.064893],[-92.452205,44.064882],[-92.452204,44.064973],[-92.451431,44.065068],[-92.449764,44.067214],[-92.449346,44.067935],[-92.449144,44.068447],[-92.451402,44.068467],[-92.451399,44.069312],[-92.451856,44.069316],[-92.451856,44.069575],[-92.452237,44.069578],[-92.452237,44.069709],[-92.453747,44.069722],[-92.453748,44.068488],[-92.458797,44.068532],[-92.458792,44.064929],[-92.458754,44.064909],[-92.45874,44.0637],[-92.45876,44.06047],[-92.46143,44.06126],[-92.46252,44.06148],[-92.46395,44.06161],[-92.466322,44.061646],[-92.466301,44.061547],[-92.466652,44.061194],[-92.466708,44.060885],[-92.466287,44.06011],[-92.465774,44.059477],[-92.465776,44.059296],[-92.465887,44.058807],[-92.46632,44.058332],[-92.466375,44.058191],[-92.466326,44.057714],[-92.466066,44.056837],[-92.466572,44.056169],[-92.4667,44.055796],[-92.466667,44.055538],[-92.466545,44.055215],[-92.465803,44.054233],[-92.46559,44.054103],[-92.465088,44.05413],[-92.464341,44.053929],[-92.463346,44.053332],[-92.463081,44.053034],[-92.463048,44.052738],[-92.463177,44.052275],[-92.463074,44.051823],[-92.462682,44.051667],[-92.462325,44.051601],[-92.462041,44.051393],[-92.461936,44.051135],[-92.461975,44.050877],[-92.462065,44.050736],[-92.46237,44.050609],[-92.46271,44.050559],[-92.462854,44.050392],[-92.462858,44.050031],[-92.462807,44.049748],[-92.462365,44.04923],[-92.462103,44.048559],[-92.462142,44.048147],[-92.462414,44.047723],[-92.46272,44.047479],[-92.463384,44.047122],[-92.463765,44.046531],[-92.4644,44.045348],[-92.464605,44.044473],[-92.464719,44.043701],[-92.465002,44.043068],[-92.4685,44.04506],[-92.46995,44.04368],[-92.47,44.04357],[-92.47,44.04332],[-92.471771,44.043299],[-92.471767,44.043339],[-92.47347,44.04336],[-92.481129,44.04341],[-92.485819,44.043397],[-92.486022,44.043438],[-92.486341,44.043357],[-92.48682,44.04332],[-92.48764,44.04333],[-92.48749,44.04237],[-92.48747,44.04187],[-92.48782,44.0351],[-92.488126,44.031338]],[[-92.438737,44.07192],[-92.434356,44.071911],[-92.434355,44.071774],[-92.435933,44.071777],[-92.435923,44.070697],[-92.436857,44.070699],[-92.436837,44.068646],[-92.437979,44.068648],[-92.437974,44.068175],[-92.438703,44.068176],[-92.438737,44.07192]],[[-92.436651,44.042313],[-92.435653,44.043406],[-92.43401,44.043394],[-92.434433,44.043738],[-92.433706,44.04436],[-92.432719,44.043736],[-92.432006,44.044284],[-92.431783,44.043597],[-92.431518,44.043422],[-92.431516,44.043101],[-92.429008,44.043082],[-92.432597,44.043109],[-92.433328,44.042289],[-92.436651,44.042313]],[[-92.429456,44.046753],[-92.429314,44.046617],[-92.429318,44.04622],[-92.429395,44.04622],[-92.429456,44.046753]],[[-92.429008,44.043082],[-92.429008,44.043081],[-92.429008,44.043082],[-92.429008,44.043082]],[[-92.428989,44.032325],[-92.428956,44.035914],[-92.428967,44.033822],[-92.428989,44.032325]],[[-92.426835,44.032305],[-92.424965,44.032295],[-92.424502,44.032285],[-92.426835,44.032305]],[[-92.42602,44.037049],[-92.425999,44.036976],[-92.425999,44.036976],[-92.42602,44.037049]],[[-92.423967,44.034221],[-92.423817,44.034337],[-92.422445,44.034323],[-92.422446,44.034213],[-92.423967,44.034221]],[[-92.423923,44.032506],[-92.42384,44.032505],[-92.42384,44.032505],[-92.423923,44.032506]],[[-92.423776,44.032278],[-92.423715,44.032278],[-92.423715,44.032278],[-92.423776,44.032278]],[[-92.412475,44.048955],[-92.412474,44.050205],[-92.412055,44.050205],[-92.411718,44.049423],[-92.411684,44.049099],[-92.412475,44.048955]],[[-92.39792,44.014218],[-92.397915,44.015041],[-92.396774,44.015037],[-92.39678,44.014214],[-92.39792,44.014218]]]}},{"type":"Feature","properties":{"role":"Council Member","city":"Rochester","county":null,"ward":3,"wardName":null,"district":null,"stateDistrict":null,"chamber":null,"repName":"Norman Wahl","repParty":"Nonpartisan","repPhotoUrl":"https://www.rochestermn.gov/media/lpohg5ew/norman-wahl.png","repEmail":"nwahl@rochestermn.gov","repPhone":"507-421-8969","termsOfService":[{"termStart":null,"termEnd":null,"current":true,"sourceUrl":"https://www.rochestermn.gov/council-administration/city-council/councilmembers/"}],"committees":[],"neighborhoods":[],"officeRoom":null,"profileUrl":"https://www.rochestermn.gov/council-administration/city-council/councilmembers/","candidates":[],"isContested":false,"partyUnityPercent":null,"recentVotes":[]},"geometry":{"type":"Polygon","coordinates":[[[-92.573413,44.069434],[-92.569589,44.068507],[-92.569587,44.068697],[-92.568449,44.068421],[-92.568443,44.069028],[-92.567358,44.069023],[-92.567366,44.068162],[-92.561321,44.066768],[-92.560061,44.066347],[-92.559533,44.066098],[-92.559168,44.065856],[-92.559568,44.065675],[-92.559197,44.065309],[-92.558961,44.065001],[-92.558421,44.064998],[-92.558413,44.064094],[-92.554268,44.064059],[-92.554258,44.062961],[-92.558402,44.062996],[-92.558387,44.061389],[-92.556483,44.061374],[-92.556478,44.06077],[-92.558254,44.060785],[-92.558196,44.060372],[-92.558033,44.059921],[-92.557738,44.059486],[-92.557251,44.058988],[-92.556691,44.058574],[-92.556071,44.058256],[-92.555577,44.058085],[-92.555066,44.057974],[-92.553902,44.057927],[-92.553883,44.061353],[-92.552,44.061337],[-92.552018,44.057729],[-92.543821,44.057663],[-92.543834,44.050843],[-92.544405,44.050846],[-92.544405,44.050435],[-92.546164,44.050446],[-92.546158,44.049236],[-92.543829,44.047596],[-92.543827,44.046827],[-92.540735,44.046803],[-92.540767,44.044096],[-92.540121,44.044091],[-92.540129,44.043351],[-92.540775,44.043356],[-92.540778,44.043161],[-92.537206,44.043202],[-92.52029,44.04359],[-92.50817,44.04359],[-92.50318,44.04356],[-92.50305,44.04351],[-92.50221,44.04351],[-92.50327,44.04412],[-92.50381,44.04456],[-92.50858,44.04904],[-92.50826,44.04929],[-92.50823,44.04972],[-92.50814,44.04987],[-92.5079,44.04995],[-92.50722,44.04977],[-92.50572,44.04977],[-92.50547,44.0497],[-92.5048,44.04917],[-92.50375,44.04915],[-92.50374,44.0499],[-92.50361,44.05003],[-92.50348,44.05008],[-92.50326,44.05008],[-92.50265,44.04991],[-92.50071,44.05023],[-92.5,44.05026],[-92.49477,44.05025],[-92.4924,44.05029],[-92.492923,44.051208],[-92.493042,44.05172],[-92.49318,44.052068],[-92.493362,44.052339],[-92.493734,44.05263],[-92.49435,44.054628],[-92.49608,44.05789],[-92.4971,44.06001],[-92.49939,44.06424],[-92.50143,44.0677],[-92.50654,44.0769],[-92.50811,44.07961],[-92.49962,44.07969],[-92.48871,44.07964],[-92.488711,44.086815],[-92.493737,44.086852],[-92.493737,44.089341],[-92.490869,44.088087],[-92.490326,44.087902],[-92.489664,44.087796],[-92.488706,44.087785],[-92.488706,44.088114],[-92.489686,44.088129],[-92.490305,44.088249],[-92.493738,44.089727],[-92.493742,44.094003],[-92.49879,44.094019],[-92.498784,44.093511],[-92.499983,44.093509],[-92.500795,44.095067],[-92.499983,44.096582],[-92.499394,44.097285],[-92.501509,44.097839],[-92.503759,44.097824],[-92.503744,44.101211],[-92.508713,44.101178],[-92.508662,44.108167],[-92.516075,44.108184],[-92.513717,44.101145],[-92.512519,44.101153],[-92.511519,44.097521],[-92.511345,44.097235],[-92.511648,44.09696],[-92.511239,44.094377],[-92.509615,44.09439],[-92.509618,44.093949],[-92.513847,44.093944],[-92.513608,44.095855],[-92.513294,44.096179],[-92.513177,44.097411],[-92.513288,44.098281],[-92.513236,44.098673],[-92.513332,44.099062],[-92.51334,44.099602],[-92.514095,44.099471],[-92.514649,44.101139],[-92.518726,44.101111],[-92.518746,44.094116],[-92.521419,44.094062],[-92.53841,44.094016],[-92.53841,44.094134],[-92.53915,44.094135],[-92.539151,44.094017],[-92.542454,44.094033],[-92.542445,44.096713],[-92.548824,44.096755],[-92.548814,44.094091],[-92.55644,44.094087],[-92.55644,44.094134],[-92.558191,44.094133],[-92.558191,44.094094],[-92.558317,44.094094],[-92.558316,44.093795],[-92.556415,44.093805],[-92.556415,44.093758],[-92.54881,44.093761],[-92.548803,44.090262],[-92.553757,44.090271],[-92.553757,44.089777],[-92.551406,44.088576],[-92.551731,44.088578],[-92.553757,44.089613],[-92.553766,44.083025],[-92.558298,44.083048],[-92.558292,44.079433],[-92.573355,44.079484],[-92.573413,44.069434]],[[-92.54822,44.07525],[-92.548181,44.079368],[-92.548178,44.079516],[-92.54822,44.07525]],[[-92.540379,44.092051],[-92.540379,44.093195],[-92.53971,44.093192],[-92.53971,44.093723],[-92.539019,44.093687],[-92.53902,44.092044],[-92.540379,44.092051]],[[-92.538567,44.057627],[-92.538566,44.058873],[-92.536519,44.05891],[-92.536521,44.057665],[-92.533868,44.057713],[-92.538567,44.057627]],[[-92.533782,44.057715],[-92.533765,44.057715],[-92.533765,44.057715],[-92.533782,44.057715]]]}},{"type":"Feature","properties":{"role":"Council Member","city":"Rochester","county":null,"ward":1,"wardName":null,"district":null,"stateDistrict":null,"chamber":null,"repName":"Patrick Keane","repParty":"Nonpartisan","repPhotoUrl":"https://www.rochestermn.gov/media/ycihkz1l/keane.jpg","repEmail":"pkeane@rochestermn.gov","repPhone":"507-259-2870","termsOfService":[{"termStart":null,"termEnd":null,"current":true,"sourceUrl":"https://www.rochestermn.gov/council-administration/city-council/councilmembers/"}],"committees":[],"neighborhoods":[],"officeRoom":null,"profileUrl":"https://www.rochestermn.gov/council-administration/city-council/councilmembers/","candidates":[],"isContested":false,"partyUnityPercent":null,"recentVotes":[]},"geometry":{"type":"Polygon","coordinates":[[[-92.528476,44.001581],[-92.528455,43.999996],[-92.528296,43.999688],[-92.52652,44.0003],[-92.526481,43.99839],[-92.523865,43.998417],[-92.523861,44.000165],[-92.523943,44.001173],[-92.523554,44.001303],[-92.52352,43.99605],[-92.518959,43.996916],[-92.518112,43.998048],[-92.518022,44.001216],[-92.514301,44.002025],[-92.514296,44.000164],[-92.508649,44.000103],[-92.508634,43.997678],[-92.513525,43.998195],[-92.513683,43.998849],[-92.515678,43.999136],[-92.518227,43.995749],[-92.5182,43.993882],[-92.516424,43.993919],[-92.515793,43.993824],[-92.514573,43.992976],[-92.513277,43.992917],[-92.513285,43.992396],[-92.512731,43.992391],[-92.512733,43.992192],[-92.511947,43.992183],[-92.511846,43.991541],[-92.507529,43.99123],[-92.507096,43.991135],[-92.506282,43.990795],[-92.505542,43.990695],[-92.50475,43.990498],[-92.503896,43.990438],[-92.503991,43.98964],[-92.503981,43.989225],[-92.505149,43.989236],[-92.506429,43.987717],[-92.508313,43.98694],[-92.507417,43.986667],[-92.506294,43.986419],[-92.505498,43.986051],[-92.508283,43.983226],[-92.508639,43.982736],[-92.508954,43.982047],[-92.503416,43.982],[-92.503367,43.978396],[-92.498376,43.978357],[-92.499897,43.977283],[-92.500229,43.976311],[-92.500547,43.974712],[-92.500142,43.972651],[-92.498627,43.971151],[-92.498323,43.97115],[-92.498268,43.963926],[-92.488336,43.96394],[-92.488342,43.967562],[-92.485835,43.967562],[-92.485834,43.96581],[-92.485606,43.965974],[-92.485606,43.96615],[-92.485155,43.966182],[-92.484695,43.966602],[-92.481237,43.966602],[-92.481236,43.966739],[-92.479694,43.966738],[-92.479697,43.966464],[-92.478402,43.966464],[-92.478426,43.964018],[-92.47927,43.96402],[-92.47927,43.963838],[-92.478427,43.963837],[-92.478425,43.963792],[-92.478618,43.963792],[-92.478854,43.963518],[-92.479014,43.961774],[-92.478407,43.961772],[-92.47831,43.95316],[-92.518333,43.953259],[-92.518333,43.953078],[-92.503228,43.953038],[-92.503205,43.949513],[-92.503247,43.945901],[-92.503567,43.945902],[-92.503487,43.944098],[-92.501943,43.944094],[-92.501977,43.940855],[-92.498287,43.940845],[-92.498382,43.935053],[-92.496331,43.935044],[-92.496296,43.93716],[-92.495016,43.937373],[-92.494687,43.935037],[-92.488403,43.935009],[-92.48844,43.927831],[-92.493432,43.927816],[-92.493459,43.920593],[-92.508398,43.920658],[-92.508396,43.924243],[-92.518163,43.924279],[-92.519222,43.924972],[-92.519476,43.924768],[-92.518406,43.924068],[-92.518415,43.922124],[-92.519288,43.921476],[-92.520143,43.921101],[-92.521911,43.920855],[-92.52293,43.920851],[-92.522929,43.920679],[-92.518421,43.920705],[-92.518558,43.906214],[-92.508522,43.906186],[-92.50859,43.898979],[-92.510249,43.898986],[-92.510269,43.896799],[-92.513657,43.891782],[-92.51364,43.884511],[-92.508654,43.88451],[-92.508656,43.888141],[-92.503654,43.888126],[-92.503649,43.891743],[-92.488558,43.891725],[-92.488539,43.895349],[-92.485831,43.895359],[-92.484473,43.898985],[-92.483489,43.898988],[-92.483558,43.898729],[-92.483489,43.898668],[-92.483504,43.896257],[-92.48305,43.896686],[-92.482091,43.897431],[-92.481433,43.89685],[-92.480518,43.89758],[-92.479702,43.897036],[-92.478841,43.897639],[-92.478177,43.897202],[-92.477151,43.89801],[-92.477806,43.898445],[-92.477132,43.898998],[-92.478454,43.899004],[-92.478455,43.899218],[-92.476967,43.900401],[-92.47847,43.901121],[-92.478504,43.905331],[-92.481607,43.905325],[-92.481263,43.906225],[-92.481465,43.906224],[-92.480114,43.909833],[-92.478524,43.909839],[-92.478533,43.91189],[-92.478217,43.91274],[-92.478327,43.912761],[-92.47769,43.914466],[-92.475797,43.91704],[-92.475791,43.919526],[-92.475506,43.920294],[-92.475469,43.920287],[-92.475337,43.920639],[-92.475277,43.920639],[-92.473903,43.924318],[-92.473389,43.924315],[-92.473386,43.924994],[-92.46848,43.924967],[-92.468447,43.931388],[-92.46345,43.931352],[-92.463405,43.938275],[-92.463766,43.938573],[-92.463755,43.939933],[-92.463393,43.939931],[-92.463347,43.945764],[-92.458358,43.945733],[-92.45833,43.949065],[-92.454881,43.949049],[-92.454892,43.947439],[-92.453365,43.947433],[-92.453373,43.946381],[-92.450265,43.946391],[-92.447849,43.946194],[-92.449937,43.942125],[-92.448419,43.942125],[-92.448441,43.938524],[-92.438472,43.938524],[-92.438443,43.945723],[-92.434569,43.945708],[-92.434564,43.944611],[-92.431588,43.944597],[-92.431598,43.946792],[-92.433739,43.946802],[-92.43375,43.949312],[-92.428759,43.9493],[-92.42877,43.952911],[-92.433768,43.952918],[-92.433786,43.956524],[-92.438467,43.956525],[-92.438444,43.952924],[-92.44342,43.952923],[-92.443442,43.956536],[-92.448417,43.956548],[-92.448374,43.949294],[-92.458328,43.94934],[-92.458387,43.956569],[-92.453402,43.956558],[-92.453384,43.954028],[-92.451115,43.955432],[-92.450776,43.9557],[-92.450153,43.956007],[-92.449552,43.956247],[-92.448738,43.956496],[-92.447979,43.95666],[-92.447073,43.956778],[-92.447159,43.958051],[-92.443449,43.958043],[-92.443477,43.963772],[-92.44846,43.963786],[-92.448483,43.969897],[-92.449081,43.970401],[-92.449502,43.97099],[-92.449747,43.971681],[-92.449803,43.973179],[-92.449996,43.973201],[-92.451704,43.97307],[-92.452873,43.973329],[-92.453251,43.973843],[-92.453486,43.973896],[-92.453497,43.97824],[-92.448516,43.978239],[-92.448501,43.974674],[-92.447942,43.974672],[-92.443087,43.975039],[-92.43972,43.975351],[-92.439902,43.976202],[-92.439769,43.976481],[-92.439951,43.977151],[-92.442579,43.976856],[-92.442589,43.978226],[-92.448516,43.978239],[-92.448585,43.985454],[-92.445982,43.985452],[-92.445979,43.985083],[-92.446408,43.985084],[-92.446409,43.984908],[-92.446985,43.984767],[-92.446985,43.983547],[-92.446412,43.98355],[-92.446416,43.983028],[-92.445929,43.982048],[-92.443389,43.982046],[-92.443211,43.981104],[-92.442463,43.981089],[-92.442196,43.979351],[-92.441524,43.978893],[-92.441371,43.978902],[-92.441277,43.978223],[-92.441618,43.978224],[-92.441599,43.977676],[-92.439826,43.977678],[-92.439962,43.97822],[-92.434769,43.978219],[-92.43478,43.979896],[-92.434383,43.979775],[-92.433906,43.979552],[-92.43302,43.979489],[-92.433016,43.979684],[-92.432203,43.979646],[-92.430818,43.980641],[-92.430558,43.980936],[-92.430565,43.981836],[-92.428823,43.981836],[-92.42879,43.974948],[-92.426843,43.974803],[-92.423092,43.974372],[-92.418784,43.973654],[-92.418783,43.978206],[-92.408675,43.97814],[-92.408663,43.981737],[-92.408789,43.981763],[-92.408924,43.981656],[-92.40909,43.98173],[-92.4137,43.98269],[-92.41869,43.98419],[-92.42312,43.9847],[-92.42377,43.98481],[-92.42824,43.98607],[-92.42996,43.98676],[-92.43306,43.98818],[-92.43429,43.98855],[-92.43865,43.98911],[-92.44203,43.98949],[-92.44253,43.99215],[-92.44302,43.9937],[-92.44522,43.99931],[-92.445475,43.999757],[-92.446167,44.000493],[-92.447478,44.000103],[-92.4485,43.99996],[-92.4491,43.99993],[-92.45866,43.99995],[-92.4587,44.00709],[-92.48316,44.00703],[-92.48387,44.0069],[-92.48443,44.0067],[-92.48469,44.00653],[-92.48501,44.00627],[-92.48624,44.00499],[-92.48698,44.00536],[-92.48783,44.0054],[-92.488306,44.005316],[-92.48856,44.00533],[-92.489,44.00545],[-92.48946,44.00565],[-92.49026,44.00607],[-92.4909,44.00654],[-92.49145,44.00704],[-92.492,44.00776],[-92.49299,44.00937],[-92.49356,44.00982],[-92.494,44.01007],[-92.49428,44.01014],[-92.49516,44.01007],[-92.49568,44.01009],[-92.49731,44.01074],[-92.49881,44.01077],[-92.49909,44.01071],[-92.49925,44.01062],[-92.5004,44.00976],[-92.50078,44.00966],[-92.50128,44.00938],[-92.50415,44.00941],[-92.50503,44.00912],[-92.5061,44.00901],[-92.50695,44.00856],[-92.5073,44.00849],[-92.50829,44.00847],[-92.50864,44.00842],[-92.508848,44.00861],[-92.508874,44.008755],[-92.510394,44.008999],[-92.51047,44.008677],[-92.510854,44.008859],[-92.511079,44.007387],[-92.514365,44.00739],[-92.514327,44.003974],[-92.51592,44.003724],[-92.515929,44.007391],[-92.52457,44.007338],[-92.52517,44.005887],[-92.525119,44.005795],[-92.525144,44.005711],[-92.525218,44.005643],[-92.525452,44.005569],[-92.526225,44.00497],[-92.526418,44.004769],[-92.528373,44.001906],[-92.528476,44.001581]],[[-92.489936,43.976159],[-92.488351,43.97616],[-92.48835,43.975014],[-92.489935,43.975014],[-92.489936,43.976159]],[[-92.488339,43.96879],[-92.488185,43.96879],[-92.48833,43.96879],[-92.488339,43.96879]],[[-92.458476,43.971005],[-92.45817,43.971004],[-92.458165,43.970166],[-92.458473,43.970171],[-92.458476,43.971005]]]}},{"type":"Feature","properties":{"role":"Council Member","city":"Duluth","county":null,"ward":1,"wardName":"District 1","district":null,"stateDistrict":null,"chamber":null,"repName":"Wendy Durrwachter","repParty":"Nonpartisan","repPhotoUrl":"https://duluthmn.gov/media/23afjqmb/i-8wdhrjc-x2.jpg","repEmail":"wdurrwachter@duluthmn.gov","repPhone":"218-730-5351","termsOfService":[{"termStart":null,"termEnd":null,"current":true,"sourceUrl":"https://duluthmn.gov/city-council/"}],"committees":[],"neighborhoods":[],"officeRoom":null,"profileUrl":"https://duluthmn.gov/city-council/","candidates":[],"isContested":false,"partyUnityPercent":null,"recentVotes":[]},"geometry":{"type":"Polygon","coordinates":[[[-91.934653,46.874197],[-91.934453,46.874448],[-91.933725,46.875043],[-91.932723,46.8755],[-91.932084,46.875885],[-91.931796,46.876147],[-91.931483,46.876282],[-91.93078,46.876767],[-91.929886,46.877234],[-91.929347,46.877625],[-91.928303,46.877957],[-91.927609,46.878355],[-91.926879,46.878491],[-91.926159,46.878731],[-91.925516,46.879024],[-91.924598,46.879286],[-91.922383,46.880229],[-91.920867,46.880633],[-91.962952,46.880403],[-91.962952,46.873115],[-91.973674,46.872941],[-91.973713,46.865713],[-92.010771,46.865713],[-92.047972,46.86562],[-92.048054,46.87651],[-92.058599,46.876474],[-92.058536,46.865596],[-92.090026,46.865425],[-92.090107,46.850952],[-92.111214,46.851008],[-92.111199,46.847296],[-92.110106,46.847225],[-92.109484,46.846825],[-92.108472,46.846459],[-92.107201,46.845647],[-92.103243,46.844482],[-92.102085,46.84383],[-92.102158,46.842579],[-92.101588,46.842116],[-92.100592,46.84193],[-92.100606,46.832849],[-92.098124,46.832826],[-92.097112,46.832728],[-92.095724,46.832318],[-92.095015,46.831739],[-92.094095,46.831336],[-92.092285,46.831144],[-92.091567,46.831248],[-92.088478,46.82898],[-92.087296,46.828562],[-92.086605,46.82816],[-92.084851,46.827695],[-92.084946,46.827044],[-92.085712,46.82604],[-92.085645,46.825827],[-92.08518,46.825875],[-92.079395,46.825847],[-92.079303,46.821284],[-92.079535,46.820373],[-92.079537,46.819711],[-92.080963,46.819855],[-92.081376,46.819291],[-92.081247,46.819039],[-92.081191,46.8188],[-92.081901,46.817973],[-92.082234,46.817859],[-92.082862,46.817737],[-92.083148,46.817563],[-92.08327,46.817372],[-92.083246,46.817059],[-92.083085,46.816541],[-92.083183,46.816419],[-92.083542,46.816233],[-92.08386,46.816261],[-92.084709,46.81663],[-92.084941,46.81665],[-92.085116,46.816595],[-92.085967,46.815665],[-92.08608,46.815427],[-92.086118,46.814919],[-92.078294,46.81488],[-92.078265,46.813916],[-92.074905,46.813869],[-92.069797,46.817737],[-92.070514,46.818687],[-92.070603,46.818967],[-92.070595,46.81922],[-92.070461,46.81948],[-92.069741,46.820068],[-92.069566,46.820287],[-92.069514,46.820868],[-92.06954,46.821832],[-92.069611,46.821998],[-92.069819,46.822129],[-92.06934,46.822093],[-92.068876,46.821965],[-92.068589,46.822414],[-92.067692,46.822364],[-92.067504,46.822459],[-92.067299,46.822731],[-92.066535,46.825458],[-92.065,46.828882],[-92.063935,46.829918],[-92.061588,46.830306],[-92.061099,46.83045],[-92.060324,46.831015],[-92.060067,46.831369],[-92.059349,46.833251],[-92.058405,46.833912],[-92.057694,46.834321],[-92.055566,46.836668],[-92.053708,46.836664],[-92.053614,46.836391],[-92.052941,46.835563],[-92.052802,46.835157],[-92.052821,46.83457],[-92.052354,46.833751],[-92.052297,46.833061],[-92.052019,46.832399],[-92.051987,46.831939],[-92.05105,46.831277],[-92.0502,46.831143],[-92.047587,46.83115],[-92.047704,46.829359],[-92.042318,46.82932],[-92.042398,46.822245],[-92.043393,46.822235],[-92.044228,46.821874],[-92.043044,46.821053],[-92.042251,46.820631],[-92.041947,46.820187],[-92.041468,46.820331],[-92.041076,46.820356],[-92.040621,46.82031],[-92.03999,46.820166],[-92.039,46.82019],[-92.039008,46.820142],[-92.038922,46.820103],[-92.038873,46.820169],[-92.03881,46.82014],[-92.038777,46.820219],[-92.038681,46.820226],[-92.038225,46.820805],[-92.037905,46.821084],[-92.037719,46.821117],[-92.037633,46.821197],[-92.037506,46.82114],[-92.037441,46.821165],[-92.037426,46.821237],[-92.037142,46.821378],[-92.036784,46.821431],[-92.036577,46.821376],[-92.036428,46.821401],[-92.036139,46.82151],[-92.035693,46.821549],[-92.035517,46.821646],[-92.035062,46.821777],[-92.034744,46.821775],[-92.034577,46.821825],[-92.03445,46.821727],[-92.034345,46.821871],[-92.034114,46.822049],[-92.033851,46.822086],[-92.033731,46.822186],[-92.033539,46.822249],[-92.033369,46.822213],[-92.03332,46.822259],[-92.03336,46.822203],[-92.033325,46.822163],[-92.033237,46.822234],[-92.033166,46.822425],[-92.03301,46.8225],[-92.032846,46.82266],[-92.032641,46.822731],[-92.032577,46.822816],[-92.032354,46.822903],[-92.032207,46.822838],[-92.032059,46.822892],[-92.03196,46.822998],[-92.031879,46.823222],[-92.03179,46.823257],[-92.031778,46.823336],[-92.031726,46.823331],[-92.031482,46.823605],[-92.031132,46.823871],[-92.030525,46.82398],[-92.030043,46.824159],[-92.029999,46.824106],[-92.029799,46.824219],[-92.029764,46.824313],[-92.029469,46.824437],[-92.029415,46.824509],[-92.029337,46.824511],[-92.02933,46.824585],[-92.02924,46.824571],[-92.029277,46.824636],[-92.029175,46.824719],[-92.029143,46.824616],[-92.028976,46.824651],[-92.028968,46.824735],[-92.028747,46.824898],[-92.028776,46.824934],[-92.028735,46.825063],[-92.028679,46.825074],[-92.028708,46.825113],[-92.028529,46.825556],[-92.0283,46.825774],[-92.028203,46.825791],[-92.028129,46.825869],[-92.028149,46.825899],[-92.027786,46.826206],[-92.027778,46.82631],[-92.027632,46.826448],[-92.027622,46.82656],[-92.027451,46.826567],[-92.027202,46.826791],[-92.027003,46.826817],[-92.026912,46.826899],[-92.02661,46.827559],[-92.026275,46.827654],[-92.026011,46.82815],[-92.025925,46.828176],[-92.025841,46.828134],[-92.025746,46.828293],[-92.025776,46.828336],[-92.025694,46.828357],[-92.025371,46.828805],[-92.025174,46.828983],[-92.024669,46.8292],[-92.024367,46.829446],[-92.023991,46.82946],[-92.02392,46.829568],[-92.023815,46.829601],[-92.023755,46.82972],[-92.023558,46.829884],[-92.023416,46.829926],[-92.022864,46.830442],[-92.022053,46.830911],[-92.021665,46.83106],[-92.021494,46.831219],[-92.020955,46.831475],[-92.020758,46.831539],[-92.019723,46.83164],[-92.019412,46.831645],[-92.019376,46.831584],[-92.019352,46.831666],[-92.019227,46.831747],[-92.018794,46.832229],[-92.01838,46.832574],[-92.017461,46.833157],[-92.01702,46.833316],[-92.016361,46.833347],[-92.01552,46.833522],[-92.01494,46.833547],[-92.014841,46.833457],[-92.014547,46.833736],[-92.013881,46.834107],[-92.013701,46.834154],[-92.01347,46.834107],[-92.013491,46.834142],[-92.012977,46.834585],[-92.012368,46.83494],[-92.012085,46.835025],[-92.011193,46.835153],[-92.010247,46.835486],[-92.008841,46.835628],[-92.007658,46.83562],[-92.006708,46.835755],[-92.00617,46.836027],[-92.006064,46.836163],[-92.006105,46.836241],[-92.006275,46.836346],[-92.006274,46.83659],[-92.006412,46.836729],[-92.006101,46.836795],[-92.006061,46.836619],[-92.005933,46.836411],[-92.005943,46.836295],[-92.005698,46.836519],[-92.005386,46.836594],[-92.005359,46.836656],[-92.00528,46.836668],[-92.005236,46.836619],[-92.005148,46.836681],[-92.005133,46.836609],[-92.004798,46.836612],[-92.004785,46.836673],[-92.004594,46.836815],[-92.004107,46.837069],[-92.003865,46.837128],[-92.00301,46.837134],[-92.002504,46.837188],[-92.001985,46.837388],[-92.001934,46.837306],[-92.001893,46.837377],[-92.001641,46.837476],[-92.001521,46.837635],[-92.001167,46.837872],[-92.000833,46.838001],[-92.000559,46.838041],[-92.000376,46.838137],[-92.000246,46.838099],[-92.000074,46.838293],[-91.999917,46.838385],[-91.999673,46.838455],[-91.999282,46.838683],[-91.99905,46.838737],[-91.998965,46.838827],[-91.998735,46.838827],[-91.99861,46.838997],[-91.998509,46.839043],[-91.998087,46.839808],[-91.997039,46.840425],[-91.996959,46.840524],[-91.996649,46.840717],[-91.996397,46.840769],[-91.996421,46.840835],[-91.996142,46.841049],[-91.995594,46.841284],[-91.995201,46.841385],[-91.995199,46.841456],[-91.995076,46.841441],[-91.994597,46.841756],[-91.994347,46.841747],[-91.994272,46.84192],[-91.993906,46.842179],[-91.993797,46.842213],[-91.993589,46.842147],[-91.993343,46.842256],[-91.993386,46.842163],[-91.993228,46.842184],[-91.993088,46.842258],[-91.993124,46.842282],[-91.993054,46.842327],[-91.993021,46.842305],[-91.992982,46.842493],[-91.992687,46.842694],[-91.992516,46.842965],[-91.992122,46.84342],[-91.991722,46.84402],[-91.991457,46.844238],[-91.991031,46.844731],[-91.990524,46.845059],[-91.990431,46.845148],[-91.990464,46.845181],[-91.989853,46.845654],[-91.989725,46.845819],[-91.989567,46.845839],[-91.989393,46.845921],[-91.989389,46.845967],[-91.989224,46.845978],[-91.98926,46.846064],[-91.989057,46.846216],[-91.988956,46.846216],[-91.988879,46.846278],[-91.988894,46.846363],[-91.988759,46.846461],[-91.988761,46.846546],[-91.988624,46.84674],[-91.988537,46.846751],[-91.98838,46.846854],[-91.988374,46.846917],[-91.988272,46.846918],[-91.988123,46.847019],[-91.988159,46.847059],[-91.988033,46.847125],[-91.987938,46.847263],[-91.987584,46.847479],[-91.987451,46.847533],[-91.987288,46.847529],[-91.987181,46.847756],[-91.987001,46.847845],[-91.986953,46.847938],[-91.986684,46.847982],[-91.986671,46.848154],[-91.986543,46.84819],[-91.986096,46.848909],[-91.985743,46.849297],[-91.985323,46.849612],[-91.984102,46.850199],[-91.983888,46.850277],[-91.983757,46.850242],[-91.983672,46.850293],[-91.983727,46.850217],[-91.98369,46.850218],[-91.983605,46.850327],[-91.982987,46.850776],[-91.982757,46.850807],[-91.982371,46.851097],[-91.981028,46.851492],[-91.980859,46.851394],[-91.98076,46.851568],[-91.980696,46.851553],[-91.980653,46.851646],[-91.980559,46.85165],[-91.980575,46.851686],[-91.980415,46.851881],[-91.980256,46.851971],[-91.980267,46.852029],[-91.979791,46.852299],[-91.979599,46.852259],[-91.979139,46.852667],[-91.978963,46.85272],[-91.978896,46.852666],[-91.97849,46.852922],[-91.978341,46.852865],[-91.978187,46.852881],[-91.977746,46.853269],[-91.977511,46.85325],[-91.977439,46.853144],[-91.977426,46.853325],[-91.97736,46.853331],[-91.976838,46.854032],[-91.976366,46.854521],[-91.975866,46.854765],[-91.975464,46.854726],[-91.97546,46.854648],[-91.975402,46.854615],[-91.975425,46.854662],[-91.975031,46.855044],[-91.974972,46.855006],[-91.975001,46.855056],[-91.974955,46.855106],[-91.974766,46.855199],[-91.974526,46.855217],[-91.974144,46.855543],[-91.973755,46.855667],[-91.973631,46.855608],[-91.973543,46.85569],[-91.97341,46.855729],[-91.973321,46.855656],[-91.972987,46.855816],[-91.972706,46.85578],[-91.972402,46.855855],[-91.972231,46.855709],[-91.972183,46.855808],[-91.971842,46.855962],[-91.971618,46.855978],[-91.971188,46.856107],[-91.971064,46.85605],[-91.970974,46.856137],[-91.970619,46.856289],[-91.970089,46.856327],[-91.969984,46.856476],[-91.96977,46.856602],[-91.969416,46.856551],[-91.969511,46.856613],[-91.969451,46.856612],[-91.969111,46.856533],[-91.969196,46.856581],[-91.969147,46.856651],[-91.968562,46.857026],[-91.967728,46.857276],[-91.967565,46.857275],[-91.967542,46.857174],[-91.967262,46.857408],[-91.967261,46.85746],[-91.966991,46.857627],[-91.966871,46.857673],[-91.966606,46.85766],[-91.966626,46.857599],[-91.966473,46.857647],[-91.966455,46.857709],[-91.966117,46.858024],[-91.965916,46.858132],[-91.965715,46.858099],[-91.965774,46.858006],[-91.965726,46.858005],[-91.965582,46.858113],[-91.965476,46.858286],[-91.965418,46.858286],[-91.965409,46.858349],[-91.965162,46.858522],[-91.965035,46.858693],[-91.964286,46.859162],[-91.963956,46.859315],[-91.963775,46.859349],[-91.963645,46.859253],[-91.963492,46.859407],[-91.962798,46.859831],[-91.962476,46.859962],[-91.962349,46.859896],[-91.962148,46.860062],[-91.962083,46.860041],[-91.961992,46.860172],[-91.961376,46.860481],[-91.961268,46.860482],[-91.961202,46.860419],[-91.961139,46.860501],[-91.960996,46.860558],[-91.960724,46.860925],[-91.960659,46.860966],[-91.960553,46.86095],[-91.960574,46.86102],[-91.960234,46.861362],[-91.959639,46.861549],[-91.958875,46.862091],[-91.958676,46.862369],[-91.958097,46.862965],[-91.956836,46.863711],[-91.955905,46.864555],[-91.954496,46.865517],[-91.953747,46.865843],[-91.953677,46.865858],[-91.953704,46.865804],[-91.953655,46.865798],[-91.953603,46.865876],[-91.953651,46.865894],[-91.953471,46.865891],[-91.953478,46.865949],[-91.95345,46.865921],[-91.953354,46.86604],[-91.953288,46.866043],[-91.953235,46.866164],[-91.953078,46.866196],[-91.953033,46.86632],[-91.952766,46.866625],[-91.952564,46.866709],[-91.952522,46.8668],[-91.952353,46.866933],[-91.952251,46.866951],[-91.952096,46.867129],[-91.951832,46.867286],[-91.951658,46.867325],[-91.951224,46.867554],[-91.950634,46.86764],[-91.950211,46.867857],[-91.950113,46.867769],[-91.949112,46.868493],[-91.948115,46.868868],[-91.94795,46.868873],[-91.947823,46.868999],[-91.947568,46.869126],[-91.947148,46.869265],[-91.947048,46.869229],[-91.946805,46.869371],[-91.946456,46.869408],[-91.946275,46.869533],[-91.945503,46.869717],[-91.944689,46.870108],[-91.943888,46.870352],[-91.943189,46.870655],[-91.943163,46.870622],[-91.942856,46.870852],[-91.942644,46.870886],[-91.942622,46.870852],[-91.942532,46.870946],[-91.942313,46.871026],[-91.942268,46.871001],[-91.942291,46.871071],[-91.942231,46.871087],[-91.942228,46.871147],[-91.941929,46.871512],[-91.941746,46.871666],[-91.941589,46.871754],[-91.941206,46.871797],[-91.941164,46.871739],[-91.9412,46.871699],[-91.941107,46.871656],[-91.941043,46.871703],[-91.9411,46.871739],[-91.941111,46.871819],[-91.941072,46.871808],[-91.940821,46.872174],[-91.940704,46.872207],[-91.940555,46.872344],[-91.94034,46.872319],[-91.940172,46.872491],[-91.939894,46.872666],[-91.939784,46.87265],[-91.939771,46.872715],[-91.939614,46.872792],[-91.93953,46.872755],[-91.939288,46.87284],[-91.939222,46.872793],[-91.938757,46.873123],[-91.938732,46.873199],[-91.938698,46.873202],[-91.938721,46.873133],[-91.938284,46.873283],[-91.938139,46.873239],[-91.937943,46.873332],[-91.937316,46.873347],[-91.936262,46.873579],[-91.936127,46.87351],[-91.935883,46.8736],[-91.935892,46.873533],[-91.935736,46.873655],[-91.935431,46.873724],[-91.934653,46.874197]],[[-92.011249,46.854058],[-92.011242,46.85409],[-92.011233,46.854053],[-92.011249,46.854058]]]}},{"type":"Feature","properties":{"role":"Council Member","city":"Duluth","county":null,"ward":2,"wardName":"District 2","district":null,"stateDistrict":null,"chamber":null,"repName":"Diane Desotelle","repParty":"Nonpartisan","repPhotoUrl":"https://duluthmn.gov/media/unahu1iq/diane-desotelle-district-2-councilor.jpg","repEmail":"ddesotelle@duluthmn.gov","repPhone":"218-730-5355","termsOfService":[{"termStart":null,"termEnd":null,"current":true,"sourceUrl":"https://duluthmn.gov/city-council/"}],"committees":[],"neighborhoods":[],"officeRoom":null,"profileUrl":"https://duluthmn.gov/city-council/","candidates":[],"isContested":false,"partyUnityPercent":null,"recentVotes":[]},"geometry":{"type":"Polygon","coordinates":[[[-92.153752,46.851072],[-92.1537,46.840182],[-92.153549,46.838729],[-92.153215,46.837732],[-92.152597,46.836547],[-92.1505,46.834605],[-92.148776,46.83341],[-92.133642,46.825043],[-92.132758,46.824395],[-92.132264,46.823729],[-92.131937,46.823159],[-92.131963,46.822129],[-92.126716,46.822018],[-92.126609,46.820019],[-92.125232,46.816862],[-92.122133,46.811037],[-92.12057,46.809891],[-92.120097,46.809647],[-92.116653,46.808436],[-92.116005,46.808122],[-92.115421,46.807703],[-92.115204,46.807456],[-92.115017,46.807525],[-92.115183,46.807776],[-92.115293,46.808079],[-92.114981,46.808651],[-92.114693,46.809007],[-92.114116,46.809382],[-92.113582,46.809837],[-92.113368,46.810292],[-92.113541,46.810891],[-92.112965,46.810987],[-92.111397,46.811691],[-92.110757,46.811723],[-92.110485,46.811659],[-92.110309,46.811355],[-92.108146,46.811448],[-92.106443,46.811579],[-92.105473,46.811768],[-92.103333,46.812331],[-92.101361,46.813199],[-92.100286,46.813238],[-92.099588,46.813442],[-92.098885,46.813557],[-92.09857,46.813337],[-92.098296,46.813045],[-92.097645,46.812741],[-92.096899,46.81279],[-92.095685,46.813318],[-92.095342,46.813331],[-92.0949,46.813252],[-92.094413,46.813309],[-92.092188,46.812709],[-92.091689,46.812696],[-92.091596,46.812824],[-92.091422,46.812761],[-92.089605,46.812899],[-92.089008,46.812521],[-92.089058,46.812201],[-92.088968,46.811981],[-92.088355,46.811271],[-92.088318,46.810967],[-92.087987,46.810055],[-92.088031,46.809123],[-92.088347,46.808699],[-92.088461,46.808439],[-92.088403,46.808161],[-92.088003,46.807642],[-92.088035,46.807222],[-92.088158,46.807108],[-92.087553,46.806279],[-92.087394,46.805939],[-92.086459,46.80533],[-92.086183,46.805301],[-92.084025,46.803937],[-92.080656,46.801932],[-92.07939,46.802876],[-92.077293,46.801572],[-92.075496,46.799947],[-92.077053,46.799194],[-92.076529,46.798742],[-92.075183,46.799345],[-92.075179,46.799273],[-92.075141,46.799274],[-92.075091,46.799371],[-92.07472,46.799469],[-92.074328,46.799789],[-92.07406,46.799915],[-92.073895,46.799913],[-92.073937,46.799964],[-92.07312,46.800424],[-92.072902,46.800457],[-92.072831,46.800388],[-92.072609,46.800512],[-92.072183,46.800625],[-92.071447,46.800497],[-92.071364,46.800455],[-92.071381,46.800364],[-92.071292,46.800333],[-92.071226,46.800446],[-92.071283,46.800473],[-92.071269,46.800543],[-92.070769,46.801202],[-92.070216,46.801801],[-92.069705,46.802104],[-92.069614,46.802102],[-92.069277,46.802283],[-92.068974,46.802314],[-92.067925,46.802219],[-92.067882,46.802143],[-92.067618,46.802278],[-92.067482,46.802255],[-92.067338,46.802332],[-92.06723,46.802305],[-92.067175,46.802374],[-92.067017,46.8024],[-92.066999,46.802444],[-92.066823,46.802454],[-92.066779,46.802526],[-92.06668,46.802505],[-92.066565,46.802609],[-92.066516,46.802598],[-92.066535,46.802637],[-92.06621,46.802812],[-92.066113,46.802803],[-92.066022,46.802891],[-92.065901,46.802901],[-92.065653,46.803084],[-92.065583,46.803064],[-92.06534,46.803254],[-92.06525,46.803229],[-92.064681,46.803467],[-92.064477,46.803641],[-92.064218,46.803774],[-92.063225,46.804006],[-92.063148,46.803973],[-92.062772,46.804141],[-92.062692,46.804122],[-92.062423,46.804432],[-92.062198,46.804564],[-92.062085,46.804522],[-92.062005,46.804714],[-92.062056,46.804771],[-92.062007,46.804924],[-92.061763,46.805177],[-92.061574,46.805256],[-92.061643,46.805375],[-92.061534,46.805439],[-92.061577,46.805473],[-92.061359,46.805453],[-92.061306,46.805501],[-92.061354,46.805514],[-92.0613,46.805553],[-92.061387,46.805635],[-92.061369,46.805775],[-92.061326,46.805896],[-92.061179,46.805912],[-92.061061,46.806019],[-92.061075,46.80647],[-92.060952,46.806607],[-92.060799,46.806668],[-92.060693,46.806912],[-92.060533,46.807073],[-92.060395,46.807037],[-92.060397,46.807103],[-92.060491,46.807164],[-92.060343,46.807266],[-92.060418,46.807382],[-92.060252,46.807545],[-92.060261,46.807694],[-92.060148,46.80793],[-92.059931,46.808772],[-92.059703,46.809301],[-92.059289,46.81001],[-92.058904,46.810367],[-92.058477,46.810552],[-92.05824,46.810587],[-92.057596,46.810561],[-92.057372,46.810492],[-92.057045,46.810797],[-92.056773,46.810886],[-92.056361,46.810859],[-92.056005,46.81097],[-92.055851,46.811117],[-92.055283,46.811326],[-92.055139,46.811475],[-92.054889,46.811618],[-92.054626,46.811618],[-92.054386,46.811548],[-92.054301,46.811906],[-92.054141,46.812298],[-92.053788,46.812935],[-92.053441,46.81333],[-92.053132,46.813517],[-92.052711,46.813906],[-92.052224,46.814091],[-92.052123,46.814069],[-92.051677,46.814195],[-92.05164,46.81427],[-92.05195,46.814497],[-92.051846,46.814538],[-92.051525,46.81422],[-92.050493,46.814354],[-92.05029,46.81422],[-92.050239,46.814253],[-92.050277,46.814284],[-92.050193,46.814535],[-92.050005,46.814889],[-92.049728,46.815322],[-92.049462,46.815605],[-92.049356,46.81568],[-92.049188,46.815693],[-92.048972,46.81592],[-92.048661,46.816135],[-92.048407,46.816174],[-92.048088,46.816553],[-92.047412,46.817166],[-92.047212,46.817285],[-92.046604,46.817479],[-92.046164,46.818176],[-92.045512,46.81888],[-92.044811,46.819326],[-92.044152,46.819468],[-92.04397,46.819451],[-92.043093,46.819942],[-92.042608,46.820104],[-92.042254,46.820094],[-92.041947,46.820185],[-92.042251,46.82063],[-92.043044,46.821052],[-92.044228,46.821874],[-92.043393,46.822235],[-92.042398,46.822244],[-92.042319,46.829319],[-92.047704,46.829359],[-92.047587,46.83115],[-92.050201,46.831143],[-92.05105,46.831277],[-92.051988,46.831938],[-92.052019,46.832398],[-92.052311,46.83306],[-92.052355,46.833751],[-92.052821,46.834569],[-92.052802,46.835157],[-92.052941,46.835563],[-92.053614,46.83639],[-92.053708,46.836663],[-92.055566,46.836668],[-92.057694,46.834321],[-92.058405,46.833912],[-92.059349,46.83325],[-92.060067,46.831369],[-92.060324,46.831015],[-92.0611,46.83045],[-92.061588,46.830306],[-92.063935,46.829918],[-92.065001,46.828882],[-92.066535,46.825458],[-92.067299,46.82273],[-92.067505,46.822458],[-92.067693,46.822364],[-92.06859,46.822413],[-92.068877,46.821965],[-92.06934,46.822092],[-92.06982,46.822129],[-92.069611,46.821998],[-92.06954,46.821832],[-92.069514,46.820868],[-92.069566,46.820287],[-92.069759,46.820065],[-92.070461,46.81948],[-92.070595,46.81922],[-92.070603,46.818967],[-92.070514,46.818687],[-92.069797,46.817737],[-92.074905,46.813868],[-92.078265,46.813916],[-92.078294,46.81488],[-92.086118,46.814919],[-92.08608,46.815427],[-92.085967,46.815664],[-92.085116,46.816594],[-92.084942,46.81665],[-92.084709,46.81663],[-92.08386,46.816261],[-92.083542,46.816232],[-92.083183,46.816419],[-92.083085,46.816541],[-92.083246,46.817058],[-92.083271,46.817371],[-92.083148,46.817562],[-92.082862,46.817737],[-92.082235,46.817859],[-92.081901,46.817972],[-92.081767,46.818074],[-92.081191,46.8188],[-92.081247,46.819039],[-92.081376,46.819291],[-92.080963,46.819855],[-92.079537,46.81971],[-92.079536,46.820372],[-92.079304,46.821283],[-92.079396,46.825846],[-92.085194,46.825875],[-92.085645,46.825828],[-92.085712,46.826039],[-92.084947,46.827043],[-92.084851,46.827695],[-92.086605,46.82816],[-92.087296,46.828562],[-92.088478,46.82898],[-92.091567,46.831248],[-92.092285,46.831143],[-92.094095,46.831336],[-92.095015,46.831738],[-92.095724,46.832317],[-92.097112,46.832728],[-92.098125,46.832825],[-92.100607,46.832848],[-92.100593,46.84193],[-92.101588,46.842115],[-92.102158,46.842579],[-92.102085,46.84383],[-92.103243,46.844482],[-92.107201,46.845646],[-92.108473,46.846459],[-92.109485,46.846825],[-92.110106,46.847225],[-92.111199,46.847296],[-92.111214,46.851007],[-92.153752,46.851072]]]}},{"type":"Feature","properties":{"role":"Council Member","city":"Duluth","county":null,"ward":3,"wardName":"District 3","district":null,"stateDistrict":null,"chamber":null,"repName":"Roz Randorf","repParty":"Nonpartisan","repPhotoUrl":"https://duluthmn.gov/media/9117/rozrandorf0018.jpg","repEmail":"rrandorf@duluthmn.gov","repPhone":"218-730-5353","termsOfService":[{"termStart":null,"termEnd":null,"current":true,"sourceUrl":"https://duluthmn.gov/city-council/"}],"committees":[],"neighborhoods":[],"officeRoom":null,"profileUrl":"https://duluthmn.gov/city-council/","candidates":[],"isContested":false,"partyUnityPercent":null,"recentVotes":[]},"geometry":{"type":"MultiPolygon","coordinates":[[[[-92.097645,46.812741],[-92.098296,46.813045],[-92.09857,46.813337],[-92.098885,46.813557],[-92.099588,46.813442],[-92.100286,46.813238],[-92.101361,46.813199],[-92.103333,46.812331],[-92.105473,46.811768],[-92.106443,46.811579],[-92.108146,46.811448],[-92.110309,46.811355],[-92.110485,46.811659],[-92.110757,46.811723],[-92.111397,46.811691],[-92.112965,46.810987],[-92.113541,46.810891],[-92.113368,46.810292],[-92.113582,46.809837],[-92.114116,46.809382],[-92.114693,46.809007],[-92.114981,46.808651],[-92.115293,46.808079],[-92.115183,46.807776],[-92.115017,46.807525],[-92.115204,46.807456],[-92.115421,46.807703],[-92.116005,46.808122],[-92.116653,46.808436],[-92.120097,46.809647],[-92.120453,46.809525],[-92.121107,46.809085],[-92.121492,46.808612],[-92.121522,46.808176],[-92.121758,46.794124],[-92.120765,46.794189],[-92.120014,46.793794],[-92.118615,46.793571],[-92.1173,46.793157],[-92.115921,46.79298],[-92.118603,46.790972],[-92.114383,46.788242],[-92.121716,46.78259],[-92.1198,46.781329],[-92.118976,46.781121],[-92.118556,46.78129],[-92.118319,46.781473],[-92.117612,46.781666],[-92.117064,46.781543],[-92.118412,46.78051],[-92.11425,46.777848],[-92.114118,46.777715],[-92.114144,46.777497],[-92.11405,46.777324],[-92.113847,46.777188],[-92.113413,46.777167],[-92.113193,46.777103],[-92.112127,46.777894],[-92.111741,46.778028],[-92.111069,46.778047],[-92.110973,46.77789],[-92.111045,46.777706],[-92.112675,46.776221],[-92.112846,46.775959],[-92.112899,46.775694],[-92.112817,46.775514],[-92.112461,46.775211],[-92.117835,46.771102],[-92.117198,46.770348],[-92.116898,46.770148],[-92.116698,46.769948],[-92.115098,46.767948],[-92.111498,46.763248],[-92.109898,46.761048],[-92.109098,46.760048],[-92.106198,46.756148],[-92.104398,46.754748],[-92.102598,46.752948],[-92.101605,46.751757],[-92.101216,46.75184],[-92.101159,46.752058],[-92.101178,46.752207],[-92.10094,46.752232],[-92.100826,46.752113],[-92.100974,46.752209],[-92.101086,46.752212],[-92.101105,46.752175],[-92.101049,46.752084],[-92.100567,46.751782],[-92.100502,46.751643],[-92.100339,46.751483],[-92.100297,46.751232],[-92.099404,46.751364],[-92.099372,46.751321],[-92.094434,46.753092],[-92.093755,46.754572],[-92.097848,46.759929],[-92.103495,46.757914],[-92.104339,46.758393],[-92.104069,46.758735],[-92.103974,46.758792],[-92.103379,46.758974],[-92.102782,46.759211],[-92.102513,46.759372],[-92.102354,46.759337],[-92.102194,46.759386],[-92.102251,46.75944],[-92.102168,46.75951],[-92.102015,46.759474],[-92.101589,46.75964],[-92.101549,46.75961],[-92.098429,46.760738],[-92.099656,46.76234],[-92.099706,46.762349],[-92.103811,46.760868],[-92.103901,46.760791],[-92.10451,46.760604],[-92.104464,46.760539],[-92.104511,46.760491],[-92.104668,46.760483],[-92.104672,46.760544],[-92.104852,46.760475],[-92.104899,46.760402],[-92.104962,46.760438],[-92.105142,46.760354],[-92.105449,46.760297],[-92.105607,46.760501],[-92.10554,46.760553],[-92.105701,46.760574],[-92.105767,46.760697],[-92.100039,46.762752],[-92.100016,46.762795],[-92.101213,46.764384],[-92.104516,46.763209],[-92.10461,46.763344],[-92.107429,46.762331],[-92.107688,46.762468],[-92.107741,46.762615],[-92.107626,46.762654],[-92.107572,46.762772],[-92.107428,46.762908],[-92.104229,46.76405],[-92.104219,46.764088],[-92.103394,46.764347],[-92.10275,46.764624],[-92.102228,46.764763],[-92.102196,46.764823],[-92.101856,46.764875],[-92.101778,46.764992],[-92.101816,46.765131],[-92.10199,46.765372],[-92.102042,46.765304],[-92.102105,46.765337],[-92.102092,46.765427],[-92.102187,46.765556],[-92.10226,46.765568],[-92.102258,46.765632],[-92.102153,46.765584],[-92.102837,46.766469],[-92.110282,46.76382],[-92.110331,46.763879],[-92.110474,46.764184],[-92.110264,46.764334],[-92.109819,46.764469],[-92.109643,46.764586],[-92.109424,46.76457],[-92.109093,46.764754],[-92.106846,46.765516],[-92.103177,46.766867],[-92.103113,46.766848],[-92.105129,46.769537],[-92.111148,46.767371],[-92.111383,46.767689],[-92.111253,46.767994],[-92.110988,46.768076],[-92.110864,46.768182],[-92.110588,46.768267],[-92.110387,46.768244],[-92.110088,46.768394],[-92.109328,46.768575],[-92.109047,46.768776],[-92.108747,46.768901],[-92.108432,46.768966],[-92.10807,46.769114],[-92.107625,46.769169],[-92.106435,46.76956],[-92.104439,46.770332],[-92.10433,46.770394],[-92.104334,46.770521],[-92.104709,46.770932],[-92.104549,46.771053],[-92.104555,46.771126],[-92.104646,46.771137],[-92.105358,46.770862],[-92.105525,46.770755],[-92.106194,46.770569],[-92.106973,46.77023],[-92.108646,46.769668],[-92.109226,46.769395],[-92.109295,46.769293],[-92.109397,46.769244],[-92.111244,46.768619],[-92.111525,46.768461],[-92.11186,46.768408],[-92.111964,46.768438],[-92.112289,46.768751],[-92.112205,46.768934],[-92.112045,46.769125],[-92.105303,46.771951],[-92.10534,46.772013],[-92.10529,46.772051],[-92.104366,46.772473],[-92.104163,46.772662],[-92.104056,46.772692],[-92.104051,46.772751],[-92.104189,46.772919],[-92.104417,46.77288],[-92.104556,46.77299],[-92.104407,46.773105],[-92.104755,46.773578],[-92.104392,46.773816],[-92.104164,46.773849],[-92.104312,46.774328],[-92.104403,46.774352],[-92.111428,46.77052],[-92.11199,46.770857],[-92.112053,46.770945],[-92.109535,46.772324],[-92.109674,46.772467],[-92.109648,46.77263],[-92.109512,46.77266],[-92.109177,46.772611],[-92.108988,46.772666],[-92.108826,46.772793],[-92.108643,46.772813],[-92.108132,46.773094],[-92.108318,46.773218],[-92.108015,46.773444],[-92.107916,46.773387],[-92.107698,46.773365],[-92.107576,46.773414],[-92.104803,46.774909],[-92.104469,46.775011],[-92.104387,46.775081],[-92.104435,46.77514],[-92.104277,46.775223],[-92.104143,46.775188],[-92.103849,46.775405],[-92.103849,46.77544],[-92.104017,46.77548],[-92.104104,46.775594],[-92.10412,46.775751],[-92.104262,46.77577],[-92.104351,46.775825],[-92.104351,46.775901],[-92.106288,46.777093],[-92.10598,46.777339],[-92.103378,46.775747],[-92.102482,46.776433],[-92.102485,46.776474],[-92.105077,46.778068],[-92.10477,46.778304],[-92.10236,46.776821],[-92.102131,46.776733],[-92.101323,46.777328],[-92.101437,46.777472],[-92.101394,46.777583],[-92.100626,46.777941],[-92.100107,46.778324],[-92.099975,46.778353],[-92.096307,46.781164],[-92.097915,46.783577],[-92.097524,46.783845],[-92.097479,46.783856],[-92.095844,46.781514],[-92.094387,46.779289],[-92.093563,46.779285],[-92.092838,46.779414],[-92.088182,46.780896],[-92.088142,46.780974],[-92.088257,46.781004],[-92.088392,46.780961],[-92.088375,46.780928],[-92.090895,46.780124],[-92.091061,46.780183],[-92.091391,46.780523],[-92.091464,46.780625],[-92.091521,46.780984],[-92.091637,46.78122],[-92.091716,46.781712],[-92.091934,46.78225],[-92.092295,46.782861],[-92.092525,46.783469],[-92.092589,46.784169],[-92.092562,46.784419],[-92.092631,46.784606],[-92.093172,46.785498],[-92.093899,46.787435],[-92.094131,46.787829],[-92.094072,46.788366],[-92.093157,46.789108],[-92.092736,46.789341],[-92.092653,46.789336],[-92.092561,46.78944],[-92.091823,46.789681],[-92.091478,46.789919],[-92.091216,46.790243],[-92.091222,46.790368],[-92.091042,46.790807],[-92.090564,46.79137],[-92.090491,46.79135],[-92.090539,46.791315],[-92.090478,46.791276],[-92.090384,46.791273],[-92.090394,46.791324],[-92.090495,46.791376],[-92.090363,46.791426],[-92.090419,46.791461],[-92.090371,46.791636],[-92.090194,46.791888],[-92.089578,46.792351],[-92.089027,46.792974],[-92.088671,46.79357],[-92.088111,46.794013],[-92.087501,46.794236],[-92.08682,46.794558],[-92.086673,46.794597],[-92.086458,46.794576],[-92.086177,46.794878],[-92.085971,46.795198],[-92.085473,46.795535],[-92.085023,46.795694],[-92.084193,46.795696],[-92.084156,46.795648],[-92.083584,46.795706],[-92.083187,46.795679],[-92.082761,46.795808],[-92.082659,46.795735],[-92.082405,46.795764],[-92.082332,46.795882],[-92.082279,46.79588],[-92.082235,46.796025],[-92.082184,46.796014],[-92.082093,46.796097],[-92.081884,46.796524],[-92.081707,46.796736],[-92.081058,46.797229],[-92.079811,46.797367],[-92.079642,46.79737],[-92.079604,46.797304],[-92.079581,46.797344],[-92.079549,46.797309],[-92.079539,46.79735],[-92.079366,46.797416],[-92.07926,46.797415],[-92.079285,46.797351],[-92.07924,46.797335],[-92.079019,46.79742],[-92.078989,46.79737],[-92.078599,46.797462],[-92.078484,46.797326],[-92.078395,46.797298],[-92.078374,46.797342],[-92.078221,46.797334],[-92.078021,46.797731],[-92.077907,46.797772],[-92.077771,46.798064],[-92.077585,46.798286],[-92.077229,46.798421],[-92.077071,46.798383],[-92.077053,46.798433],[-92.076934,46.798417],[-92.076825,46.798494],[-92.076684,46.798441],[-92.076529,46.798742],[-92.077053,46.799194],[-92.075496,46.799947],[-92.077293,46.801572],[-92.07939,46.802876],[-92.080656,46.801932],[-92.084025,46.803937],[-92.086183,46.805301],[-92.086459,46.80533],[-92.087394,46.805939],[-92.087553,46.806279],[-92.088158,46.807108],[-92.088035,46.807222],[-92.088003,46.807642],[-92.088403,46.808161],[-92.088461,46.808439],[-92.088347,46.808699],[-92.088031,46.809123],[-92.087987,46.810055],[-92.088318,46.810967],[-92.088355,46.811271],[-92.088968,46.811981],[-92.089058,46.812201],[-92.089008,46.812521],[-92.089605,46.812899],[-92.091422,46.812761],[-92.091596,46.812824],[-92.091689,46.812696],[-92.092188,46.812709],[-92.094413,46.813309],[-92.0949,46.813252],[-92.095342,46.813331],[-92.095685,46.813318],[-92.096899,46.81279],[-92.097645,46.812741]],[[-92.104689,46.777759],[-92.104838,46.777869],[-92.104631,46.777745],[-92.104689,46.777759]]],[[[-92.087605,46.780058],[-92.087559,46.780143],[-92.087686,46.780172],[-92.092064,46.778782],[-92.092904,46.778415],[-92.093435,46.778017],[-92.093496,46.777952],[-92.093433,46.777863],[-92.093299,46.777819],[-92.093115,46.777598],[-92.092944,46.777069],[-92.092529,46.776659],[-92.092492,46.77651],[-92.092645,46.776171],[-92.092642,46.775996],[-92.094012,46.775563],[-92.093979,46.775515],[-92.092587,46.775953],[-92.09226,46.775461],[-92.093866,46.774947],[-92.093736,46.774746],[-92.092276,46.775201],[-92.091968,46.774899],[-92.091571,46.774318],[-92.09225,46.774093],[-92.092518,46.774489],[-92.092832,46.774388],[-92.092481,46.773882],[-92.094142,46.773336],[-92.094254,46.773399],[-92.094258,46.773499],[-92.093949,46.77442],[-92.094081,46.774429],[-92.094433,46.773506],[-92.094295,46.773175],[-92.094368,46.772987],[-92.094343,46.772913],[-92.09377,46.772147],[-92.093516,46.772232],[-92.093506,46.772285],[-92.093739,46.772379],[-92.094095,46.772923],[-92.09407,46.772979],[-92.093317,46.773226],[-92.093122,46.773155],[-92.092545,46.772347],[-92.09242,46.772051],[-92.092624,46.771888],[-92.093123,46.771763],[-92.093221,46.771786],[-92.093303,46.771884],[-92.093238,46.771966],[-92.093286,46.772028],[-92.093551,46.771966],[-92.093574,46.771889],[-92.093327,46.771543],[-92.091741,46.772019],[-92.091749,46.772098],[-92.091929,46.772106],[-92.092161,46.772484],[-92.092153,46.772626],[-92.092081,46.772717],[-92.091201,46.773002],[-92.091089,46.773011],[-92.090944,46.772945],[-92.090588,46.772391],[-92.090514,46.772402],[-92.090416,46.772296],[-92.091126,46.772073],[-92.09069,46.771426],[-92.090473,46.771493],[-92.090409,46.7714],[-92.091611,46.771029],[-92.09157,46.770969],[-92.091209,46.770873],[-92.091128,46.770764],[-92.090875,46.770784],[-92.090753,46.770707],[-92.09066,46.770513],[-92.090769,46.770322],[-92.090751,46.770231],[-92.090637,46.77017],[-92.090539,46.77001],[-92.090319,46.769873],[-92.090076,46.769391],[-92.089858,46.769166],[-92.089586,46.768606],[-92.089594,46.76852],[-92.089772,46.768413],[-92.089572,46.76778],[-92.089407,46.767486],[-92.089291,46.767141],[-92.089241,46.766808],[-92.08931,46.766737],[-92.089306,46.766602],[-92.089171,46.766429],[-92.088714,46.766435],[-92.088558,46.766309],[-92.088237,46.76562],[-92.0878,46.764876],[-92.087668,46.76442],[-92.08753,46.764219],[-92.086898,46.763602],[-92.08617,46.762712],[-92.085951,46.762282],[-92.08567,46.762152],[-92.085686,46.762184],[-92.085605,46.762232],[-92.08502,46.762382],[-92.084184,46.76238],[-92.084416,46.762465],[-92.084704,46.762885],[-92.084961,46.763129],[-92.08499,46.763228],[-92.084582,46.763414],[-92.084315,46.763452],[-92.084134,46.763534],[-92.083843,46.763222],[-92.083665,46.7633],[-92.083391,46.76298],[-92.08351,46.762912],[-92.083003,46.762357],[-92.082952,46.762166],[-92.082857,46.762048],[-92.082601,46.761847],[-92.082437,46.761826],[-92.082412,46.76179],[-92.082449,46.761759],[-92.082198,46.761536],[-92.081807,46.760993],[-92.081756,46.760999],[-92.081732,46.760876],[-92.081505,46.760741],[-92.081222,46.760459],[-92.0811,46.760318],[-92.081168,46.760284],[-92.080852,46.759932],[-92.080751,46.759977],[-92.080584,46.759783],[-92.080389,46.759761],[-92.080429,46.759605],[-92.080228,46.759349],[-92.080071,46.759284],[-92.079765,46.758818],[-92.079387,46.758713],[-92.079371,46.758656],[-92.079463,46.758598],[-92.079446,46.758548],[-92.079329,46.758413],[-92.079154,46.758325],[-92.079221,46.758289],[-92.07924,46.758162],[-92.079193,46.757951],[-92.078983,46.757842],[-92.078972,46.757754],[-92.078717,46.757605],[-92.078601,46.757613],[-92.078493,46.757515],[-92.078219,46.757089],[-92.078287,46.757073],[-92.078123,46.756844],[-92.077885,46.756674],[-92.077727,46.756426],[-92.077828,46.756294],[-92.077814,46.756233],[-92.077414,46.755814],[-92.077242,46.755849],[-92.077054,46.755802],[-92.076874,46.755653],[-92.076771,46.755467],[-92.076692,46.755484],[-92.076657,46.755445],[-92.076747,46.75528],[-92.076956,46.755164],[-92.076722,46.755271],[-92.076577,46.75512],[-92.076693,46.755039],[-92.076622,46.754933],[-92.07658,46.754898],[-92.076646,46.755013],[-92.076503,46.755075],[-92.076356,46.75492],[-92.076281,46.754746],[-92.076176,46.754677],[-92.076063,46.754671],[-92.076095,46.754595],[-92.076027,46.754621],[-92.075884,46.754554],[-92.075667,46.754314],[-92.075654,46.754245],[-92.075404,46.754082],[-92.075305,46.753912],[-92.075213,46.753879],[-92.075036,46.753694],[-92.074852,46.753446],[-92.07493,46.753388],[-92.074832,46.753283],[-92.074723,46.753321],[-92.074663,46.753194],[-92.07471,46.753176],[-92.074588,46.753041],[-92.074531,46.752992],[-92.074446,46.753029],[-92.074231,46.752846],[-92.074047,46.752792],[-92.074036,46.752693],[-92.073794,46.752363],[-92.073773,46.7522],[-92.073957,46.75213],[-92.074008,46.752023],[-92.073745,46.751862],[-92.07372,46.751933],[-92.073813,46.752052],[-92.073682,46.752087],[-92.073576,46.751955],[-92.073361,46.751829],[-92.07316,46.751574],[-92.073091,46.751606],[-92.072982,46.751399],[-92.072988,46.751337],[-92.073131,46.751271],[-92.073061,46.75117],[-92.073009,46.751133],[-92.072986,46.751162],[-92.073064,46.751254],[-92.07296,46.751304],[-92.072803,46.751174],[-92.072682,46.751181],[-92.072816,46.751087],[-92.072763,46.751025],[-92.07258,46.751077],[-92.072391,46.750847],[-92.072299,46.750811],[-92.072351,46.750792],[-92.072211,46.750624],[-92.072136,46.750629],[-92.072028,46.750512],[-92.071944,46.750532],[-92.071908,46.750497],[-92.072003,46.750458],[-92.071802,46.750274],[-92.071585,46.750339],[-92.071477,46.750265],[-92.07143,46.750169],[-92.07153,46.750091],[-92.071298,46.749837],[-92.071281,46.749794],[-92.071344,46.749766],[-92.071254,46.749657],[-92.071054,46.74957],[-92.070898,46.749259],[-92.070747,46.749117],[-92.070569,46.749037],[-92.070447,46.749101],[-92.070355,46.749088],[-92.070248,46.749005],[-92.070199,46.748833],[-92.070308,46.748718],[-92.070014,46.748544],[-92.070004,46.748449],[-92.069883,46.748329],[-92.070003,46.748209],[-92.069828,46.748029],[-92.069739,46.748007],[-92.069594,46.748065],[-92.069514,46.748033],[-92.069431,46.7478],[-92.069498,46.747703],[-92.069359,46.747533],[-92.069077,46.747317],[-92.068914,46.74706],[-92.068836,46.74709],[-92.06879,46.747049],[-92.068635,46.746769],[-92.068399,46.746583],[-92.068491,46.74663],[-92.068399,46.746547],[-92.068324,46.746374],[-92.068335,46.746267],[-92.068401,46.746193],[-92.068299,46.746234],[-92.068258,46.746328],[-92.068194,46.746334],[-92.068104,46.746278],[-92.068073,46.746149],[-92.067874,46.745913],[-92.067903,46.74584],[-92.067501,46.745907],[-92.067441,46.745815],[-92.067554,46.745735],[-92.067542,46.745637],[-92.067423,46.745501],[-92.067097,46.74553],[-92.066722,46.745155],[-92.066654,46.74504],[-92.066646,46.744793],[-92.066737,46.744695],[-92.066673,46.744477],[-92.066551,46.744336],[-92.066333,46.74423],[-92.066116,46.744316],[-92.066038,46.744226],[-92.065918,46.744254],[-92.065596,46.743942],[-92.06516,46.743394],[-92.06475,46.743034],[-92.064757,46.742769],[-92.065158,46.742544],[-92.065036,46.742528],[-92.06472,46.742663],[-92.064427,46.742542],[-92.064257,46.742334],[-92.064235,46.742174],[-92.064521,46.741944],[-92.06417,46.742127],[-92.063762,46.742038],[-92.063346,46.741727],[-92.063293,46.741595],[-92.06347,46.741492],[-92.063398,46.741441],[-92.06344,46.741497],[-92.063254,46.741592],[-92.063139,46.741545],[-92.062607,46.741165],[-92.062195,46.740788],[-92.062096,46.740625],[-92.062173,46.740165],[-92.062346,46.740168],[-92.062505,46.740007],[-92.062669,46.74002],[-92.062723,46.739991],[-92.062741,46.739878],[-92.062833,46.739827],[-92.062769,46.739576],[-92.062621,46.739423],[-92.062355,46.739226],[-92.062316,46.739118],[-92.062147,46.738992],[-92.06157,46.738867],[-92.0614,46.738677],[-92.061331,46.738365],[-92.061243,46.738318],[-92.060966,46.738199],[-92.060753,46.738222],[-92.060545,46.738078],[-92.06045,46.737924],[-92.060359,46.737892],[-92.060244,46.737925],[-92.059989,46.737896],[-92.059852,46.737816],[-92.059669,46.737823],[-92.059176,46.737529],[-92.059036,46.737533],[-92.058854,46.737467],[-92.058348,46.737126],[-92.058214,46.737117],[-92.057955,46.736829],[-92.05592,46.735064],[-92.054901,46.734028],[-92.054351,46.733267],[-92.054089,46.732786],[-92.054063,46.732712],[-92.054161,46.732491],[-92.054513,46.732085],[-92.054728,46.731943],[-92.055183,46.731761],[-92.055505,46.731705],[-92.055693,46.73173],[-92.05586,46.731816],[-92.056497,46.732328],[-92.05604,46.732595],[-92.056106,46.732648],[-92.056825,46.732227],[-92.056694,46.732118],[-92.056821,46.732045],[-92.056735,46.731893],[-92.056753,46.731734],[-92.05666,46.731504],[-92.056059,46.731185],[-92.055867,46.731153],[-92.055791,46.731082],[-92.055702,46.730847],[-92.055449,46.730677],[-92.055281,46.730492],[-92.055134,46.730428],[-92.054675,46.729913],[-92.053915,46.729378],[-92.053005,46.728508],[-92.052684,46.728334],[-92.052182,46.728156],[-92.052026,46.728147],[-92.05181,46.728352],[-92.051277,46.728608],[-92.050668,46.729023],[-92.050325,46.729095],[-92.049818,46.728994],[-92.04943,46.728839],[-92.048685,46.728408],[-92.048279,46.728031],[-92.047913,46.72758],[-92.047704,46.727203],[-92.047663,46.726868],[-92.047562,46.726777],[-92.04753,46.726476],[-92.047618,46.725374],[-92.047767,46.724806],[-92.047885,46.724639],[-92.047861,46.724593],[-92.047782,46.724536],[-92.047351,46.724539],[-92.047003,46.724296],[-92.045552,46.723101],[-92.045334,46.722991],[-92.044895,46.722648],[-92.044796,46.72242],[-92.044525,46.722235],[-92.044139,46.7217],[-92.043938,46.7216],[-92.043773,46.721275],[-92.043634,46.7213],[-92.043417,46.721242],[-92.042908,46.72096],[-92.042093,46.72025],[-92.041819,46.720066],[-92.0416,46.719832],[-92.041085,46.719605],[-92.0406,46.719169],[-92.040056,46.718784],[-92.039835,46.718537],[-92.039304,46.71814],[-92.039066,46.718131],[-92.038834,46.717988],[-92.038162,46.717783],[-92.037402,46.717382],[-92.037267,46.717399],[-92.037294,46.717368],[-92.037228,46.71729],[-92.037052,46.717176],[-92.036646,46.716771],[-92.035965,46.715947],[-92.035851,46.715621],[-92.035722,46.715428],[-92.035054,46.715083],[-92.033974,46.714751],[-92.033616,46.714588],[-92.03293,46.714002],[-92.032313,46.713647],[-92.031837,46.713254],[-92.031267,46.712884],[-92.030642,46.712275],[-92.030098,46.711545],[-92.029521,46.711301],[-92.028774,46.710693],[-92.028554,46.710418],[-92.028284,46.709933],[-92.028128,46.709775],[-92.027856,46.709632],[-92.026809,46.709408],[-92.02607,46.709172],[-92.024632,46.708917],[-92.024326,46.708704],[-92.024175,46.708479],[-92.024337,46.708324],[-92.024375,46.708221],[-92.024058,46.708477],[-92.023553,46.708363],[-92.023296,46.708245],[-92.023187,46.708081],[-92.023219,46.707982],[-92.02305,46.707828],[-92.022456,46.707849],[-92.021788,46.70777],[-92.021642,46.707661],[-92.021514,46.707459],[-92.021334,46.707386],[-92.021342,46.707214],[-92.021596,46.707436],[-92.021954,46.707431],[-92.021616,46.707393],[-92.021372,46.707127],[-92.019548,46.706781],[-92.018816,46.70675],[-92.018248,46.706782],[-92.017481,46.706913],[-92.016922,46.707081],[-92.013851,46.708544],[-92.016615,46.707245],[-92.017451,46.706958],[-92.017503,46.707114],[-92.017815,46.707515],[-92.018616,46.708841],[-92.018829,46.709304],[-92.019105,46.710308],[-92.019169,46.710452],[-92.019403,46.71071],[-92.019469,46.710918],[-92.01629,46.711127],[-92.009864,46.711446],[-92.009525,46.711514],[-92.007763,46.711621],[-92.007774,46.711718],[-92.00954,46.711592],[-92.009654,46.711621],[-92.022319,46.710886],[-92.022475,46.710815],[-92.02371,46.710747],[-92.024939,46.711005],[-92.025357,46.711164],[-92.02588,46.711444],[-92.026005,46.711412],[-92.025495,46.711136],[-92.025,46.710937],[-92.024109,46.710741],[-92.024268,46.710686],[-92.024538,46.71071],[-92.025504,46.710943],[-92.025706,46.711056],[-92.025686,46.711172],[-92.025859,46.711166],[-92.026342,46.710986],[-92.026878,46.71111],[-92.027202,46.711292],[-92.028755,46.712575],[-92.030667,46.714422],[-92.031555,46.715219],[-92.031682,46.715383],[-92.032316,46.71587],[-92.03269,46.716254],[-92.033181,46.716638],[-92.033467,46.717052],[-92.033841,46.717422],[-92.034208,46.717613],[-92.034442,46.717829],[-92.035059,46.718545],[-92.035769,46.718973],[-92.036613,46.719833],[-92.037564,46.720505],[-92.038889,46.72171],[-92.039405,46.721998],[-92.040573,46.723052],[-92.040868,46.72323],[-92.041355,46.723749],[-92.041768,46.723995],[-92.043571,46.725431],[-92.044226,46.726185],[-92.044686,46.726463],[-92.045022,46.72686],[-92.048024,46.729456],[-92.048603,46.730095],[-92.049346,46.730629],[-92.049893,46.731114],[-92.050428,46.731706],[-92.050906,46.732101],[-92.052059,46.733275],[-92.05284,46.73389],[-92.053708,46.73486],[-92.054415,46.735401],[-92.056584,46.737544],[-92.057369,46.738238],[-92.057692,46.738657],[-92.058101,46.73896],[-92.058483,46.739383],[-92.05913,46.73995],[-92.05932,46.740223],[-92.060093,46.740956],[-92.060672,46.741639],[-92.061171,46.742046],[-92.061521,46.742431],[-92.061613,46.742594],[-92.063703,46.744679],[-92.064013,46.745064],[-92.064589,46.745572],[-92.06473,46.745852],[-92.066851,46.747948],[-92.067506,46.748634],[-92.067743,46.749006],[-92.068777,46.750011],[-92.069093,46.750518],[-92.069501,46.750766],[-92.070074,46.751436],[-92.07067,46.752007],[-92.070835,46.752194],[-92.07103,46.752587],[-92.071543,46.752954],[-92.071864,46.753436],[-92.072821,46.754312],[-92.073348,46.755073],[-92.073633,46.755402],[-92.073981,46.755779],[-92.074317,46.756021],[-92.074603,46.756347],[-92.074777,46.756676],[-92.075032,46.756881],[-92.075438,46.757411],[-92.076001,46.757938],[-92.076198,46.758291],[-92.076708,46.758958],[-92.077302,46.759595],[-92.077644,46.760168],[-92.078101,46.760591],[-92.078393,46.760999],[-92.078642,46.761176],[-92.079056,46.761809],[-92.079366,46.762086],[-92.079612,46.762428],[-92.080425,46.763319],[-92.080686,46.763544],[-92.081377,46.764374],[-92.081688,46.764871],[-92.082081,46.765277],[-92.082429,46.765765],[-92.082965,46.766366],[-92.083214,46.76685],[-92.083689,46.767478],[-92.084046,46.767793],[-92.084427,46.768439],[-92.084882,46.76893],[-92.085023,46.769176],[-92.085995,46.770355],[-92.086865,46.771544],[-92.087329,46.772077],[-92.087585,46.772542],[-92.08799,46.773058],[-92.089344,46.775339],[-92.089901,46.776071],[-92.090148,46.776524],[-92.091006,46.777472],[-92.091567,46.778458],[-92.091365,46.778521],[-92.091566,46.778831],[-92.087947,46.779986],[-92.087928,46.779953],[-92.087605,46.780058]]],[[[-92.083935,46.756298],[-92.083912,46.756919],[-92.083839,46.75708],[-92.083656,46.757252],[-92.082047,46.757841],[-92.080775,46.758098],[-92.080694,46.758141],[-92.080632,46.758386],[-92.080706,46.758458],[-92.081002,46.758552],[-92.082319,46.760022],[-92.0831,46.760761],[-92.083204,46.760925],[-92.083947,46.761693],[-92.084122,46.76197],[-92.084646,46.762157],[-92.08473,46.762139],[-92.084773,46.762065],[-92.084739,46.761657],[-92.084758,46.7614],[-92.084824,46.761225],[-92.085351,46.760429],[-92.085377,46.760139],[-92.085307,46.759946],[-92.08544,46.759466],[-92.085498,46.758907],[-92.085584,46.758713],[-92.085766,46.758553],[-92.085718,46.758472],[-92.085727,46.758335],[-92.085552,46.75798],[-92.084861,46.757351],[-92.084287,46.756545],[-92.083924,46.756261],[-92.083935,46.756298]]]]}},{"type":"Feature","properties":{"role":"Council Member","city":"Duluth","county":null,"ward":4,"wardName":"District 4","district":null,"stateDistrict":null,"chamber":null,"repName":"David Clanaugh","repParty":"Nonpartisan","repPhotoUrl":"https://duluthmn.gov/media/ndaddmij/david-clanaugh-district-4-city-councilor.jpg","repEmail":"dclanaugh@duluthmn.gov","repPhone":"218-730-5356","termsOfService":[{"termStart":null,"termEnd":null,"current":true,"sourceUrl":"https://duluthmn.gov/city-council/"}],"committees":[],"neighborhoods":[],"officeRoom":null,"profileUrl":"https://duluthmn.gov/city-council/","candidates":[],"isContested":false,"partyUnityPercent":null,"recentVotes":[]},"geometry":{"type":"Polygon","coordinates":[[[-92.158725,46.861936],[-92.156085,46.861941],[-92.156082,46.865571],[-92.160702,46.865561],[-92.160705,46.861932],[-92.16931,46.861915],[-92.169317,46.865542],[-92.174875,46.865529],[-92.174843,46.855913],[-92.176042,46.85591],[-92.176024,46.85103],[-92.195922,46.851012],[-92.195988,46.861892],[-92.211862,46.861868],[-92.211833,46.858244],[-92.206537,46.858252],[-92.206499,46.854645],[-92.201221,46.854642],[-92.201191,46.851026],[-92.206461,46.851039],[-92.20648,46.843797],[-92.211749,46.843804],[-92.211795,46.836884],[-92.210975,46.836769],[-92.210162,46.836573],[-92.192078,46.836571],[-92.192059,46.834762],[-92.193258,46.834763],[-92.193234,46.832955],[-92.195866,46.832957],[-92.195839,46.831325],[-92.193838,46.831148],[-92.19321,46.831147],[-92.193209,46.831084],[-92.191723,46.830857],[-92.190578,46.83061],[-92.189311,46.830259],[-92.188675,46.830035],[-92.188421,46.830194],[-92.18819,46.830249],[-92.187224,46.830309],[-92.185328,46.830306],[-92.185355,46.836569],[-92.174786,46.836557],[-92.174823,46.828258],[-92.174747,46.807582],[-92.174786,46.785838],[-92.174694,46.767741],[-92.173613,46.764034],[-92.17275,46.763343],[-92.171703,46.762805],[-92.16954,46.762132],[-92.167883,46.761446],[-92.165662,46.760335],[-92.165255,46.759946],[-92.165198,46.759748],[-92.164983,46.759491],[-92.163626,46.758407],[-92.163458,46.758114],[-92.163574,46.757226],[-92.163971,46.756693],[-92.164407,46.756419],[-92.164897,46.756206],[-92.164928,46.755959],[-92.164583,46.75572],[-92.164336,46.755742],[-92.162774,46.756457],[-92.160504,46.756971],[-92.160071,46.756977],[-92.159169,46.75686],[-92.155434,46.754382],[-92.1541,46.75533],[-92.146833,46.750527],[-92.144576,46.748934],[-92.146298,46.747048],[-92.147487,46.746392],[-92.145601,46.7452],[-92.14897,46.742709],[-92.14882,46.742472],[-92.148177,46.742084],[-92.14777,46.74205],[-92.147268,46.74183],[-92.146346,46.741113],[-92.143395,46.739036],[-92.143296,46.73876],[-92.139197,46.741454],[-92.139019,46.741627],[-92.138924,46.741913],[-92.138998,46.742134],[-92.139145,46.742297],[-92.143464,46.74511],[-92.143745,46.74525],[-92.1439,46.745553],[-92.143709,46.745642],[-92.143221,46.74569],[-92.143073,46.745858],[-92.143196,46.746009],[-92.143715,46.746344],[-92.143828,46.746486],[-92.143837,46.746623],[-92.143784,46.746682],[-92.143368,46.746796],[-92.1432,46.746719],[-92.143019,46.746515],[-92.142592,46.746195],[-92.142651,46.745892],[-92.143314,46.745472],[-92.143255,46.745377],[-92.143102,46.745319],[-92.142722,46.745344],[-92.14262,46.745232],[-92.142258,46.74502],[-92.141346,46.744662],[-92.140923,46.744802],[-92.140597,46.744821],[-92.140196,46.744753],[-92.139734,46.744849],[-92.139508,46.744801],[-92.139021,46.744848],[-92.138592,46.744825],[-92.138331,46.744744],[-92.13803,46.744762],[-92.137122,46.745107],[-92.136746,46.745099],[-92.136351,46.745344],[-92.135399,46.74495],[-92.135147,46.744779],[-92.134958,46.744557],[-92.134602,46.744358],[-92.134603,46.744287],[-92.134752,46.744161],[-92.13474,46.744097],[-92.13466,46.744184],[-92.134458,46.744246],[-92.134251,46.744216],[-92.13231,46.745451],[-92.138915,46.750217],[-92.138487,46.750602],[-92.137995,46.750954],[-92.131211,46.746061],[-92.131034,46.746148],[-92.137665,46.750959],[-92.137867,46.751054],[-92.136408,46.752107],[-92.136365,46.752075],[-92.135827,46.752434],[-92.128949,46.747549],[-92.128754,46.747675],[-92.133794,46.751305],[-92.133536,46.751466],[-92.13328,46.751529],[-92.132818,46.751364],[-92.132297,46.751074],[-92.13166,46.750626],[-92.13145,46.750519],[-92.131207,46.750468],[-92.130339,46.749888],[-92.130262,46.749925],[-92.129874,46.750594],[-92.129688,46.750809],[-92.1294,46.75101],[-92.128902,46.75131],[-92.127745,46.751665],[-92.127139,46.751751],[-92.127004,46.751663],[-92.126055,46.751524],[-92.125176,46.751295],[-92.12416,46.750674],[-92.123264,46.751219],[-92.122408,46.751826],[-92.123601,46.752619],[-92.124427,46.753063],[-92.124697,46.753389],[-92.125058,46.753592],[-92.125299,46.753865],[-92.125656,46.754122],[-92.12586,46.754206],[-92.126239,46.75453],[-92.127122,46.754962],[-92.127715,46.755361],[-92.128108,46.755909],[-92.127972,46.756271],[-92.12767,46.756501],[-92.12748,46.756523],[-92.127405,46.75634],[-92.127278,46.756302],[-92.127208,46.756341],[-92.127201,46.756453],[-92.127083,46.756607],[-92.126753,46.756798],[-92.126373,46.756879],[-92.126121,46.757007],[-92.126108,46.757038],[-92.126286,46.757213],[-92.125913,46.757056],[-92.12544,46.757027],[-92.125049,46.757078],[-92.124772,46.757231],[-92.123434,46.7582],[-92.122807,46.758396],[-92.122174,46.758493],[-92.12211,46.758535],[-92.122355,46.75865],[-92.122389,46.758741],[-92.122311,46.758826],[-92.120658,46.758194],[-92.120149,46.758023],[-92.120073,46.758037],[-92.119685,46.757702],[-92.119563,46.757616],[-92.119532,46.757636],[-92.12003,46.7581],[-92.121005,46.758536],[-92.121086,46.758631],[-92.121045,46.758727],[-92.12116,46.758736],[-92.12121,46.758695],[-92.12139,46.758744],[-92.12144,46.758866],[-92.121383,46.759009],[-92.121576,46.759137],[-92.121741,46.759328],[-92.12163,46.759565],[-92.12177,46.759766],[-92.122019,46.759958],[-92.122182,46.760015],[-92.122403,46.760005],[-92.123132,46.760522],[-92.123301,46.760706],[-92.123214,46.761131],[-92.123029,46.761225],[-92.122005,46.761309],[-92.121611,46.761399],[-92.121052,46.761331],[-92.121034,46.761441],[-92.121133,46.761795],[-92.121346,46.762007],[-92.121581,46.762417],[-92.121814,46.763095],[-92.121764,46.763367],[-92.121657,46.763539],[-92.121533,46.763584],[-92.121557,46.763626],[-92.12295,46.763715],[-92.123057,46.763737],[-92.123116,46.763825],[-92.123016,46.763909],[-92.122246,46.763904],[-92.122233,46.763949],[-92.12275,46.764238],[-92.122771,46.764284],[-92.122665,46.764365],[-92.12204,46.764008],[-92.121552,46.764066],[-92.121524,46.764133],[-92.121633,46.764296],[-92.121536,46.764433],[-92.121477,46.764686],[-92.12133,46.764784],[-92.12133,46.764989],[-92.12124,46.765024],[-92.121029,46.765028],[-92.120991,46.764941],[-92.120686,46.764665],[-92.120613,46.764471],[-92.120126,46.764146],[-92.119213,46.76414],[-92.118979,46.764095],[-92.118614,46.763886],[-92.116974,46.762551],[-92.116924,46.762399],[-92.114904,46.760606],[-92.113962,46.759683],[-92.112162,46.75833],[-92.111877,46.757825],[-92.111844,46.757836],[-92.111845,46.757714],[-92.111392,46.757642],[-92.111358,46.757169],[-92.111423,46.756607],[-92.111382,46.756359],[-92.111271,46.756172],[-92.109489,46.754621],[-92.109117,46.754392],[-92.106899,46.753308],[-92.106786,46.753074],[-92.106608,46.7529],[-92.105983,46.75292],[-92.105001,46.752719],[-92.104787,46.752611],[-92.104644,46.752447],[-92.104618,46.75248],[-92.104103,46.752445],[-92.103877,46.752202],[-92.103865,46.752073],[-92.103528,46.751969],[-92.103249,46.751744],[-92.102954,46.751276],[-92.102945,46.751128],[-92.102559,46.750905],[-92.102391,46.75089],[-92.102072,46.750707],[-92.101905,46.750751],[-92.101989,46.751069],[-92.102058,46.751106],[-92.102009,46.75129],[-92.101934,46.75138],[-92.101663,46.751463],[-92.101588,46.751587],[-92.101636,46.751701],[-92.101605,46.751757],[-92.102598,46.752948],[-92.104398,46.754748],[-92.106198,46.756148],[-92.109098,46.760048],[-92.109898,46.761048],[-92.111498,46.763248],[-92.115098,46.767948],[-92.116698,46.769948],[-92.116898,46.770148],[-92.117198,46.770348],[-92.117835,46.771102],[-92.112461,46.775211],[-92.112817,46.775514],[-92.112899,46.775694],[-92.112846,46.775959],[-92.112675,46.776221],[-92.111045,46.777706],[-92.110973,46.77789],[-92.111069,46.778047],[-92.111741,46.778028],[-92.112127,46.777894],[-92.113193,46.777103],[-92.113413,46.777167],[-92.113847,46.777188],[-92.11405,46.777324],[-92.114144,46.777497],[-92.114118,46.777715],[-92.11425,46.777848],[-92.118412,46.78051],[-92.117064,46.781543],[-92.117612,46.781666],[-92.118319,46.781473],[-92.118556,46.78129],[-92.118976,46.781121],[-92.1198,46.781329],[-92.121716,46.78259],[-92.114383,46.788242],[-92.118603,46.790972],[-92.115921,46.79298],[-92.1173,46.793157],[-92.118615,46.793571],[-92.120014,46.793794],[-92.120765,46.794189],[-92.121758,46.794124],[-92.121682,46.800172],[-92.121492,46.808612],[-92.121107,46.809085],[-92.120453,46.809525],[-92.120097,46.809647],[-92.120822,46.81006],[-92.122133,46.811037],[-92.12523,46.816856],[-92.126609,46.820019],[-92.126716,46.822018],[-92.131963,46.822129],[-92.131937,46.823159],[-92.132264,46.823729],[-92.132758,46.824395],[-92.133641,46.825038],[-92.148776,46.83341],[-92.1505,46.834605],[-92.152597,46.836547],[-92.153215,46.837732],[-92.153549,46.838729],[-92.1537,46.840182],[-92.153752,46.851072],[-92.163957,46.851031],[-92.164019,46.858265],[-92.15697,46.85831],[-92.156903,46.860987],[-92.158726,46.861021],[-92.158725,46.861936]],[[-92.174819,46.84817],[-92.174809,46.843284],[-92.179089,46.843402],[-92.174819,46.84817]]]}},{"type":"Feature","properties":{"role":"Council Member","city":"Duluth","county":null,"ward":5,"wardName":"District 5","district":null,"stateDistrict":null,"chamber":null,"repName":"Janet Kennedy","repParty":"Nonpartisan","repPhotoUrl":"https://duluthmn.gov/media/9116/janet-kennedy-press.jpg","repEmail":"jkennedy@duluthmn.gov","repPhone":"218-730-5357","termsOfService":[{"termStart":null,"termEnd":null,"current":true,"sourceUrl":"https://duluthmn.gov/city-council/"}],"committees":[],"neighborhoods":[],"officeRoom":null,"profileUrl":"https://duluthmn.gov/city-council/","candidates":[],"isContested":false,"partyUnityPercent":null,"recentVotes":[]},"geometry":{"type":"Polygon","coordinates":[[[-92.237981,46.713404],[-92.237916,46.706215],[-92.245802,46.706163],[-92.245834,46.709766],[-92.253742,46.709727],[-92.25367,46.702547],[-92.258932,46.702519],[-92.258861,46.698942],[-92.258852,46.689764],[-92.264127,46.689731],[-92.26411,46.686374],[-92.265657,46.687265],[-92.266542,46.687954],[-92.267241,46.688585],[-92.268723,46.690108],[-92.269407,46.690725],[-92.269391,46.688148],[-92.274651,46.688117],[-92.274691,46.691721],[-92.279968,46.691687],[-92.301356,46.691784],[-92.301277,46.677308],[-92.301326,46.668097],[-92.300362,46.668263],[-92.300216,46.668401],[-92.300152,46.668408],[-92.300018,46.668323],[-92.299651,46.668323],[-92.299312,46.668237],[-92.298982,46.668271],[-92.298428,46.668168],[-92.297808,46.667941],[-92.297527,46.667753],[-92.297172,46.66764],[-92.296966,46.667429],[-92.296759,46.6673],[-92.29642,46.666922],[-92.296205,46.666856],[-92.295955,46.666493],[-92.296025,46.666429],[-92.295562,46.666317],[-92.295494,46.666081],[-92.295629,46.666063],[-92.296062,46.666138],[-92.296473,46.666115],[-92.296997,46.665989],[-92.297344,46.665824],[-92.296614,46.666062],[-92.295849,46.66609],[-92.295911,46.665821],[-92.29584,46.66583],[-92.295697,46.665562],[-92.294917,46.664747],[-92.294319,46.664434],[-92.294377,46.664416],[-92.294253,46.664322],[-92.294173,46.664348],[-92.294125,46.664286],[-92.294156,46.664273],[-92.293987,46.66412],[-92.293718,46.663944],[-92.293516,46.663922],[-92.293321,46.663823],[-92.292812,46.663775],[-92.292612,46.663852],[-92.292259,46.664251],[-92.2923,46.66495],[-92.292194,46.666063],[-92.292287,46.666417],[-92.292434,46.666723],[-92.29243,46.666973],[-92.292487,46.667009],[-92.292554,46.666954],[-92.292575,46.666883],[-92.293101,46.666314],[-92.293643,46.666005],[-92.294137,46.666066],[-92.294281,46.666152],[-92.295273,46.666084],[-92.295287,46.666138],[-92.294924,46.666256],[-92.294122,46.666258],[-92.293911,46.666455],[-92.293697,46.666502],[-92.29336,46.667061],[-92.293026,46.667753],[-92.29291,46.667876],[-92.29249,46.668123],[-92.292355,46.668349],[-92.291955,46.668559],[-92.290607,46.668906],[-92.289594,46.668899],[-92.289285,46.668772],[-92.289084,46.668768],[-92.288624,46.668647],[-92.287234,46.66782],[-92.286642,46.667339],[-92.285963,46.666473],[-92.28565,46.665781],[-92.285599,46.665018],[-92.285836,46.664274],[-92.286151,46.66368],[-92.286171,46.663549],[-92.286311,46.663342],[-92.286343,46.663145],[-92.286287,46.663088],[-92.286286,46.663004],[-92.28637,46.662942],[-92.286391,46.662791],[-92.286322,46.662448],[-92.286234,46.662288],[-92.285656,46.661811],[-92.285455,46.661769],[-92.285248,46.661618],[-92.285004,46.661523],[-92.285019,46.661495],[-92.284397,46.661219],[-92.282879,46.659796],[-92.282813,46.659685],[-92.282483,46.659426],[-92.282005,46.659185],[-92.28176,46.659189],[-92.281464,46.659297],[-92.280844,46.659272],[-92.280842,46.659334],[-92.280975,46.659376],[-92.280739,46.659445],[-92.279358,46.659403],[-92.277575,46.659085],[-92.277112,46.659065],[-92.276616,46.658644],[-92.276241,46.658565],[-92.276117,46.658882],[-92.276117,46.659039],[-92.275812,46.659702],[-92.275766,46.660339],[-92.275627,46.660325],[-92.275688,46.660094],[-92.275696,46.659548],[-92.275996,46.658678],[-92.275994,46.658436],[-92.275845,46.658295],[-92.275263,46.658149],[-92.274941,46.657996],[-92.274595,46.657745],[-92.274545,46.657796],[-92.274772,46.657953],[-92.274793,46.658059],[-92.274703,46.65801],[-92.274444,46.657799],[-92.274569,46.657733],[-92.273783,46.657202],[-92.273213,46.656453],[-92.27318,46.656277],[-92.273057,46.65614],[-92.272991,46.655933],[-92.273011,46.655258],[-92.272966,46.654485],[-92.272763,46.653881],[-92.272798,46.653821],[-92.272724,46.653799],[-92.272674,46.653711],[-92.272701,46.653606],[-92.272667,46.653507],[-92.272511,46.653348],[-92.272171,46.652646],[-92.271418,46.651867],[-92.270406,46.651307],[-92.26944,46.651011],[-92.269036,46.650971],[-92.268375,46.650988],[-92.267562,46.651124],[-92.267038,46.651283],[-92.266428,46.651579],[-92.265778,46.652014],[-92.265465,46.652149],[-92.264014,46.65316],[-92.263014,46.653984],[-92.262401,46.654582],[-92.261273,46.65641],[-92.26132,46.656486],[-92.261416,46.656481],[-92.261919,46.656257],[-92.262284,46.65619],[-92.26245,46.655932],[-92.262395,46.655848],[-92.262606,46.655523],[-92.26274,46.655491],[-92.262827,46.655353],[-92.263071,46.655258],[-92.263134,46.655299],[-92.263038,46.655368],[-92.262989,46.655516],[-92.262859,46.655544],[-92.262893,46.65562],[-92.262775,46.655969],[-92.262469,46.656074],[-92.262618,46.656146],[-92.262486,46.656452],[-92.26259,46.65652],[-92.262607,46.656585],[-92.262755,46.656573],[-92.263246,46.65576],[-92.263943,46.655233],[-92.264198,46.654909],[-92.264015,46.654833],[-92.263976,46.654732],[-92.264025,46.65479],[-92.264267,46.654839],[-92.265147,46.653717],[-92.266089,46.652845],[-92.266723,46.652356],[-92.26878,46.65187],[-92.269197,46.651832],[-92.269437,46.651887],[-92.269886,46.652107],[-92.270458,46.652545],[-92.270545,46.652904],[-92.270398,46.653068],[-92.270422,46.653207],[-92.270643,46.653549],[-92.270377,46.653717],[-92.270308,46.653824],[-92.271078,46.654644],[-92.271233,46.655155],[-92.271088,46.655655],[-92.270729,46.655989],[-92.270645,46.656152],[-92.270637,46.656542],[-92.27037,46.656899],[-92.270298,46.657127],[-92.271166,46.657041],[-92.27302,46.657186],[-92.273077,46.657258],[-92.272985,46.657335],[-92.2729,46.657322],[-92.272785,46.657433],[-92.272595,46.657783],[-92.27266,46.657809],[-92.272544,46.65782],[-92.272415,46.657762],[-92.272397,46.657637],[-92.272332,46.657551],[-92.272212,46.657524],[-92.272178,46.657441],[-92.271811,46.657472],[-92.271285,46.657281],[-92.271025,46.657239],[-92.270763,46.657387],[-92.270536,46.657601],[-92.270382,46.657628],[-92.270331,46.657906],[-92.270137,46.658082],[-92.270136,46.658237],[-92.269975,46.65854],[-92.270035,46.658617],[-92.270775,46.658816],[-92.270682,46.658863],[-92.269858,46.658818],[-92.269794,46.659064],[-92.269517,46.659229],[-92.269227,46.659246],[-92.26908,46.659351],[-92.268761,46.659457],[-92.268555,46.659433],[-92.268225,46.659474],[-92.268159,46.659227],[-92.268371,46.659171],[-92.268344,46.658978],[-92.268211,46.658833],[-92.268029,46.658863],[-92.267976,46.658816],[-92.268027,46.658655],[-92.268158,46.658637],[-92.26831,46.658345],[-92.268435,46.658325],[-92.268997,46.657911],[-92.268912,46.657458],[-92.269561,46.656761],[-92.269383,46.656486],[-92.269467,46.656502],[-92.269459,46.656388],[-92.269517,46.656336],[-92.26947,46.656309],[-92.269209,46.656315],[-92.269083,46.656364],[-92.268767,46.656698],[-92.268539,46.657144],[-92.268463,46.657569],[-92.268087,46.657962],[-92.267531,46.658138],[-92.266803,46.658123],[-92.266152,46.658182],[-92.265939,46.65825],[-92.265226,46.658873],[-92.265209,46.659041],[-92.264989,46.659313],[-92.264846,46.659351],[-92.264461,46.659283],[-92.264075,46.659433],[-92.262554,46.659591],[-92.262061,46.659566],[-92.260726,46.659282],[-92.260265,46.659261],[-92.259887,46.659376],[-92.259962,46.659289],[-92.260374,46.659162],[-92.260381,46.658875],[-92.260167,46.658782],[-92.259833,46.65882],[-92.259587,46.658741],[-92.259401,46.658736],[-92.258955,46.658754],[-92.258629,46.658915],[-92.258601,46.659036],[-92.258525,46.659059],[-92.258221,46.659049],[-92.25809,46.658954],[-92.256449,46.659045],[-92.255284,46.658938],[-92.255229,46.659028],[-92.255264,46.659078],[-92.255147,46.659169],[-92.255129,46.659086],[-92.255231,46.658931],[-92.254566,46.65875],[-92.253955,46.658515],[-92.253333,46.658163],[-92.253084,46.65793],[-92.252991,46.65771],[-92.25255,46.657444],[-92.2523,46.657234],[-92.252129,46.657209],[-92.251638,46.656877],[-92.250796,46.656138],[-92.250407,46.655907],[-92.249971,46.655498],[-92.249671,46.655285],[-92.249344,46.654896],[-92.249299,46.654775],[-92.248986,46.65454],[-92.248515,46.653908],[-92.247929,46.653415],[-92.245444,46.651825],[-92.244084,46.651082],[-92.24305,46.650742],[-92.242853,46.650786],[-92.242849,46.65085],[-92.243013,46.650989],[-92.243033,46.65105],[-92.242982,46.651112],[-92.242466,46.651244],[-92.2423,46.651208],[-92.242335,46.65098],[-92.242395,46.650936],[-92.242768,46.650909],[-92.242807,46.65084],[-92.242758,46.650796],[-92.242259,46.650788],[-92.241596,46.651047],[-92.241515,46.651092],[-92.241514,46.651178],[-92.241403,46.651227],[-92.240748,46.651407],[-92.240595,46.65143],[-92.240442,46.651364],[-92.240187,46.651361],[-92.240056,46.651456],[-92.239752,46.651382],[-92.23961,46.651384],[-92.239501,46.651454],[-92.239332,46.65143],[-92.239213,46.651351],[-92.239551,46.651254],[-92.240101,46.651222],[-92.241632,46.650733],[-92.242,46.650572],[-92.242221,46.650535],[-92.242221,46.650495],[-92.24184,46.650376],[-92.240647,46.65019],[-92.24011,46.650161],[-92.239031,46.650219],[-92.237833,46.650409],[-92.237351,46.650548],[-92.236157,46.651019],[-92.234768,46.651724],[-92.232817,46.652549],[-92.233132,46.652529],[-92.234104,46.652224],[-92.234303,46.652226],[-92.234509,46.652162],[-92.235216,46.651798],[-92.236114,46.651414],[-92.237019,46.651149],[-92.237681,46.651072],[-92.23787,46.651148],[-92.238419,46.651143],[-92.238526,46.651181],[-92.238532,46.651288],[-92.238387,46.651295],[-92.238313,46.651431],[-92.23816,46.651545],[-92.238278,46.651627],[-92.238745,46.651717],[-92.239186,46.651951],[-92.239889,46.651903],[-92.240223,46.651811],[-92.240444,46.651806],[-92.241022,46.651865],[-92.241776,46.651869],[-92.241954,46.651919],[-92.242643,46.652308],[-92.24284,46.652532],[-92.242872,46.652731],[-92.242944,46.65281],[-92.243053,46.65282],[-92.243308,46.652527],[-92.243432,46.652331],[-92.243432,46.652235],[-92.243519,46.652172],[-92.243603,46.651747],[-92.243882,46.651429],[-92.244019,46.65141],[-92.244202,46.651438],[-92.24434,46.651563],[-92.244394,46.651706],[-92.243887,46.651761],[-92.243705,46.651876],[-92.243648,46.652275],[-92.24341,46.652803],[-92.243285,46.652948],[-92.242953,46.653038],[-92.242939,46.653105],[-92.243142,46.653184],[-92.243165,46.653254],[-92.243348,46.65336],[-92.243444,46.653365],[-92.243557,46.653285],[-92.243444,46.653044],[-92.243627,46.653206],[-92.243751,46.653193],[-92.243653,46.653106],[-92.244035,46.653192],[-92.244114,46.65324],[-92.244111,46.653348],[-92.243857,46.653372],[-92.243707,46.653301],[-92.243591,46.653309],[-92.243459,46.653411],[-92.24302,46.653548],[-92.242722,46.653516],[-92.242653,46.653573],[-92.242661,46.653671],[-92.242811,46.653777],[-92.243129,46.653806],[-92.243167,46.653958],[-92.242632,46.653912],[-92.242506,46.653931],[-92.242522,46.654003],[-92.241623,46.654136],[-92.239903,46.654316],[-92.239013,46.654161],[-92.238237,46.654334],[-92.237755,46.654302],[-92.237245,46.654609],[-92.236307,46.654711],[-92.235652,46.654725],[-92.23497,46.654639],[-92.234213,46.654421],[-92.232793,46.653769],[-92.231488,46.65343],[-92.230605,46.653414],[-92.229048,46.653603],[-92.22817,46.65363],[-92.22752,46.653613],[-92.227285,46.653579],[-92.227112,46.653498],[-92.226961,46.653509],[-92.227042,46.653765],[-92.227056,46.653999],[-92.227211,46.654076],[-92.227364,46.654053],[-92.22753,46.654091],[-92.22757,46.654163],[-92.227512,46.654172],[-92.227341,46.654105],[-92.227069,46.654118],[-92.226941,46.653914],[-92.226969,46.653881],[-92.226855,46.653554],[-92.226432,46.653398],[-92.225992,46.653492],[-92.226009,46.653446],[-92.225375,46.653467],[-92.224763,46.653378],[-92.223373,46.653315],[-92.222663,46.653187],[-92.222358,46.653035],[-92.222182,46.653002],[-92.221291,46.653073],[-92.221142,46.653166],[-92.220948,46.653409],[-92.220481,46.653587],[-92.220252,46.653542],[-92.219766,46.653324],[-92.219453,46.653095],[-92.219116,46.652709],[-92.219189,46.652617],[-92.219142,46.652572],[-92.218637,46.652445],[-92.218172,46.652162],[-92.217866,46.652193],[-92.21706,46.652063],[-92.215656,46.652227],[-92.215178,46.65247],[-92.214497,46.652567],[-92.213787,46.652842],[-92.213931,46.652863],[-92.214075,46.652956],[-92.21437,46.653009],[-92.21462,46.652829],[-92.215301,46.65283],[-92.216527,46.652531],[-92.217006,46.652364],[-92.217155,46.652425],[-92.217642,46.652966],[-92.217659,46.653042],[-92.217525,46.653167],[-92.217568,46.653296],[-92.217824,46.653643],[-92.218035,46.654061],[-92.217715,46.654533],[-92.217556,46.654672],[-92.217233,46.654777],[-92.216765,46.65484],[-92.216534,46.655011],[-92.216388,46.655022],[-92.216251,46.655144],[-92.215802,46.654948],[-92.21568,46.65496],[-92.215597,46.655086],[-92.215227,46.655208],[-92.215169,46.655286],[-92.215061,46.655291],[-92.215007,46.655401],[-92.214828,46.655429],[-92.214811,46.655543],[-92.214579,46.655721],[-92.214657,46.65586],[-92.214728,46.656257],[-92.214534,46.655935],[-92.214523,46.65581],[-92.214369,46.655709],[-92.213898,46.655727],[-92.213824,46.655817],[-92.213853,46.655911],[-92.213815,46.65599],[-92.213681,46.656001],[-92.213658,46.655958],[-92.213767,46.655758],[-92.213688,46.655657],[-92.213363,46.655562],[-92.213303,46.655607],[-92.213278,46.65573],[-92.213093,46.655801],[-92.212704,46.655672],[-92.211577,46.655482],[-92.211363,46.655333],[-92.211293,46.655145],[-92.211518,46.654802],[-92.211724,46.654755],[-92.211684,46.654661],[-92.211573,46.654633],[-92.211467,46.654705],[-92.211329,46.654674],[-92.211447,46.654743],[-92.211421,46.654833],[-92.211192,46.6551],[-92.211108,46.655127],[-92.210748,46.655081],[-92.210216,46.654624],[-92.209841,46.654561],[-92.209635,46.654579],[-92.209548,46.654391],[-92.209908,46.654394],[-92.211021,46.654636],[-92.20993,46.654366],[-92.209617,46.654184],[-92.209466,46.654194],[-92.209435,46.654311],[-92.209474,46.654386],[-92.209344,46.654429],[-92.209381,46.654353],[-92.20935,46.654199],[-92.209294,46.654153],[-92.209366,46.654071],[-92.209401,46.653918],[-92.209101,46.653773],[-92.208745,46.65383],[-92.208038,46.654266],[-92.207892,46.654314],[-92.207629,46.654297],[-92.207573,46.654341],[-92.207559,46.654494],[-92.207331,46.654648],[-92.206826,46.654644],[-92.207004,46.654533],[-92.207529,46.654354],[-92.207504,46.65421],[-92.206168,46.654296],[-92.205714,46.654372],[-92.204468,46.654895],[-92.203812,46.655241],[-92.203481,46.655484],[-92.202868,46.656119],[-92.202582,46.656641],[-92.20262,46.657791],[-92.202965,46.658654],[-92.203135,46.658776],[-92.203177,46.658981],[-92.203843,46.660199],[-92.203977,46.660221],[-92.20409,46.660102],[-92.204111,46.659994],[-92.204108,46.659846],[-92.204019,46.659697],[-92.204083,46.659625],[-92.204044,46.658732],[-92.203967,46.658552],[-92.203363,46.658471],[-92.203245,46.658336],[-92.203169,46.658064],[-92.203332,46.657949],[-92.203335,46.657798],[-92.203151,46.657526],[-92.203037,46.657461],[-92.203068,46.65722],[-92.202888,46.657013],[-92.202923,46.656773],[-92.202876,46.656574],[-92.205208,46.656486],[-92.205866,46.656632],[-92.203587,46.656798],[-92.203429,46.656907],[-92.203118,46.656937],[-92.203205,46.657359],[-92.203563,46.65746],[-92.203577,46.657566],[-92.204004,46.657813],[-92.203982,46.657928],[-92.203884,46.658049],[-92.203975,46.658101],[-92.203983,46.658248],[-92.204033,46.658319],[-92.204243,46.658451],[-92.204282,46.658546],[-92.204476,46.658531],[-92.204635,46.658387],[-92.204803,46.658424],[-92.204891,46.658387],[-92.204983,46.658476],[-92.204802,46.658572],[-92.204723,46.658534],[-92.204836,46.658872],[-92.20513,46.659057],[-92.205538,46.659065],[-92.206203,46.658937],[-92.206668,46.659111],[-92.206766,46.659016],[-92.206931,46.658972],[-92.20706,46.658724],[-92.207227,46.65853],[-92.20744,46.658448],[-92.207969,46.658394],[-92.208623,46.658528],[-92.208923,46.65852],[-92.209943,46.659117],[-92.210732,46.659412],[-92.211758,46.660173],[-92.212335,46.660773],[-92.212303,46.660905],[-92.210716,46.663019],[-92.210827,46.663053],[-92.212118,46.661313],[-92.212309,46.661139],[-92.212448,46.661126],[-92.212628,46.661175],[-92.212631,46.661267],[-92.212708,46.661331],[-92.213215,46.661632],[-92.213836,46.661736],[-92.21411,46.661846],[-92.21434,46.662018],[-92.214463,46.662264],[-92.214467,46.66249],[-92.21513,46.662784],[-92.215246,46.662799],[-92.215381,46.662725],[-92.215501,46.662736],[-92.215381,46.662832],[-92.215439,46.662977],[-92.215255,46.662924],[-92.214909,46.66304],[-92.214666,46.662983],[-92.214591,46.662858],[-92.214261,46.66292],[-92.2142,46.663069],[-92.21429,46.663106],[-92.214239,46.663173],[-92.214002,46.663277],[-92.214072,46.663426],[-92.214186,46.663473],[-92.21429,46.663588],[-92.214267,46.663686],[-92.214034,46.663716],[-92.213888,46.663684],[-92.213739,46.663486],[-92.213472,46.663415],[-92.213419,46.663446],[-92.213817,46.664054],[-92.214072,46.664233],[-92.214322,46.664607],[-92.214298,46.664918],[-92.213353,46.665339],[-92.213059,46.665549],[-92.212943,46.665915],[-92.212823,46.665972],[-92.212713,46.665951],[-92.212666,46.665862],[-92.212761,46.665643],[-92.212731,46.665461],[-92.21261,46.66541],[-92.212435,46.665633],[-92.212137,46.665897],[-92.211869,46.666096],[-92.211559,46.666233],[-92.211565,46.666367],[-92.211388,46.666509],[-92.211063,46.66659],[-92.210987,46.666794],[-92.211217,46.666877],[-92.211257,46.666966],[-92.210822,46.666947],[-92.210712,46.667059],[-92.210391,46.66709],[-92.210217,46.667285],[-92.2098,46.667111],[-92.20974,46.666952],[-92.209858,46.666839],[-92.209481,46.666575],[-92.209438,46.666662],[-92.209253,46.666719],[-92.209144,46.667055],[-92.20894,46.667218],[-92.208752,46.66727],[-92.208609,46.667201],[-92.208214,46.667177],[-92.207838,46.667595],[-92.207517,46.667786],[-92.207293,46.668096],[-92.206902,46.668439],[-92.206936,46.668254],[-92.207254,46.667991],[-92.207282,46.66782],[-92.208758,46.665869],[-92.209746,46.664466],[-92.210696,46.663243],[-92.210579,46.6632],[-92.209408,46.664781],[-92.208962,46.665304],[-92.208692,46.665529],[-92.20832,46.665643],[-92.208333,46.665833],[-92.208236,46.665871],[-92.208004,46.665817],[-92.208088,46.665683],[-92.208068,46.665501],[-92.208172,46.665398],[-92.207912,46.665312],[-92.207824,46.665336],[-92.206755,46.664912],[-92.206431,46.664803],[-92.206313,46.664809],[-92.206236,46.665262],[-92.206296,46.665299],[-92.206154,46.665593],[-92.206335,46.665722],[-92.206363,46.665907],[-92.206758,46.665865],[-92.207377,46.666275],[-92.207616,46.666732],[-92.207615,46.667018],[-92.207452,46.667105],[-92.207367,46.667259],[-92.207159,46.667339],[-92.206397,46.667802],[-92.206238,46.66798],[-92.20627,46.668171],[-92.205673,46.668705],[-92.205609,46.668612],[-92.205331,46.668726],[-92.20525,46.669268],[-92.205378,46.669431],[-92.205405,46.669669],[-92.205483,46.66964],[-92.205593,46.66929],[-92.205758,46.669312],[-92.205895,46.669459],[-92.203949,46.672076],[-92.203735,46.672283],[-92.20354,46.672392],[-92.203201,46.672509],[-92.202834,46.672531],[-92.202577,46.672525],[-92.201457,46.672219],[-92.200938,46.672269],[-92.19973,46.672078],[-92.199201,46.672105],[-92.199072,46.672251],[-92.198974,46.672538],[-92.199124,46.672889],[-92.198961,46.673234],[-92.198988,46.673325],[-92.199232,46.673495],[-92.199242,46.673723],[-92.19921,46.673567],[-92.19884,46.673348],[-92.198836,46.673185],[-92.198965,46.67295],[-92.198979,46.672791],[-92.198848,46.672626],[-92.198749,46.672622],[-92.198491,46.672937],[-92.198334,46.672953],[-92.198177,46.673064],[-92.198056,46.673203],[-92.197825,46.673338],[-92.197647,46.673562],[-92.197569,46.673778],[-92.197577,46.674003],[-92.197521,46.674227],[-92.197244,46.674688],[-92.197103,46.675061],[-92.197244,46.675315],[-92.197331,46.675373],[-92.197784,46.675004],[-92.198172,46.675068],[-92.199398,46.675673],[-92.200207,46.675726],[-92.200487,46.675627],[-92.200635,46.675672],[-92.200672,46.675738],[-92.200913,46.675779],[-92.201206,46.676002],[-92.201227,46.676136],[-92.201018,46.676335],[-92.201023,46.67643],[-92.20123,46.676583],[-92.201234,46.676678],[-92.201031,46.676867],[-92.201045,46.677098],[-92.201161,46.677226],[-92.20124,46.677514],[-92.201331,46.67849],[-92.201276,46.678872],[-92.201318,46.679004],[-92.2014,46.679073],[-92.201274,46.679292],[-92.201132,46.679432],[-92.201101,46.6796],[-92.201149,46.679766],[-92.201498,46.680099],[-92.20183,46.680914],[-92.202065,46.68104],[-92.202386,46.681098],[-92.202435,46.681163],[-92.202387,46.681225],[-92.202518,46.68138],[-92.202754,46.681538],[-92.202951,46.681814],[-92.202791,46.681975],[-92.203046,46.682173],[-92.203205,46.682139],[-92.2034,46.68224],[-92.20497,46.683891],[-92.205125,46.684192],[-92.205127,46.684385],[-92.201743,46.68586],[-92.201651,46.686007],[-92.201364,46.686181],[-92.201384,46.686244],[-92.198263,46.687763],[-92.197678,46.688277],[-92.197796,46.688282],[-92.199714,46.687317],[-92.200276,46.687129],[-92.200497,46.687127],[-92.200933,46.686985],[-92.201301,46.687139],[-92.201321,46.687205],[-92.201448,46.687202],[-92.201904,46.687443],[-92.201865,46.687612],[-92.202664,46.687652],[-92.202732,46.687717],[-92.202674,46.687773],[-92.202717,46.687916],[-92.202868,46.687888],[-92.203149,46.687428],[-92.203307,46.687304],[-92.203158,46.687573],[-92.203505,46.687572],[-92.203737,46.687631],[-92.203925,46.687753],[-92.204026,46.687908],[-92.204289,46.688056],[-92.204602,46.688056],[-92.204834,46.687986],[-92.205017,46.687863],[-92.204997,46.68796],[-92.204581,46.68811],[-92.204412,46.688115],[-92.204159,46.688026],[-92.204021,46.68795],[-92.203903,46.687813],[-92.203668,46.687707],[-92.203447,46.687639],[-92.203251,46.687641],[-92.203101,46.687708],[-92.203089,46.687926],[-92.203133,46.688028],[-92.202923,46.688316],[-92.202968,46.688497],[-92.203277,46.688703],[-92.203351,46.688665],[-92.203295,46.688434],[-92.203439,46.688376],[-92.203654,46.688406],[-92.203821,46.688602],[-92.203847,46.688911],[-92.204041,46.688989],[-92.204164,46.688979],[-92.204237,46.689039],[-92.204224,46.689235],[-92.204488,46.689519],[-92.204602,46.6897],[-92.204666,46.68992],[-92.204658,46.690089],[-92.204544,46.690373],[-92.203573,46.692105],[-92.203341,46.692603],[-92.203273,46.693038],[-92.203299,46.693391],[-92.203448,46.693793],[-92.203789,46.694284],[-92.204156,46.694643],[-92.205883,46.695647],[-92.205994,46.695688],[-92.206079,46.695628],[-92.2055,46.695271],[-92.205462,46.695185],[-92.205508,46.695104],[-92.205648,46.695121],[-92.205887,46.695242],[-92.206145,46.695473],[-92.206771,46.695632],[-92.207256,46.695861],[-92.20736,46.69602],[-92.20754,46.69612],[-92.207577,46.696216],[-92.207522,46.696309],[-92.206855,46.69609],[-92.206161,46.69569],[-92.206088,46.695744],[-92.20672,46.69616],[-92.207106,46.696552],[-92.207333,46.696709],[-92.207513,46.696932],[-92.207566,46.697073],[-92.207856,46.697305],[-92.208187,46.697816],[-92.208174,46.698118],[-92.208009,46.698215],[-92.208466,46.698234],[-92.208525,46.697913],[-92.208754,46.69774],[-92.208928,46.697742],[-92.208983,46.698168],[-92.209078,46.698375],[-92.208635,46.6983],[-92.208671,46.69844],[-92.208612,46.698543],[-92.208518,46.698302],[-92.208186,46.698334],[-92.208271,46.698414],[-92.208297,46.698683],[-92.208107,46.69962],[-92.208123,46.699764],[-92.208031,46.699992],[-92.207915,46.700129],[-92.207747,46.700277],[-92.207596,46.700497],[-92.207242,46.700782],[-92.207214,46.700938],[-92.207256,46.700978],[-92.207306,46.701458],[-92.207278,46.701584],[-92.207592,46.701995],[-92.207622,46.702392],[-92.207399,46.703019],[-92.207453,46.703116],[-92.207402,46.703612],[-92.207333,46.703682],[-92.207311,46.703959],[-92.207161,46.704313],[-92.206906,46.704634],[-92.206777,46.704681],[-92.206423,46.704684],[-92.206411,46.704628],[-92.206277,46.704737],[-92.206209,46.704873],[-92.206068,46.704832],[-92.205788,46.704845],[-92.205866,46.704769],[-92.205809,46.704714],[-92.205664,46.70473],[-92.205527,46.704776],[-92.205396,46.704895],[-92.204999,46.705051],[-92.204288,46.705666],[-92.204214,46.705831],[-92.204076,46.705918],[-92.204163,46.70601],[-92.20411,46.706066],[-92.203945,46.706053],[-92.202543,46.705438],[-92.201988,46.705755],[-92.203586,46.706442],[-92.203277,46.706754],[-92.201488,46.705994],[-92.20093,46.706205],[-92.203024,46.707108],[-92.202737,46.707413],[-92.201074,46.706758],[-92.200583,46.706494],[-92.20053,46.706496],[-92.200101,46.706963],[-92.200081,46.707084],[-92.200339,46.70773],[-92.200159,46.708002],[-92.200156,46.708238],[-92.199866,46.708742],[-92.199775,46.709083],[-92.199604,46.709291],[-92.199315,46.709384],[-92.199218,46.709577],[-92.19907,46.709617],[-92.199049,46.709797],[-92.198774,46.7101],[-92.198686,46.71044],[-92.198573,46.710481],[-92.198575,46.71053],[-92.198699,46.710543],[-92.198717,46.710418],[-92.198823,46.710345],[-92.198979,46.71036],[-92.199335,46.71078],[-92.19949,46.710725],[-92.199906,46.710424],[-92.199938,46.71017],[-92.20017,46.709918],[-92.200633,46.709656],[-92.200836,46.709958],[-92.201368,46.710193],[-92.201729,46.710142],[-92.201842,46.710308],[-92.201779,46.71044],[-92.201609,46.710508],[-92.201232,46.710526],[-92.201231,46.710597],[-92.20136,46.710689],[-92.201355,46.711038],[-92.201031,46.711302],[-92.200776,46.711333],[-92.200282,46.71171],[-92.199816,46.711832],[-92.199204,46.712216],[-92.199067,46.712492],[-92.198963,46.712494],[-92.198792,46.711959],[-92.198888,46.711657],[-92.199187,46.711433],[-92.199343,46.711237],[-92.199372,46.71098],[-92.199169,46.710887],[-92.199217,46.710722],[-92.198839,46.710416],[-92.198783,46.710623],[-92.198402,46.710622],[-92.198109,46.710877],[-92.197663,46.711439],[-92.197419,46.711531],[-92.197416,46.711682],[-92.197236,46.71183],[-92.197246,46.71199],[-92.197158,46.712237],[-92.196629,46.713156],[-92.196436,46.713366],[-92.195709,46.713861],[-92.195207,46.714286],[-92.19445,46.714526],[-92.194212,46.714691],[-92.193783,46.714834],[-92.193669,46.714922],[-92.194131,46.715046],[-92.194887,46.714996],[-92.19531,46.715046],[-92.195546,46.714924],[-92.195728,46.714937],[-92.195973,46.715124],[-92.196228,46.715177],[-92.19625,46.715241],[-92.195713,46.715448],[-92.195751,46.715605],[-92.196161,46.715771],[-92.196373,46.715794],[-92.196452,46.715748],[-92.19642,46.715657],[-92.196514,46.715557],[-92.196642,46.715534],[-92.196649,46.715463],[-92.196805,46.715458],[-92.19686,46.715364],[-92.196945,46.715338],[-92.196915,46.715448],[-92.196959,46.715595],[-92.197059,46.715652],[-92.196867,46.715715],[-92.196725,46.71562],[-92.196663,46.715649],[-92.196704,46.715765],[-92.196517,46.715863],[-92.196266,46.715903],[-92.195906,46.715848],[-92.195476,46.715637],[-92.19494,46.715623],[-92.194789,46.715711],[-92.194734,46.715919],[-92.19458,46.716116],[-92.194088,46.71642],[-92.193979,46.716629],[-92.193063,46.716964],[-92.192408,46.717089],[-92.192058,46.717251],[-92.191679,46.71773],[-92.191535,46.717817],[-92.191325,46.718491],[-92.191353,46.718726],[-92.191182,46.719201],[-92.19103,46.719385],[-92.190824,46.719517],[-92.190283,46.71958],[-92.189977,46.719668],[-92.189871,46.719632],[-92.1898,46.719544],[-92.188612,46.719137],[-92.187588,46.718696],[-92.187243,46.718593],[-92.18707,46.718604],[-92.186863,46.718728],[-92.186663,46.718882],[-92.186519,46.719177],[-92.186467,46.719333],[-92.186499,46.719613],[-92.186678,46.719915],[-92.187135,46.720242],[-92.187225,46.720369],[-92.187242,46.720534],[-92.187628,46.721287],[-92.187613,46.721344],[-92.187314,46.721289],[-92.186902,46.720943],[-92.186646,46.720796],[-92.186139,46.720653],[-92.185769,46.720608],[-92.185673,46.72068],[-92.185499,46.720621],[-92.185379,46.72067],[-92.185353,46.720826],[-92.185261,46.72087],[-92.1848,46.720701],[-92.183758,46.720478],[-92.182998,46.720135],[-92.182512,46.720388],[-92.182414,46.720487],[-92.182261,46.721405],[-92.182452,46.721947],[-92.182646,46.722317],[-92.182445,46.72246],[-92.182431,46.722954],[-92.1825,46.723015],[-92.182644,46.723019],[-92.182909,46.72288],[-92.183052,46.722902],[-92.183465,46.723068],[-92.183646,46.72308],[-92.183664,46.723185],[-92.183739,46.723219],[-92.183935,46.72323],[-92.18388,46.723299],[-92.183812,46.723298],[-92.18306,46.723215],[-92.182939,46.723293],[-92.182951,46.723336],[-92.184607,46.723593],[-92.184873,46.723586],[-92.185253,46.7235],[-92.18542,46.723362],[-92.18565,46.72332],[-92.185997,46.723546],[-92.186249,46.723471],[-92.18649,46.723472],[-92.186833,46.723929],[-92.187107,46.723903],[-92.187413,46.723778],[-92.187739,46.723895],[-92.18785,46.723888],[-92.187837,46.723792],[-92.187934,46.723722],[-92.188328,46.723707],[-92.188485,46.723719],[-92.188613,46.723893],[-92.188281,46.723771],[-92.188011,46.723781],[-92.187911,46.723903],[-92.187814,46.723941],[-92.187391,46.723848],[-92.187131,46.723958],[-92.187124,46.724003],[-92.186777,46.723995],[-92.18659,46.723689],[-92.186341,46.723524],[-92.186075,46.723629],[-92.185888,46.723586],[-92.185598,46.723391],[-92.185427,46.723535],[-92.185114,46.723635],[-92.184615,46.723679],[-92.183911,46.723627],[-92.183399,46.723498],[-92.182918,46.723491],[-92.182818,46.723527],[-92.183171,46.723555],[-92.183422,46.723681],[-92.183445,46.723803],[-92.183315,46.72397],[-92.18309,46.724029],[-92.182857,46.724053],[-92.182708,46.72384],[-92.182517,46.72378],[-92.182182,46.723798],[-92.181646,46.723993],[-92.181374,46.724011],[-92.180929,46.723941],[-92.180783,46.723865],[-92.180676,46.723677],[-92.17947,46.72315],[-92.178665,46.722176],[-92.177916,46.721681],[-92.177388,46.721241],[-92.17729,46.721034],[-92.17762,46.720232],[-92.177451,46.719985],[-92.177447,46.719849],[-92.177345,46.719629],[-92.177375,46.719508],[-92.177001,46.719384],[-92.176498,46.71937],[-92.175469,46.719456],[-92.175143,46.719574],[-92.17505,46.719698],[-92.175005,46.719976],[-92.175134,46.720206],[-92.17642,46.721136],[-92.176535,46.721321],[-92.176543,46.721545],[-92.17664,46.721783],[-92.176611,46.721911],[-92.176717,46.722224],[-92.176698,46.722284],[-92.176529,46.722484],[-92.176344,46.722574],[-92.176279,46.722755],[-92.176369,46.722878],[-92.176392,46.723138],[-92.176338,46.723224],[-92.176451,46.723337],[-92.176523,46.723526],[-92.176583,46.724626],[-92.176519,46.725129],[-92.176434,46.725317],[-92.176311,46.725373],[-92.176303,46.725448],[-92.176527,46.725492],[-92.176833,46.725838],[-92.176886,46.726004],[-92.176821,46.726127],[-92.177023,46.726404],[-92.176989,46.726508],[-92.176908,46.726393],[-92.176747,46.726349],[-92.176682,46.726423],[-92.176682,46.726533],[-92.176866,46.726585],[-92.176858,46.726901],[-92.176784,46.72699],[-92.176893,46.727116],[-92.176826,46.727332],[-92.176783,46.727268],[-92.176863,46.727135],[-92.176761,46.727019],[-92.176756,46.726951],[-92.176834,46.726875],[-92.176806,46.726621],[-92.176581,46.726697],[-92.176488,46.726851],[-92.176241,46.727012],[-92.176253,46.726918],[-92.175909,46.726649],[-92.17554,46.726663],[-92.175127,46.726265],[-92.175146,46.725896],[-92.174948,46.725769],[-92.17462,46.725687],[-92.174549,46.725612],[-92.174403,46.725385],[-92.174023,46.724414],[-92.173312,46.72409],[-92.172569,46.723904],[-92.172506,46.72381],[-92.172435,46.72327],[-92.172302,46.722887],[-92.172532,46.722178],[-92.172739,46.72106],[-92.173571,46.720593],[-92.173992,46.720461],[-92.17375,46.720355],[-92.173513,46.72013],[-92.172965,46.719901],[-92.172636,46.719642],[-92.170791,46.718962],[-92.170579,46.718947],[-92.167693,46.719829],[-92.167538,46.720007],[-92.167493,46.720223],[-92.167391,46.720376],[-92.167328,46.720684],[-92.167236,46.720778],[-92.167146,46.720771],[-92.167129,46.726416],[-92.16648,46.72643],[-92.166186,46.726217],[-92.166065,46.724393],[-92.166005,46.724015],[-92.165891,46.723925],[-92.166046,46.723421],[-92.16591,46.722137],[-92.165989,46.721959],[-92.16595,46.7218],[-92.166165,46.720818],[-92.166162,46.720243],[-92.165617,46.720214],[-92.164751,46.719955],[-92.164103,46.720054],[-92.163926,46.72014],[-92.163804,46.720295],[-92.16369,46.720597],[-92.163387,46.72111],[-92.163622,46.721407],[-92.163762,46.721485],[-92.163857,46.721467],[-92.163963,46.721352],[-92.163717,46.721345],[-92.163694,46.721116],[-92.163838,46.720886],[-92.163967,46.720771],[-92.164055,46.720794],[-92.164148,46.72087],[-92.163907,46.721158],[-92.163927,46.721246],[-92.164217,46.721399],[-92.164564,46.721668],[-92.164622,46.721886],[-92.164397,46.722184],[-92.164322,46.722392],[-92.164322,46.722593],[-92.164061,46.722984],[-92.163753,46.7233],[-92.162994,46.723463],[-92.162842,46.723608],[-92.162723,46.723913],[-92.163014,46.724229],[-92.163033,46.724455],[-92.162915,46.724659],[-92.162771,46.724757],[-92.16289,46.724992],[-92.162959,46.725416],[-92.162787,46.725892],[-92.162331,46.72681],[-92.162137,46.726801],[-92.162649,46.725622],[-92.162626,46.725473],[-92.162564,46.725417],[-92.162069,46.725543],[-92.161944,46.725644],[-92.161993,46.725818],[-92.16194,46.726295],[-92.16201,46.726427],[-92.162004,46.72653],[-92.161905,46.726778],[-92.161725,46.72676],[-92.161822,46.724678],[-92.161819,46.719516],[-92.159873,46.719506],[-92.15984,46.719988],[-92.159749,46.72008],[-92.159304,46.720328],[-92.158329,46.720614],[-92.157601,46.720892],[-92.156976,46.720907],[-92.156358,46.720815],[-92.155493,46.720599],[-92.155571,46.72074],[-92.155862,46.720989],[-92.15642,46.721621],[-92.157038,46.722185],[-92.157441,46.72241],[-92.158067,46.722622],[-92.159272,46.722764],[-92.159514,46.722985],[-92.159677,46.723229],[-92.159763,46.723469],[-92.159802,46.724263],[-92.159758,46.72498],[-92.159682,46.725164],[-92.159565,46.725296],[-92.159598,46.725466],[-92.15954,46.725537],[-92.159644,46.725854],[-92.159538,46.725915],[-92.151939,46.720106],[-92.151555,46.720133],[-92.150624,46.720495],[-92.150192,46.720486],[-92.150177,46.720637],[-92.150467,46.720926],[-92.150743,46.721105],[-92.151517,46.721759],[-92.151791,46.721886],[-92.152437,46.722338],[-92.15275,46.72266],[-92.153093,46.722855],[-92.154788,46.72415],[-92.15503,46.724453],[-92.155322,46.724588],[-92.156139,46.725253],[-92.156217,46.725366],[-92.156104,46.725419],[-92.155973,46.725357],[-92.155432,46.724937],[-92.155294,46.724767],[-92.155046,46.724646],[-92.154325,46.723995],[-92.15363,46.723516],[-92.152911,46.722897],[-92.152611,46.722722],[-92.15292,46.72295],[-92.152971,46.723015],[-92.152961,46.723089],[-92.15217,46.723619],[-92.152148,46.723671],[-92.1522,46.723706],[-92.152404,46.723751],[-92.152337,46.723882],[-92.152056,46.72391],[-92.151895,46.724067],[-92.151709,46.724006],[-92.151694,46.72404],[-92.152408,46.724429],[-92.152492,46.724358],[-92.152483,46.724265],[-92.152587,46.724227],[-92.152621,46.724265],[-92.152593,46.724395],[-92.152421,46.724529],[-92.152629,46.724677],[-92.152703,46.724876],[-92.152623,46.72494],[-92.152778,46.725149],[-92.153057,46.725083],[-92.153425,46.725084],[-92.153493,46.724988],[-92.153581,46.724998],[-92.153644,46.725114],[-92.153545,46.725345],[-92.152805,46.72533],[-92.153012,46.725634],[-92.15321,46.725584],[-92.153457,46.725794],[-92.153558,46.725742],[-92.153746,46.725741],[-92.153946,46.72581],[-92.154079,46.72575],[-92.15413,46.725667],[-92.154201,46.7257],[-92.154229,46.725799],[-92.154281,46.725805],[-92.15441,46.72575],[-92.15471,46.725372],[-92.154884,46.725373],[-92.155005,46.725426],[-92.155061,46.725485],[-92.155095,46.725691],[-92.154925,46.725778],[-92.154711,46.725776],[-92.154614,46.725819],[-92.154596,46.725901],[-92.154701,46.726018],[-92.154821,46.726055],[-92.155187,46.726045],[-92.1553,46.726096],[-92.15564,46.726541],[-92.15589,46.726763],[-92.155921,46.726945],[-92.15582,46.727321],[-92.155757,46.727395],[-92.156502,46.728008],[-92.156618,46.728066],[-92.157173,46.728156],[-92.157378,46.728302],[-92.157295,46.728338],[-92.157068,46.728206],[-92.156439,46.728092],[-92.155973,46.727746],[-92.155579,46.727359],[-92.155328,46.727266],[-92.154906,46.726924],[-92.154853,46.726827],[-92.154938,46.726554],[-92.154803,46.726292],[-92.154712,46.726218],[-92.154538,46.726188],[-92.154463,46.726373],[-92.154315,46.726509],[-92.154267,46.72651],[-92.154122,46.726335],[-92.153973,46.726353],[-92.153822,46.726259],[-92.153865,46.726423],[-92.154078,46.72649],[-92.154305,46.726636],[-92.154239,46.726665],[-92.153781,46.726494],[-92.153794,46.726415],[-92.153515,46.726373],[-92.152942,46.726001],[-92.152751,46.726088],[-92.152028,46.725869],[-92.151795,46.725974],[-92.151724,46.725916],[-92.15178,46.725831],[-92.151662,46.725833],[-92.151389,46.725901],[-92.15135,46.72622],[-92.151277,46.726395],[-92.150958,46.726896],[-92.150647,46.727248],[-92.150647,46.727671],[-92.150561,46.728041],[-92.150392,46.728318],[-92.145508,46.728295],[-92.145556,46.728559],[-92.145514,46.728629],[-92.145616,46.728687],[-92.145701,46.728669],[-92.145689,46.728622],[-92.14576,46.728564],[-92.146109,46.728524],[-92.147257,46.728525],[-92.148874,46.729193],[-92.149521,46.729524],[-92.149658,46.729674],[-92.150001,46.729865],[-92.149988,46.729986],[-92.150096,46.730121],[-92.157245,46.73015],[-92.157245,46.730351],[-92.157373,46.730356],[-92.157731,46.730553],[-92.158076,46.730556],[-92.158128,46.73059],[-92.158208,46.730802],[-92.158109,46.731385],[-92.158193,46.732047],[-92.158169,46.732755],[-92.158312,46.733143],[-92.15835,46.733427],[-92.158192,46.733805],[-92.157807,46.734028],[-92.157341,46.734707],[-92.157163,46.734882],[-92.156291,46.735157],[-92.155888,46.735194],[-92.155844,46.73516],[-92.155552,46.735215],[-92.15392,46.735208],[-92.153668,46.735041],[-92.15108,46.735038],[-92.150732,46.735144],[-92.14867,46.735215],[-92.148645,46.735265],[-92.148686,46.735316],[-92.15028,46.735326],[-92.15066,46.735541],[-92.150847,46.735801],[-92.151026,46.735855],[-92.151685,46.735913],[-92.151853,46.736454],[-92.151855,46.736783],[-92.152051,46.737229],[-92.152333,46.737394],[-92.152606,46.737456],[-92.152872,46.737424],[-92.152976,46.737352],[-92.153039,46.73721],[-92.153114,46.736617],[-92.153153,46.736589],[-92.153091,46.736247],[-92.153127,46.736085],[-92.153711,46.736174],[-92.153825,46.736302],[-92.154235,46.736309],[-92.154358,46.736201],[-92.154489,46.736162],[-92.154497,46.736027],[-92.154328,46.735977],[-92.154321,46.735907],[-92.154505,46.735804],[-92.15453,46.735713],[-92.154651,46.735609],[-92.154656,46.735409],[-92.15573,46.735406],[-92.155753,46.735448],[-92.15585,46.735405],[-92.156173,46.735408],[-92.156087,46.735531],[-92.156251,46.735635],[-92.156383,46.73583],[-92.156658,46.735785],[-92.15671,46.73569],[-92.156817,46.735748],[-92.155828,46.737445],[-92.155258,46.738286],[-92.154751,46.738897],[-92.1545,46.739071],[-92.153672,46.739064],[-92.153055,46.738945],[-92.153028,46.739231],[-92.152912,46.73937],[-92.152404,46.739685],[-92.152298,46.739708],[-92.151985,46.739942],[-92.152019,46.740045],[-92.152761,46.739951],[-92.153352,46.739713],[-92.153569,46.739783],[-92.153629,46.739834],[-92.153634,46.739945],[-92.153773,46.740028],[-92.153932,46.739976],[-92.154247,46.740023],[-92.154623,46.740201],[-92.154832,46.739922],[-92.15493,46.739904],[-92.155194,46.73972],[-92.155429,46.739339],[-92.15594,46.739146],[-92.155954,46.739191],[-92.155514,46.739345],[-92.155227,46.739761],[-92.154882,46.739957],[-92.154748,46.740231],[-92.154848,46.74026],[-92.154876,46.740332],[-92.154841,46.740488],[-92.154635,46.740641],[-92.154143,46.74077],[-92.154119,46.740851],[-92.154037,46.740875],[-92.15395,46.740993],[-92.153922,46.741326],[-92.153579,46.741709],[-92.153168,46.741957],[-92.152903,46.742193],[-92.152015,46.742683],[-92.151821,46.742697],[-92.151064,46.74217],[-92.151001,46.742066],[-92.151028,46.742017],[-92.153708,46.740127],[-92.153574,46.740014],[-92.153386,46.739991],[-92.152753,46.740308],[-92.152407,46.740289],[-92.152188,46.740541],[-92.151523,46.740856],[-92.151401,46.74103],[-92.151079,46.741198],[-92.150435,46.741819],[-92.150078,46.741933],[-92.149976,46.741922],[-92.149578,46.741653],[-92.149311,46.741547],[-92.147812,46.740478],[-92.146453,46.739622],[-92.146265,46.739461],[-92.145866,46.739249],[-92.145659,46.7391],[-92.145561,46.738949],[-92.145176,46.73874],[-92.1452,46.738706],[-92.144322,46.73812],[-92.14381,46.738373],[-92.143296,46.73876],[-92.143395,46.739036],[-92.146346,46.741113],[-92.146911,46.741593],[-92.147268,46.74183],[-92.14777,46.74205],[-92.148399,46.742105],[-92.14882,46.742472],[-92.149013,46.742776],[-92.145601,46.7452],[-92.147487,46.746392],[-92.146298,46.747048],[-92.144576,46.748934],[-92.146833,46.750527],[-92.1541,46.75533],[-92.155434,46.754382],[-92.159169,46.75686],[-92.160071,46.756977],[-92.160504,46.756971],[-92.162774,46.756457],[-92.164336,46.755742],[-92.164583,46.75572],[-92.164928,46.755959],[-92.164897,46.756206],[-92.164407,46.756419],[-92.163971,46.756693],[-92.163574,46.757226],[-92.163458,46.758114],[-92.163626,46.758407],[-92.164983,46.759491],[-92.165198,46.759748],[-92.165255,46.759946],[-92.165662,46.760335],[-92.167883,46.761446],[-92.16954,46.762132],[-92.171703,46.762805],[-92.17275,46.763343],[-92.173613,46.764034],[-92.174708,46.767741],[-92.174723,46.764133],[-92.216847,46.764146],[-92.216993,46.756848],[-92.21169,46.756854],[-92.211762,46.749721],[-92.217058,46.749726],[-92.21711,46.727975],[-92.217022,46.72076],[-92.227497,46.720639],[-92.238055,46.720616],[-92.237981,46.713404]],[[-92.252745,46.66168],[-92.252481,46.661751],[-92.25237,46.6619],[-92.252224,46.661858],[-92.251493,46.661931],[-92.25115,46.661787],[-92.251028,46.661807],[-92.250964,46.661716],[-92.250608,46.661621],[-92.250312,46.661413],[-92.250121,46.661042],[-92.250657,46.660269],[-92.251034,46.659945],[-92.251214,46.659678],[-92.252004,46.659275],[-92.252544,46.658718],[-92.252726,46.658721],[-92.252987,46.658871],[-92.254237,46.659294],[-92.254864,46.65947],[-92.255039,46.659449],[-92.255193,46.659495],[-92.25523,46.659573],[-92.255122,46.659887],[-92.25525,46.659989],[-92.255155,46.660333],[-92.254857,46.660621],[-92.254184,46.660971],[-92.254272,46.661069],[-92.254194,46.661032],[-92.254041,46.661199],[-92.254059,46.661344],[-92.253884,46.661394],[-92.253952,46.661469],[-92.253904,46.661486],[-92.253787,46.66142],[-92.253661,46.661445],[-92.253512,46.661375],[-92.253373,46.661424],[-92.253279,46.661515],[-92.252745,46.66168]],[[-92.149449,46.743648],[-92.149304,46.74354],[-92.149233,46.74343],[-92.149245,46.743336],[-92.149602,46.743027],[-92.150703,46.742242],[-92.150919,46.742221],[-92.151796,46.7428],[-92.151803,46.742925],[-92.151405,46.743243],[-92.151004,46.743431],[-92.151005,46.74352],[-92.150928,46.7436],[-92.150428,46.743992],[-92.150162,46.743909],[-92.150011,46.743934],[-92.149449,46.743648]],[[-92.153605,46.727101],[-92.153689,46.727075],[-92.153975,46.7272],[-92.154041,46.727196],[-92.154156,46.72709],[-92.154305,46.727141],[-92.154505,46.72739],[-92.154889,46.727568],[-92.154904,46.72764],[-92.15485,46.727732],[-92.154992,46.727795],[-92.155106,46.727709],[-92.155257,46.727765],[-92.155326,46.727743],[-92.155338,46.727677],[-92.155125,46.727565],[-92.155126,46.727497],[-92.155412,46.727616],[-92.155529,46.727687],[-92.155541,46.727769],[-92.155482,46.727763],[-92.155478,46.727698],[-92.155392,46.72773],[-92.155374,46.727933],[-92.155564,46.728075],[-92.155484,46.728166],[-92.155394,46.728186],[-92.155397,46.728138],[-92.15527,46.728081],[-92.15505,46.728052],[-92.154991,46.727863],[-92.154755,46.727851],[-92.154601,46.72778],[-92.154501,46.727805],[-92.154525,46.727991],[-92.155017,46.72825],[-92.154926,46.728292],[-92.154941,46.728345],[-92.154625,46.728307],[-92.154461,46.728344],[-92.154419,46.728192],[-92.154263,46.728165],[-92.154257,46.728067],[-92.154206,46.728029],[-92.153882,46.72792],[-92.153611,46.727897],[-92.153762,46.727825],[-92.153834,46.727694],[-92.153819,46.727216],[-92.153605,46.727101]],[[-92.201047,46.709366],[-92.201065,46.709428],[-92.200994,46.709564],[-92.201042,46.709682],[-92.201209,46.709739],[-92.201187,46.709806],[-92.200845,46.709791],[-92.200683,46.709691],[-92.200677,46.709622],[-92.200785,46.7096],[-92.201047,46.709366]]]}},{"type":"Feature","properties":{"role":"Council Member","city":"St. Cloud","county":null,"ward":3,"wardName":null,"district":null,"stateDistrict":null,"chamber":null,"repName":"Hudda Ibrahim","repParty":"Nonpartisan","repPhotoUrl":"https://www.ci.stcloud.mn.us/ImageRepository/Document?documentID=28665","repEmail":"hudda.ibrahim@ci.stcloud.mn.us","repPhone":"612-987-7323","termsOfService":[{"termStart":null,"termEnd":null,"current":true,"sourceUrl":"https://www.ci.stcloud.mn.us/81/City-Council"}],"committees":[],"neighborhoods":[],"officeRoom":null,"profileUrl":"https://www.ci.stcloud.mn.us/81/City-Council","candidates":[],"isContested":false,"partyUnityPercent":null,"recentVotes":[]},"geometry":{"type":"Polygon","coordinates":[[[-94.260157,45.553139],[-94.259443,45.553189],[-94.25876,45.553395],[-94.258271,45.553714],[-94.25775,45.554194],[-94.257327,45.554697],[-94.256871,45.55504],[-94.256513,45.555154],[-94.25391,45.555564],[-94.252152,45.555929],[-94.251501,45.555974],[-94.250272,45.555802],[-94.24905,45.555122],[-94.248596,45.554739],[-94.247755,45.554516],[-94.247458,45.554504],[-94.24716,45.554651],[-94.246984,45.554811],[-94.246873,45.555066],[-94.245473,45.556466],[-94.239773,45.555766],[-94.238573,45.555766],[-94.238073,45.558466],[-94.236873,45.559466],[-94.234373,45.559466],[-94.234673,45.560466],[-94.237073,45.560366],[-94.238373,45.561166],[-94.236673,45.562366],[-94.235773,45.562766],[-94.224472,45.562066],[-94.217372,45.561867],[-94.206772,45.562167],[-94.206637,45.562128],[-94.206671,45.561967],[-94.206071,45.561967],[-94.203471,45.562167],[-94.200871,45.562167],[-94.198371,45.562367],[-94.194471,45.562367],[-94.193171,45.562467],[-94.188071,45.562467],[-94.187271,45.562367],[-94.186771,45.562467],[-94.185471,45.562367],[-94.184171,45.562367],[-94.182771,45.562467],[-94.17927,45.561867],[-94.17757,45.561967],[-94.17527,45.561967],[-94.165782,45.562162],[-94.165803,45.562264],[-94.16957,45.563367],[-94.168669,45.563299],[-94.16787,45.563567],[-94.16867,45.564467],[-94.16957,45.565367],[-94.17207,45.568167],[-94.17287,45.569167],[-94.17367,45.570067],[-94.17487,45.571767],[-94.17507,45.574767],[-94.17507,45.576567],[-94.176371,45.576567],[-94.177671,45.576667],[-94.182389,45.576607],[-94.182071,45.578567],[-94.181519,45.579126],[-94.180743,45.57959],[-94.181385,45.580111],[-94.181873,45.580298],[-94.182206,45.580325],[-94.187775,45.580359],[-94.187984,45.580471],[-94.188046,45.582595],[-94.187364,45.582819],[-94.187527,45.584694],[-94.1857,45.584662],[-94.184771,45.585867],[-94.193671,45.585867],[-94.197971,45.585967],[-94.210872,45.586067],[-94.211827,45.586132],[-94.216972,45.586267],[-94.227873,45.58643],[-94.22838,45.586395],[-94.239407,45.586535],[-94.240715,45.587463],[-94.241853,45.587941],[-94.24588,45.590459],[-94.260263,45.590415],[-94.259984,45.586649],[-94.259881,45.573924],[-94.260157,45.553139]]]}},{"type":"Feature","properties":{"role":"Council Member","city":"St. Cloud","county":null,"ward":4,"wardName":null,"district":null,"stateDistrict":null,"chamber":null,"repName":"Mike Conway","repParty":"Nonpartisan","repPhotoUrl":"https://www.ci.stcloud.mn.us/ImageRepository/Document?documentID=28672","repEmail":"mike.conway@ci.stcloud.mn.us","repPhone":"320-493-3659","termsOfService":[{"termStart":null,"termEnd":null,"current":true,"sourceUrl":"https://www.ci.stcloud.mn.us/81/City-Council"}],"committees":[],"neighborhoods":[],"officeRoom":null,"profileUrl":"https://www.ci.stcloud.mn.us/81/City-Council","candidates":[],"isContested":false,"partyUnityPercent":null,"recentVotes":[]},"geometry":{"type":"MultiPolygon","coordinates":[[[[-94.240478,45.498097],[-94.24064,45.497787],[-94.253396,45.497647],[-94.260556,45.498362],[-94.260609,45.486682],[-94.24905,45.486148],[-94.229972,45.485914],[-94.200008,45.485792],[-94.184873,45.485937],[-94.165581,45.485834],[-94.153518,45.48561],[-94.15322,45.488844],[-94.152659,45.490709],[-94.15163,45.492133],[-94.148606,45.48899],[-94.146331,45.486311],[-94.142391,45.481466],[-94.135028,45.471053],[-94.138085,45.471065],[-94.138215,45.456416],[-94.104791,45.455947],[-94.104566,45.458938],[-94.102225,45.462349],[-94.101418,45.464549],[-94.102617,45.467925],[-94.108929,45.472049],[-94.110697,45.47552],[-94.114438,45.478473],[-94.125262,45.481455],[-94.130143,45.484696],[-94.134865,45.48704],[-94.137913,45.490697],[-94.143343,45.492735],[-94.14307,45.492734],[-94.143138,45.493537],[-94.142998,45.493545],[-94.143888,45.494285],[-94.144181,45.494834],[-94.144082,45.495748],[-94.143855,45.496068],[-94.143139,45.496662],[-94.143009,45.496845],[-94.143008,45.497554],[-94.143138,45.497737],[-94.143333,45.497874],[-94.143496,45.498125],[-94.144373,45.498926],[-94.144437,45.499406],[-94.144768,45.500367],[-94.143368,45.502267],[-94.144368,45.508867],[-94.142968,45.512267],[-94.139868,45.514567],[-94.140162,45.514959],[-94.158437,45.514965],[-94.15905,45.515002],[-94.159908,45.514966],[-94.160555,45.517223],[-94.160769,45.518167],[-94.161969,45.522667],[-94.162669,45.525567],[-94.162869,45.525867],[-94.163469,45.528567],[-94.164469,45.532167],[-94.16587,45.536667],[-94.17007,45.541767],[-94.17157,45.543667],[-94.17257,45.544767],[-94.17257,45.545467],[-94.174408,45.547917],[-94.17697,45.551167],[-94.17727,45.553067],[-94.176333,45.553512],[-94.17497,45.554067],[-94.17447,45.554367],[-94.17247,45.555067],[-94.17077,45.555867],[-94.16967,45.556267],[-94.16857,45.556767],[-94.16727,45.557267],[-94.16967,45.560067],[-94.17047,45.561067],[-94.16927,45.561467],[-94.169652,45.562098],[-94.171033,45.561831],[-94.172404,45.561793],[-94.17527,45.561967],[-94.17757,45.561967],[-94.17927,45.561867],[-94.182771,45.562467],[-94.184171,45.562367],[-94.185471,45.562367],[-94.186771,45.562467],[-94.187271,45.562367],[-94.188071,45.562467],[-94.193171,45.562467],[-94.194471,45.562367],[-94.198371,45.562367],[-94.200871,45.562167],[-94.203471,45.562167],[-94.206071,45.561967],[-94.206671,45.561967],[-94.206671,45.560667],[-94.206628,45.560405],[-94.206402,45.560405],[-94.206571,45.558667],[-94.207271,45.558767],[-94.207271,45.557467],[-94.208566,45.557433],[-94.208562,45.557769],[-94.211072,45.557767],[-94.211072,45.555167],[-94.213872,45.555167],[-94.213912,45.549671],[-94.214172,45.542066],[-94.214071,45.540666],[-94.214006,45.537152],[-94.211376,45.537],[-94.217445,45.530921],[-94.219399,45.528864],[-94.221455,45.524917],[-94.223448,45.521414],[-94.226334,45.515742],[-94.228474,45.512623],[-94.229634,45.510257],[-94.230529,45.508828],[-94.232345,45.506814],[-94.233016,45.50597],[-94.234852,45.503922],[-94.237108,45.501708],[-94.237389,45.501598],[-94.238041,45.500715],[-94.240478,45.498097]]],[[[-94.143141,45.494216],[-94.142881,45.49433],[-94.142816,45.494513],[-94.142945,45.495565],[-94.143107,45.49561],[-94.143562,45.495565],[-94.143693,45.495245],[-94.14366,45.494902],[-94.143498,45.494513],[-94.143336,45.494285],[-94.143141,45.494216]]]]}},{"type":"Feature","properties":{"role":"Council Member","city":"St. Cloud","county":null,"ward":2,"wardName":null,"district":null,"stateDistrict":null,"chamber":null,"repName":"Karen Larson","repParty":"Nonpartisan","repPhotoUrl":"https://www.ci.stcloud.mn.us/ImageRepository/Document?documentId=24201","repEmail":"Karen.Larson@ci.stcloud.mn.us","repPhone":"712-330-1098","termsOfService":[{"termStart":null,"termEnd":null,"current":true,"sourceUrl":"https://www.ci.stcloud.mn.us/81/City-Council"}],"committees":[],"neighborhoods":[],"officeRoom":null,"profileUrl":"https://www.ci.stcloud.mn.us/81/City-Council","candidates":[],"isContested":false,"partyUnityPercent":null,"recentVotes":[]},"geometry":{"type":"MultiPolygon","coordinates":[[[[-94.16537,45.573767],[-94.16157,45.567567],[-94.15737,45.564067],[-94.15607,45.563267],[-94.152069,45.561167],[-94.149469,45.559067],[-94.146969,45.556067],[-94.145569,45.553467],[-94.145669,45.551367],[-94.147069,45.549267],[-94.145769,45.548967],[-94.145969,45.547867],[-94.145969,45.544467],[-94.143376,45.540733],[-94.141259,45.540746],[-94.139398,45.537099],[-94.136889,45.536994],[-94.136168,45.533467],[-94.135968,45.532967],[-94.135868,45.532267],[-94.135068,45.529967],[-94.13142,45.529991],[-94.120225,45.529941],[-94.120248,45.530058],[-94.12002,45.533222],[-94.123386,45.535631],[-94.109767,45.535567],[-94.109908,45.539424],[-94.109877,45.542544],[-94.109968,45.548267],[-94.117214,45.548254],[-94.120584,45.551034],[-94.12058,45.551786],[-94.121562,45.551776],[-94.122435,45.552505],[-94.122892,45.552382],[-94.123313,45.552445],[-94.125255,45.553361],[-94.131569,45.555367],[-94.131569,45.556367],[-94.131669,45.557542],[-94.130314,45.558223],[-94.130487,45.558343],[-94.129442,45.559208],[-94.120768,45.559367],[-94.120768,45.566367],[-94.129468,45.566375],[-94.128993,45.566371],[-94.12898,45.568535],[-94.129069,45.569867],[-94.130369,45.570667],[-94.132169,45.569267],[-94.132069,45.572067],[-94.132169,45.574367],[-94.134469,45.573867],[-94.136269,45.573967],[-94.135169,45.575367],[-94.133769,45.574967],[-94.133269,45.575967],[-94.140469,45.577467],[-94.149369,45.577467],[-94.149969,45.577367],[-94.152825,45.577503],[-94.153389,45.578055],[-94.154399,45.577828],[-94.15417,45.577567],[-94.15557,45.577567],[-94.152929,45.573752],[-94.156816,45.573633],[-94.157218,45.573672],[-94.15887,45.573667],[-94.160686,45.573767],[-94.160745,45.574646],[-94.16177,45.574567],[-94.161752,45.574478],[-94.162839,45.574312],[-94.16307,45.573767],[-94.16537,45.573767]]],[[[-94.078891,45.53647],[-94.05328,45.536728],[-94.05317,45.534524],[-94.050387,45.53447],[-94.044515,45.534505],[-94.043037,45.53447],[-94.042963,45.541487],[-94.048754,45.541591],[-94.048813,45.544387],[-94.048216,45.544401],[-94.04835,45.551821],[-94.05885,45.551987],[-94.058776,45.559203],[-94.068816,45.559247],[-94.079044,45.559225],[-94.078821,45.551798],[-94.078891,45.53647]]],[[[-94.188044,45.58241],[-94.187984,45.580471],[-94.187775,45.580359],[-94.181873,45.580298],[-94.181385,45.580111],[-94.180743,45.57959],[-94.181519,45.579126],[-94.182071,45.578567],[-94.182389,45.576607],[-94.177671,45.576667],[-94.176371,45.576567],[-94.17507,45.576567],[-94.17507,45.574767],[-94.17487,45.571767],[-94.17367,45.570067],[-94.17287,45.569167],[-94.17207,45.568167],[-94.16957,45.565367],[-94.16867,45.564467],[-94.16787,45.563567],[-94.168669,45.563299],[-94.16957,45.563367],[-94.16547,45.562167],[-94.16257,45.561867],[-94.162869,45.561767],[-94.15997,45.561567],[-94.15887,45.562067],[-94.158148,45.562237],[-94.157486,45.562599],[-94.157237,45.562837],[-94.15837,45.563267],[-94.16407,45.568967],[-94.16707,45.572667],[-94.168363,45.577741],[-94.168943,45.580614],[-94.169173,45.583448],[-94.16877,45.584867],[-94.168977,45.585294],[-94.169906,45.585903],[-94.171205,45.585902],[-94.17147,45.586167],[-94.171725,45.586669],[-94.172239,45.586706],[-94.172238,45.585905],[-94.180292,45.585955],[-94.18027,45.587076],[-94.180021,45.58697],[-94.177117,45.587034],[-94.177117,45.58787],[-94.174523,45.587889],[-94.174028,45.588724],[-94.174855,45.589109],[-94.176237,45.589165],[-94.177868,45.590187],[-94.178539,45.590777],[-94.177871,45.591267],[-94.179102,45.591315],[-94.181748,45.592772],[-94.182671,45.592867],[-94.183011,45.592607],[-94.183138,45.592152],[-94.181871,45.589867],[-94.182451,45.589464],[-94.186387,45.588863],[-94.18747,45.587358],[-94.184971,45.586767],[-94.184771,45.585867],[-94.1857,45.584662],[-94.187527,45.584694],[-94.187364,45.582819],[-94.188046,45.582595],[-94.188044,45.58241]]],[[[-94.145817,45.540661],[-94.146039,45.538933],[-94.145994,45.537213],[-94.146173,45.53593],[-94.147054,45.53416],[-94.147021,45.534147],[-94.148629,45.532208],[-94.149209,45.531082],[-94.148807,45.529518],[-94.148629,45.528016],[-94.148361,45.526796],[-94.146619,45.524544],[-94.145235,45.524262],[-94.144342,45.524763],[-94.144521,45.525639],[-94.146779,45.527852],[-94.14778,45.530237],[-94.148048,45.53152],[-94.146619,45.533146],[-94.143101,45.536688],[-94.144373,45.540685],[-94.144789,45.541467],[-94.145146,45.54178],[-94.145404,45.541576],[-94.145817,45.540661]]],[[[-94.143449,45.534022],[-94.14336,45.53446],[-94.143449,45.534648],[-94.14403,45.534554],[-94.144789,45.533678],[-94.145369,45.533115],[-94.144923,45.532927],[-94.144431,45.533052],[-94.143985,45.533584],[-94.143449,45.534022]]]]}},{"type":"Feature","properties":{"role":"Council Member","city":"St. Cloud","county":null,"ward":1,"wardName":null,"district":null,"stateDistrict":null,"chamber":null,"repName":"Dave Masters","repParty":"Nonpartisan","repPhotoUrl":"https://www.ci.stcloud.mn.us/ImageRepository/Document?documentID=24197","repEmail":"dave.masters@ci.stcloud.mn.us","repPhone":"320-266-0075","termsOfService":[{"termStart":null,"termEnd":null,"current":true,"sourceUrl":"https://www.ci.stcloud.mn.us/81/City-Council"}],"committees":[],"neighborhoods":[],"officeRoom":null,"profileUrl":"https://www.ci.stcloud.mn.us/81/City-Council","candidates":[],"isContested":false,"partyUnityPercent":null,"recentVotes":[]},"geometry":{"type":"Polygon","coordinates":[[[-94.176333,45.553512],[-94.17727,45.553067],[-94.17697,45.551167],[-94.174408,45.547917],[-94.17257,45.545467],[-94.17257,45.544767],[-94.17157,45.543667],[-94.17007,45.541767],[-94.16587,45.536667],[-94.164469,45.532167],[-94.163469,45.528567],[-94.162869,45.525867],[-94.162669,45.525567],[-94.161969,45.522667],[-94.160769,45.518167],[-94.160555,45.517223],[-94.159908,45.514966],[-94.15905,45.515002],[-94.158437,45.514965],[-94.140162,45.514959],[-94.143169,45.518967],[-94.145869,45.520467],[-94.147869,45.522867],[-94.148143,45.523503],[-94.148089,45.523945],[-94.148432,45.525355],[-94.14994,45.528433],[-94.149527,45.532855],[-94.147988,45.53751],[-94.148413,45.539892],[-94.148169,45.543367],[-94.149169,45.546767],[-94.148769,45.547767],[-94.148369,45.549367],[-94.146669,45.553467],[-94.148069,45.555967],[-94.148969,45.557167],[-94.151869,45.560067],[-94.152869,45.560767],[-94.154269,45.561367],[-94.15547,45.562167],[-94.157237,45.562837],[-94.157486,45.562599],[-94.158148,45.562237],[-94.15887,45.562067],[-94.15997,45.561567],[-94.162869,45.561767],[-94.16257,45.561867],[-94.16547,45.562167],[-94.169652,45.562098],[-94.16927,45.561467],[-94.17047,45.561067],[-94.16967,45.560067],[-94.16727,45.557267],[-94.16857,45.556767],[-94.16967,45.556267],[-94.17077,45.555867],[-94.17247,45.555067],[-94.17447,45.554367],[-94.17497,45.554067],[-94.176333,45.553512]],[[-94.150515,45.522557],[-94.150728,45.522573],[-94.150013,45.522573],[-94.150515,45.522557]]]}}]}